timestamp,date,category,headline,severity,severity_score,impact_score,price_impact_bps,market_context,affected_regions,duration_days,source,source_reliability,verified,is_related,gpr_level
2020-01-08 03:13:30,2020-01-08,inventory_report,Floating storage levels lower off Latin America,moderate,2,0.34,26.0,Signal of market contango/backwardation,"[np.str_('US Gulf Coast'), np.str_('Global')]",4,market_calibrated_advanced,0.87,True,False,96.0
2020-01-09 02:36:46,2020-01-09,inventory_report,Floating storage levels unchanged off US Gulf Coast,moderate,2,0.263,12.4,Signal of market contango/backwardation,"[np.str_('Global'), np.str_('US Gulf Coast')]",2,market_calibrated_advanced,0.92,True,False,99.0
2020-01-09 16:07:34,2020-01-09,geopolitical_tension,Diplomatic tensions escalate between Libya and Venezuela,high,3,0.423,99.2,Risk premium increases on supply disruption fears,[np.str_('Middle East')],39,market_calibrated_advanced,0.98,True,False,99.0
2020-01-15 10:55:58,2020-01-15,trade_flow_disruption,Shipping lane disruption near Bab el-Mandeb,critical,4,0.578,38.0,"Forces rerouting, increases transit times","[np.str_('Strait of Hormuz'), np.str_('South China Sea'), np.str_('Red Sea')]",19,market_calibrated_advanced,0.84,True,False,105.0
2020-01-18 21:55:32,2020-01-18,trade_flow_disruption,Insurance premiums surge for South China Sea tanker transits,high,3,0.572,46.7,"Increases shipping costs, may deter voyages",[np.str_('Strait of Hormuz')],13,market_calibrated_advanced,0.88,False,False,113.0
2020-01-21 16:43:27,2020-01-21,geopolitical_tension,Energy security summit addresses Global supply concerns,moderate,2,0.684,76.5,Coordinated response to supply risks,[np.str_('Asia Pacific')],34,market_calibrated_advanced,0.97,True,False,121.0
2020-01-21 21:57:02,2020-01-21,inventory_report,Cushing storage levels approach operational minimum,moderate,2,0.455,58.5,Delivery point concerns for WTI contract,"[np.str_('US Gulf Coast'), np.str_('Global')]",4,market_calibrated_advanced,0.76,True,False,121.0
2020-01-25 12:31:51,2020-01-25,sanctions,EU extends sanctions framework on Kuwait energy exports,high,3,0.857,70.5,Reduces available supply to European markets,"[np.str_('Middle East'), np.str_('Caspian Region'), np.str_('Global')]",61,market_calibrated_advanced,0.92,True,False,127.0
2020-01-27 13:51:04,2020-01-27,production_policy,Non-OPEC production growth revised higher,moderate,2,0.885,162.5,Shifts market share expectations,"[np.str_('Middle East'), np.str_('Global')]",18,market_calibrated_advanced,0.85,True,False,138.0
2020-01-30 09:25:33,2020-01-30,production_policy,European Union output disrupted by weather at Zuluf,high,3,0.911,82.0,Temporary supply reduction,[np.str_('Global')],57,market_calibrated_advanced,0.74,True,False,147.0
2020-01-31 16:48:19,2020-01-31,infrastructure,Port congestion delays 29 tankers at Rotterdam,moderate,2,0.654,79.2,Logistical bottleneck affecting deliveries,"[np.str_('North Sea'), np.str_('Middle East')]",9,market_calibrated_advanced,0.73,False,False,156.0
2020-01-31 20:22:15,2020-01-31,geopolitical_tension,Diplomatic tensions escalate between Iran and China,high,3,0.746,179.9,Risk premium increases on supply disruption fears,[np.str_('Asia Pacific')],43,market_calibrated_advanced,0.99,True,False,156.0
2020-02-01 04:35:34,2020-02-01,infrastructure,Major pipeline maintenance reduces Global flows by 1952,low,1,0.7,81.8,Temporary but planned supply reduction,[np.str_('Middle East')],3,market_calibrated_advanced,0.89,True,False,174.0
2020-02-01 04:37:18,2020-02-01,sanctions,EU extends sanctions framework on Venezuela energy exports,high,3,1.0,113.4,Reduces available supply to European markets,[np.str_('Global')],22,market_calibrated_advanced,0.94,True,False,174.0
2020-02-01 12:49:27,2020-02-01,production_policy,USA announces voluntary production cut extension,high,3,1.0,152.8,Tightens supply outlook,[np.str_('Global')],26,market_calibrated_advanced,0.89,True,False,174.0
2020-02-02 00:17:31,2020-02-02,infrastructure,Port congestion delays 49 tankers at Basra,moderate,2,0.567,97.3,Logistical bottleneck affecting deliveries,"[np.str_('Middle East'), np.str_('North Sea'), np.str_('US Gulf Coast')]",1,market_calibrated_advanced,0.81,True,True,160.0
2020-02-02 04:09:09,2020-02-02,inventory_report,China crude inventories show higher trend,high,3,0.527,21.1,Indicates demand trajectory in largest importer,[np.str_('Global')],3,market_calibrated_advanced,0.84,True,False,200.0
2020-02-02 21:16:08,2020-02-02,infrastructure,New pipeline capacity comes online in Red Sea,moderate,2,0.821,67.0,Improves supply chain efficiency,[np.str_('Middle East')],1,market_calibrated_advanced,0.78,True,False,200.0
2020-02-03 06:37:33,2020-02-03,inventory_report,Floating storage levels lower off Strait of Hormuz,high,3,0.663,97.4,Signal of market contango/backwardation,"[np.str_('US Gulf Coast'), np.str_('Global')]",2,market_calibrated_advanced,0.89,True,False,200.0
2020-02-03 16:09:16,2020-02-03,inventory_report,Cushing storage levels approach operational minimum,moderate,2,0.315,48.9,Delivery point concerns for WTI contract,[np.str_('US Gulf Coast')],4,market_calibrated_advanced,0.89,True,True,160.0
2020-02-05 13:25:44,2020-02-05,infrastructure,Refinery outage reduces crude demand in Latin America,high,3,0.808,43.7,Reduces crude intake temporarily,[np.str_('Middle East')],11,market_calibrated_advanced,0.84,True,False,200.0
2020-02-06 12:17:46,2020-02-06,infrastructure,Refinery outage reduces crude demand in Strait of Hormuz,moderate,2,0.4788,39.7,Reduces crude intake temporarily,"[np.str_('US Gulf Coast'), np.str_('Middle East'), np.str_('North Sea')]",4,market_calibrated_advanced,0.87,True,True,160.0
2020-02-06 12:17:57,2020-02-06,infrastructure,New pipeline capacity comes online in North Africa,moderate,2,0.897,106.6,Improves supply chain efficiency,"[np.str_('North Sea'), np.str_('US Gulf Coast'), np.str_('Middle East')]",6,market_calibrated_advanced,0.73,True,False,200.0
2020-02-07 05:01:19,2020-02-07,infrastructure,Major pipeline maintenance reduces Asia Pacific flows by 858,moderate,2,0.831,54.4,Temporary but planned supply reduction,"[np.str_('US Gulf Coast'), np.str_('North Sea'), np.str_('Middle East')]",12,market_calibrated_advanced,0.99,True,False,200.0
2020-02-07 11:46:00,2020-02-07,geopolitical_tension,Strategic reserve release coordinated by {alliance},critical,4,1.0,96.0,Temporary supply increase to calm markets,"[np.str_('Asia Pacific'), np.str_('Global')]",30,market_calibrated_advanced,0.85,True,False,200.0
2020-02-09 04:04:18,2020-02-09,inventory_report,China crude inventories show lower trend,high,3,0.513,79.3,Indicates demand trajectory in largest importer,"[np.str_('US Gulf Coast'), np.str_('Global')]",3,market_calibrated_advanced,0.97,True,False,200.0
2020-02-09 20:39:39,2020-02-09,inventory_report,Cushing storage levels approach operational minimum,high,3,0.663,55.1,Delivery point concerns for WTI contract,"[np.str_('Global'), np.str_('US Gulf Coast')]",3,market_calibrated_advanced,0.83,True,False,200.0
2020-02-10 04:58:09,2020-02-10,production_policy,Kuwait announces voluntary production cut extension,critical,4,1.0,249.3,Tightens supply outlook,"[np.str_('Middle East'), np.str_('Global')]",39,market_calibrated_advanced,0.86,True,False,200.0
2020-02-11 11:43:35,2020-02-11,infrastructure,Port congestion delays 37 tankers at Basra,high,3,0.88,84.7,Logistical bottleneck affecting deliveries,[np.str_('Middle East')],4,market_calibrated_advanced,0.9,True,False,200.0
2020-02-12 08:09:51,2020-02-12,production_policy,OPEC+ agrees to adjust production by 1035 kb/d,critical,4,1.0,261.3,Direct impact on global supply-demand balance,"[np.str_('Global'), np.str_('Middle East')]",59,market_calibrated_advanced,0.73,True,False,200.0
2020-02-12 10:21:25,2020-02-12,inventory_report,China crude inventories show higher trend,high,3,0.59,31.3,Indicates demand trajectory in largest importer,"[np.str_('Global'), np.str_('US Gulf Coast')]",4,market_calibrated_advanced,0.85,True,False,200.0
2020-02-13 17:29:37,2020-02-13,inventory_report,Cushing storage levels approach operational minimum,high,3,0.538,22.9,Delivery point concerns for WTI contract,"[np.str_('US Gulf Coast'), np.str_('Global')]",3,market_calibrated_advanced,0.75,True,False,200.0
2020-02-14 14:07:33,2020-02-14,inventory_report,EIA reports unchanged crude inventory of 1362M barrels,moderate,2,0.61,40.3,Weekly fundamental data point,"[np.str_('US Gulf Coast'), np.str_('Global')]",3,market_calibrated_advanced,0.96,True,False,200.0
2020-02-16 03:25:57,2020-02-16,military_conflict,Missile attack on European Union port facility,extreme,5,1.0,215.9,Direct damage to export infrastructure,"[np.str_('North Africa'), np.str_('Middle East')]",15,market_calibrated_advanced,0.71,True,False,198.0
2020-02-16 05:26:39,2020-02-16,military_conflict,Missile attack on UAE port facility,extreme,5,0.7,201.1,Direct damage to export infrastructure,[np.str_('North Africa')],4,market_calibrated_advanced,0.75,True,True,159.0
2020-02-16 20:43:34,2020-02-16,production_policy,Iran output disrupted by weather at Ghawar,high,3,1.0,255.6,Temporary supply reduction,"[np.str_('Middle East'), np.str_('Global')]",58,market_calibrated_advanced,0.93,True,False,198.0
2020-02-18 01:52:08,2020-02-18,geopolitical_tension,Diplomatic tensions escalate between Iran and Iraq,high,3,0.947,146.9,Risk premium increases on supply disruption fears,[np.str_('Middle East')],13,market_calibrated_advanced,0.91,True,False,199.0
2020-02-19 09:38:16,2020-02-19,infrastructure,Major pipeline maintenance reduces Caspian Region flows by 1346,moderate,2,0.946,47.0,Temporary but planned supply reduction,"[np.str_('Middle East'), np.str_('North Sea'), np.str_('US Gulf Coast')]",8,market_calibrated_advanced,0.97,True,False,200.0
2020-02-19 11:14:58,2020-02-19,sanctions,US imposes new sanctions on European Union oil sector,critical,4,1.0,155.5,"Tightens global supply, redirects trade flows",[np.str_('Global')],40,market_calibrated_advanced,0.71,True,False,200.0
2020-02-20 20:43:56,2020-02-20,inventory_report,China crude inventories show lower trend,high,3,0.674,21.7,Indicates demand trajectory in largest importer,"[np.str_('Global'), np.str_('US Gulf Coast')]",4,market_calibrated_advanced,0.93,True,False,200.0
2020-02-21 12:33:24,2020-02-21,trade_flow_disruption,Insurance premiums surge for US Gulf Coast tanker transits,critical,4,1.0,89.9,"Increases shipping costs, may deter voyages","[np.str_('Red Sea'), np.str_('South China Sea'), np.str_('Strait of Hormuz')]",9,market_calibrated_advanced,0.77,True,False,200.0
2020-02-21 19:57:48,2020-02-21,trade_flow_disruption,Tanker tracking shows higher flows to Saudi Arabia,moderate,2,0.5704999999999999,90.3,Indicates trade pattern shifts,"[np.str_('Strait of Hormuz'), np.str_('South China Sea'), np.str_('Red Sea')]",12,market_calibrated_advanced,0.91,True,True,160.0
2020-02-23 17:05:36,2020-02-23,production_policy,Libya output disrupted by power outage at Zuluf,high,3,1.0,138.5,Temporary supply reduction,[np.str_('Middle East')],54,market_calibrated_advanced,0.72,True,False,199.0
2020-02-24 12:34:47,2020-02-24,inventory_report,Cushing storage levels approach operational minimum,high,3,0.651,40.7,Delivery point concerns for WTI contract,"[np.str_('US Gulf Coast'), np.str_('Global')]",2,market_calibrated_advanced,0.71,True,False,200.0
2020-02-24 22:41:09,2020-02-24,inventory_report,China crude inventories show lower trend,high,3,0.548,94.4,Indicates demand trajectory in largest importer,"[np.str_('Global'), np.str_('US Gulf Coast')]",4,market_calibrated_advanced,0.92,True,False,200.0
2020-02-25 03:58:34,2020-02-25,infrastructure,New pipeline capacity comes online in Asia Pacific,moderate,2,0.813,101.5,Improves supply chain efficiency,[np.str_('North Sea')],4,market_calibrated_advanced,0.71,True,False,200.0
2020-02-25 10:26:02,2020-02-25,inventory_report,Cushing storage levels approach operational minimum,high,3,0.594,95.5,Delivery point concerns for WTI contract,"[np.str_('US Gulf Coast'), np.str_('Global')]",1,market_calibrated_advanced,0.71,True,False,200.0
2020-02-26 07:45:24,2020-02-26,sanctions,Sanctions waiver negotiations for USA oil exports,critical,4,1.0,222.8,Potential for supply increase if granted,[np.str_('Global')],31,market_calibrated_advanced,0.93,True,False,200.0
2020-02-26 21:53:52,2020-02-26,geopolitical_tension,Energy security summit addresses Global supply concerns,high,3,0.992,40.2,Coordinated response to supply risks,"[np.str_('Middle East'), np.str_('Asia Pacific'), np.str_('Global')]",6,market_calibrated_advanced,0.7,False,False,200.0
2020-02-27 00:12:51,2020-02-27,trade_flow_disruption,Port restrictions impact Saudi Arabia crude exports,critical,4,1.0,110.5,Physical supply bottleneck,"[np.str_('South China Sea'), np.str_('Strait of Hormuz')]",9,market_calibrated_advanced,0.76,True,False,200.0
2020-02-28 06:10:19,2020-02-28,military_conflict,Naval incident near Suez Canal shipping lane,extreme,5,1.0,949.0,Risk to major transit chokepoint,"[np.str_('Middle East'), np.str_('Strait of Hormuz')]",18,market_calibrated_advanced,0.84,True,False,200.0
2020-02-29 11:19:23,2020-02-29,trade_flow_disruption,Shipping lane disruption near Strait of Hormuz,extreme,5,1.0,112.9,"Forces rerouting, increases transit times","[np.str_('South China Sea'), np.str_('Red Sea'), np.str_('Strait of Hormuz')]",19,market_calibrated_advanced,0.71,True,False,200.0
2020-02-29 20:14:32,2020-02-29,trade_flow_disruption,Tanker tracking shows higher flows to China,high,3,1.0,161.2,Indicates trade pattern shifts,"[np.str_('South China Sea'), np.str_('Strait of Hormuz')]",5,market_calibrated_advanced,0.89,True,False,200.0
2020-03-03 10:36:46,2020-03-03,infrastructure,New pipeline capacity comes online in US Gulf Coast,low,1,0.9,66.9,Improves supply chain efficiency,[np.str_('North Sea')],5,market_calibrated_advanced,0.91,True,False,199.0
2020-03-05 15:13:52,2020-03-05,trade_flow_disruption,Shipping lane disruption near Malacca Strait,extreme,5,1.0,208.3,"Forces rerouting, increases transit times",[np.str_('South China Sea')],18,market_calibrated_advanced,0.8,True,False,200.0
2020-03-05 22:07:49,2020-03-05,infrastructure,New pipeline capacity comes online in Caspian Region,moderate,2,0.903,88.4,Improves supply chain efficiency,[np.str_('US Gulf Coast')],5,market_calibrated_advanced,0.75,True,False,200.0
2020-03-06 12:40:22,2020-03-06,sanctions,Sanctions waiver negotiations for Iraq oil exports,critical,4,1.0,321.5,Potential for supply increase if granted,[np.str_('Middle East')],89,market_calibrated_advanced,0.89,True,False,200.0
2020-03-07 14:42:47,2020-03-07,inventory_report,EIA reports higher crude inventory of 1256M barrels,moderate,2,0.673,61.5,Weekly fundamental data point,"[np.str_('US Gulf Coast'), np.str_('Global')]",3,market_calibrated_advanced,0.92,True,False,200.0
2020-03-07 18:33:13,2020-03-07,inventory_report,China crude inventories show higher trend,moderate,2,0.3262,73.4,Indicates demand trajectory in largest importer,[np.str_('US Gulf Coast')],1,market_calibrated_advanced,0.9,True,True,160.0
2020-03-08 01:34:06,2020-03-08,inventory_report,China crude inventories show lower trend,high,3,0.607,34.3,Indicates demand trajectory in largest importer,"[np.str_('Global'), np.str_('US Gulf Coast')]",1,market_calibrated_advanced,0.83,True,False,200.0
2020-03-08 12:41:46,2020-03-08,military_conflict,Military escalation near Caspian Region oil facilities,extreme,5,1.0,744.9,Threatens regional production and transit,[np.str_('Middle East')],29,market_calibrated_advanced,0.95,True,False,200.0
2020-03-08 18:35:38,2020-03-08,military_conflict,Drone attack targets Libya oil infrastructure,critical,4,0.7,271.9,"Immediate supply risk, insurance premiums spike",[np.str_('Strait of Hormuz')],12,market_calibrated_advanced,0.89,True,True,160.0
2020-03-09 01:04:43,2020-03-09,geopolitical_tension,Trade negotiations impact Middle East energy imports,high,3,0.917,218.8,Trade policy uncertainty affects flows,[np.str_('Global')],31,market_calibrated_advanced,0.9,True,False,200.0
2020-03-10 08:20:01,2020-03-10,infrastructure,Refinery outage reduces crude demand in North Africa,moderate,2,0.5551,84.2,Reduces crude intake temporarily,[np.str_('North Sea')],11,market_calibrated_advanced,0.79,True,True,160.0
2020-03-10 18:39:53,2020-03-10,infrastructure,Refinery outage reduces crude demand in Strait of Hormuz,high,3,0.951,43.9,Reduces crude intake temporarily,[np.str_('Middle East')],5,market_calibrated_advanced,0.86,True,False,200.0
2020-03-11 01:22:18,2020-03-11,production_policy,OPEC+ output disrupted by weather at Burgan,high,3,0.7,131.0,Temporary supply reduction,"[np.str_('Global'), np.str_('Middle East')]",37,market_calibrated_advanced,0.93,True,True,160.0
2020-03-11 06:39:16,2020-03-11,infrastructure,New pipeline capacity comes online in Strait of Hormuz,moderate,2,0.859,80.2,Improves supply chain efficiency,"[np.str_('Middle East'), np.str_('North Sea'), np.str_('US Gulf Coast')]",5,market_calibrated_advanced,0.9,True,False,200.0
2020-03-11 06:51:13,2020-03-11,sanctions,OFAC issues new compliance guidance for oil transactions,high,3,1.0,162.6,Increases compliance costs and due diligence,"[np.str_('Caspian Region'), np.str_('Global'), np.str_('Middle East')]",87,market_calibrated_advanced,0.75,True,False,200.0
2020-03-11 12:52:33,2020-03-11,production_policy,OPEC+ agrees to adjust production by 1559 kb/d,critical,4,1.0,175.0,Direct impact on global supply-demand balance,[np.str_('Middle East')],14,market_calibrated_advanced,0.85,True,False,200.0
2020-03-12 09:12:48,2020-03-12,inventory_report,Cushing storage levels approach operational minimum,high,3,0.525,89.2,Delivery point concerns for WTI contract,[np.str_('US Gulf Coast')],1,market_calibrated_advanced,0.79,True,False,200.0
2020-03-12 12:20:52,2020-03-12,infrastructure,Port congestion delays 17 tankers at Rotterdam,high,3,0.896,22.7,Logistical bottleneck affecting deliveries,[np.str_('Middle East')],2,market_calibrated_advanced,0.85,True,False,200.0
2020-03-13 12:50:23,2020-03-13,trade_flow_disruption,Tanker tracking shows higher flows to OPEC+,high,3,1.0,168.1,Indicates trade pattern shifts,[np.str_('South China Sea')],5,market_calibrated_advanced,0.92,True,False,200.0
2020-03-13 14:31:47,2020-03-13,trade_flow_disruption,Tanker tracking shows lower flows to Iran,moderate,2,0.6818,228.9,Indicates trade pattern shifts,"[np.str_('Red Sea'), np.str_('South China Sea'), np.str_('Strait of Hormuz')]",19,market_calibrated_advanced,0.81,True,True,160.0
2020-03-14 00:55:02,2020-03-14,trade_flow_disruption,Shipping lane disruption near Malacca Strait,extreme,5,1.0,224.5,"Forces rerouting, increases transit times","[np.str_('South China Sea'), np.str_('Red Sea'), np.str_('Strait of Hormuz')]",9,market_calibrated_advanced,0.83,True,False,200.0
2020-03-14 07:58:13,2020-03-14,geopolitical_tension,Trade negotiations impact North Africa energy imports,high,3,0.995,62.8,Trade policy uncertainty affects flows,"[np.str_('Global'), np.str_('Asia Pacific')]",29,market_calibrated_advanced,0.77,True,False,200.0
2020-03-14 13:38:26,2020-03-14,trade_flow_disruption,Port restrictions impact Saudi Arabia crude exports,critical,4,1.0,234.4,Physical supply bottleneck,[np.str_('Red Sea')],4,market_calibrated_advanced,0.87,False,False,200.0
2020-03-14 20:07:45,2020-03-14,geopolitical_tension,Energy security summit addresses Caspian Region supply concerns,moderate,2,0.4920999999999999,190.8,Coordinated response to supply risks,"[np.str_('Middle East'), np.str_('Global')]",44,market_calibrated_advanced,0.9,True,True,160.0
2020-03-15 04:37:20,2020-03-15,infrastructure,Refinery outage reduces crude demand in US Gulf Coast,high,3,0.951,137.9,Reduces crude intake temporarily,"[np.str_('Middle East'), np.str_('North Sea'), np.str_('US Gulf Coast')]",6,market_calibrated_advanced,0.89,True,False,200.0
2020-03-16 04:35:05,2020-03-16,trade_flow_disruption,Insurance premiums surge for West Africa tanker transits,critical,4,1.0,73.5,"Increases shipping costs, may deter voyages","[np.str_('Red Sea'), np.str_('Strait of Hormuz')]",6,market_calibrated_advanced,0.85,True,False,200.0
2020-03-16 09:49:02,2020-03-16,trade_flow_disruption,Insurance premiums surge for Global tanker transits,critical,4,1.0,179.1,"Increases shipping costs, may deter voyages","[np.str_('South China Sea'), np.str_('Red Sea'), np.str_('Strait of Hormuz')]",15,market_calibrated_advanced,0.95,True,False,200.0
2020-03-16 22:48:54,2020-03-16,inventory_report,Floating storage levels unchanged off Global,high,3,0.564,70.9,Signal of market contango/backwardation,"[np.str_('Global'), np.str_('US Gulf Coast')]",1,market_calibrated_advanced,0.77,True,False,200.0
2020-03-17 12:05:43,2020-03-17,trade_flow_disruption,Port restrictions impact Venezuela crude exports,critical,4,1.0,68.7,Physical supply bottleneck,[np.str_('Strait of Hormuz')],11,market_calibrated_advanced,0.89,True,False,200.0
2020-03-18 06:21:48,2020-03-18,inventory_report,EIA reports lower crude inventory of 672M barrels,low,1,0.2975,32.1,Weekly fundamental data point,"[np.str_('US Gulf Coast'), np.str_('Global')]",1,market_calibrated_advanced,0.77,True,True,160.0
2020-03-18 16:18:50,2020-03-18,inventory_report,Cushing storage levels approach operational minimum,high,3,0.584,40.8,Delivery point concerns for WTI contract,[np.str_('US Gulf Coast')],1,market_calibrated_advanced,0.99,True,False,200.0
2020-03-19 03:45:51,2020-03-19,geopolitical_tension,Strategic reserve release coordinated by {alliance},critical,4,1.0,52.5,Temporary supply increase to calm markets,"[np.str_('Middle East'), np.str_('Asia Pacific'), np.str_('Global')]",26,market_calibrated_advanced,0.96,True,False,200.0
2020-03-19 05:38:51,2020-03-19,geopolitical_tension,Diplomatic tensions escalate between Russia and Libya,high,3,0.5684,152.1,Risk premium increases on supply disruption fears,[np.str_('Global')],27,market_calibrated_advanced,0.73,True,True,160.0
2020-03-20 00:54:07,2020-03-20,inventory_report,Floating storage levels lower off West Africa,high,3,0.639,83.5,Signal of market contango/backwardation,"[np.str_('Global'), np.str_('US Gulf Coast')]",1,market_calibrated_advanced,0.83,True,False,200.0
2020-03-20 05:57:30,2020-03-20,inventory_report,Floating storage levels lower off Caspian Region,moderate,2,0.2828,63.3,Signal of market contango/backwardation,"[np.str_('US Gulf Coast'), np.str_('Global')]",3,market_calibrated_advanced,0.7,True,True,160.0
2020-03-21 00:19:15,2020-03-21,geopolitical_tension,Diplomatic tensions escalate between Russia and China,critical,4,0.984,221.1,Risk premium increases on supply disruption fears,"[np.str_('Global'), np.str_('Middle East')]",38,market_calibrated_advanced,0.7,True,False,200.0
2020-03-21 12:14:17,2020-03-21,geopolitical_tension,Trade negotiations impact Red Sea energy imports,moderate,2,0.5215,165.9,Trade policy uncertainty affects flows,"[np.str_('Middle East'), np.str_('Global')]",37,market_calibrated_advanced,0.87,True,True,160.0
2020-03-21 14:43:43,2020-03-21,production_policy,OPEC+ agrees to adjust production by 1695 kb/d,critical,4,1.0,140.8,Direct impact on global supply-demand balance,[np.str_('Middle East')],15,market_calibrated_advanced,0.85,True,False,200.0
2020-03-22 02:40:58,2020-03-22,production_policy,Non-OPEC production growth revised higher,moderate,2,0.7,89.9,Shifts market share expectations,"[np.str_('Global'), np.str_('Middle East')]",20,market_calibrated_advanced,0.71,True,True,160.0
2020-03-22 02:43:32,2020-03-22,inventory_report,China crude inventories show higher trend,high,3,0.606,87.1,Indicates demand trajectory in largest importer,[np.str_('Global')],1,market_calibrated_advanced,0.97,True,False,200.0
2020-03-22 19:44:06,2020-03-22,production_policy,European Union output disrupted by technical issues at Burgan,critical,4,1.0,161.1,Temporary supply reduction,"[np.str_('Global'), np.str_('Middle East')]",20,market_calibrated_advanced,0.79,True,False,200.0
2020-03-23 03:21:11,2020-03-23,inventory_report,Cushing storage levels approach operational minimum,high,3,0.533,33.6,Delivery point concerns for WTI contract,"[np.str_('US Gulf Coast'), np.str_('Global')]",1,market_calibrated_advanced,0.78,True,False,200.0
2020-03-23 12:48:34,2020-03-23,trade_flow_disruption,Shipping lane disruption near Bab el-Mandeb,extreme,5,1.0,121.1,"Forces rerouting, increases transit times","[np.str_('Strait of Hormuz'), np.str_('Red Sea')]",10,market_calibrated_advanced,0.78,True,False,200.0
2020-03-24 12:45:44,2020-03-24,geopolitical_tension,Diplomatic tensions escalate between Iran and India,critical,4,0.957,203.6,Risk premium increases on supply disruption fears,"[np.str_('Middle East'), np.str_('Asia Pacific'), np.str_('Global')]",5,market_calibrated_advanced,0.78,True,False,200.0
2020-03-24 17:01:03,2020-03-24,geopolitical_tension,Energy security summit addresses Caspian Region supply concerns,moderate,2,0.6236999999999999,163.4,Coordinated response to supply risks,[np.str_('Global')],34,market_calibrated_advanced,0.81,True,True,160.0
2020-03-25 20:01:28,2020-03-25,infrastructure,Major pipeline maintenance reduces North Africa flows by 1500,moderate,2,0.929,144.3,Temporary but planned supply reduction,"[np.str_('US Gulf Coast'), np.str_('Middle East'), np.str_('North Sea')]",6,market_calibrated_advanced,0.95,True,False,200.0
2020-03-28 19:55:11,2020-03-28,inventory_report,China crude inventories show higher trend,moderate,2,0.496,70.5,Indicates demand trajectory in largest importer,[np.str_('Global')],2,market_calibrated_advanced,0.91,True,False,197.0
2020-03-29 02:17:39,2020-03-29,infrastructure,New pipeline capacity comes online in West Africa,low,1,0.5502,77.0,Improves supply chain efficiency,[np.str_('Middle East')],6,market_calibrated_advanced,0.76,True,True,160.0
2020-03-29 04:41:36,2020-03-29,production_policy,Non-OPEC production growth revised higher,high,3,1.0,282.2,Shifts market share expectations,"[np.str_('Middle East'), np.str_('Global')]",41,market_calibrated_advanced,0.88,True,False,200.0
2020-03-29 18:02:41,2020-03-29,infrastructure,Major pipeline maintenance reduces Middle East flows by 464,moderate,2,0.994,128.3,Temporary but planned supply reduction,[np.str_('US Gulf Coast')],2,market_calibrated_advanced,0.72,True,False,200.0
2020-03-30 02:55:29,2020-03-30,inventory_report,Floating storage levels lower off Latin America,high,3,0.653,94.3,Signal of market contango/backwardation,"[np.str_('Global'), np.str_('US Gulf Coast')]",1,market_calibrated_advanced,1.0,True,False,200.0
2020-03-30 07:18:37,2020-03-30,inventory_report,China crude inventories show higher trend,high,3,0.62,67.3,Indicates demand trajectory in largest importer,"[np.str_('Global'), np.str_('US Gulf Coast')]",3,market_calibrated_advanced,0.85,True,False,200.0
2020-03-30 19:31:05,2020-03-30,production_policy,Non-OPEC production growth revised lower,high,3,1.0,73.9,Shifts market share expectations,"[np.str_('Global'), np.str_('Middle East')]",42,market_calibrated_advanced,0.76,True,False,200.0
2020-03-31 07:02:13,2020-03-31,trade_flow_disruption,Insurance premiums surge for Strait of Hormuz tanker transits,critical,4,1.0,263.0,"Increases shipping costs, may deter voyages",[np.str_('South China Sea')],15,market_calibrated_advanced,0.99,True,False,200.0
2020-03-31 22:13:55,2020-03-31,trade_flow_disruption,Port restrictions impact USA crude exports,high,3,0.5621,209.7,Physical supply bottleneck,[np.str_('Red Sea')],9,market_calibrated_advanced,0.86,True,True,160.0
2020-04-01 10:56:00,2020-04-01,geopolitical_tension,Energy security summit addresses Caspian Region supply concerns,moderate,2,0.5999,146.4,Coordinated response to supply risks,[np.str_('Global')],23,market_calibrated_advanced,0.79,True,True,160.0
2020-04-01 13:33:17,2020-04-01,geopolitical_tension,Trade negotiations impact US Gulf Coast energy imports,high,3,1.0,88.4,Trade policy uncertainty affects flows,"[np.str_('Middle East'), np.str_('Global'), np.str_('Asia Pacific')]",38,market_calibrated_advanced,0.92,True,False,200.0
2020-04-01 22:20:20,2020-04-01,inventory_report,EIA reports higher crude inventory of 1028M barrels,moderate,2,0.575,94.9,Weekly fundamental data point,[np.str_('Global')],3,market_calibrated_advanced,0.99,True,False,200.0
2020-04-02 01:15:08,2020-04-02,trade_flow_disruption,Insurance premiums surge for Strait of Hormuz tanker transits,critical,4,1.0,86.6,"Increases shipping costs, may deter voyages","[np.str_('Strait of Hormuz'), np.str_('Red Sea')]",11,market_calibrated_advanced,0.96,True,False,200.0
2020-04-04 04:05:06,2020-04-04,geopolitical_tension,Energy security summit addresses Global supply concerns,high,3,1.0,102.4,Coordinated response to supply risks,[np.str_('Middle East')],36,market_calibrated_advanced,0.92,True,False,200.0
2020-04-04 16:35:13,2020-04-04,production_policy,Non-OPEC production growth revised higher,high,3,1.0,257.6,Shifts market share expectations,"[np.str_('Global'), np.str_('Middle East')]",16,market_calibrated_advanced,0.92,True,False,200.0
2020-04-06 02:29:05,2020-04-06,trade_flow_disruption,Insurance premiums surge for Latin America tanker transits,high,3,0.6789999999999999,232.8,"Increases shipping costs, may deter voyages",[np.str_('Strait of Hormuz')],10,market_calibrated_advanced,0.95,True,True,160.0
2020-04-06 16:49:04,2020-04-06,trade_flow_disruption,Port restrictions impact India crude exports,critical,4,1.0,221.8,Physical supply bottleneck,"[np.str_('South China Sea'), np.str_('Strait of Hormuz'), np.str_('Red Sea')]",11,market_calibrated_advanced,0.99,True,False,200.0
2020-04-06 19:49:10,2020-04-06,production_policy,OPEC+ agrees to adjust production by 1227 kb/d,critical,4,1.0,176.2,Direct impact on global supply-demand balance,"[np.str_('Global'), np.str_('Middle East')]",21,market_calibrated_advanced,0.76,True,False,200.0
2020-04-07 02:43:12,2020-04-07,military_conflict,Drone attack targets India oil infrastructure,critical,4,0.7,513.3,"Immediate supply risk, insurance premiums spike","[np.str_('Strait of Hormuz'), np.str_('North Africa')]",15,market_calibrated_advanced,0.82,True,True,160.0
2020-04-07 12:40:28,2020-04-07,infrastructure,Major pipeline maintenance reduces Strait of Hormuz flows by 1316,low,1,0.5704999999999999,19.1,Temporary but planned supply reduction,[np.str_('US Gulf Coast')],4,market_calibrated_advanced,0.87,True,True,160.0
2020-04-07 12:51:28,2020-04-07,infrastructure,Major pipeline maintenance reduces West Africa flows by 1482,moderate,2,0.896,109.0,Temporary but planned supply reduction,[np.str_('US Gulf Coast')],4,market_calibrated_advanced,0.9,True,False,200.0
2020-04-07 16:58:19,2020-04-07,military_conflict,Drone attack targets Nigeria oil infrastructure,extreme,5,1.0,973.6,"Immediate supply risk, insurance premiums spike","[np.str_('Strait of Hormuz'), np.str_('Middle East')]",26,market_calibrated_advanced,0.85,False,False,200.0
2020-04-07 22:37:53,2020-04-07,production_policy,Non-OPEC production growth revised lower,high,3,1.0,157.6,Shifts market share expectations,"[np.str_('Middle East'), np.str_('Global')]",24,market_calibrated_advanced,0.76,True,False,200.0
2020-04-08 03:57:14,2020-04-08,production_policy,OPEC+ agrees to adjust production by 211 kb/d,critical,4,1.0,257.6,Direct impact on global supply-demand balance,[np.str_('Global')],41,market_calibrated_advanced,0.82,True,False,200.0
2020-04-10 01:08:16,2020-04-10,military_conflict,Military escalation near Latin America oil facilities,critical,4,0.7,799.7,Threatens regional production and transit,"[np.str_('Strait of Hormuz'), np.str_('Middle East')]",13,market_calibrated_advanced,0.81,True,True,160.0
2020-04-10 12:22:57,2020-04-10,military_conflict,Military escalation near Global oil facilities,extreme,5,1.0,550.0,Threatens regional production and transit,"[np.str_('Strait of Hormuz'), np.str_('Middle East')]",20,market_calibrated_advanced,0.91,True,False,200.0
2020-04-11 04:07:06,2020-04-11,inventory_report,Floating storage levels lower off Strait of Hormuz,high,3,0.643,96.2,Signal of market contango/backwardation,"[np.str_('Global'), np.str_('US Gulf Coast')]",2,market_calibrated_advanced,0.96,True,False,200.0
2020-04-11 08:12:05,2020-04-11,sanctions,EU extends sanctions framework on India energy exports,critical,4,1.0,314.3,Reduces available supply to European markets,[np.str_('Caspian Region')],20,market_calibrated_advanced,0.91,True,False,200.0
2020-04-11 13:33:54,2020-04-11,production_policy,Non-OPEC production growth revised lower,high,3,1.0,181.6,Shifts market share expectations,"[np.str_('Global'), np.str_('Middle East')]",10,market_calibrated_advanced,0.95,True,False,200.0
2020-04-12 14:38:03,2020-04-12,trade_flow_disruption,Port restrictions impact India crude exports,critical,4,1.0,76.4,Physical supply bottleneck,[np.str_('South China Sea')],3,market_calibrated_advanced,0.89,True,False,200.0
2020-04-13 14:01:29,2020-04-13,infrastructure,Port congestion delays 24 tankers at Novorossiysk,moderate,2,0.5306,32.1,Logistical bottleneck affecting deliveries,"[np.str_('Middle East'), np.str_('US Gulf Coast')]",5,market_calibrated_advanced,0.81,True,True,160.0
2020-04-13 16:11:06,2020-04-13,infrastructure,Major pipeline maintenance reduces Strait of Hormuz flows by 1597,moderate,2,0.995,34.4,Temporary but planned supply reduction,"[np.str_('US Gulf Coast'), np.str_('Middle East'), np.str_('North Sea')]",11,market_calibrated_advanced,0.84,True,False,200.0
2020-04-13 17:26:53,2020-04-13,inventory_report,Floating storage levels lower off North Sea,moderate,2,0.3968999999999999,50.7,Signal of market contango/backwardation,"[np.str_('US Gulf Coast'), np.str_('Global')]",2,market_calibrated_advanced,0.92,True,True,160.0
2020-04-13 20:58:55,2020-04-13,inventory_report,China crude inventories show unchanged trend,high,3,0.554,67.8,Indicates demand trajectory in largest importer,"[np.str_('US Gulf Coast'), np.str_('Global')]",2,market_calibrated_advanced,0.9,True,False,200.0
2020-04-17 06:48:27,2020-04-17,production_policy,Venezuela announces voluntary production cut extension,high,3,1.0,182.2,Tightens supply outlook,"[np.str_('Global'), np.str_('Middle East')]",39,market_calibrated_advanced,0.9,True,False,199.0
2020-04-19 02:44:46,2020-04-19,production_policy,Non-OPEC production growth revised higher,moderate,2,1.0,62.3,Shifts market share expectations,"[np.str_('Global'), np.str_('Middle East')]",26,market_calibrated_advanced,0.94,False,False,199.0
2020-04-20 04:41:22,2020-04-20,inventory_report,EIA reports unchanged crude inventory of 208M barrels,moderate,2,0.601,95.3,Weekly fundamental data point,"[np.str_('US Gulf Coast'), np.str_('Global')]",1,market_calibrated_advanced,0.92,True,False,200.0
2020-04-21 02:09:39,2020-04-21,inventory_report,China crude inventories show lower trend,moderate,2,0.2989,30.1,Indicates demand trajectory in largest importer,"[np.str_('Global'), np.str_('US Gulf Coast')]",3,market_calibrated_advanced,0.76,True,True,160.0
2020-04-21 18:35:33,2020-04-21,inventory_report,Cushing storage levels approach operational minimum,high,3,0.559,63.3,Delivery point concerns for WTI contract,"[np.str_('US Gulf Coast'), np.str_('Global')]",1,market_calibrated_advanced,0.79,True,False,200.0
2020-04-22 06:52:00,2020-04-22,military_conflict,Drone attack targets Nigeria oil infrastructure,extreme,5,1.0,469.8,"Immediate supply risk, insurance premiums spike","[np.str_('North Africa'), np.str_('Strait of Hormuz')]",19,market_calibrated_advanced,0.72,True,False,200.0
2020-04-23 07:35:14,2020-04-23,inventory_report,China crude inventories show lower trend,high,3,0.664,52.4,Indicates demand trajectory in largest importer,[np.str_('Global')],4,market_calibrated_advanced,0.72,True,False,200.0
2020-04-24 03:41:36,2020-04-24,inventory_report,China crude inventories show unchanged trend,high,3,0.634,69.6,Indicates demand trajectory in largest importer,"[np.str_('US Gulf Coast'), np.str_('Global')]",1,market_calibrated_advanced,0.75,True,False,200.0
2020-04-24 10:01:48,2020-04-24,sanctions,Sanctions waiver negotiations for European Union oil exports,critical,4,1.0,121.0,Potential for supply increase if granted,"[np.str_('Global'), np.str_('Middle East'), np.str_('Caspian Region')]",23,market_calibrated_advanced,0.73,False,False,200.0
2020-04-25 00:36:21,2020-04-25,infrastructure,Refinery outage reduces crude demand in Caspian Region,moderate,2,0.5173,45.6,Reduces crude intake temporarily,[np.str_('Middle East')],6,market_calibrated_advanced,0.77,True,True,160.0
2020-04-25 02:37:02,2020-04-25,infrastructure,Refinery outage reduces crude demand in Red Sea,high,3,0.912,101.9,Reduces crude intake temporarily,[np.str_('Middle East')],13,market_calibrated_advanced,0.95,True,False,200.0
2020-04-26 02:02:15,2020-04-26,geopolitical_tension,Energy security summit addresses Latin America supply concerns,high,3,1.0,102.6,Coordinated response to supply risks,[np.str_('Asia Pacific')],9,market_calibrated_advanced,0.82,False,False,200.0
2020-04-26 04:50:20,2020-04-26,geopolitical_tension,Strategic reserve release coordinated by {alliance},critical,4,0.988,181.5,Temporary supply increase to calm markets,"[np.str_('Asia Pacific'), np.str_('Global')]",16,market_calibrated_advanced,0.84,True,False,200.0
2020-04-26 05:02:27,2020-04-26,inventory_report,EIA reports lower crude inventory of 306M barrels,moderate,2,0.667,33.6,Weekly fundamental data point,"[np.str_('US Gulf Coast'), np.str_('Global')]",4,market_calibrated_advanced,0.96,True,False,200.0
2020-04-26 10:30:26,2020-04-26,production_policy,OPEC+ agrees to adjust production by 1891 kb/d,critical,4,1.0,220.0,Direct impact on global supply-demand balance,[np.str_('Middle East')],38,market_calibrated_advanced,0.7,True,False,200.0
2020-04-26 18:00:06,2020-04-26,inventory_report,Cushing storage levels approach operational minimum,high,3,0.575,95.3,Delivery point concerns for WTI contract,[np.str_('Global')],4,market_calibrated_advanced,0.76,False,False,200.0
2020-04-27 18:19:36,2020-04-27,inventory_report,China crude inventories show unchanged trend,high,3,0.677,72.7,Indicates demand trajectory in largest importer,[np.str_('Global')],2,market_calibrated_advanced,0.88,True,False,200.0
2020-04-28 03:36:25,2020-04-28,inventory_report,Floating storage levels higher off Global,moderate,2,0.29469999999999996,56.4,Signal of market contango/backwardation,"[np.str_('US Gulf Coast'), np.str_('Global')]",2,market_calibrated_advanced,0.8,True,True,160.0
2020-04-28 04:19:02,2020-04-28,inventory_report,Cushing storage levels approach operational minimum,high,3,0.577,25.7,Delivery point concerns for WTI contract,"[np.str_('Global'), np.str_('US Gulf Coast')]",1,market_calibrated_advanced,0.99,True,False,200.0
2020-05-01 05:18:06,2020-05-01,inventory_report,China crude inventories show higher trend,moderate,2,0.519,64.4,Indicates demand trajectory in largest importer,"[np.str_('US Gulf Coast'), np.str_('Global')]",1,market_calibrated_advanced,0.82,True,False,198.0
2020-05-02 02:27:02,2020-05-02,military_conflict,Naval incident near Malacca Strait shipping lane,extreme,5,1.0,610.3,Risk to major transit chokepoint,"[np.str_('Middle East'), np.str_('Strait of Hormuz')]",15,market_calibrated_advanced,0.79,True,False,200.0
2020-05-04 14:58:12,2020-05-04,geopolitical_tension,Trade negotiations impact Middle East energy imports,moderate,2,0.973,86.2,Trade policy uncertainty affects flows,[np.str_('Asia Pacific')],43,market_calibrated_advanced,0.93,True,False,200.0
2020-05-05 08:31:14,2020-05-05,trade_flow_disruption,Tanker tracking shows unchanged flows to European Union,high,3,1.0,210.3,Indicates trade pattern shifts,[np.str_('South China Sea')],14,market_calibrated_advanced,0.97,True,False,200.0
2020-05-07 01:39:18,2020-05-07,production_policy,Kuwait announces voluntary production cut extension,critical,4,1.0,258.4,Tightens supply outlook,"[np.str_('Global'), np.str_('Middle East')]",45,market_calibrated_advanced,0.9,True,False,200.0
2020-05-07 03:54:45,2020-05-07,production_policy,Iraq announces voluntary production cut extension,high,3,0.7,217.9,Tightens supply outlook,"[np.str_('Middle East'), np.str_('Global')]",25,market_calibrated_advanced,0.8,False,True,160.0
2020-05-07 15:54:47,2020-05-07,inventory_report,Floating storage levels unchanged off Red Sea,high,3,0.657,57.0,Signal of market contango/backwardation,"[np.str_('Global'), np.str_('US Gulf Coast')]",1,market_calibrated_advanced,0.92,True,False,200.0
2020-05-07 21:41:08,2020-05-07,inventory_report,Floating storage levels unchanged off Global,high,3,0.591,35.9,Signal of market contango/backwardation,"[np.str_('Global'), np.str_('US Gulf Coast')]",2,market_calibrated_advanced,0.97,True,False,200.0
2020-05-08 17:20:27,2020-05-08,inventory_report,China crude inventories show unchanged trend,high,3,0.587,33.2,Indicates demand trajectory in largest importer,"[np.str_('US Gulf Coast'), np.str_('Global')]",3,market_calibrated_advanced,0.9,True,False,200.0
2020-05-09 07:53:27,2020-05-09,infrastructure,Major pipeline maintenance reduces South China Sea flows by 943,moderate,2,0.979,129.7,Temporary but planned supply reduction,"[np.str_('North Sea'), np.str_('Middle East')]",10,market_calibrated_advanced,0.99,True,False,200.0
2020-05-12 04:25:19,2020-05-12,inventory_report,EIA reports lower crude inventory of 506M barrels,moderate,2,0.555,36.3,Weekly fundamental data point,"[np.str_('Global'), np.str_('US Gulf Coast')]",2,market_calibrated_advanced,0.9,True,False,200.0
2020-05-18 05:47:55,2020-05-18,inventory_report,Cushing storage levels approach operational minimum,moderate,2,0.527,27.6,Delivery point concerns for WTI contract,"[np.str_('Global'), np.str_('US Gulf Coast')]",3,market_calibrated_advanced,0.95,True,False,193.0
2020-05-20 22:29:24,2020-05-20,military_conflict,Military escalation near Red Sea oil facilities,critical,4,1.0,288.3,Threatens regional production and transit,[np.str_('North Africa')],4,market_calibrated_advanced,0.94,True,False,195.0
2020-05-21 02:52:58,2020-05-21,infrastructure,Major pipeline maintenance reduces North Africa flows by 1454,moderate,2,0.846,141.6,Temporary but planned supply reduction,"[np.str_('Middle East'), np.str_('North Sea')]",10,market_calibrated_advanced,0.79,True,False,200.0
2020-05-24 21:31:15,2020-05-24,inventory_report,EIA reports higher crude inventory of 126M barrels,low,1,0.558,50.8,Weekly fundamental data point,[np.str_('US Gulf Coast')],2,market_calibrated_advanced,0.71,True,False,197.0
2020-05-27 01:01:23,2020-05-27,military_conflict,Naval incident near Malacca Strait shipping lane,extreme,5,1.0,335.2,Risk to major transit chokepoint,"[np.str_('North Africa'), np.str_('Middle East')]",19,market_calibrated_advanced,0.83,True,False,200.0
2020-05-29 09:39:32,2020-05-29,infrastructure,Refinery outage reduces crude demand in Global,high,3,0.935,103.2,Reduces crude intake temporarily,[np.str_('US Gulf Coast')],13,market_calibrated_advanced,0.78,True,False,200.0
2020-05-30 00:50:35,2020-05-30,production_policy,OPEC+ agrees to adjust production by 1861 kb/d,critical,4,1.0,139.7,Direct impact on global supply-demand balance,"[np.str_('Global'), np.str_('Middle East')]",30,market_calibrated_advanced,0.89,True,False,200.0
2020-05-31 04:44:26,2020-05-31,inventory_report,Cushing storage levels approach operational minimum,high,3,0.646,45.9,Delivery point concerns for WTI contract,"[np.str_('US Gulf Coast'), np.str_('Global')]",4,market_calibrated_advanced,0.79,True,False,200.0
2020-05-31 15:58:04,2020-05-31,inventory_report,China crude inventories show unchanged trend,high,3,0.64,92.0,Indicates demand trajectory in largest importer,[np.str_('US Gulf Coast')],4,market_calibrated_advanced,0.74,True,False,200.0
2020-06-01 01:42:18,2020-06-01,inventory_report,EIA reports unchanged crude inventory of 765M barrels,low,1,0.2779,19.6,Weekly fundamental data point,"[np.str_('US Gulf Coast'), np.str_('Global')]",4,market_calibrated_advanced,0.88,True,True,160.0
2020-06-01 02:34:04,2020-06-01,inventory_report,Floating storage levels higher off Middle East,moderate,2,0.40529999999999994,53.3,Signal of market contango/backwardation,[np.str_('US Gulf Coast')],3,market_calibrated_advanced,0.93,True,True,160.0
2020-06-01 07:51:07,2020-06-01,inventory_report,Cushing storage levels approach operational minimum,high,3,0.699,27.4,Delivery point concerns for WTI contract,"[np.str_('US Gulf Coast'), np.str_('Global')]",2,market_calibrated_advanced,0.78,True,False,200.0
2020-06-01 11:22:31,2020-06-01,inventory_report,EIA reports unchanged crude inventory of 1724M barrels,moderate,2,0.603,26.8,Weekly fundamental data point,"[np.str_('Global'), np.str_('US Gulf Coast')]",3,market_calibrated_advanced,0.99,True,False,200.0
2020-06-02 15:56:12,2020-06-02,production_policy,Non-OPEC production growth revised lower,high,3,1.0,105.6,Shifts market share expectations,[np.str_('Middle East')],31,market_calibrated_advanced,0.79,True,False,200.0
2020-06-04 21:16:17,2020-06-04,production_policy,China announces voluntary production cut extension,high,3,1.0,158.0,Tightens supply outlook,[np.str_('Middle East')],55,market_calibrated_advanced,0.84,True,False,198.0
2020-06-05 03:36:16,2020-06-05,inventory_report,EIA reports higher crude inventory of 1781M barrels,moderate,2,0.551,43.6,Weekly fundamental data point,"[np.str_('US Gulf Coast'), np.str_('Global')]",3,market_calibrated_advanced,0.84,True,False,200.0
2020-06-05 05:05:43,2020-06-05,inventory_report,Cushing storage levels approach operational minimum,moderate,2,0.33249999999999996,56.3,Delivery point concerns for WTI contract,"[np.str_('Global'), np.str_('US Gulf Coast')]",4,market_calibrated_advanced,0.85,True,True,160.0
2020-06-05 20:14:01,2020-06-05,trade_flow_disruption,Insurance premiums surge for Strait of Hormuz tanker transits,critical,4,1.0,248.6,"Increases shipping costs, may deter voyages",[np.str_('Strait of Hormuz')],9,market_calibrated_advanced,0.88,True,False,200.0
2020-06-06 05:12:28,2020-06-06,inventory_report,China crude inventories show lower trend,moderate,2,0.3185,56.0,Indicates demand trajectory in largest importer,"[np.str_('US Gulf Coast'), np.str_('Global')]",3,market_calibrated_advanced,0.78,True,True,160.0
2020-06-06 12:21:31,2020-06-06,inventory_report,Floating storage levels unchanged off Caspian Region,high,3,0.687,57.3,Signal of market contango/backwardation,"[np.str_('Global'), np.str_('US Gulf Coast')]",1,market_calibrated_advanced,0.93,True,False,200.0
2020-06-07 13:07:55,2020-06-07,geopolitical_tension,Energy security summit addresses Strait of Hormuz supply concerns,high,3,1.0,49.7,Coordinated response to supply risks,"[np.str_('Middle East'), np.str_('Asia Pacific')]",29,market_calibrated_advanced,0.94,True,False,200.0
2020-06-08 01:47:02,2020-06-08,production_policy,Libya output disrupted by weather at Khurais,critical,4,1.0,61.0,Temporary supply reduction,"[np.str_('Middle East'), np.str_('Global')]",32,market_calibrated_advanced,0.99,True,False,200.0
2020-06-10 00:05:22,2020-06-10,military_conflict,Missile attack on Nigeria port facility,extreme,5,1.0,995.3,Direct damage to export infrastructure,"[np.str_('North Africa'), np.str_('Middle East'), np.str_('Strait of Hormuz')]",21,market_calibrated_advanced,0.83,True,False,200.0
2020-06-10 19:48:36,2020-06-10,sanctions,US imposes new sanctions on Kuwait oil sector,critical,4,1.0,321.9,"Tightens global supply, redirects trade flows","[np.str_('Global'), np.str_('Middle East'), np.str_('Caspian Region')]",40,market_calibrated_advanced,0.82,True,False,200.0
2020-06-11 16:27:40,2020-06-11,inventory_report,Cushing storage levels approach operational minimum,high,3,0.566,79.6,Delivery point concerns for WTI contract,[np.str_('US Gulf Coast')],2,market_calibrated_advanced,0.7,True,False,200.0
2020-06-11 16:51:23,2020-06-11,inventory_report,Cushing storage levels approach operational minimum,moderate,2,0.2786,36.4,Delivery point concerns for WTI contract,"[np.str_('US Gulf Coast'), np.str_('Global')]",1,market_calibrated_advanced,0.89,True,True,160.0
2020-06-18 01:24:12,2020-06-18,geopolitical_tension,Trade negotiations impact US Gulf Coast energy imports,moderate,2,1.0,222.8,Trade policy uncertainty affects flows,"[np.str_('Global'), np.str_('Middle East')]",43,market_calibrated_advanced,0.81,True,False,196.0
2020-06-19 15:46:53,2020-06-19,geopolitical_tension,Diplomatic tensions escalate between Iran and Venezuela,critical,4,0.974,190.3,Risk premium increases on supply disruption fears,"[np.str_('Global'), np.str_('Asia Pacific'), np.str_('Middle East')]",44,market_calibrated_advanced,0.88,True,False,200.0
2020-06-20 06:26:00,2020-06-20,infrastructure,Refinery outage reduces crude demand in Latin America,high,3,0.961,158.1,Reduces crude intake temporarily,"[np.str_('US Gulf Coast'), np.str_('North Sea')]",11,market_calibrated_advanced,0.76,True,False,200.0
2020-06-20 13:50:25,2020-06-20,production_policy,Saudi Arabia announces voluntary production cut extension,critical,4,1.0,139.6,Tightens supply outlook,[np.str_('Middle East')],54,market_calibrated_advanced,0.9,True,False,200.0
2020-06-21 06:28:54,2020-06-21,geopolitical_tension,Trade negotiations impact Middle East energy imports,high,3,1.0,239.1,Trade policy uncertainty affects flows,[np.str_('Asia Pacific')],35,market_calibrated_advanced,0.72,True,False,200.0
2020-06-21 16:42:16,2020-06-21,geopolitical_tension,Diplomatic tensions escalate between Iraq and UAE,critical,4,1.0,159.1,Risk premium increases on supply disruption fears,"[np.str_('Global'), np.str_('Middle East')]",20,market_calibrated_advanced,0.98,True,False,200.0
2020-06-21 17:35:54,2020-06-21,geopolitical_tension,Energy security summit addresses North Sea supply concerns,high,3,1.0,179.4,Coordinated response to supply risks,"[np.str_('Global'), np.str_('Middle East'), np.str_('Asia Pacific')]",12,market_calibrated_advanced,0.98,True,False,200.0
2020-06-24 08:58:46,2020-06-24,inventory_report,Cushing storage levels approach operational minimum,moderate,2,0.6,41.5,Delivery point concerns for WTI contract,"[np.str_('Global'), np.str_('US Gulf Coast')]",4,market_calibrated_advanced,0.74,False,False,196.0
2020-06-24 16:14:17,2020-06-24,geopolitical_tension,Energy security summit addresses Asia Pacific supply concerns,moderate,2,0.89,76.4,Coordinated response to supply risks,"[np.str_('Global'), np.str_('Middle East')]",27,market_calibrated_advanced,0.93,True,False,196.0
2020-06-25 00:51:20,2020-06-25,production_policy,Nigeria announces voluntary production cut extension,high,3,0.7,210.1,Tightens supply outlook,"[np.str_('Global'), np.str_('Middle East')]",35,market_calibrated_advanced,0.75,True,True,160.0
2020-06-25 08:41:33,2020-06-25,production_policy,Libya output disrupted by pipeline rupture at Zuluf,critical,4,1.0,104.9,Temporary supply reduction,"[np.str_('Middle East'), np.str_('Global')]",7,market_calibrated_advanced,0.72,True,False,200.0
2020-06-25 22:06:43,2020-06-25,production_policy,OPEC+ agrees to adjust production by 164 kb/d,critical,4,1.0,100.5,Direct impact on global supply-demand balance,"[np.str_('Middle East'), np.str_('Global')]",59,market_calibrated_advanced,0.79,True,False,200.0
2020-06-27 02:14:02,2020-06-27,military_conflict,Military escalation near US Gulf Coast oil facilities,extreme,5,1.0,759.7,Threatens regional production and transit,[np.str_('Strait of Hormuz')],25,market_calibrated_advanced,0.98,True,False,200.0
2020-07-03 16:08:13,2020-07-03,production_policy,Non-OPEC production growth revised higher,moderate,2,1.0,159.4,Shifts market share expectations,[np.str_('Global')],55,market_calibrated_advanced,0.7,True,False,192.0
2020-07-04 20:53:06,2020-07-04,inventory_report,EIA reports unchanged crude inventory of 1998M barrels,moderate,2,0.682,65.5,Weekly fundamental data point,"[np.str_('US Gulf Coast'), np.str_('Global')]",2,market_calibrated_advanced,0.94,True,False,200.0
2020-07-06 20:27:47,2020-07-06,trade_flow_disruption,Tanker tracking shows lower flows to Saudi Arabia,high,3,1.0,253.3,Indicates trade pattern shifts,"[np.str_('South China Sea'), np.str_('Strait of Hormuz')]",6,market_calibrated_advanced,0.81,True,False,200.0
2020-07-07 05:07:41,2020-07-07,inventory_report,Floating storage levels higher off West Africa,high,3,0.666,79.2,Signal of market contango/backwardation,[np.str_('Global')],4,market_calibrated_advanced,0.79,True,False,200.0
2020-07-07 07:06:31,2020-07-07,geopolitical_tension,Trade negotiations impact Latin America energy imports,high,3,1.0,235.1,Trade policy uncertainty affects flows,"[np.str_('Middle East'), np.str_('Global')]",23,market_calibrated_advanced,0.73,True,False,200.0
2020-07-12 06:23:32,2020-07-12,inventory_report,Cushing storage levels approach operational minimum,moderate,2,0.596,77.3,Delivery point concerns for WTI contract,"[np.str_('US Gulf Coast'), np.str_('Global')]",3,market_calibrated_advanced,0.93,True,False,195.0
2020-07-13 01:19:34,2020-07-13,geopolitical_tension,Strategic reserve release coordinated by {alliance},critical,4,0.907,50.5,Temporary supply increase to calm markets,"[np.str_('Global'), np.str_('Asia Pacific')]",22,market_calibrated_advanced,0.89,True,False,200.0
2020-07-16 14:36:12,2020-07-16,geopolitical_tension,Energy security summit addresses Red Sea supply concerns,moderate,2,0.974,160.3,Coordinated response to supply risks,"[np.str_('Global'), np.str_('Asia Pacific'), np.str_('Middle East')]",9,market_calibrated_advanced,0.89,True,False,200.0
2020-07-18 05:14:04,2020-07-18,inventory_report,Cushing storage levels approach operational minimum,high,3,0.52,54.3,Delivery point concerns for WTI contract,"[np.str_('US Gulf Coast'), np.str_('Global')]",1,market_calibrated_advanced,0.78,True,False,200.0
2020-07-18 11:04:53,2020-07-18,geopolitical_tension,Strategic reserve release coordinated by {alliance},critical,4,1.0,108.4,Temporary supply increase to calm markets,"[np.str_('Asia Pacific'), np.str_('Middle East'), np.str_('Global')]",32,market_calibrated_advanced,0.98,True,False,200.0
2020-07-18 22:33:40,2020-07-18,trade_flow_disruption,Port restrictions impact Russia crude exports,critical,4,1.0,157.2,Physical supply bottleneck,[np.str_('Red Sea')],16,market_calibrated_advanced,0.83,True,False,200.0
2020-07-21 17:56:49,2020-07-21,trade_flow_disruption,Shipping lane disruption near Suez Canal,critical,4,1.0,171.0,"Forces rerouting, increases transit times","[np.str_('South China Sea'), np.str_('Red Sea'), np.str_('Strait of Hormuz')]",19,market_calibrated_advanced,0.92,True,False,199.0
2020-07-22 01:01:04,2020-07-22,inventory_report,EIA reports higher crude inventory of 1130M barrels,moderate,2,0.539,30.3,Weekly fundamental data point,"[np.str_('US Gulf Coast'), np.str_('Global')]",3,market_calibrated_advanced,0.85,True,False,200.0
2020-07-23 04:55:20,2020-07-23,inventory_report,China crude inventories show lower trend,high,3,0.677,91.5,Indicates demand trajectory in largest importer,"[np.str_('US Gulf Coast'), np.str_('Global')]",2,market_calibrated_advanced,0.99,True,False,200.0
2020-07-23 19:39:37,2020-07-23,military_conflict,Missile attack on European Union port facility,extreme,5,1.0,969.1,Direct damage to export infrastructure,"[np.str_('Middle East'), np.str_('North Africa'), np.str_('Strait of Hormuz')]",13,market_calibrated_advanced,0.87,True,False,200.0
2020-07-23 19:51:43,2020-07-23,inventory_report,EIA reports lower crude inventory of 738M barrels,moderate,2,0.7,24.4,Weekly fundamental data point,"[np.str_('Global'), np.str_('US Gulf Coast')]",1,market_calibrated_advanced,0.84,True,False,200.0
2020-07-24 02:21:26,2020-07-24,trade_flow_disruption,Shipping lane disruption near Malacca Strait,critical,4,0.6846,165.4,"Forces rerouting, increases transit times",[np.str_('Red Sea')],15,market_calibrated_advanced,0.93,True,True,160.0
2020-07-24 12:03:37,2020-07-24,trade_flow_disruption,Tanker tracking shows higher flows to Iraq,high,3,1.0,168.0,Indicates trade pattern shifts,"[np.str_('Red Sea'), np.str_('South China Sea')]",7,market_calibrated_advanced,0.78,True,False,200.0
2020-07-25 08:58:08,2020-07-25,geopolitical_tension,Trade negotiations impact Asia Pacific energy imports,high,3,1.0,67.9,Trade policy uncertainty affects flows,"[np.str_('Middle East'), np.str_('Global'), np.str_('Asia Pacific')]",12,market_calibrated_advanced,0.87,True,False,200.0
2020-07-25 11:41:04,2020-07-25,inventory_report,Floating storage levels higher off Latin America,high,3,0.564,62.1,Signal of market contango/backwardation,"[np.str_('US Gulf Coast'), np.str_('Global')]",4,market_calibrated_advanced,0.79,True,False,200.0
2020-07-26 02:02:03,2020-07-26,inventory_report,Floating storage levels lower off South China Sea,moderate,2,0.2996,29.7,Signal of market contango/backwardation,[np.str_('US Gulf Coast')],1,market_calibrated_advanced,0.91,True,True,160.0
2020-07-26 02:11:28,2020-07-26,inventory_report,Cushing storage levels approach operational minimum,high,3,0.697,42.3,Delivery point concerns for WTI contract,[np.str_('Global')],4,market_calibrated_advanced,0.78,True,False,200.0
2020-07-28 07:53:15,2020-07-28,geopolitical_tension,Trade negotiations impact Strait of Hormuz energy imports,moderate,2,1.0,177.3,Trade policy uncertainty affects flows,"[np.str_('Asia Pacific'), np.str_('Middle East'), np.str_('Global')]",39,market_calibrated_advanced,0.87,True,False,199.0
2020-07-30 00:21:49,2020-07-30,production_policy,OPEC+ agrees to adjust production by 468 kb/d,high,3,1.0,208.5,Direct impact on global supply-demand balance,[np.str_('Global')],53,market_calibrated_advanced,0.95,False,False,200.0
2020-07-30 12:26:25,2020-07-30,trade_flow_disruption,Port restrictions impact USA crude exports,high,3,1.0,94.7,Physical supply bottleneck,"[np.str_('Red Sea'), np.str_('Strait of Hormuz')]",9,market_calibrated_advanced,0.74,True,False,200.0
2020-07-31 00:15:36,2020-07-31,inventory_report,Cushing storage levels approach operational minimum,high,3,0.632,85.4,Delivery point concerns for WTI contract,"[np.str_('Global'), np.str_('US Gulf Coast')]",3,market_calibrated_advanced,0.99,True,False,200.0
2020-07-31 09:49:11,2020-07-31,inventory_report,China crude inventories show lower trend,high,3,0.543,27.8,Indicates demand trajectory in largest importer,"[np.str_('Global'), np.str_('US Gulf Coast')]",4,market_calibrated_advanced,0.72,True,False,200.0
2020-07-31 10:26:32,2020-07-31,sanctions,Secondary sanctions threatened for OPEC+ oil traders,extreme,5,1.0,182.5,Disrupts payment systems and shipping insurance,"[np.str_('Middle East'), np.str_('Caspian Region'), np.str_('Global')]",35,market_calibrated_advanced,0.99,False,False,200.0
2020-08-01 21:15:35,2020-08-01,inventory_report,Floating storage levels higher off Red Sea,high,3,0.682,85.6,Signal of market contango/backwardation,[np.str_('US Gulf Coast')],4,market_calibrated_advanced,0.82,True,False,200.0
2020-08-02 09:06:41,2020-08-02,infrastructure,Major pipeline maintenance reduces Middle East flows by 1343,moderate,2,0.919,58.4,Temporary but planned supply reduction,[np.str_('US Gulf Coast')],4,market_calibrated_advanced,0.74,True,False,200.0
2020-08-02 21:36:19,2020-08-02,geopolitical_tension,Trade negotiations impact Latin America energy imports,high,3,0.969,105.7,Trade policy uncertainty affects flows,[np.str_('Middle East')],43,market_calibrated_advanced,0.83,False,False,200.0
2020-08-03 02:47:29,2020-08-03,geopolitical_tension,Strategic reserve release coordinated by {alliance},high,3,0.5264,172.6,Temporary supply increase to calm markets,[np.str_('Middle East')],40,market_calibrated_advanced,0.85,True,True,160.0
2020-08-03 06:57:46,2020-08-03,geopolitical_tension,Energy security summit addresses Middle East supply concerns,moderate,2,0.5137999999999999,101.0,Coordinated response to supply risks,"[np.str_('Middle East'), np.str_('Global')]",24,market_calibrated_advanced,0.93,True,True,160.0
2020-08-03 12:09:10,2020-08-03,geopolitical_tension,Trade negotiations impact South China Sea energy imports,high,3,0.929,169.2,Trade policy uncertainty affects flows,"[np.str_('Middle East'), np.str_('Global')]",22,market_calibrated_advanced,0.81,True,False,200.0
2020-08-03 15:40:17,2020-08-03,geopolitical_tension,Diplomatic tensions escalate between OPEC+ and Iraq,critical,4,0.928,66.1,Risk premium increases on supply disruption fears,"[np.str_('Asia Pacific'), np.str_('Middle East')]",26,market_calibrated_advanced,0.9,True,False,200.0
2020-08-04 14:28:03,2020-08-04,geopolitical_tension,Diplomatic tensions escalate between Iraq and Russia,critical,4,0.948,164.8,Risk premium increases on supply disruption fears,"[np.str_('Middle East'), np.str_('Asia Pacific')]",22,market_calibrated_advanced,0.95,True,False,200.0
2020-08-04 22:13:32,2020-08-04,geopolitical_tension,Strategic reserve release coordinated by {alliance},critical,4,1.0,74.8,Temporary supply increase to calm markets,[np.str_('Global')],32,market_calibrated_advanced,0.89,True,False,200.0
2020-08-06 07:31:25,2020-08-06,inventory_report,Cushing storage levels approach operational minimum,moderate,2,0.33669999999999994,26.4,Delivery point concerns for WTI contract,"[np.str_('Global'), np.str_('US Gulf Coast')]",3,market_calibrated_advanced,0.86,False,True,160.0
2020-08-06 09:55:42,2020-08-06,production_policy,Non-OPEC production growth revised lower,high,3,1.0,76.8,Shifts market share expectations,"[np.str_('Global'), np.str_('Middle East')]",31,market_calibrated_advanced,0.85,True,False,200.0
2020-08-06 19:45:43,2020-08-06,inventory_report,Floating storage levels higher off South China Sea,high,3,0.619,90.9,Signal of market contango/backwardation,[np.str_('Global')],2,market_calibrated_advanced,0.83,True,False,200.0
2020-08-08 05:45:49,2020-08-08,infrastructure,Refinery outage reduces crude demand in Caspian Region,high,3,0.811,118.2,Reduces crude intake temporarily,"[np.str_('Middle East'), np.str_('US Gulf Coast')]",6,market_calibrated_advanced,0.92,True,False,200.0
2020-08-08 15:06:39,2020-08-08,infrastructure,Port congestion delays 18 tankers at Houston,moderate,2,0.4683,118.5,Logistical bottleneck affecting deliveries,[np.str_('North Sea')],2,market_calibrated_advanced,0.83,True,True,160.0
2020-08-09 00:26:27,2020-08-09,infrastructure,New pipeline capacity comes online in North Sea,moderate,2,0.926,120.1,Improves supply chain efficiency,"[np.str_('North Sea'), np.str_('Middle East')]",13,market_calibrated_advanced,0.8,True,False,200.0
2020-08-09 22:01:37,2020-08-09,inventory_report,Cushing storage levels approach operational minimum,high,3,0.669,70.8,Delivery point concerns for WTI contract,"[np.str_('US Gulf Coast'), np.str_('Global')]",3,market_calibrated_advanced,0.74,True,False,200.0
2020-08-10 13:21:22,2020-08-10,inventory_report,Cushing storage levels approach operational minimum,high,3,0.528,61.6,Delivery point concerns for WTI contract,[np.str_('Global')],2,market_calibrated_advanced,0.98,True,False,200.0
2020-08-12 00:50:04,2020-08-12,production_policy,Russia output disrupted by technical issues at Burgan,high,3,1.0,77.3,Temporary supply reduction,"[np.str_('Middle East'), np.str_('Global')]",19,market_calibrated_advanced,0.88,False,False,200.0
2020-08-13 03:48:04,2020-08-13,inventory_report,EIA reports unchanged crude inventory of 570M barrels,moderate,2,0.671,88.5,Weekly fundamental data point,[np.str_('US Gulf Coast')],2,market_calibrated_advanced,0.96,True,False,200.0
2020-08-18 06:32:54,2020-08-18,trade_flow_disruption,Insurance premiums surge for North Africa tanker transits,high,3,1.0,175.3,"Increases shipping costs, may deter voyages",[np.str_('South China Sea')],3,market_calibrated_advanced,0.92,False,False,195.0
2020-08-19 08:34:07,2020-08-19,geopolitical_tension,Diplomatic tensions escalate between Nigeria and OPEC+,critical,4,1.0,86.9,Risk premium increases on supply disruption fears,"[np.str_('Global'), np.str_('Asia Pacific')]",24,market_calibrated_advanced,0.72,True,False,200.0
2020-08-19 19:14:51,2020-08-19,trade_flow_disruption,Port restrictions impact Iran crude exports,critical,4,1.0,234.6,Physical supply bottleneck,"[np.str_('Strait of Hormuz'), np.str_('South China Sea')]",6,market_calibrated_advanced,0.89,True,False,200.0
2020-08-21 14:22:28,2020-08-21,military_conflict,Military escalation near North Africa oil facilities,extreme,5,1.0,568.0,Threatens regional production and transit,"[np.str_('Middle East'), np.str_('Strait of Hormuz'), np.str_('North Africa')]",19,market_calibrated_advanced,0.82,True,False,200.0
2020-08-21 19:43:31,2020-08-21,sanctions,OFAC issues new compliance guidance for oil transactions,high,3,1.0,317.4,Increases compliance costs and due diligence,"[np.str_('Caspian Region'), np.str_('Global'), np.str_('Middle East')]",64,market_calibrated_advanced,0.78,True,False,200.0
2020-08-22 06:27:13,2020-08-22,inventory_report,Floating storage levels lower off Asia Pacific,high,3,0.57,81.8,Signal of market contango/backwardation,"[np.str_('US Gulf Coast'), np.str_('Global')]",1,market_calibrated_advanced,1.0,True,False,200.0
2020-08-22 21:41:34,2020-08-22,infrastructure,Port congestion delays 27 tankers at Houston,high,3,0.831,54.1,Logistical bottleneck affecting deliveries,[np.str_('US Gulf Coast')],4,market_calibrated_advanced,0.85,True,False,200.0
2020-08-23 00:42:51,2020-08-23,inventory_report,EIA reports higher crude inventory of 1250M barrels,low,1,0.3829,77.5,Weekly fundamental data point,"[np.str_('US Gulf Coast'), np.str_('Global')]",1,market_calibrated_advanced,0.74,True,True,160.0
2020-08-23 21:05:42,2020-08-23,inventory_report,China crude inventories show unchanged trend,high,3,0.667,37.2,Indicates demand trajectory in largest importer,[np.str_('Global')],3,market_calibrated_advanced,0.81,True,False,200.0
2020-08-23 22:14:15,2020-08-23,inventory_report,Cushing storage levels approach operational minimum,high,3,0.646,60.0,Delivery point concerns for WTI contract,"[np.str_('Global'), np.str_('US Gulf Coast')]",3,market_calibrated_advanced,0.82,False,False,200.0
2020-08-23 22:45:23,2020-08-23,inventory_report,Floating storage levels lower off North Africa,high,3,0.693,56.2,Signal of market contango/backwardation,"[np.str_('US Gulf Coast'), np.str_('Global')]",2,market_calibrated_advanced,0.93,True,False,200.0
2020-08-24 09:05:55,2020-08-24,inventory_report,China crude inventories show lower trend,high,3,0.597,78.3,Indicates demand trajectory in largest importer,[np.str_('Global')],3,market_calibrated_advanced,0.86,True,False,200.0
2020-08-24 20:25:13,2020-08-24,inventory_report,Cushing storage levels approach operational minimum,moderate,2,0.3598,36.2,Delivery point concerns for WTI contract,[np.str_('US Gulf Coast')],3,market_calibrated_advanced,0.93,True,True,160.0
2020-08-25 00:45:16,2020-08-25,inventory_report,China crude inventories show higher trend,high,3,0.592,70.3,Indicates demand trajectory in largest importer,"[np.str_('US Gulf Coast'), np.str_('Global')]",2,market_calibrated_advanced,0.95,True,False,200.0
2020-08-25 08:40:33,2020-08-25,infrastructure,New pipeline capacity comes online in Caspian Region,moderate,2,0.919,119.4,Improves supply chain efficiency,[np.str_('North Sea')],13,market_calibrated_advanced,0.72,True,False,200.0
2020-08-25 12:54:20,2020-08-25,infrastructure,Major pipeline maintenance reduces Middle East flows by 1263,low,1,0.5222,44.8,Temporary but planned supply reduction,"[np.str_('Middle East'), np.str_('North Sea'), np.str_('US Gulf Coast')]",13,market_calibrated_advanced,0.72,True,True,160.0
2020-08-26 08:38:41,2020-08-26,infrastructure,New pipeline capacity comes online in North Sea,moderate,2,0.866,64.0,Improves supply chain efficiency,[np.str_('US Gulf Coast')],12,market_calibrated_advanced,0.94,True,False,200.0
2020-08-28 19:17:44,2020-08-28,geopolitical_tension,Diplomatic tensions escalate between Russia and Saudi Arabia,high,3,0.588,68.5,Risk premium increases on supply disruption fears,"[np.str_('Asia Pacific'), np.str_('Global'), np.str_('Middle East')]",31,market_calibrated_advanced,0.98,True,True,159.0
2020-08-28 21:43:33,2020-08-28,geopolitical_tension,Energy security summit addresses Caspian Region supply concerns,moderate,2,0.949,44.0,Coordinated response to supply risks,"[np.str_('Asia Pacific'), np.str_('Middle East')]",11,market_calibrated_advanced,0.8,True,False,199.0
2020-08-29 12:22:18,2020-08-29,inventory_report,Cushing storage levels approach operational minimum,moderate,2,0.3752,28.9,Delivery point concerns for WTI contract,[np.str_('Global')],2,market_calibrated_advanced,0.76,True,True,160.0
2020-08-29 13:54:00,2020-08-29,inventory_report,EIA reports higher crude inventory of 1418M barrels,moderate,2,0.625,20.8,Weekly fundamental data point,[np.str_('Global')],1,market_calibrated_advanced,0.97,True,False,200.0
2020-08-31 01:09:09,2020-08-31,inventory_report,Floating storage levels unchanged off Middle East,moderate,2,0.679,22.2,Signal of market contango/backwardation,"[np.str_('US Gulf Coast'), np.str_('Global')]",3,market_calibrated_advanced,0.98,True,False,199.0
2020-08-31 05:25:06,2020-08-31,sanctions,Sanctions waiver negotiations for Iran oil exports,high,3,1.0,106.9,Potential for supply increase if granted,"[np.str_('Caspian Region'), np.str_('Global'), np.str_('Middle East')]",84,market_calibrated_advanced,0.84,True,False,199.0
2020-08-31 10:32:00,2020-08-31,sanctions,US imposes new sanctions on European Union oil sector,high,3,0.7,159.9,"Tightens global supply, redirects trade flows","[np.str_('Global'), np.str_('Middle East'), np.str_('Caspian Region')]",79,market_calibrated_advanced,0.91,True,True,159.0
2020-08-31 12:32:04,2020-08-31,infrastructure,Major pipeline maintenance reduces North Africa flows by 1325,low,1,0.48299999999999993,79.3,Temporary but planned supply reduction,[np.str_('North Sea')],10,market_calibrated_advanced,0.84,True,True,159.0
2020-08-31 22:38:19,2020-08-31,infrastructure,Port congestion delays 17 tankers at Houston,moderate,2,0.917,76.1,Logistical bottleneck affecting deliveries,"[np.str_('North Sea'), np.str_('Middle East')]",1,market_calibrated_advanced,0.99,True,False,199.0
2020-09-02 09:01:37,2020-09-02,inventory_report,Cushing storage levels approach operational minimum,moderate,2,0.645,54.7,Delivery point concerns for WTI contract,"[np.str_('Global'), np.str_('US Gulf Coast')]",3,market_calibrated_advanced,0.85,True,False,199.0
2020-09-02 10:25:06,2020-09-02,inventory_report,China crude inventories show lower trend,moderate,2,0.301,62.0,Indicates demand trajectory in largest importer,"[np.str_('US Gulf Coast'), np.str_('Global')]",2,market_calibrated_advanced,0.92,True,True,159.0
2020-09-03 15:37:45,2020-09-03,inventory_report,EIA reports higher crude inventory of 1986M barrels,moderate,2,0.526,47.7,Weekly fundamental data point,[np.str_('Global')],1,market_calibrated_advanced,0.96,True,False,200.0
2020-09-04 04:38:18,2020-09-04,inventory_report,EIA reports higher crude inventory of 1171M barrels,low,1,0.3276,30.0,Weekly fundamental data point,[np.str_('Global')],2,market_calibrated_advanced,0.88,False,True,160.0
2020-09-04 16:00:08,2020-09-04,inventory_report,Floating storage levels lower off North Africa,high,3,0.644,48.7,Signal of market contango/backwardation,[np.str_('Global')],4,market_calibrated_advanced,0.9,True,False,200.0
2020-09-05 01:47:32,2020-09-05,production_policy,China output disrupted by technical issues at Rumaila,critical,4,1.0,62.6,Temporary supply reduction,[np.str_('Middle East')],25,market_calibrated_advanced,0.89,True,False,200.0
2020-09-05 17:09:41,2020-09-05,inventory_report,EIA reports lower crude inventory of 203M barrels,moderate,2,0.676,46.3,Weekly fundamental data point,"[np.str_('Global'), np.str_('US Gulf Coast')]",3,market_calibrated_advanced,0.84,True,False,200.0
2020-09-05 18:05:36,2020-09-05,inventory_report,Floating storage levels higher off South China Sea,high,3,0.561,26.9,Signal of market contango/backwardation,"[np.str_('Global'), np.str_('US Gulf Coast')]",3,market_calibrated_advanced,0.86,True,False,200.0
2020-09-07 07:20:12,2020-09-07,sanctions,Secondary sanctions threatened for European Union oil traders,extreme,5,1.0,129.6,Disrupts payment systems and shipping insurance,"[np.str_('Global'), np.str_('Caspian Region')]",73,market_calibrated_advanced,0.72,False,False,200.0
2020-09-07 11:00:52,2020-09-07,geopolitical_tension,Diplomatic tensions escalate between India and China,critical,4,1.0,200.0,Risk premium increases on supply disruption fears,"[np.str_('Middle East'), np.str_('Asia Pacific')]",12,market_calibrated_advanced,0.85,True,False,200.0
2020-09-08 13:03:25,2020-09-08,sanctions,US imposes new sanctions on European Union oil sector,critical,4,1.0,323.6,"Tightens global supply, redirects trade flows","[np.str_('Caspian Region'), np.str_('Global'), np.str_('Middle East')]",31,market_calibrated_advanced,0.71,True,False,200.0
2020-09-08 16:15:34,2020-09-08,inventory_report,Floating storage levels lower off West Africa,high,3,0.506,20.8,Signal of market contango/backwardation,"[np.str_('Global'), np.str_('US Gulf Coast')]",2,market_calibrated_advanced,0.85,True,False,200.0
2020-09-08 21:33:07,2020-09-08,inventory_report,EIA reports higher crude inventory of 1542M barrels,moderate,2,0.54,77.2,Weekly fundamental data point,[np.str_('US Gulf Coast')],3,market_calibrated_advanced,0.76,True,False,200.0
2020-09-10 15:26:20,2020-09-10,trade_flow_disruption,Port restrictions impact European Union crude exports,critical,4,1.0,111.7,Physical supply bottleneck,"[np.str_('Red Sea'), np.str_('South China Sea'), np.str_('Strait of Hormuz')]",6,market_calibrated_advanced,0.82,True,False,200.0
2020-09-11 12:58:46,2020-09-11,inventory_report,Cushing storage levels approach operational minimum,high,3,0.614,50.6,Delivery point concerns for WTI contract,"[np.str_('Global'), np.str_('US Gulf Coast')]",4,market_calibrated_advanced,0.84,True,False,200.0
2020-09-11 14:17:27,2020-09-11,inventory_report,Floating storage levels lower off South China Sea,moderate,2,0.3906,57.0,Signal of market contango/backwardation,"[np.str_('US Gulf Coast'), np.str_('Global')]",2,market_calibrated_advanced,0.97,True,True,160.0
2020-09-13 16:38:46,2020-09-13,inventory_report,Floating storage levels lower off Latin America,high,3,0.531,22.5,Signal of market contango/backwardation,"[np.str_('Global'), np.str_('US Gulf Coast')]",1,market_calibrated_advanced,0.76,True,False,200.0
2020-09-15 03:19:40,2020-09-15,inventory_report,EIA reports unchanged crude inventory of 516M barrels,low,1,0.548,86.7,Weekly fundamental data point,"[np.str_('US Gulf Coast'), np.str_('Global')]",1,market_calibrated_advanced,0.98,True,False,195.0
2020-09-15 07:04:04,2020-09-15,inventory_report,China crude inventories show higher trend,moderate,2,0.3514,64.7,Indicates demand trajectory in largest importer,"[np.str_('Global'), np.str_('US Gulf Coast')]",1,market_calibrated_advanced,0.85,True,True,156.0
2020-09-16 00:16:30,2020-09-16,inventory_report,Floating storage levels higher off South China Sea,high,3,0.56,22.6,Signal of market contango/backwardation,"[np.str_('Global'), np.str_('US Gulf Coast')]",4,market_calibrated_advanced,0.8,True,False,200.0
2020-09-16 22:03:13,2020-09-16,production_policy,OPEC+ announces voluntary production cut extension,critical,4,1.0,164.8,Tightens supply outlook,"[np.str_('Global'), np.str_('Middle East')]",59,market_calibrated_advanced,0.75,True,False,200.0
2020-09-17 00:31:51,2020-09-17,infrastructure,Refinery outage reduces crude demand in North Sea,high,3,0.947,128.4,Reduces crude intake temporarily,[np.str_('North Sea')],3,market_calibrated_advanced,0.97,True,False,200.0
2020-09-17 02:49:42,2020-09-17,sanctions,OFAC issues new compliance guidance for oil transactions,high,3,1.0,157.4,Increases compliance costs and due diligence,[np.str_('Caspian Region')],66,market_calibrated_advanced,0.7,True,False,200.0
2020-09-17 17:42:17,2020-09-17,sanctions,Sanctions waiver negotiations for Nigeria oil exports,high,3,0.7,208.2,Potential for supply increase if granted,"[np.str_('Middle East'), np.str_('Global')]",85,market_calibrated_advanced,0.9,True,True,160.0
2020-09-18 13:55:17,2020-09-18,inventory_report,Floating storage levels lower off West Africa,high,3,0.555,92.4,Signal of market contango/backwardation,"[np.str_('Global'), np.str_('US Gulf Coast')]",4,market_calibrated_advanced,0.77,True,False,200.0
2020-09-19 04:50:14,2020-09-19,production_policy,OPEC+ agrees to adjust production by 1312 kb/d,critical,4,1.0,121.1,Direct impact on global supply-demand balance,"[np.str_('Middle East'), np.str_('Global')]",14,market_calibrated_advanced,0.92,True,False,200.0
2020-09-19 09:08:58,2020-09-19,infrastructure,Major pipeline maintenance reduces North Sea flows by 1678,low,1,0.5698,44.6,Temporary but planned supply reduction,[np.str_('US Gulf Coast')],12,market_calibrated_advanced,0.96,True,True,160.0
2020-09-19 10:04:56,2020-09-19,infrastructure,Major pipeline maintenance reduces Asia Pacific flows by 1146,moderate,2,0.851,76.9,Temporary but planned supply reduction,"[np.str_('North Sea'), np.str_('US Gulf Coast'), np.str_('Middle East')]",1,market_calibrated_advanced,0.98,True,False,200.0
2020-09-19 14:57:04,2020-09-19,inventory_report,EIA reports lower crude inventory of 1810M barrels,moderate,2,0.657,46.1,Weekly fundamental data point,"[np.str_('US Gulf Coast'), np.str_('Global')]",2,market_calibrated_advanced,0.71,True,False,200.0
2020-09-19 21:10:09,2020-09-19,inventory_report,Cushing storage levels approach operational minimum,high,3,0.639,86.0,Delivery point concerns for WTI contract,"[np.str_('Global'), np.str_('US Gulf Coast')]",3,market_calibrated_advanced,0.72,False,False,200.0
2020-09-21 01:08:55,2020-09-21,military_conflict,Drone attack targets Saudi Arabia oil infrastructure,critical,4,1.0,635.8,"Immediate supply risk, insurance premiums spike","[np.str_('North Africa'), np.str_('Strait of Hormuz')]",19,market_calibrated_advanced,0.9,False,False,199.0
2020-09-21 19:54:24,2020-09-21,inventory_report,EIA reports lower crude inventory of 657M barrels,low,1,0.646,35.0,Weekly fundamental data point,"[np.str_('US Gulf Coast'), np.str_('Global')]",3,market_calibrated_advanced,0.85,True,False,199.0
2020-09-21 21:15:29,2020-09-21,military_conflict,Naval incident near Malacca Strait shipping lane,extreme,5,0.7,662.9,Risk to major transit chokepoint,[np.str_('Strait of Hormuz')],4,market_calibrated_advanced,0.77,True,True,159.0
2020-09-22 16:39:37,2020-09-22,inventory_report,China crude inventories show unchanged trend,high,3,0.697,95.7,Indicates demand trajectory in largest importer,[np.str_('Global')],1,market_calibrated_advanced,0.87,True,False,200.0
2020-09-24 12:11:00,2020-09-24,military_conflict,Military escalation near West Africa oil facilities,critical,4,0.7,389.5,Threatens regional production and transit,"[np.str_('Strait of Hormuz'), np.str_('North Africa'), np.str_('Middle East')]",23,market_calibrated_advanced,0.86,True,True,159.0
2020-09-24 18:16:58,2020-09-24,military_conflict,Military escalation near Caspian Region oil facilities,critical,4,1.0,422.8,Threatens regional production and transit,"[np.str_('North Africa'), np.str_('Middle East')]",28,market_calibrated_advanced,0.79,True,False,198.0
2020-09-24 22:17:00,2020-09-24,inventory_report,EIA reports lower crude inventory of 719M barrels,low,1,0.533,71.7,Weekly fundamental data point,[np.str_('US Gulf Coast')],3,market_calibrated_advanced,0.76,False,False,198.0
2020-09-27 16:11:54,2020-09-27,military_conflict,Drone attack targets European Union oil infrastructure,critical,4,1.0,451.9,"Immediate supply risk, insurance premiums spike","[np.str_('North Africa'), np.str_('Middle East')]",21,market_calibrated_advanced,0.79,True,False,198.0
2020-09-28 20:06:32,2020-09-28,inventory_report,Cushing storage levels approach operational minimum,high,3,0.584,96.9,Delivery point concerns for WTI contract,[np.str_('US Gulf Coast')],1,market_calibrated_advanced,0.99,True,False,200.0
2020-09-28 22:17:30,2020-09-28,trade_flow_disruption,Shipping lane disruption near Strait of Hormuz,extreme,5,1.0,287.1,"Forces rerouting, increases transit times",[np.str_('South China Sea')],12,market_calibrated_advanced,0.72,True,False,200.0
2020-09-30 05:03:29,2020-09-30,inventory_report,Cushing storage levels approach operational minimum,moderate,2,0.664,43.2,Delivery point concerns for WTI contract,"[np.str_('Global'), np.str_('US Gulf Coast')]",4,market_calibrated_advanced,0.98,True,False,199.0
2020-10-01 19:55:13,2020-10-01,inventory_report,China crude inventories show lower trend,high,3,0.626,48.0,Indicates demand trajectory in largest importer,"[np.str_('US Gulf Coast'), np.str_('Global')]",1,market_calibrated_advanced,0.7,True,False,200.0
2020-10-02 15:24:31,2020-10-02,inventory_report,Cushing storage levels approach operational minimum,moderate,2,0.34719999999999995,73.9,Delivery point concerns for WTI contract,"[np.str_('Global'), np.str_('US Gulf Coast')]",2,market_calibrated_advanced,0.71,True,True,160.0
2020-10-02 18:53:07,2020-10-02,inventory_report,Cushing storage levels approach operational minimum,high,3,0.665,68.7,Delivery point concerns for WTI contract,"[np.str_('Global'), np.str_('US Gulf Coast')]",3,market_calibrated_advanced,0.92,True,False,200.0
2020-10-03 08:51:01,2020-10-03,sanctions,EU extends sanctions framework on Kuwait energy exports,high,3,0.7,93.5,Reduces available supply to European markets,[np.str_('Middle East')],64,market_calibrated_advanced,0.87,True,True,160.0
2020-10-03 17:28:38,2020-10-03,sanctions,Sanctions waiver negotiations for Libya oil exports,critical,4,1.0,269.8,Potential for supply increase if granted,[np.str_('Middle East')],59,market_calibrated_advanced,1.0,True,False,200.0
2020-10-04 04:12:00,2020-10-04,inventory_report,EIA reports unchanged crude inventory of 253M barrels,moderate,2,0.654,64.9,Weekly fundamental data point,"[np.str_('Global'), np.str_('US Gulf Coast')]",3,market_calibrated_advanced,0.86,True,False,200.0
2020-10-05 00:04:36,2020-10-05,geopolitical_tension,Diplomatic tensions escalate between Saudi Arabia and Libya,critical,4,0.928,216.5,Risk premium increases on supply disruption fears,"[np.str_('Global'), np.str_('Middle East'), np.str_('Asia Pacific')]",18,market_calibrated_advanced,0.91,True,False,200.0
2020-10-07 05:52:20,2020-10-07,inventory_report,China crude inventories show lower trend,moderate,2,0.574,92.9,Indicates demand trajectory in largest importer,"[np.str_('Global'), np.str_('US Gulf Coast')]",2,market_calibrated_advanced,0.9,False,False,196.0
2020-10-12 19:40:34,2020-10-12,trade_flow_disruption,Tanker tracking shows lower flows to UAE,high,3,1.0,180.1,Indicates trade pattern shifts,"[np.str_('Red Sea'), np.str_('Strait of Hormuz')]",8,market_calibrated_advanced,0.77,True,False,200.0
2020-10-13 03:24:47,2020-10-13,infrastructure,New pipeline capacity comes online in US Gulf Coast,moderate,2,0.991,95.7,Improves supply chain efficiency,"[np.str_('US Gulf Coast'), np.str_('North Sea')]",4,market_calibrated_advanced,0.71,True,False,200.0
2020-10-13 17:32:24,2020-10-13,military_conflict,Missile attack on USA port facility,extreme,5,1.0,992.6,Direct damage to export infrastructure,"[np.str_('North Africa'), np.str_('Strait of Hormuz'), np.str_('Middle East')]",26,market_calibrated_advanced,0.78,True,False,200.0
2020-10-14 09:47:54,2020-10-14,inventory_report,Cushing storage levels approach operational minimum,high,3,0.599,29.5,Delivery point concerns for WTI contract,[np.str_('Global')],1,market_calibrated_advanced,0.76,False,False,200.0
2020-10-14 10:06:40,2020-10-14,inventory_report,EIA reports unchanged crude inventory of 738M barrels,low,1,0.3465,41.7,Weekly fundamental data point,"[np.str_('Global'), np.str_('US Gulf Coast')]",4,market_calibrated_advanced,0.86,True,True,160.0
2020-10-17 05:10:02,2020-10-17,geopolitical_tension,Strategic reserve release coordinated by {alliance},high,3,1.0,188.4,Temporary supply increase to calm markets,[np.str_('Middle East')],19,market_calibrated_advanced,0.88,True,False,196.0
2020-10-18 14:05:32,2020-10-18,production_policy,Non-OPEC production growth revised higher,high,3,1.0,122.6,Shifts market share expectations,"[np.str_('Global'), np.str_('Middle East')]",25,market_calibrated_advanced,0.88,True,False,200.0
2020-10-18 14:55:37,2020-10-18,geopolitical_tension,Diplomatic tensions escalate between European Union and China,critical,4,1.0,233.8,Risk premium increases on supply disruption fears,"[np.str_('Global'), np.str_('Middle East')]",7,market_calibrated_advanced,0.9,True,False,200.0
2020-10-18 18:25:36,2020-10-18,geopolitical_tension,Energy security summit addresses North Sea supply concerns,moderate,2,0.5971,125.8,Coordinated response to supply risks,"[np.str_('Middle East'), np.str_('Global')]",31,market_calibrated_advanced,0.75,True,True,160.0
2020-10-19 21:07:28,2020-10-19,sanctions,EU extends sanctions framework on UAE energy exports,critical,4,1.0,341.4,Reduces available supply to European markets,"[np.str_('Global'), np.str_('Middle East')]",55,market_calibrated_advanced,0.78,True,False,200.0
2020-10-19 22:55:51,2020-10-19,sanctions,EU extends sanctions framework on Venezuela energy exports,high,3,0.7,142.3,Reduces available supply to European markets,[np.str_('Middle East')],62,market_calibrated_advanced,0.9,False,True,160.0
2020-10-23 12:27:00,2020-10-23,sanctions,Secondary sanctions threatened for Iran oil traders,extreme,5,1.0,130.2,Disrupts payment systems and shipping insurance,"[np.str_('Caspian Region'), np.str_('Global')]",65,market_calibrated_advanced,0.8,True,False,200.0
2020-10-23 22:40:21,2020-10-23,geopolitical_tension,Energy security summit addresses Caspian Region supply concerns,high,3,0.996,106.7,Coordinated response to supply risks,"[np.str_('Asia Pacific'), np.str_('Global'), np.str_('Middle East')]",38,market_calibrated_advanced,0.98,True,False,200.0
2020-10-25 03:01:25,2020-10-25,geopolitical_tension,Trade negotiations impact Global energy imports,high,3,0.988,157.0,Trade policy uncertainty affects flows,"[np.str_('Asia Pacific'), np.str_('Global')]",18,market_calibrated_advanced,0.71,True,False,200.0
2020-10-26 05:04:04,2020-10-26,military_conflict,Naval incident near Strait of Hormuz shipping lane,extreme,5,1.0,426.6,Risk to major transit chokepoint,"[np.str_('North Africa'), np.str_('Strait of Hormuz')]",22,market_calibrated_advanced,0.82,True,False,200.0
2020-10-27 03:27:17,2020-10-27,production_policy,Non-OPEC production growth revised higher,moderate,2,0.7,228.0,Shifts market share expectations,"[np.str_('Global'), np.str_('Middle East')]",32,market_calibrated_advanced,0.9,True,True,160.0
2020-10-27 09:30:05,2020-10-27,military_conflict,Naval incident near Strait of Hormuz shipping lane,extreme,5,1.0,275.8,Risk to major transit chokepoint,"[np.str_('Strait of Hormuz'), np.str_('North Africa')]",19,market_calibrated_advanced,0.76,True,False,200.0
2020-10-27 09:33:35,2020-10-27,production_policy,Non-OPEC production growth revised unchanged,high,3,1.0,247.5,Shifts market share expectations,"[np.str_('Middle East'), np.str_('Global')]",12,market_calibrated_advanced,0.93,True,False,200.0
2020-10-28 04:03:21,2020-10-28,infrastructure,Refinery outage reduces crude demand in North Sea,high,3,0.916,156.6,Reduces crude intake temporarily,"[np.str_('Middle East'), np.str_('North Sea'), np.str_('US Gulf Coast')]",2,market_calibrated_advanced,0.9,False,False,200.0
2020-10-28 11:16:47,2020-10-28,sanctions,Sanctions waiver negotiations for Saudi Arabia oil exports,critical,4,1.0,230.6,Potential for supply increase if granted,"[np.str_('Global'), np.str_('Middle East'), np.str_('Caspian Region')]",40,market_calibrated_advanced,0.79,True,False,200.0
2020-10-29 07:53:01,2020-10-29,inventory_report,EIA reports lower crude inventory of 136M barrels,low,1,0.392,44.6,Weekly fundamental data point,[np.str_('Global')],2,market_calibrated_advanced,0.94,True,True,160.0
2020-10-29 15:18:38,2020-10-29,inventory_report,EIA reports higher crude inventory of 452M barrels,moderate,2,0.618,61.7,Weekly fundamental data point,"[np.str_('Global'), np.str_('US Gulf Coast')]",2,market_calibrated_advanced,0.95,True,False,200.0
2020-10-29 20:55:30,2020-10-29,production_policy,China output disrupted by power outage at Ghawar,critical,4,1.0,231.9,Temporary supply reduction,"[np.str_('Middle East'), np.str_('Global')]",18,market_calibrated_advanced,0.8,True,False,200.0
2020-10-31 05:36:20,2020-10-31,inventory_report,EIA reports higher crude inventory of 1884M barrels,low,1,0.537,45.2,Weekly fundamental data point,"[np.str_('US Gulf Coast'), np.str_('Global')]",4,market_calibrated_advanced,0.83,True,False,199.0
2020-10-31 06:46:05,2020-10-31,geopolitical_tension,Strategic reserve release coordinated by {alliance},high,3,0.932,107.7,Temporary supply increase to calm markets,"[np.str_('Middle East'), np.str_('Asia Pacific')]",9,market_calibrated_advanced,0.87,True,False,199.0
2020-10-31 15:46:05,2020-10-31,geopolitical_tension,Trade negotiations impact Global energy imports,moderate,2,0.5551,105.5,Trade policy uncertainty affects flows,"[np.str_('Global'), np.str_('Asia Pacific'), np.str_('Middle East')]",12,market_calibrated_advanced,0.83,True,True,159.0
2020-11-02 02:22:26,2020-11-02,inventory_report,Cushing storage levels approach operational minimum,moderate,2,0.564,85.6,Delivery point concerns for WTI contract,"[np.str_('US Gulf Coast'), np.str_('Global')]",4,market_calibrated_advanced,0.97,True,False,198.0
2020-11-02 12:31:15,2020-11-02,inventory_report,EIA reports unchanged crude inventory of 583M barrels,low,1,0.2828,52.0,Weekly fundamental data point,[np.str_('Global')],1,market_calibrated_advanced,0.91,False,True,158.0
2020-11-02 18:08:47,2020-11-02,geopolitical_tension,Trade negotiations impact West Africa energy imports,moderate,2,1.0,178.5,Trade policy uncertainty affects flows,"[np.str_('Middle East'), np.str_('Global')]",40,market_calibrated_advanced,0.96,True,False,198.0
2020-11-03 18:54:12,2020-11-03,inventory_report,Floating storage levels unchanged off Asia Pacific,high,3,0.583,34.4,Signal of market contango/backwardation,"[np.str_('Global'), np.str_('US Gulf Coast')]",1,market_calibrated_advanced,0.76,True,False,200.0
2020-11-03 22:32:43,2020-11-03,inventory_report,EIA reports unchanged crude inventory of 330M barrels,low,1,0.4003999999999999,73.7,Weekly fundamental data point,[np.str_('US Gulf Coast')],2,market_calibrated_advanced,0.96,True,True,160.0
2020-11-04 19:39:16,2020-11-04,military_conflict,Drone attack targets Iraq oil infrastructure,extreme,5,1.0,535.6,"Immediate supply risk, insurance premiums spike",[np.str_('Strait of Hormuz')],10,market_calibrated_advanced,0.76,True,False,200.0
2020-11-05 04:43:47,2020-11-05,sanctions,Secondary sanctions threatened for USA oil traders,extreme,5,1.0,134.9,Disrupts payment systems and shipping insurance,[np.str_('Global')],71,market_calibrated_advanced,0.84,True,False,200.0
2020-11-06 04:08:19,2020-11-06,inventory_report,Floating storage levels higher off West Africa,moderate,2,0.3213,40.8,Signal of market contango/backwardation,"[np.str_('US Gulf Coast'), np.str_('Global')]",4,market_calibrated_advanced,0.93,True,True,160.0
2020-11-06 05:29:23,2020-11-06,infrastructure,Major pipeline maintenance reduces North Sea flows by 645,moderate,2,0.881,100.8,Temporary but planned supply reduction,"[np.str_('US Gulf Coast'), np.str_('Middle East'), np.str_('North Sea')]",11,market_calibrated_advanced,0.94,True,False,200.0
2020-11-06 19:42:42,2020-11-06,inventory_report,Cushing storage levels approach operational minimum,high,3,0.513,33.4,Delivery point concerns for WTI contract,[np.str_('US Gulf Coast')],3,market_calibrated_advanced,0.85,True,False,200.0
2020-11-07 00:42:27,2020-11-07,geopolitical_tension,Diplomatic tensions escalate between Russia and China,high,3,0.5488,177.8,Risk premium increases on supply disruption fears,"[np.str_('Global'), np.str_('Asia Pacific'), np.str_('Middle East')]",7,market_calibrated_advanced,0.95,True,True,160.0
2020-11-07 22:29:09,2020-11-07,geopolitical_tension,Trade negotiations impact US Gulf Coast energy imports,high,3,1.0,171.1,Trade policy uncertainty affects flows,[np.str_('Asia Pacific')],12,market_calibrated_advanced,0.72,True,False,200.0
2020-11-08 04:03:12,2020-11-08,infrastructure,Major pipeline maintenance reduces South China Sea flows by 210,moderate,2,0.858,133.3,Temporary but planned supply reduction,[np.str_('Middle East')],9,market_calibrated_advanced,0.79,True,False,200.0
2020-11-09 14:22:22,2020-11-09,infrastructure,Port congestion delays 18 tankers at Novorossiysk,high,3,0.976,80.7,Logistical bottleneck affecting deliveries,"[np.str_('US Gulf Coast'), np.str_('North Sea')]",2,market_calibrated_advanced,0.77,True,False,200.0
2020-11-10 01:58:27,2020-11-10,infrastructure,Major pipeline maintenance reduces Caspian Region flows by 452,moderate,2,0.867,102.0,Temporary but planned supply reduction,"[np.str_('Middle East'), np.str_('North Sea')]",10,market_calibrated_advanced,0.99,True,False,200.0
2020-11-10 02:04:02,2020-11-10,geopolitical_tension,Energy security summit addresses Global supply concerns,high,3,0.978,56.0,Coordinated response to supply risks,"[np.str_('Asia Pacific'), np.str_('Middle East')]",23,market_calibrated_advanced,0.78,True,False,200.0
2020-11-10 04:12:20,2020-11-10,inventory_report,Floating storage levels lower off Global,high,3,0.648,53.4,Signal of market contango/backwardation,[np.str_('Global')],2,market_calibrated_advanced,0.97,True,False,200.0
2020-11-10 04:33:43,2020-11-10,infrastructure,Refinery outage reduces crude demand in Middle East,high,3,0.892,69.0,Reduces crude intake temporarily,"[np.str_('US Gulf Coast'), np.str_('Middle East')]",12,market_calibrated_advanced,0.83,True,False,200.0
2020-11-10 11:50:56,2020-11-10,infrastructure,Major pipeline maintenance reduces Asia Pacific flows by 898,moderate,2,0.806,56.2,Temporary but planned supply reduction,"[np.str_('North Sea'), np.str_('US Gulf Coast')]",1,market_calibrated_advanced,0.75,True,False,200.0
2020-11-11 16:31:37,2020-11-11,inventory_report,EIA reports lower crude inventory of 1862M barrels,moderate,2,0.632,65.3,Weekly fundamental data point,"[np.str_('US Gulf Coast'), np.str_('Global')]",2,market_calibrated_advanced,0.85,True,False,200.0
2020-11-12 13:43:32,2020-11-12,military_conflict,Missile attack on Libya port facility,extreme,5,1.0,375.0,Direct damage to export infrastructure,[np.str_('Middle East')],3,market_calibrated_advanced,0.79,True,False,200.0
2020-11-12 18:11:55,2020-11-12,military_conflict,Missile attack on Nigeria port facility,extreme,5,0.7,241.4,Direct damage to export infrastructure,"[np.str_('Middle East'), np.str_('Strait of Hormuz')]",29,market_calibrated_advanced,0.98,False,True,160.0
2020-11-12 20:09:36,2020-11-12,inventory_report,Floating storage levels lower off North Sea,high,3,0.56,64.8,Signal of market contango/backwardation,"[np.str_('Global'), np.str_('US Gulf Coast')]",1,market_calibrated_advanced,0.71,True,False,200.0
2020-11-13 10:58:46,2020-11-13,inventory_report,China crude inventories show unchanged trend,high,3,0.59,75.3,Indicates demand trajectory in largest importer,"[np.str_('Global'), np.str_('US Gulf Coast')]",2,market_calibrated_advanced,0.75,True,False,200.0
2020-11-13 11:38:51,2020-11-13,trade_flow_disruption,Tanker tracking shows lower flows to Kuwait,high,3,1.0,225.5,Indicates trade pattern shifts,"[np.str_('South China Sea'), np.str_('Red Sea'), np.str_('Strait of Hormuz')]",11,market_calibrated_advanced,0.87,False,False,200.0
2020-11-14 07:55:13,2020-11-14,production_policy,European Union output disrupted by pipeline rupture at Rumaila,critical,4,1.0,187.6,Temporary supply reduction,"[np.str_('Middle East'), np.str_('Global')]",12,market_calibrated_advanced,0.73,True,False,200.0
2020-11-15 01:41:21,2020-11-15,inventory_report,EIA reports higher crude inventory of 1386M barrels,low,1,0.39619999999999994,31.7,Weekly fundamental data point,"[np.str_('US Gulf Coast'), np.str_('Global')]",1,market_calibrated_advanced,0.96,True,True,160.0
2020-11-15 14:35:56,2020-11-15,inventory_report,Floating storage levels higher off North Sea,high,3,0.645,28.6,Signal of market contango/backwardation,"[np.str_('US Gulf Coast'), np.str_('Global')]",3,market_calibrated_advanced,0.94,True,False,200.0
2020-11-16 07:27:44,2020-11-16,inventory_report,China crude inventories show lower trend,high,3,0.61,74.3,Indicates demand trajectory in largest importer,[np.str_('Global')],3,market_calibrated_advanced,0.93,True,False,200.0
2020-11-18 08:58:04,2020-11-18,production_policy,UAE output disrupted by power outage at Ghawar,critical,4,1.0,283.7,Temporary supply reduction,[np.str_('Middle East')],29,market_calibrated_advanced,0.98,True,False,200.0
2020-11-19 04:42:21,2020-11-19,inventory_report,China crude inventories show unchanged trend,high,3,0.684,88.2,Indicates demand trajectory in largest importer,"[np.str_('US Gulf Coast'), np.str_('Global')]",3,market_calibrated_advanced,0.94,True,False,200.0
2020-11-19 09:44:49,2020-11-19,geopolitical_tension,Trade negotiations impact North Sea energy imports,high,3,0.923,239.4,Trade policy uncertainty affects flows,"[np.str_('Asia Pacific'), np.str_('Middle East')]",20,market_calibrated_advanced,0.92,True,False,200.0
2020-11-19 09:47:54,2020-11-19,geopolitical_tension,Trade negotiations impact Latin America energy imports,moderate,2,0.5502,100.0,Trade policy uncertainty affects flows,"[np.str_('Middle East'), np.str_('Global'), np.str_('Asia Pacific')]",18,market_calibrated_advanced,0.81,True,True,160.0
2020-11-21 16:44:00,2020-11-21,geopolitical_tension,Strategic reserve release coordinated by {alliance},high,3,1.0,142.2,Temporary supply increase to calm markets,[np.str_('Middle East')],10,market_calibrated_advanced,0.78,True,False,198.0
2020-11-23 13:27:32,2020-11-23,sanctions,Secondary sanctions threatened for Nigeria oil traders,extreme,5,1.0,280.3,Disrupts payment systems and shipping insurance,"[np.str_('Middle East'), np.str_('Caspian Region')]",57,market_calibrated_advanced,0.94,True,False,200.0
2020-11-25 10:16:36,2020-11-25,trade_flow_disruption,Insurance premiums surge for Asia Pacific tanker transits,high,3,1.0,253.3,"Increases shipping costs, may deter voyages",[np.str_('South China Sea')],5,market_calibrated_advanced,0.94,True,False,197.0
2020-11-25 14:03:35,2020-11-25,trade_flow_disruption,Insurance premiums surge for North Africa tanker transits,high,3,0.5642,79.0,"Increases shipping costs, may deter voyages",[np.str_('Strait of Hormuz')],12,market_calibrated_advanced,0.73,True,True,158.0
2020-11-26 11:53:04,2020-11-26,sanctions,US imposes new sanctions on Iraq oil sector,critical,4,1.0,363.1,"Tightens global supply, redirects trade flows",[np.str_('Caspian Region')],24,market_calibrated_advanced,0.7,True,False,200.0
2020-12-01 17:25:07,2020-12-01,military_conflict,Missile attack on Iran port facility,extreme,5,1.0,597.3,Direct damage to export infrastructure,"[np.str_('Middle East'), np.str_('North Africa'), np.str_('Strait of Hormuz')]",7,market_calibrated_advanced,0.81,True,False,197.0
2020-12-02 05:37:02,2020-12-02,inventory_report,Cushing storage levels approach operational minimum,high,3,0.622,57.4,Delivery point concerns for WTI contract,[np.str_('US Gulf Coast')],4,market_calibrated_advanced,0.94,True,False,200.0
2020-12-04 05:39:14,2020-12-04,infrastructure,New pipeline capacity comes online in West Africa,moderate,2,0.842,143.9,Improves supply chain efficiency,"[np.str_('North Sea'), np.str_('US Gulf Coast'), np.str_('Middle East')]",1,market_calibrated_advanced,0.74,True,False,200.0
2020-12-06 20:23:23,2020-12-06,inventory_report,EIA reports unchanged crude inventory of 1022M barrels,moderate,2,0.658,86.8,Weekly fundamental data point,"[np.str_('US Gulf Coast'), np.str_('Global')]",4,market_calibrated_advanced,0.86,True,False,200.0
2020-12-09 01:15:29,2020-12-09,production_policy,OPEC+ agrees to adjust production by 1770 kb/d,high,3,1.0,80.6,Direct impact on global supply-demand balance,"[np.str_('Global'), np.str_('Middle East')]",44,market_calibrated_advanced,0.7,True,False,199.0
2020-12-09 16:30:09,2020-12-09,production_policy,Non-OPEC production growth revised unchanged,moderate,2,1.0,128.4,Shifts market share expectations,"[np.str_('Middle East'), np.str_('Global')]",55,market_calibrated_advanced,0.77,True,False,199.0
2020-12-09 21:16:47,2020-12-09,geopolitical_tension,Trade negotiations impact US Gulf Coast energy imports,moderate,2,0.954,208.3,Trade policy uncertainty affects flows,[np.str_('Global')],26,market_calibrated_advanced,0.91,True,False,199.0
2020-12-10 16:32:30,2020-12-10,infrastructure,Major pipeline maintenance reduces Latin America flows by 1243,moderate,2,0.83,131.0,Temporary but planned supply reduction,"[np.str_('Middle East'), np.str_('US Gulf Coast')]",2,market_calibrated_advanced,0.83,True,False,200.0
2020-12-14 01:22:57,2020-12-14,geopolitical_tension,Trade negotiations impact US Gulf Coast energy imports,high,3,0.964,162.1,Trade policy uncertainty affects flows,"[np.str_('Global'), np.str_('Middle East'), np.str_('Asia Pacific')]",33,market_calibrated_advanced,0.71,True,False,200.0
2020-12-14 16:16:10,2020-12-14,geopolitical_tension,Energy security summit addresses West Africa supply concerns,high,3,0.993,57.7,Coordinated response to supply risks,"[np.str_('Asia Pacific'), np.str_('Middle East')]",24,market_calibrated_advanced,0.78,True,False,200.0
2020-12-16 00:25:25,2020-12-16,geopolitical_tension,Diplomatic tensions escalate between Russia and UAE,high,3,0.912,139.6,Risk premium increases on supply disruption fears,[np.str_('Middle East')],40,market_calibrated_advanced,0.82,True,False,198.0
2020-12-18 09:55:42,2020-12-18,production_policy,Nigeria output disrupted by technical issues at Rumaila,high,3,1.0,167.3,Temporary supply reduction,[np.str_('Middle East')],19,market_calibrated_advanced,0.93,True,False,198.0
2020-12-19 02:18:13,2020-12-19,geopolitical_tension,Energy security summit addresses US Gulf Coast supply concerns,high,3,0.958,73.0,Coordinated response to supply risks,[np.str_('Global')],26,market_calibrated_advanced,0.82,True,False,200.0
2020-12-20 06:28:52,2020-12-20,infrastructure,Refinery outage reduces crude demand in Red Sea,high,3,0.961,130.8,Reduces crude intake temporarily,"[np.str_('Middle East'), np.str_('North Sea'), np.str_('US Gulf Coast')]",5,market_calibrated_advanced,0.99,True,False,200.0
2020-12-20 09:44:43,2020-12-20,inventory_report,EIA reports higher crude inventory of 1630M barrels,moderate,2,0.539,71.3,Weekly fundamental data point,[np.str_('US Gulf Coast')],3,market_calibrated_advanced,0.82,True,False,200.0
2020-12-22 18:39:03,2020-12-22,geopolitical_tension,Trade negotiations impact West Africa energy imports,high,3,0.96,116.6,Trade policy uncertainty affects flows,"[np.str_('Middle East'), np.str_('Global'), np.str_('Asia Pacific')]",40,market_calibrated_advanced,0.94,True,False,200.0
2020-12-25 15:22:42,2020-12-25,geopolitical_tension,Diplomatic tensions escalate between USA and India,critical,4,1.0,66.2,Risk premium increases on supply disruption fears,[np.str_('Middle East')],41,market_calibrated_advanced,0.89,False,False,200.0
2020-12-26 20:08:58,2020-12-26,trade_flow_disruption,Port restrictions impact Iran crude exports,critical,4,1.0,247.1,Physical supply bottleneck,"[np.str_('Red Sea'), np.str_('South China Sea'), np.str_('Strait of Hormuz')]",11,market_calibrated_advanced,0.97,True,False,200.0
2020-12-27 03:16:36,2020-12-27,sanctions,EU extends sanctions framework on UAE energy exports,critical,4,1.0,181.4,Reduces available supply to European markets,[np.str_('Middle East')],58,market_calibrated_advanced,0.98,True,False,200.0
2020-12-28 06:41:12,2020-12-28,geopolitical_tension,Strategic reserve release coordinated by {alliance},critical,4,0.927,87.4,Temporary supply increase to calm markets,"[np.str_('Middle East'), np.str_('Global')]",8,market_calibrated_advanced,0.73,True,False,200.0
2020-12-28 20:53:15,2020-12-28,geopolitical_tension,Strategic reserve release coordinated by {alliance},high,3,0.5313,172.4,Temporary supply increase to calm markets,[np.str_('Global')],23,market_calibrated_advanced,0.87,True,True,160.0
2020-12-29 08:54:50,2020-12-29,production_policy,OPEC+ agrees to adjust production by 1698 kb/d,critical,4,1.0,118.8,Direct impact on global supply-demand balance,"[np.str_('Global'), np.str_('Middle East')]",56,market_calibrated_advanced,0.99,False,False,200.0
2020-12-30 12:57:28,2020-12-30,trade_flow_disruption,Port restrictions impact Venezuela crude exports,critical,4,1.0,127.0,Physical supply bottleneck,"[np.str_('Red Sea'), np.str_('South China Sea')]",11,market_calibrated_advanced,0.92,True,False,200.0
2020-12-30 21:01:12,2020-12-30,infrastructure,Port congestion delays 22 tankers at Houston,high,3,0.946,110.1,Logistical bottleneck affecting deliveries,[np.str_('Middle East')],7,market_calibrated_advanced,0.92,True,False,200.0
2020-12-31 13:04:49,2020-12-31,geopolitical_tension,Diplomatic tensions escalate between Russia and Nigeria,high,3,0.5999,155.2,Risk premium increases on supply disruption fears,"[np.str_('Middle East'), np.str_('Global')]",15,market_calibrated_advanced,0.99,False,True,160.0
2020-12-31 14:49:47,2020-12-31,production_policy,Saudi Arabia announces voluntary production cut extension,critical,4,1.0,138.8,Tightens supply outlook,[np.str_('Global')],38,market_calibrated_advanced,0.71,True,False,200.0
2020-12-31 19:41:27,2020-12-31,geopolitical_tension,Trade negotiations impact North Africa energy imports,high,3,0.951,106.2,Trade policy uncertainty affects flows,"[np.str_('Global'), np.str_('Asia Pacific'), np.str_('Middle East')]",24,market_calibrated_advanced,0.93,True,False,200.0
2020-12-31 22:14:25,2020-12-31,production_policy,Non-OPEC production growth revised unchanged,high,3,1.0,166.8,Shifts market share expectations,[np.str_('Global')],36,market_calibrated_advanced,0.72,True,False,200.0
2021-01-01 16:41:46,2021-01-01,military_conflict,Missile attack on Kuwait port facility,extreme,5,1.0,732.1,Direct damage to export infrastructure,[np.str_('Strait of Hormuz')],8,market_calibrated_advanced,0.97,True,False,200.0
2021-01-02 07:38:07,2021-01-02,inventory_report,Floating storage levels lower off Asia Pacific,high,3,0.598,22.6,Signal of market contango/backwardation,"[np.str_('US Gulf Coast'), np.str_('Global')]",4,market_calibrated_advanced,0.71,True,False,200.0
2021-01-02 10:04:32,2021-01-02,inventory_report,Floating storage levels lower off South China Sea,moderate,2,0.35769999999999996,59.0,Signal of market contango/backwardation,"[np.str_('Global'), np.str_('US Gulf Coast')]",4,market_calibrated_advanced,0.73,True,True,160.0
2021-01-06 09:15:24,2021-01-06,production_policy,Iran announces voluntary production cut extension,high,3,1.0,140.8,Tightens supply outlook,"[np.str_('Global'), np.str_('Middle East')]",21,market_calibrated_advanced,0.71,True,False,200.0
2021-01-08 03:40:35,2021-01-08,infrastructure,Port congestion delays 11 tankers at Ras Tanura,moderate,2,0.844,143.7,Logistical bottleneck affecting deliveries,[np.str_('US Gulf Coast')],12,market_calibrated_advanced,0.89,True,False,199.0
2021-01-08 18:29:22,2021-01-08,sanctions,Sanctions waiver negotiations for Iraq oil exports,high,3,1.0,162.3,Potential for supply increase if granted,"[np.str_('Global'), np.str_('Caspian Region'), np.str_('Middle East')]",29,market_calibrated_advanced,0.78,True,False,199.0
2021-01-09 15:51:23,2021-01-09,sanctions,Sanctions waiver negotiations for Russia oil exports,critical,4,1.0,368.2,Potential for supply increase if granted,[np.str_('Middle East')],86,market_calibrated_advanced,0.83,True,False,200.0
2021-01-13 01:40:48,2021-01-13,trade_flow_disruption,Insurance premiums surge for West Africa tanker transits,high,3,1.0,186.3,"Increases shipping costs, may deter voyages",[np.str_('Red Sea')],15,market_calibrated_advanced,0.88,True,False,196.0
2021-01-13 19:22:48,2021-01-13,inventory_report,China crude inventories show unchanged trend,moderate,2,0.535,60.5,Indicates demand trajectory in largest importer,"[np.str_('US Gulf Coast'), np.str_('Global')]",2,market_calibrated_advanced,0.97,True,False,196.0
2021-01-16 11:29:27,2021-01-16,inventory_report,China crude inventories show unchanged trend,moderate,2,0.515,74.3,Indicates demand trajectory in largest importer,"[np.str_('Global'), np.str_('US Gulf Coast')]",3,market_calibrated_advanced,0.99,False,False,199.0
2021-01-19 11:30:12,2021-01-19,sanctions,OFAC issues new compliance guidance for oil transactions,moderate,2,1.0,173.5,Increases compliance costs and due diligence,"[np.str_('Caspian Region'), np.str_('Global')]",26,market_calibrated_advanced,0.99,False,False,198.0
2021-01-20 13:39:24,2021-01-20,infrastructure,New pipeline capacity comes online in Asia Pacific,moderate,2,0.981,80.8,Improves supply chain efficiency,[np.str_('North Sea')],12,market_calibrated_advanced,0.94,True,False,200.0
2021-01-20 14:43:46,2021-01-20,sanctions,EU extends sanctions framework on Saudi Arabia energy exports,critical,4,1.0,117.9,Reduces available supply to European markets,"[np.str_('Middle East'), np.str_('Global')]",39,market_calibrated_advanced,0.93,True,False,200.0
2021-01-21 08:14:43,2021-01-21,production_policy,OPEC+ agrees to adjust production by 1016 kb/d,critical,4,1.0,167.5,Direct impact on global supply-demand balance,"[np.str_('Global'), np.str_('Middle East')]",9,market_calibrated_advanced,0.89,False,False,200.0
2021-01-21 08:52:17,2021-01-21,inventory_report,Cushing storage levels approach operational minimum,high,3,0.672,91.5,Delivery point concerns for WTI contract,"[np.str_('US Gulf Coast'), np.str_('Global')]",1,market_calibrated_advanced,0.8,True,False,200.0
2021-01-22 01:21:13,2021-01-22,inventory_report,Floating storage levels lower off North Sea,high,3,0.649,87.8,Signal of market contango/backwardation,"[np.str_('Global'), np.str_('US Gulf Coast')]",4,market_calibrated_advanced,0.83,True,False,200.0
2021-01-22 12:00:51,2021-01-22,sanctions,Secondary sanctions threatened for Russia oil traders,extreme,5,1.0,391.9,Disrupts payment systems and shipping insurance,[np.str_('Middle East')],82,market_calibrated_advanced,0.72,True,False,200.0
2021-01-22 13:49:46,2021-01-22,trade_flow_disruption,Shipping lane disruption near Strait of Hormuz,critical,4,0.5488,148.6,"Forces rerouting, increases transit times",[np.str_('Strait of Hormuz')],16,market_calibrated_advanced,0.91,True,True,160.0
2021-01-22 22:50:44,2021-01-22,trade_flow_disruption,Shipping lane disruption near Suez Canal,extreme,5,1.0,124.0,"Forces rerouting, increases transit times",[np.str_('Strait of Hormuz')],9,market_calibrated_advanced,0.79,True,False,200.0
2021-01-29 19:08:00,2021-01-29,geopolitical_tension,Trade negotiations impact Strait of Hormuz energy imports,high,3,1.0,107.2,Trade policy uncertainty affects flows,"[np.str_('Middle East'), np.str_('Global'), np.str_('Asia Pacific')]",7,market_calibrated_advanced,0.96,True,False,200.0
2021-01-30 13:58:37,2021-01-30,trade_flow_disruption,Tanker tracking shows higher flows to Kuwait,high,3,1.0,285.8,Indicates trade pattern shifts,[np.str_('South China Sea')],4,market_calibrated_advanced,0.99,True,False,200.0
2021-01-31 04:34:57,2021-01-31,infrastructure,Major pipeline maintenance reduces Latin America flows by 1106,moderate,2,0.936,86.8,Temporary but planned supply reduction,[np.str_('Middle East')],9,market_calibrated_advanced,0.91,True,False,200.0
2021-02-01 03:51:17,2021-02-01,production_policy,Kuwait announces voluntary production cut extension,critical,4,1.0,291.1,Tightens supply outlook,"[np.str_('Middle East'), np.str_('Global')]",31,market_calibrated_advanced,0.7,True,False,200.0
2021-02-04 13:25:57,2021-02-04,geopolitical_tension,Strategic reserve release coordinated by {alliance},critical,4,1.0,208.9,Temporary supply increase to calm markets,[np.str_('Asia Pacific')],14,market_calibrated_advanced,0.83,True,False,200.0
2021-02-05 11:31:27,2021-02-05,production_policy,OPEC+ agrees to adjust production by 1649 kb/d,high,3,0.7,94.7,Direct impact on global supply-demand balance,"[np.str_('Global'), np.str_('Middle East')]",34,market_calibrated_advanced,0.74,False,True,160.0
2021-02-05 12:38:39,2021-02-05,production_policy,OPEC+ agrees to adjust production by 399 kb/d,critical,4,1.0,113.5,Direct impact on global supply-demand balance,[np.str_('Global')],28,market_calibrated_advanced,0.73,True,False,200.0
2021-02-06 09:09:58,2021-02-06,inventory_report,EIA reports lower crude inventory of 945M barrels,moderate,2,0.695,23.0,Weekly fundamental data point,"[np.str_('Global'), np.str_('US Gulf Coast')]",4,market_calibrated_advanced,0.81,True,False,200.0
2021-02-06 16:36:12,2021-02-06,inventory_report,Floating storage levels unchanged off South China Sea,moderate,2,0.34369999999999995,17.6,Signal of market contango/backwardation,"[np.str_('US Gulf Coast'), np.str_('Global')]",2,market_calibrated_advanced,0.71,True,True,160.0
2021-02-08 06:54:33,2021-02-08,inventory_report,EIA reports unchanged crude inventory of 1048M barrels,low,1,0.29329999999999995,59.0,Weekly fundamental data point,"[np.str_('US Gulf Coast'), np.str_('Global')]",3,market_calibrated_advanced,0.79,True,True,160.0
2021-02-08 11:34:29,2021-02-08,inventory_report,EIA reports higher crude inventory of 670M barrels,moderate,2,0.659,70.5,Weekly fundamental data point,"[np.str_('Global'), np.str_('US Gulf Coast')]",4,market_calibrated_advanced,0.79,True,False,200.0
2021-02-08 20:09:21,2021-02-08,inventory_report,Cushing storage levels approach operational minimum,high,3,0.599,45.0,Delivery point concerns for WTI contract,"[np.str_('Global'), np.str_('US Gulf Coast')]",1,market_calibrated_advanced,0.8,True,False,200.0
2021-02-09 06:06:49,2021-02-09,inventory_report,Cushing storage levels approach operational minimum,high,3,0.58,81.8,Delivery point concerns for WTI contract,"[np.str_('Global'), np.str_('US Gulf Coast')]",2,market_calibrated_advanced,0.72,True,False,200.0
2021-02-09 08:58:44,2021-02-09,military_conflict,Naval incident near Bab el-Mandeb shipping lane,extreme,5,1.0,361.4,Risk to major transit chokepoint,"[np.str_('North Africa'), np.str_('Strait of Hormuz')]",11,market_calibrated_advanced,0.77,True,False,200.0
2021-02-10 17:15:16,2021-02-10,inventory_report,Cushing storage levels approach operational minimum,high,3,0.592,29.3,Delivery point concerns for WTI contract,"[np.str_('US Gulf Coast'), np.str_('Global')]",3,market_calibrated_advanced,0.92,True,False,200.0
2021-02-13 10:54:10,2021-02-13,sanctions,US imposes new sanctions on Iraq oil sector,high,3,1.0,327.1,"Tightens global supply, redirects trade flows","[np.str_('Caspian Region'), np.str_('Global')]",27,market_calibrated_advanced,0.78,True,False,194.0
2021-02-13 19:54:02,2021-02-13,inventory_report,China crude inventories show unchanged trend,moderate,2,0.486,77.5,Indicates demand trajectory in largest importer,"[np.str_('US Gulf Coast'), np.str_('Global')]",4,market_calibrated_advanced,0.83,True,False,194.0
2021-02-15 04:18:38,2021-02-15,infrastructure,Port congestion delays 45 tankers at Houston,moderate,2,0.5537,91.6,Logistical bottleneck affecting deliveries,"[np.str_('North Sea'), np.str_('US Gulf Coast'), np.str_('Middle East')]",6,market_calibrated_advanced,0.74,True,True,159.0
2021-02-15 05:08:20,2021-02-15,infrastructure,New pipeline capacity comes online in Middle East,low,1,0.835,74.4,Improves supply chain efficiency,[np.str_('US Gulf Coast')],12,market_calibrated_advanced,0.91,True,False,199.0
2021-02-15 09:45:33,2021-02-15,sanctions,Secondary sanctions threatened for Libya oil traders,critical,4,1.0,177.5,Disrupts payment systems and shipping insurance,"[np.str_('Caspian Region'), np.str_('Global')]",80,market_calibrated_advanced,0.92,True,False,199.0
2021-02-15 19:28:31,2021-02-15,trade_flow_disruption,Tanker tracking shows lower flows to India,moderate,2,1.0,297.3,Indicates trade pattern shifts,[np.str_('Red Sea')],12,market_calibrated_advanced,0.91,False,False,199.0
2021-02-16 11:26:37,2021-02-16,inventory_report,China crude inventories show lower trend,high,3,0.538,21.3,Indicates demand trajectory in largest importer,"[np.str_('US Gulf Coast'), np.str_('Global')]",3,market_calibrated_advanced,0.78,True,False,200.0
2021-02-17 21:14:36,2021-02-17,inventory_report,Cushing storage levels approach operational minimum,high,3,0.569,68.0,Delivery point concerns for WTI contract,"[np.str_('US Gulf Coast'), np.str_('Global')]",3,market_calibrated_advanced,0.71,True,False,200.0
2021-02-18 03:20:46,2021-02-18,geopolitical_tension,Energy security summit addresses West Africa supply concerns,moderate,2,0.5816999999999999,134.7,Coordinated response to supply risks,"[np.str_('Asia Pacific'), np.str_('Middle East'), np.str_('Global')]",16,market_calibrated_advanced,0.71,True,True,160.0
2021-02-18 05:54:56,2021-02-18,geopolitical_tension,Diplomatic tensions escalate between Nigeria and Iraq,critical,4,0.994,82.3,Risk premium increases on supply disruption fears,"[np.str_('Middle East'), np.str_('Global')]",35,market_calibrated_advanced,0.82,True,False,200.0
2021-02-18 13:55:08,2021-02-18,production_policy,Russia announces voluntary production cut extension,critical,4,1.0,250.8,Tightens supply outlook,"[np.str_('Middle East'), np.str_('Global')]",51,market_calibrated_advanced,0.82,True,False,200.0
2021-02-19 09:39:37,2021-02-19,infrastructure,New pipeline capacity comes online in North Africa,moderate,2,0.887,53.5,Improves supply chain efficiency,"[np.str_('North Sea'), np.str_('US Gulf Coast')]",6,market_calibrated_advanced,0.76,True,False,200.0
2021-02-19 14:13:18,2021-02-19,infrastructure,Refinery outage reduces crude demand in Red Sea,moderate,2,0.5207999999999999,39.6,Reduces crude intake temporarily,[np.str_('US Gulf Coast')],9,market_calibrated_advanced,0.81,True,True,160.0
2021-02-19 14:17:19,2021-02-19,trade_flow_disruption,Shipping lane disruption near Suez Canal,extreme,5,1.0,96.8,"Forces rerouting, increases transit times",[np.str_('South China Sea')],15,market_calibrated_advanced,0.93,True,False,200.0
2021-02-19 16:33:40,2021-02-19,infrastructure,Major pipeline maintenance reduces Red Sea flows by 724,moderate,2,0.862,146.0,Temporary but planned supply reduction,"[np.str_('Middle East'), np.str_('US Gulf Coast'), np.str_('North Sea')]",12,market_calibrated_advanced,0.96,False,False,200.0
2021-02-20 22:57:44,2021-02-20,inventory_report,EIA reports unchanged crude inventory of 1908M barrels,moderate,2,0.667,43.5,Weekly fundamental data point,"[np.str_('US Gulf Coast'), np.str_('Global')]",4,market_calibrated_advanced,0.78,True,False,200.0
2021-02-21 06:19:17,2021-02-21,geopolitical_tension,Trade negotiations impact Caspian Region energy imports,moderate,2,0.5831,71.3,Trade policy uncertainty affects flows,"[np.str_('Global'), np.str_('Middle East')]",19,market_calibrated_advanced,0.97,True,True,160.0
2021-02-21 11:26:12,2021-02-21,geopolitical_tension,Trade negotiations impact Middle East energy imports,high,3,1.0,120.0,Trade policy uncertainty affects flows,[np.str_('Global')],18,market_calibrated_advanced,0.78,True,False,200.0
2021-02-21 13:05:37,2021-02-21,infrastructure,Refinery outage reduces crude demand in Global,high,3,0.804,90.3,Reduces crude intake temporarily,"[np.str_('North Sea'), np.str_('US Gulf Coast'), np.str_('Middle East')]",1,market_calibrated_advanced,0.97,True,False,200.0
2021-02-23 07:22:14,2021-02-23,geopolitical_tension,Diplomatic tensions escalate between UAE and OPEC+,high,3,0.91,125.9,Risk premium increases on supply disruption fears,"[np.str_('Middle East'), np.str_('Global'), np.str_('Asia Pacific')]",31,market_calibrated_advanced,0.8,False,False,197.0
2021-02-23 16:39:01,2021-02-23,production_policy,Non-OPEC production growth revised unchanged,moderate,2,1.0,179.7,Shifts market share expectations,"[np.str_('Global'), np.str_('Middle East')]",55,market_calibrated_advanced,0.77,False,False,197.0
2021-02-23 17:25:07,2021-02-23,production_policy,Saudi Arabia announces voluntary production cut extension,high,3,1.0,94.3,Tightens supply outlook,"[np.str_('Middle East'), np.str_('Global')]",40,market_calibrated_advanced,0.96,True,False,197.0
2021-02-24 11:51:17,2021-02-24,production_policy,China announces voluntary production cut extension,critical,4,1.0,143.9,Tightens supply outlook,"[np.str_('Middle East'), np.str_('Global')]",50,market_calibrated_advanced,0.79,True,False,200.0
2021-02-24 16:44:23,2021-02-24,inventory_report,Floating storage levels lower off Caspian Region,high,3,0.67,70.4,Signal of market contango/backwardation,"[np.str_('Global'), np.str_('US Gulf Coast')]",3,market_calibrated_advanced,0.81,True,False,200.0
2021-02-24 21:22:51,2021-02-24,production_policy,Iraq announces voluntary production cut extension,high,3,0.6971999999999999,140.4,Tightens supply outlook,"[np.str_('Middle East'), np.str_('Global')]",29,market_calibrated_advanced,0.91,True,True,160.0
2021-02-26 02:44:06,2021-02-26,sanctions,US imposes new sanctions on Russia oil sector,critical,4,1.0,366.1,"Tightens global supply, redirects trade flows","[np.str_('Global'), np.str_('Caspian Region'), np.str_('Middle East')]",81,market_calibrated_advanced,0.75,True,False,200.0
2021-02-26 03:34:33,2021-02-26,geopolitical_tension,Diplomatic tensions escalate between Venezuela and USA,critical,4,0.945,121.4,Risk premium increases on supply disruption fears,"[np.str_('Asia Pacific'), np.str_('Global')]",31,market_calibrated_advanced,0.98,True,False,200.0
2021-02-26 08:27:57,2021-02-26,sanctions,Sanctions waiver negotiations for Iraq oil exports,high,3,0.7,235.5,Potential for supply increase if granted,[np.str_('Caspian Region')],31,market_calibrated_advanced,0.91,True,True,160.0
2021-02-26 21:21:31,2021-02-26,inventory_report,EIA reports unchanged crude inventory of 996M barrels,moderate,2,0.609,24.3,Weekly fundamental data point,"[np.str_('US Gulf Coast'), np.str_('Global')]",2,market_calibrated_advanced,0.75,True,False,200.0
2021-02-26 22:36:48,2021-02-26,inventory_report,China crude inventories show unchanged trend,high,3,0.501,94.5,Indicates demand trajectory in largest importer,"[np.str_('Global'), np.str_('US Gulf Coast')]",2,market_calibrated_advanced,0.85,True,False,200.0
2021-02-27 03:06:09,2021-02-27,production_policy,Russia announces voluntary production cut extension,critical,4,1.0,276.3,Tightens supply outlook,[np.str_('Middle East')],53,market_calibrated_advanced,0.83,True,False,200.0
2021-02-27 08:18:28,2021-02-27,infrastructure,Refinery outage reduces crude demand in North Africa,high,3,0.968,84.9,Reduces crude intake temporarily,"[np.str_('US Gulf Coast'), np.str_('Middle East'), np.str_('North Sea')]",10,market_calibrated_advanced,0.94,True,False,200.0
2021-02-27 17:51:53,2021-02-27,infrastructure,New pipeline capacity comes online in Middle East,low,1,0.4606,115.5,Improves supply chain efficiency,"[np.str_('US Gulf Coast'), np.str_('Middle East')]",3,market_calibrated_advanced,0.97,True,True,160.0
2021-02-28 01:26:12,2021-02-28,geopolitical_tension,Diplomatic tensions escalate between Russia and China,critical,4,1.0,191.8,Risk premium increases on supply disruption fears,"[np.str_('Middle East'), np.str_('Asia Pacific'), np.str_('Global')]",40,market_calibrated_advanced,0.98,True,False,200.0
2021-02-28 03:23:30,2021-02-28,geopolitical_tension,Strategic reserve release coordinated by {alliance},high,3,0.6166999999999999,70.2,Temporary supply increase to calm markets,"[np.str_('Asia Pacific'), np.str_('Middle East')]",43,market_calibrated_advanced,0.93,True,True,160.0
2021-03-01 15:01:28,2021-03-01,trade_flow_disruption,Port restrictions impact China crude exports,critical,4,1.0,272.8,Physical supply bottleneck,[np.str_('South China Sea')],6,market_calibrated_advanced,0.99,True,False,200.0
2021-03-02 00:56:16,2021-03-02,military_conflict,Drone attack targets Kuwait oil infrastructure,extreme,5,1.0,234.9,"Immediate supply risk, insurance premiums spike","[np.str_('Middle East'), np.str_('Strait of Hormuz')]",18,market_calibrated_advanced,0.75,True,False,200.0
2021-03-02 01:35:34,2021-03-02,trade_flow_disruption,Shipping lane disruption near Malacca Strait,extreme,5,1.0,172.3,"Forces rerouting, increases transit times","[np.str_('Strait of Hormuz'), np.str_('South China Sea')]",19,market_calibrated_advanced,0.82,True,False,200.0
2021-03-02 15:36:11,2021-03-02,inventory_report,Cushing storage levels approach operational minimum,high,3,0.554,95.8,Delivery point concerns for WTI contract,"[np.str_('US Gulf Coast'), np.str_('Global')]",4,market_calibrated_advanced,0.78,True,False,200.0
2021-03-03 03:12:17,2021-03-03,trade_flow_disruption,Tanker tracking shows lower flows to Kuwait,high,3,1.0,90.5,Indicates trade pattern shifts,"[np.str_('Red Sea'), np.str_('Strait of Hormuz')]",15,market_calibrated_advanced,0.93,True,False,200.0
2021-03-04 00:43:31,2021-03-04,inventory_report,Floating storage levels unchanged off Middle East,moderate,2,0.38780000000000003,53.1,Signal of market contango/backwardation,"[np.str_('US Gulf Coast'), np.str_('Global')]",3,market_calibrated_advanced,0.9,True,True,160.0
2021-03-04 11:22:12,2021-03-04,inventory_report,Floating storage levels higher off West Africa,high,3,0.504,20.7,Signal of market contango/backwardation,[np.str_('US Gulf Coast')],1,market_calibrated_advanced,0.91,True,False,200.0
2021-03-04 15:17:53,2021-03-04,sanctions,Sanctions waiver negotiations for Venezuela oil exports,critical,4,1.0,112.8,Potential for supply increase if granted,"[np.str_('Global'), np.str_('Middle East')]",61,market_calibrated_advanced,0.86,False,False,200.0
2021-03-05 07:56:20,2021-03-05,production_policy,OPEC+ agrees to adjust production by 1043 kb/d,critical,4,1.0,72.4,Direct impact on global supply-demand balance,[np.str_('Middle East')],37,market_calibrated_advanced,0.83,True,False,200.0
2021-03-06 01:31:12,2021-03-06,geopolitical_tension,Strategic reserve release coordinated by {alliance},critical,4,1.0,191.5,Temporary supply increase to calm markets,"[np.str_('Middle East'), np.str_('Global'), np.str_('Asia Pacific')]",37,market_calibrated_advanced,0.89,True,False,200.0
2021-03-06 07:50:19,2021-03-06,geopolitical_tension,Strategic reserve release coordinated by {alliance},critical,4,1.0,195.7,Temporary supply increase to calm markets,"[np.str_('Global'), np.str_('Asia Pacific'), np.str_('Middle East')]",19,market_calibrated_advanced,0.98,True,False,200.0
2021-03-07 03:00:53,2021-03-07,sanctions,US imposes new sanctions on Libya oil sector,critical,4,1.0,135.9,"Tightens global supply, redirects trade flows","[np.str_('Global'), np.str_('Caspian Region'), np.str_('Middle East')]",48,market_calibrated_advanced,0.72,True,False,200.0
2021-03-07 04:36:26,2021-03-07,inventory_report,Floating storage levels unchanged off West Africa,moderate,2,0.2842,19.2,Signal of market contango/backwardation,[np.str_('US Gulf Coast')],3,market_calibrated_advanced,0.97,True,True,160.0
2021-03-07 13:11:28,2021-03-07,geopolitical_tension,Energy security summit addresses Global supply concerns,high,3,1.0,172.6,Coordinated response to supply risks,"[np.str_('Asia Pacific'), np.str_('Middle East'), np.str_('Global')]",25,market_calibrated_advanced,0.88,True,False,200.0
2021-03-07 16:13:55,2021-03-07,geopolitical_tension,Diplomatic tensions escalate between European Union and OPEC+,high,3,0.63,71.1,Risk premium increases on supply disruption fears,"[np.str_('Asia Pacific'), np.str_('Global'), np.str_('Middle East')]",12,market_calibrated_advanced,0.92,True,True,160.0
2021-03-07 19:19:38,2021-03-07,inventory_report,China crude inventories show higher trend,high,3,0.537,83.4,Indicates demand trajectory in largest importer,"[np.str_('Global'), np.str_('US Gulf Coast')]",1,market_calibrated_advanced,0.8,True,False,200.0
2021-03-08 07:53:20,2021-03-08,inventory_report,China crude inventories show higher trend,high,3,0.532,88.8,Indicates demand trajectory in largest importer,"[np.str_('US Gulf Coast'), np.str_('Global')]",1,market_calibrated_advanced,0.92,True,False,200.0
2021-03-08 19:38:02,2021-03-08,inventory_report,China crude inventories show higher trend,moderate,2,0.27999999999999997,26.0,Indicates demand trajectory in largest importer,[np.str_('Global')],1,market_calibrated_advanced,0.73,True,True,160.0
2021-03-09 01:31:30,2021-03-09,inventory_report,EIA reports unchanged crude inventory of 1139M barrels,moderate,2,0.515,86.9,Weekly fundamental data point,"[np.str_('Global'), np.str_('US Gulf Coast')]",3,market_calibrated_advanced,0.78,True,False,200.0
2021-03-09 13:02:45,2021-03-09,inventory_report,Floating storage levels higher off West Africa,moderate,2,0.3423,72.1,Signal of market contango/backwardation,"[np.str_('US Gulf Coast'), np.str_('Global')]",4,market_calibrated_advanced,1.0,True,True,160.0
2021-03-10 18:50:48,2021-03-10,infrastructure,Port congestion delays 39 tankers at Basra,high,3,0.902,133.5,Logistical bottleneck affecting deliveries,"[np.str_('US Gulf Coast'), np.str_('North Sea'), np.str_('Middle East')]",2,market_calibrated_advanced,0.87,True,False,200.0
2021-03-15 06:46:38,2021-03-15,inventory_report,EIA reports higher crude inventory of 1283M barrels,moderate,2,0.542,56.3,Weekly fundamental data point,"[np.str_('US Gulf Coast'), np.str_('Global')]",2,market_calibrated_advanced,0.79,False,False,200.0
2021-03-15 07:32:58,2021-03-15,production_policy,Non-OPEC production growth revised higher,high,3,1.0,199.0,Shifts market share expectations,"[np.str_('Global'), np.str_('Middle East')]",44,market_calibrated_advanced,0.93,True,False,200.0
2021-03-15 21:10:05,2021-03-15,production_policy,Libya output disrupted by power outage at Burgan,critical,4,1.0,256.8,Temporary supply reduction,"[np.str_('Global'), np.str_('Middle East')]",27,market_calibrated_advanced,0.99,True,False,200.0
2021-03-17 04:48:02,2021-03-17,trade_flow_disruption,Insurance premiums surge for Asia Pacific tanker transits,critical,4,1.0,154.1,"Increases shipping costs, may deter voyages",[np.str_('Red Sea')],3,market_calibrated_advanced,0.95,False,False,200.0
2021-03-18 07:16:54,2021-03-18,geopolitical_tension,Trade negotiations impact Asia Pacific energy imports,high,3,1.0,72.3,Trade policy uncertainty affects flows,[np.str_('Asia Pacific')],27,market_calibrated_advanced,0.97,True,False,200.0
2021-03-22 08:20:30,2021-03-22,trade_flow_disruption,Tanker tracking shows higher flows to Iraq,moderate,2,1.0,83.6,Indicates trade pattern shifts,"[np.str_('South China Sea'), np.str_('Strait of Hormuz')]",13,market_calibrated_advanced,0.94,True,False,199.0
2021-03-22 20:44:29,2021-03-22,geopolitical_tension,Trade negotiations impact Caspian Region energy imports,moderate,2,1.0,57.9,Trade policy uncertainty affects flows,[np.str_('Global')],36,market_calibrated_advanced,0.87,True,False,199.0
2021-03-23 14:16:26,2021-03-23,infrastructure,New pipeline capacity comes online in Middle East,moderate,2,0.953,60.9,Improves supply chain efficiency,"[np.str_('US Gulf Coast'), np.str_('North Sea'), np.str_('Middle East')]",2,market_calibrated_advanced,0.81,True,False,200.0
2021-03-24 22:14:17,2021-03-24,infrastructure,Major pipeline maintenance reduces US Gulf Coast flows by 1702,moderate,2,0.803,134.8,Temporary but planned supply reduction,"[np.str_('Middle East'), np.str_('North Sea'), np.str_('US Gulf Coast')]",9,market_calibrated_advanced,0.7,True,False,200.0
2021-03-26 08:44:39,2021-03-26,inventory_report,EIA reports lower crude inventory of 1835M barrels,moderate,2,0.595,82.7,Weekly fundamental data point,[np.str_('Global')],3,market_calibrated_advanced,0.82,True,False,200.0
2021-03-26 17:54:10,2021-03-26,infrastructure,Refinery outage reduces crude demand in Middle East,high,3,0.868,112.7,Reduces crude intake temporarily,"[np.str_('Middle East'), np.str_('US Gulf Coast'), np.str_('North Sea')]",1,market_calibrated_advanced,0.8,True,False,200.0
2021-03-27 04:18:42,2021-03-27,infrastructure,Refinery outage reduces crude demand in Middle East,moderate,2,0.4704,76.3,Reduces crude intake temporarily,[np.str_('North Sea')],7,market_calibrated_advanced,0.78,True,True,160.0
2021-03-27 10:48:24,2021-03-27,infrastructure,Port congestion delays 32 tankers at Ras Tanura,high,3,0.818,56.4,Logistical bottleneck affecting deliveries,[np.str_('US Gulf Coast')],10,market_calibrated_advanced,0.81,True,False,200.0
2021-03-28 19:52:09,2021-03-28,inventory_report,Floating storage levels unchanged off Caspian Region,high,3,0.636,86.6,Signal of market contango/backwardation,"[np.str_('US Gulf Coast'), np.str_('Global')]",1,market_calibrated_advanced,0.99,True,False,200.0
2021-03-29 17:31:58,2021-03-29,production_policy,USA output disrupted by technical issues at Khurais,critical,4,1.0,198.4,Temporary supply reduction,"[np.str_('Global'), np.str_('Middle East')]",26,market_calibrated_advanced,0.84,True,False,200.0
2021-03-29 19:22:24,2021-03-29,production_policy,Non-OPEC production growth revised unchanged,moderate,2,0.7,201.1,Shifts market share expectations,"[np.str_('Global'), np.str_('Middle East')]",36,market_calibrated_advanced,0.79,True,True,160.0
2021-03-30 19:24:52,2021-03-30,inventory_report,China crude inventories show lower trend,high,3,0.601,87.2,Indicates demand trajectory in largest importer,"[np.str_('US Gulf Coast'), np.str_('Global')]",2,market_calibrated_advanced,0.92,True,False,200.0
2021-04-01 05:29:25,2021-04-01,military_conflict,Missile attack on OPEC+ port facility,extreme,5,0.7,413.6,Direct damage to export infrastructure,[np.str_('North Africa')],7,market_calibrated_advanced,0.9,True,True,160.0
2021-04-01 22:29:20,2021-04-01,military_conflict,Missile attack on Iraq port facility,extreme,5,1.0,540.2,Direct damage to export infrastructure,"[np.str_('North Africa'), np.str_('Middle East')]",17,market_calibrated_advanced,0.76,True,False,200.0
2021-04-02 16:07:07,2021-04-02,infrastructure,Port congestion delays 9 tankers at Houston,high,3,0.877,77.6,Logistical bottleneck affecting deliveries,"[np.str_('North Sea'), np.str_('Middle East'), np.str_('US Gulf Coast')]",3,market_calibrated_advanced,0.81,False,False,200.0
2021-04-03 18:02:37,2021-04-03,inventory_report,EIA reports lower crude inventory of 1180M barrels,moderate,2,0.643,90.5,Weekly fundamental data point,"[np.str_('Global'), np.str_('US Gulf Coast')]",4,market_calibrated_advanced,0.84,True,False,200.0
2021-04-04 03:53:08,2021-04-04,infrastructure,Port congestion delays 24 tankers at Basra,high,3,0.965,100.7,Logistical bottleneck affecting deliveries,[np.str_('North Sea')],6,market_calibrated_advanced,0.72,True,False,200.0
2021-04-05 19:30:17,2021-04-05,trade_flow_disruption,Port restrictions impact UAE crude exports,critical,4,1.0,142.9,Physical supply bottleneck,"[np.str_('Red Sea'), np.str_('South China Sea'), np.str_('Strait of Hormuz')]",5,market_calibrated_advanced,0.85,True,False,200.0
2021-04-06 13:34:47,2021-04-06,geopolitical_tension,Trade negotiations impact North Sea energy imports,high,3,0.921,54.4,Trade policy uncertainty affects flows,"[np.str_('Middle East'), np.str_('Global'), np.str_('Asia Pacific')]",19,market_calibrated_advanced,0.78,True,False,200.0
2021-04-07 07:32:09,2021-04-07,infrastructure,Major pipeline maintenance reduces Asia Pacific flows by 1494,moderate,2,0.944,106.1,Temporary but planned supply reduction,"[np.str_('Middle East'), np.str_('US Gulf Coast'), np.str_('North Sea')]",2,market_calibrated_advanced,0.75,True,False,200.0
2021-04-09 00:51:34,2021-04-09,production_policy,Non-OPEC production growth revised unchanged,moderate,2,0.7,141.7,Shifts market share expectations,[np.str_('Middle East')],11,market_calibrated_advanced,0.95,True,True,160.0
2021-04-09 18:01:50,2021-04-09,production_policy,OPEC+ agrees to adjust production by 443 kb/d,critical,4,1.0,236.2,Direct impact on global supply-demand balance,"[np.str_('Middle East'), np.str_('Global')]",8,market_calibrated_advanced,0.99,False,False,200.0
2021-04-10 00:39:16,2021-04-10,inventory_report,EIA reports unchanged crude inventory of 496M barrels,moderate,2,0.535,83.3,Weekly fundamental data point,"[np.str_('Global'), np.str_('US Gulf Coast')]",1,market_calibrated_advanced,0.93,True,False,200.0
2021-04-10 12:30:43,2021-04-10,trade_flow_disruption,Port restrictions impact China crude exports,high,3,0.6769,85.6,Physical supply bottleneck,"[np.str_('Strait of Hormuz'), np.str_('South China Sea'), np.str_('Red Sea')]",5,market_calibrated_advanced,0.99,True,True,160.0
2021-04-10 14:51:48,2021-04-10,trade_flow_disruption,Tanker tracking shows unchanged flows to Russia,high,3,1.0,129.0,Indicates trade pattern shifts,"[np.str_('Strait of Hormuz'), np.str_('South China Sea'), np.str_('Red Sea')]",8,market_calibrated_advanced,0.88,True,False,200.0
2021-04-10 21:46:20,2021-04-10,infrastructure,Port congestion delays 46 tankers at Novorossiysk,high,3,0.965,102.1,Logistical bottleneck affecting deliveries,"[np.str_('North Sea'), np.str_('Middle East'), np.str_('US Gulf Coast')]",4,market_calibrated_advanced,0.82,True,False,200.0
2021-04-11 16:54:17,2021-04-11,infrastructure,New pipeline capacity comes online in Middle East,moderate,2,0.856,152.0,Improves supply chain efficiency,[np.str_('North Sea')],6,market_calibrated_advanced,0.93,True,False,200.0
2021-04-11 19:11:16,2021-04-11,inventory_report,China crude inventories show unchanged trend,high,3,0.633,77.0,Indicates demand trajectory in largest importer,"[np.str_('US Gulf Coast'), np.str_('Global')]",3,market_calibrated_advanced,0.79,True,False,200.0
2021-04-12 08:43:38,2021-04-12,inventory_report,China crude inventories show lower trend,high,3,0.521,59.5,Indicates demand trajectory in largest importer,[np.str_('US Gulf Coast')],1,market_calibrated_advanced,0.94,True,False,200.0
2021-04-13 11:14:43,2021-04-13,inventory_report,Floating storage levels higher off Latin America,moderate,2,0.3444,19.6,Signal of market contango/backwardation,"[np.str_('Global'), np.str_('US Gulf Coast')]",1,market_calibrated_advanced,0.91,True,True,160.0
2021-04-13 16:24:45,2021-04-13,inventory_report,China crude inventories show unchanged trend,high,3,0.511,60.5,Indicates demand trajectory in largest importer,"[np.str_('Global'), np.str_('US Gulf Coast')]",4,market_calibrated_advanced,0.87,False,False,200.0
2021-04-14 06:46:48,2021-04-14,inventory_report,Cushing storage levels approach operational minimum,high,3,0.7,20.3,Delivery point concerns for WTI contract,[np.str_('US Gulf Coast')],1,market_calibrated_advanced,0.96,True,False,200.0
2021-04-15 03:29:12,2021-04-15,trade_flow_disruption,Port restrictions impact European Union crude exports,critical,4,1.0,106.5,Physical supply bottleneck,[np.str_('Red Sea')],14,market_calibrated_advanced,0.93,True,False,200.0
2021-04-15 17:57:33,2021-04-15,trade_flow_disruption,Port restrictions impact China crude exports,high,3,0.6825,159.8,Physical supply bottleneck,"[np.str_('South China Sea'), np.str_('Strait of Hormuz'), np.str_('Red Sea')]",3,market_calibrated_advanced,0.81,True,True,160.0
2021-04-15 21:13:34,2021-04-15,geopolitical_tension,Strategic reserve release coordinated by {alliance},critical,4,0.919,224.2,Temporary supply increase to calm markets,[np.str_('Asia Pacific')],37,market_calibrated_advanced,0.91,True,False,200.0
2021-04-16 13:02:49,2021-04-16,inventory_report,Cushing storage levels approach operational minimum,high,3,0.631,87.1,Delivery point concerns for WTI contract,"[np.str_('US Gulf Coast'), np.str_('Global')]",1,market_calibrated_advanced,0.82,True,False,200.0
2021-04-16 16:23:57,2021-04-16,inventory_report,Floating storage levels higher off US Gulf Coast,moderate,2,0.28909999999999997,25.9,Signal of market contango/backwardation,"[np.str_('US Gulf Coast'), np.str_('Global')]",4,market_calibrated_advanced,0.78,True,True,160.0
2021-04-16 21:25:18,2021-04-16,inventory_report,China crude inventories show unchanged trend,high,3,0.535,86.8,Indicates demand trajectory in largest importer,"[np.str_('US Gulf Coast'), np.str_('Global')]",4,market_calibrated_advanced,0.71,True,False,200.0
2021-04-17 05:34:50,2021-04-17,production_policy,OPEC+ output disrupted by technical issues at Rumaila,critical,4,1.0,72.5,Temporary supply reduction,[np.str_('Global')],13,market_calibrated_advanced,0.71,False,False,200.0
2021-04-17 14:08:46,2021-04-17,production_policy,OPEC+ announces voluntary production cut extension,critical,4,1.0,199.6,Tightens supply outlook,"[np.str_('Global'), np.str_('Middle East')]",23,market_calibrated_advanced,0.75,True,False,200.0
2021-04-19 05:00:24,2021-04-19,inventory_report,EIA reports lower crude inventory of 1326M barrels,low,1,0.3094,20.1,Weekly fundamental data point,"[np.str_('US Gulf Coast'), np.str_('Global')]",4,market_calibrated_advanced,0.75,True,True,158.0
2021-04-19 05:09:53,2021-04-19,sanctions,OFAC issues new compliance guidance for oil transactions,moderate,2,1.0,379.4,Increases compliance costs and due diligence,"[np.str_('Middle East'), np.str_('Caspian Region')]",20,market_calibrated_advanced,0.91,True,False,198.0
2021-04-19 12:04:43,2021-04-19,inventory_report,Cushing storage levels approach operational minimum,moderate,2,0.632,61.9,Delivery point concerns for WTI contract,"[np.str_('US Gulf Coast'), np.str_('Global')]",2,market_calibrated_advanced,0.71,True,False,198.0
2021-04-20 09:33:39,2021-04-20,trade_flow_disruption,Port restrictions impact Russia crude exports,high,3,0.6258,96.1,Physical supply bottleneck,[np.str_('South China Sea')],19,market_calibrated_advanced,0.99,True,True,160.0
2021-04-20 16:15:27,2021-04-20,trade_flow_disruption,Tanker tracking shows unchanged flows to USA,high,3,1.0,105.5,Indicates trade pattern shifts,"[np.str_('Strait of Hormuz'), np.str_('South China Sea')]",10,market_calibrated_advanced,0.97,True,False,200.0
2021-04-21 08:46:23,2021-04-21,inventory_report,Cushing storage levels approach operational minimum,moderate,2,0.3661,53.2,Delivery point concerns for WTI contract,"[np.str_('Global'), np.str_('US Gulf Coast')]",3,market_calibrated_advanced,0.8,True,True,160.0
2021-04-21 22:37:49,2021-04-21,inventory_report,Floating storage levels lower off Asia Pacific,high,3,0.524,41.8,Signal of market contango/backwardation,"[np.str_('US Gulf Coast'), np.str_('Global')]",4,market_calibrated_advanced,0.71,True,False,200.0
2021-04-22 09:56:24,2021-04-22,inventory_report,China crude inventories show higher trend,high,3,0.649,55.6,Indicates demand trajectory in largest importer,"[np.str_('US Gulf Coast'), np.str_('Global')]",4,market_calibrated_advanced,0.96,True,False,200.0
2021-04-22 18:01:08,2021-04-22,inventory_report,Floating storage levels higher off US Gulf Coast,moderate,2,0.34159999999999996,75.3,Signal of market contango/backwardation,[np.str_('Global')],3,market_calibrated_advanced,0.92,True,True,160.0
2021-04-22 21:07:14,2021-04-22,inventory_report,Cushing storage levels approach operational minimum,high,3,0.568,65.7,Delivery point concerns for WTI contract,"[np.str_('Global'), np.str_('US Gulf Coast')]",1,market_calibrated_advanced,0.85,True,False,200.0
2021-04-23 20:51:16,2021-04-23,geopolitical_tension,Diplomatic tensions escalate between Iran and OPEC+,critical,4,1.0,236.8,Risk premium increases on supply disruption fears,"[np.str_('Asia Pacific'), np.str_('Middle East'), np.str_('Global')]",35,market_calibrated_advanced,0.71,True,False,200.0
2021-04-24 04:48:33,2021-04-24,geopolitical_tension,Diplomatic tensions escalate between Libya and Russia,critical,4,1.0,147.4,Risk premium increases on supply disruption fears,"[np.str_('Global'), np.str_('Asia Pacific')]",22,market_calibrated_advanced,0.85,True,False,200.0
2021-04-24 17:39:38,2021-04-24,inventory_report,Floating storage levels higher off Middle East,high,3,0.535,25.1,Signal of market contango/backwardation,"[np.str_('US Gulf Coast'), np.str_('Global')]",1,market_calibrated_advanced,1.0,True,False,200.0
2021-04-25 02:17:41,2021-04-25,inventory_report,EIA reports lower crude inventory of 1936M barrels,moderate,2,0.612,36.3,Weekly fundamental data point,"[np.str_('Global'), np.str_('US Gulf Coast')]",1,market_calibrated_advanced,0.93,True,False,200.0
2021-04-25 20:46:12,2021-04-25,infrastructure,Major pipeline maintenance reduces Middle East flows by 1893,moderate,2,0.99,109.2,Temporary but planned supply reduction,[np.str_('Middle East')],12,market_calibrated_advanced,0.91,True,False,200.0
2021-04-26 05:13:02,2021-04-26,trade_flow_disruption,Shipping lane disruption near Bab el-Mandeb,extreme,5,1.0,66.4,"Forces rerouting, increases transit times",[np.str_('South China Sea')],18,market_calibrated_advanced,0.78,True,False,200.0
2021-04-26 13:20:46,2021-04-26,infrastructure,Refinery outage reduces crude demand in Middle East,high,3,0.813,118.7,Reduces crude intake temporarily,[np.str_('US Gulf Coast')],8,market_calibrated_advanced,0.83,False,False,200.0
2021-04-27 05:47:09,2021-04-27,infrastructure,New pipeline capacity comes online in West Africa,moderate,2,0.946,26.5,Improves supply chain efficiency,[np.str_('US Gulf Coast')],13,market_calibrated_advanced,0.74,True,False,200.0
2021-04-27 06:49:57,2021-04-27,infrastructure,Refinery outage reduces crude demand in Red Sea,moderate,2,0.44589999999999996,118.5,Reduces crude intake temporarily,"[np.str_('US Gulf Coast'), np.str_('Middle East')]",9,market_calibrated_advanced,0.72,True,True,160.0
2021-04-27 15:50:54,2021-04-27,inventory_report,EIA reports lower crude inventory of 1898M barrels,low,1,0.3696,36.2,Weekly fundamental data point,"[np.str_('Global'), np.str_('US Gulf Coast')]",3,market_calibrated_advanced,0.9,True,True,160.0
2021-04-27 22:36:31,2021-04-27,inventory_report,China crude inventories show lower trend,high,3,0.688,92.0,Indicates demand trajectory in largest importer,[np.str_('Global')],4,market_calibrated_advanced,0.73,True,False,200.0
2021-04-27 22:40:39,2021-04-27,sanctions,EU extends sanctions framework on Libya energy exports,critical,4,1.0,233.6,Reduces available supply to European markets,"[np.str_('Global'), np.str_('Middle East')]",82,market_calibrated_advanced,0.9,True,False,200.0
2021-04-28 19:53:05,2021-04-28,infrastructure,New pipeline capacity comes online in Latin America,moderate,2,0.989,43.8,Improves supply chain efficiency,"[np.str_('North Sea'), np.str_('Middle East'), np.str_('US Gulf Coast')]",11,market_calibrated_advanced,0.72,True,False,200.0
2021-04-28 20:11:27,2021-04-28,inventory_report,EIA reports unchanged crude inventory of 755M barrels,moderate,2,0.53,50.3,Weekly fundamental data point,[np.str_('US Gulf Coast')],1,market_calibrated_advanced,1.0,True,False,200.0
2021-04-28 21:20:30,2021-04-28,inventory_report,China crude inventories show unchanged trend,moderate,2,0.3339,35.1,Indicates demand trajectory in largest importer,"[np.str_('US Gulf Coast'), np.str_('Global')]",4,market_calibrated_advanced,0.86,True,True,160.0
2021-04-30 12:13:08,2021-04-30,infrastructure,Major pipeline maintenance reduces Strait of Hormuz flows by 1621,low,1,0.5572,111.9,Temporary but planned supply reduction,"[np.str_('Middle East'), np.str_('US Gulf Coast')]",3,market_calibrated_advanced,0.91,False,True,159.0
2021-04-30 16:53:44,2021-04-30,infrastructure,Major pipeline maintenance reduces Asia Pacific flows by 768,low,1,0.796,97.9,Temporary but planned supply reduction,"[np.str_('US Gulf Coast'), np.str_('Middle East')]",4,market_calibrated_advanced,0.86,True,False,199.0
2021-05-01 04:27:32,2021-05-01,geopolitical_tension,Diplomatic tensions escalate between Russia and India,critical,4,1.0,73.7,Risk premium increases on supply disruption fears,"[np.str_('Asia Pacific'), np.str_('Global'), np.str_('Middle East')]",15,market_calibrated_advanced,0.93,True,False,200.0
2021-05-01 17:26:17,2021-05-01,inventory_report,Cushing storage levels approach operational minimum,high,3,0.583,32.1,Delivery point concerns for WTI contract,"[np.str_('Global'), np.str_('US Gulf Coast')]",4,market_calibrated_advanced,0.92,True,False,200.0
2021-05-01 21:03:10,2021-05-01,inventory_report,Floating storage levels higher off Strait of Hormuz,moderate,2,0.3374,42.7,Signal of market contango/backwardation,"[np.str_('US Gulf Coast'), np.str_('Global')]",3,market_calibrated_advanced,0.74,True,True,160.0
2021-05-02 07:47:02,2021-05-02,inventory_report,EIA reports lower crude inventory of 664M barrels,moderate,2,0.502,22.9,Weekly fundamental data point,"[np.str_('US Gulf Coast'), np.str_('Global')]",2,market_calibrated_advanced,0.95,True,False,200.0
2021-05-02 09:30:43,2021-05-02,infrastructure,Port congestion delays 5 tankers at Rotterdam,high,3,0.859,127.6,Logistical bottleneck affecting deliveries,[np.str_('Middle East')],9,market_calibrated_advanced,0.96,True,False,200.0
2021-05-02 09:30:49,2021-05-02,sanctions,OFAC issues new compliance guidance for oil transactions,high,3,1.0,358.2,Increases compliance costs and due diligence,[np.str_('Middle East')],74,market_calibrated_advanced,0.85,True,False,200.0
2021-05-02 11:00:26,2021-05-02,production_policy,OPEC+ agrees to adjust production by 624 kb/d,critical,4,1.0,177.6,Direct impact on global supply-demand balance,"[np.str_('Global'), np.str_('Middle East')]",49,market_calibrated_advanced,0.82,True,False,200.0
2021-05-02 22:35:30,2021-05-02,inventory_report,Floating storage levels unchanged off North Sea,high,3,0.598,72.2,Signal of market contango/backwardation,"[np.str_('US Gulf Coast'), np.str_('Global')]",1,market_calibrated_advanced,0.87,True,False,200.0
2021-05-03 07:14:12,2021-05-03,geopolitical_tension,Strategic reserve release coordinated by {alliance},critical,4,1.0,206.6,Temporary supply increase to calm markets,"[np.str_('Asia Pacific'), np.str_('Global')]",5,market_calibrated_advanced,0.82,False,False,200.0
2021-05-03 22:58:40,2021-05-03,geopolitical_tension,Strategic reserve release coordinated by {alliance},critical,4,0.985,66.2,Temporary supply increase to calm markets,[np.str_('Global')],37,market_calibrated_advanced,0.86,True,False,200.0
2021-05-04 02:40:04,2021-05-04,inventory_report,China crude inventories show unchanged trend,high,3,0.684,22.9,Indicates demand trajectory in largest importer,[np.str_('US Gulf Coast')],2,market_calibrated_advanced,0.81,True,False,200.0
2021-05-04 05:13:57,2021-05-04,inventory_report,Cushing storage levels approach operational minimum,moderate,2,0.27299999999999996,31.8,Delivery point concerns for WTI contract,[np.str_('Global')],3,market_calibrated_advanced,0.91,True,True,160.0
2021-05-04 22:10:47,2021-05-04,geopolitical_tension,Energy security summit addresses Middle East supply concerns,high,3,0.908,43.6,Coordinated response to supply risks,"[np.str_('Asia Pacific'), np.str_('Middle East'), np.str_('Global')]",22,market_calibrated_advanced,0.73,True,False,200.0
2021-05-05 15:42:30,2021-05-05,infrastructure,Major pipeline maintenance reduces North Africa flows by 1923,moderate,2,0.856,33.1,Temporary but planned supply reduction,"[np.str_('North Sea'), np.str_('Middle East'), np.str_('US Gulf Coast')]",3,market_calibrated_advanced,0.91,False,False,200.0
2021-05-06 03:17:40,2021-05-06,production_policy,Iran output disrupted by pipeline rupture at Rumaila,critical,4,1.0,291.3,Temporary supply reduction,"[np.str_('Middle East'), np.str_('Global')]",57,market_calibrated_advanced,0.88,True,False,200.0
2021-05-06 12:02:52,2021-05-06,production_policy,Non-OPEC production growth revised lower,moderate,2,0.6719999999999999,124.2,Shifts market share expectations,"[np.str_('Global'), np.str_('Middle East')]",34,market_calibrated_advanced,0.78,False,True,160.0
2021-05-07 02:27:32,2021-05-07,sanctions,EU extends sanctions framework on UAE energy exports,high,3,0.7,276.7,Reduces available supply to European markets,[np.str_('Caspian Region')],17,market_calibrated_advanced,0.97,True,True,160.0
2021-05-07 14:41:00,2021-05-07,sanctions,Secondary sanctions threatened for China oil traders,extreme,5,1.0,246.1,Disrupts payment systems and shipping insurance,[np.str_('Global')],52,market_calibrated_advanced,0.76,True,False,200.0
2021-05-08 21:57:49,2021-05-08,geopolitical_tension,Trade negotiations impact Latin America energy imports,high,3,0.953,106.1,Trade policy uncertainty affects flows,"[np.str_('Middle East'), np.str_('Asia Pacific'), np.str_('Global')]",23,market_calibrated_advanced,0.79,True,False,200.0
2021-05-10 03:21:16,2021-05-10,inventory_report,EIA reports unchanged crude inventory of 188M barrels,low,1,0.2905,25.0,Weekly fundamental data point,[np.str_('US Gulf Coast')],2,market_calibrated_advanced,0.83,True,True,160.0
2021-05-10 03:23:53,2021-05-10,inventory_report,Cushing storage levels approach operational minimum,high,3,0.657,43.7,Delivery point concerns for WTI contract,[np.str_('US Gulf Coast')],2,market_calibrated_advanced,0.8,True,False,200.0
2021-05-10 15:39:43,2021-05-10,infrastructure,New pipeline capacity comes online in Middle East,moderate,2,0.891,124.7,Improves supply chain efficiency,"[np.str_('Middle East'), np.str_('North Sea'), np.str_('US Gulf Coast')]",3,market_calibrated_advanced,0.99,True,False,200.0
2021-05-13 10:56:09,2021-05-13,inventory_report,Cushing storage levels approach operational minimum,high,3,0.633,76.0,Delivery point concerns for WTI contract,[np.str_('US Gulf Coast')],1,market_calibrated_advanced,0.93,False,False,200.0
2021-05-14 02:42:34,2021-05-14,geopolitical_tension,Energy security summit addresses North Sea supply concerns,high,3,1.0,198.5,Coordinated response to supply risks,[np.str_('Asia Pacific')],16,market_calibrated_advanced,0.92,True,False,200.0
2021-05-14 08:43:18,2021-05-14,inventory_report,China crude inventories show unchanged trend,high,3,0.547,48.4,Indicates demand trajectory in largest importer,"[np.str_('Global'), np.str_('US Gulf Coast')]",2,market_calibrated_advanced,0.74,True,False,200.0
2021-05-15 01:53:46,2021-05-15,infrastructure,Refinery outage reduces crude demand in Latin America,high,3,0.908,92.5,Reduces crude intake temporarily,"[np.str_('US Gulf Coast'), np.str_('Middle East'), np.str_('North Sea')]",9,market_calibrated_advanced,0.74,True,False,200.0
2021-05-15 11:50:46,2021-05-15,trade_flow_disruption,Insurance premiums surge for Caspian Region tanker transits,critical,4,1.0,83.4,"Increases shipping costs, may deter voyages","[np.str_('Strait of Hormuz'), np.str_('South China Sea')]",10,market_calibrated_advanced,0.95,False,False,200.0
2021-05-15 21:12:11,2021-05-15,trade_flow_disruption,Port restrictions impact Iran crude exports,high,3,0.6124999999999999,207.2,Physical supply bottleneck,[np.str_('South China Sea')],9,market_calibrated_advanced,0.76,True,True,160.0
2021-05-16 13:31:50,2021-05-16,production_policy,OPEC+ agrees to adjust production by 1103 kb/d,critical,4,1.0,196.9,Direct impact on global supply-demand balance,"[np.str_('Global'), np.str_('Middle East')]",54,market_calibrated_advanced,0.7,True,False,200.0
2021-05-18 01:35:46,2021-05-18,geopolitical_tension,Trade negotiations impact West Africa energy imports,moderate,2,0.5495,83.3,Trade policy uncertainty affects flows,"[np.str_('Asia Pacific'), np.str_('Global'), np.str_('Middle East')]",40,market_calibrated_advanced,0.94,False,True,159.0
2021-05-18 17:20:43,2021-05-18,geopolitical_tension,Diplomatic tensions escalate between Iraq and Venezuela,high,3,1.0,229.9,Risk premium increases on supply disruption fears,"[np.str_('Global'), np.str_('Middle East'), np.str_('Asia Pacific')]",5,market_calibrated_advanced,0.94,True,False,198.0
2021-05-19 12:01:50,2021-05-19,inventory_report,Floating storage levels higher off Global,high,3,0.671,26.1,Signal of market contango/backwardation,"[np.str_('US Gulf Coast'), np.str_('Global')]",3,market_calibrated_advanced,0.85,True,False,200.0
2021-05-20 07:12:51,2021-05-20,production_policy,Iran announces voluntary production cut extension,critical,4,1.0,133.0,Tightens supply outlook,"[np.str_('Middle East'), np.str_('Global')]",54,market_calibrated_advanced,0.89,True,False,200.0
2021-05-25 13:17:21,2021-05-25,trade_flow_disruption,Port restrictions impact Saudi Arabia crude exports,high,3,1.0,280.1,Physical supply bottleneck,"[np.str_('Red Sea'), np.str_('South China Sea')]",10,market_calibrated_advanced,0.96,True,False,193.0
2021-05-26 04:14:31,2021-05-26,production_policy,China announces voluntary production cut extension,critical,4,1.0,298.4,Tightens supply outlook,[np.str_('Middle East')],27,market_calibrated_advanced,0.81,False,False,200.0
2021-05-26 17:51:01,2021-05-26,infrastructure,Major pipeline maintenance reduces Middle East flows by 788,moderate,2,0.894,143.9,Temporary but planned supply reduction,"[np.str_('North Sea'), np.str_('Middle East')]",4,market_calibrated_advanced,0.84,True,False,200.0
2021-05-26 18:29:35,2021-05-26,infrastructure,Major pipeline maintenance reduces Asia Pacific flows by 958,moderate,2,0.842,66.0,Temporary but planned supply reduction,"[np.str_('North Sea'), np.str_('Middle East')]",7,market_calibrated_advanced,0.72,True,False,200.0
2021-05-26 20:06:16,2021-05-26,inventory_report,China crude inventories show unchanged trend,high,3,0.575,57.5,Indicates demand trajectory in largest importer,"[np.str_('Global'), np.str_('US Gulf Coast')]",4,market_calibrated_advanced,0.93,True,False,200.0
2021-05-27 00:33:44,2021-05-27,infrastructure,Refinery outage reduces crude demand in US Gulf Coast,high,3,0.837,59.9,Reduces crude intake temporarily,"[np.str_('US Gulf Coast'), np.str_('Middle East'), np.str_('North Sea')]",9,market_calibrated_advanced,0.82,True,False,200.0
2021-05-28 19:51:44,2021-05-28,infrastructure,Refinery outage reduces crude demand in Caspian Region,moderate,2,0.49349999999999994,73.2,Reduces crude intake temporarily,"[np.str_('Middle East'), np.str_('North Sea')]",11,market_calibrated_advanced,0.97,True,True,160.0
2021-05-28 20:00:28,2021-05-28,infrastructure,Major pipeline maintenance reduces Asia Pacific flows by 1902,moderate,2,0.918,32.6,Temporary but planned supply reduction,"[np.str_('North Sea'), np.str_('US Gulf Coast')]",8,market_calibrated_advanced,0.78,False,False,200.0
2021-05-28 21:13:10,2021-05-28,infrastructure,Port congestion delays 31 tankers at Ras Tanura,high,3,0.877,127.2,Logistical bottleneck affecting deliveries,"[np.str_('Middle East'), np.str_('North Sea')]",7,market_calibrated_advanced,0.96,False,False,200.0
2021-05-30 04:31:15,2021-05-30,geopolitical_tension,Trade negotiations impact Latin America energy imports,high,3,1.0,146.4,Trade policy uncertainty affects flows,"[np.str_('Global'), np.str_('Middle East')]",13,market_calibrated_advanced,0.84,True,False,200.0
2021-05-31 01:17:41,2021-05-31,sanctions,US imposes new sanctions on Venezuela oil sector,critical,4,1.0,181.6,"Tightens global supply, redirects trade flows",[np.str_('Caspian Region')],42,market_calibrated_advanced,0.75,False,False,200.0
2021-05-31 03:26:55,2021-05-31,sanctions,EU extends sanctions framework on Venezuela energy exports,high,3,0.7,108.0,Reduces available supply to European markets,"[np.str_('Middle East'), np.str_('Caspian Region'), np.str_('Global')]",16,market_calibrated_advanced,0.76,True,True,160.0
2021-06-01 13:47:16,2021-06-01,production_policy,USA announces voluntary production cut extension,critical,4,1.0,155.8,Tightens supply outlook,"[np.str_('Middle East'), np.str_('Global')]",38,market_calibrated_advanced,0.94,True,False,200.0
2021-06-02 09:03:43,2021-06-02,inventory_report,EIA reports higher crude inventory of 1300M barrels,moderate,2,0.608,21.5,Weekly fundamental data point,"[np.str_('Global'), np.str_('US Gulf Coast')]",3,market_calibrated_advanced,0.97,True,False,200.0
2021-06-03 00:11:21,2021-06-03,inventory_report,Floating storage levels higher off North Africa,high,3,0.632,78.9,Signal of market contango/backwardation,"[np.str_('Global'), np.str_('US Gulf Coast')]",1,market_calibrated_advanced,0.73,True,False,200.0
2021-06-03 15:30:44,2021-06-03,geopolitical_tension,Diplomatic tensions escalate between European Union and Kuwait,critical,4,0.905,154.1,Risk premium increases on supply disruption fears,"[np.str_('Middle East'), np.str_('Global')]",6,market_calibrated_advanced,0.96,True,False,200.0
2021-06-05 03:27:56,2021-06-05,military_conflict,Military escalation near Caspian Region oil facilities,critical,4,1.0,244.9,Threatens regional production and transit,[np.str_('Strait of Hormuz')],14,market_calibrated_advanced,0.82,True,False,196.0
2021-06-05 19:06:47,2021-06-05,inventory_report,Cushing storage levels approach operational minimum,moderate,2,0.623,40.8,Delivery point concerns for WTI contract,"[np.str_('Global'), np.str_('US Gulf Coast')]",1,market_calibrated_advanced,0.94,True,False,196.0
2021-06-09 19:31:08,2021-06-09,infrastructure,New pipeline capacity comes online in Strait of Hormuz,moderate,2,0.919,68.2,Improves supply chain efficiency,[np.str_('US Gulf Coast')],13,market_calibrated_advanced,0.72,True,False,200.0
2021-06-10 00:52:16,2021-06-10,inventory_report,Floating storage levels lower off Caspian Region,high,3,0.555,64.1,Signal of market contango/backwardation,[np.str_('Global')],4,market_calibrated_advanced,0.85,True,False,200.0
2021-06-10 03:22:20,2021-06-10,trade_flow_disruption,Port restrictions impact Kuwait crude exports,high,3,0.5635,114.2,Physical supply bottleneck,"[np.str_('Red Sea'), np.str_('South China Sea'), np.str_('Strait of Hormuz')]",8,market_calibrated_advanced,0.95,True,True,160.0
2021-06-10 12:02:29,2021-06-10,trade_flow_disruption,Shipping lane disruption near Suez Canal,extreme,5,1.0,64.4,"Forces rerouting, increases transit times",[np.str_('Red Sea')],6,market_calibrated_advanced,0.81,True,False,200.0
2021-06-12 10:03:32,2021-06-12,military_conflict,Drone attack targets USA oil infrastructure,critical,4,1.0,465.6,"Immediate supply risk, insurance premiums spike",[np.str_('North Africa')],17,market_calibrated_advanced,0.97,True,False,195.0
2021-06-14 13:46:55,2021-06-14,production_policy,Non-OPEC production growth revised higher,moderate,2,1.0,295.3,Shifts market share expectations,"[np.str_('Global'), np.str_('Middle East')]",35,market_calibrated_advanced,0.98,True,False,199.0
2021-06-14 18:01:54,2021-06-14,trade_flow_disruption,Tanker tracking shows higher flows to Venezuela,moderate,2,1.0,279.6,Indicates trade pattern shifts,"[np.str_('South China Sea'), np.str_('Red Sea'), np.str_('Strait of Hormuz')]",13,market_calibrated_advanced,0.89,True,False,199.0
2021-06-15 07:23:19,2021-06-15,trade_flow_disruption,Port restrictions impact China crude exports,critical,4,1.0,144.4,Physical supply bottleneck,"[np.str_('Strait of Hormuz'), np.str_('South China Sea')]",18,market_calibrated_advanced,0.87,True,False,200.0
2021-06-15 17:23:57,2021-06-15,inventory_report,Cushing storage levels approach operational minimum,high,3,0.506,56.1,Delivery point concerns for WTI contract,[np.str_('Global')],4,market_calibrated_advanced,0.89,True,False,200.0
2021-06-17 02:43:45,2021-06-17,production_policy,Non-OPEC production growth revised unchanged,high,3,1.0,267.9,Shifts market share expectations,"[np.str_('Global'), np.str_('Middle East')]",40,market_calibrated_advanced,0.95,True,False,200.0
2021-06-18 05:50:56,2021-06-18,trade_flow_disruption,Shipping lane disruption near Strait of Hormuz,extreme,5,1.0,167.8,"Forces rerouting, increases transit times","[np.str_('Strait of Hormuz'), np.str_('Red Sea'), np.str_('South China Sea')]",6,market_calibrated_advanced,0.99,True,False,200.0
2021-06-18 13:10:01,2021-06-18,inventory_report,China crude inventories show unchanged trend,high,3,0.6,91.8,Indicates demand trajectory in largest importer,[np.str_('US Gulf Coast')],2,market_calibrated_advanced,0.74,True,False,200.0
2021-06-18 18:11:40,2021-06-18,inventory_report,Floating storage levels higher off US Gulf Coast,moderate,2,0.40599999999999997,61.4,Signal of market contango/backwardation,"[np.str_('Global'), np.str_('US Gulf Coast')]",3,market_calibrated_advanced,0.82,True,True,160.0
2021-06-20 05:46:15,2021-06-20,inventory_report,Floating storage levels lower off West Africa,moderate,2,0.667,34.3,Signal of market contango/backwardation,[np.str_('Global')],1,market_calibrated_advanced,0.82,True,False,196.0
2021-06-20 06:42:30,2021-06-20,geopolitical_tension,Energy security summit addresses Asia Pacific supply concerns,moderate,2,0.946,200.9,Coordinated response to supply risks,"[np.str_('Middle East'), np.str_('Asia Pacific'), np.str_('Global')]",33,market_calibrated_advanced,0.94,True,False,196.0
2021-06-20 11:08:14,2021-06-20,geopolitical_tension,Diplomatic tensions escalate between India and Saudi Arabia,high,3,0.49629999999999996,178.1,Risk premium increases on supply disruption fears,"[np.str_('Global'), np.str_('Asia Pacific'), np.str_('Middle East')]",13,market_calibrated_advanced,0.99,True,True,157.0
2021-06-21 08:25:02,2021-06-21,production_policy,Venezuela output disrupted by weather at Burgan,critical,4,1.0,184.1,Temporary supply reduction,"[np.str_('Global'), np.str_('Middle East')]",42,market_calibrated_advanced,0.95,True,False,200.0
2021-06-23 03:58:41,2021-06-23,geopolitical_tension,Diplomatic tensions escalate between Iran and Libya,critical,4,0.993,105.1,Risk premium increases on supply disruption fears,[np.str_('Middle East')],18,market_calibrated_advanced,0.75,True,False,200.0
2021-06-23 17:01:15,2021-06-23,production_policy,OPEC+ agrees to adjust production by 1031 kb/d,critical,4,1.0,211.9,Direct impact on global supply-demand balance,[np.str_('Middle East')],35,market_calibrated_advanced,0.76,True,False,200.0
2021-06-23 18:09:14,2021-06-23,production_policy,Non-OPEC production growth revised higher,high,3,1.0,189.5,Shifts market share expectations,[np.str_('Middle East')],58,market_calibrated_advanced,0.77,True,False,200.0
2021-06-23 18:17:48,2021-06-23,production_policy,Saudi Arabia output disrupted by power outage at Ghawar,high,3,0.7,52.2,Temporary supply reduction,"[np.str_('Middle East'), np.str_('Global')]",12,market_calibrated_advanced,0.75,True,True,160.0
2021-06-24 14:05:04,2021-06-24,infrastructure,New pipeline capacity comes online in Asia Pacific,moderate,2,0.985,75.8,Improves supply chain efficiency,[np.str_('North Sea')],3,market_calibrated_advanced,0.89,True,False,200.0
2021-06-25 16:55:28,2021-06-25,production_policy,OPEC+ agrees to adjust production by 1785 kb/d,critical,4,1.0,200.3,Direct impact on global supply-demand balance,"[np.str_('Middle East'), np.str_('Global')]",59,market_calibrated_advanced,0.98,True,False,200.0
2021-06-27 03:19:27,2021-06-27,geopolitical_tension,Trade negotiations impact Caspian Region energy imports,moderate,2,0.5236,190.2,Trade policy uncertainty affects flows,[np.str_('Global')],44,market_calibrated_advanced,0.79,True,True,160.0
2021-06-27 12:38:51,2021-06-27,production_policy,Iraq output disrupted by weather at Rumaila,critical,4,1.0,143.4,Temporary supply reduction,"[np.str_('Global'), np.str_('Middle East')]",18,market_calibrated_advanced,0.88,False,False,200.0
2021-06-27 12:40:11,2021-06-27,trade_flow_disruption,Insurance premiums surge for Latin America tanker transits,critical,4,1.0,249.8,"Increases shipping costs, may deter voyages",[np.str_('South China Sea')],10,market_calibrated_advanced,0.73,True,False,200.0
2021-06-27 14:30:44,2021-06-27,trade_flow_disruption,Tanker tracking shows lower flows to Nigeria,moderate,2,0.6657,62.8,Indicates trade pattern shifts,"[np.str_('Red Sea'), np.str_('Strait of Hormuz'), np.str_('South China Sea')]",15,market_calibrated_advanced,0.77,False,True,160.0
2021-06-27 19:44:47,2021-06-27,geopolitical_tension,Diplomatic tensions escalate between USA and Iran,critical,4,1.0,118.4,Risk premium increases on supply disruption fears,"[np.str_('Middle East'), np.str_('Global')]",38,market_calibrated_advanced,0.98,False,False,200.0
2021-06-28 05:31:22,2021-06-28,trade_flow_disruption,Insurance premiums surge for Latin America tanker transits,critical,4,1.0,178.7,"Increases shipping costs, may deter voyages",[np.str_('Red Sea')],17,market_calibrated_advanced,0.9,True,False,200.0
2021-06-28 10:48:37,2021-06-28,production_policy,European Union output disrupted by power outage at Ghawar,critical,4,1.0,151.0,Temporary supply reduction,"[np.str_('Global'), np.str_('Middle East')]",34,market_calibrated_advanced,0.94,True,False,200.0
2021-06-28 18:14:32,2021-06-28,inventory_report,Cushing storage levels approach operational minimum,high,3,0.51,79.5,Delivery point concerns for WTI contract,[np.str_('US Gulf Coast')],2,market_calibrated_advanced,0.94,True,False,200.0
2021-06-28 21:47:35,2021-06-28,inventory_report,Cushing storage levels approach operational minimum,high,3,0.642,62.2,Delivery point concerns for WTI contract,"[np.str_('US Gulf Coast'), np.str_('Global')]",1,market_calibrated_advanced,1.0,True,False,200.0
2021-06-28 22:35:32,2021-06-28,trade_flow_disruption,Tanker tracking shows higher flows to India,moderate,2,0.6384,200.6,Indicates trade pattern shifts,[np.str_('South China Sea')],4,market_calibrated_advanced,0.88,False,True,160.0
2021-06-29 05:40:28,2021-06-29,inventory_report,Floating storage levels higher off North Africa,high,3,0.66,41.2,Signal of market contango/backwardation,"[np.str_('Global'), np.str_('US Gulf Coast')]",2,market_calibrated_advanced,0.86,True,False,200.0
2021-06-30 02:00:04,2021-06-30,geopolitical_tension,Trade negotiations impact Caspian Region energy imports,moderate,2,0.6153,78.2,Trade policy uncertainty affects flows,"[np.str_('Middle East'), np.str_('Global'), np.str_('Asia Pacific')]",5,market_calibrated_advanced,0.92,True,True,160.0
2021-06-30 09:06:58,2021-06-30,trade_flow_disruption,Shipping lane disruption near Strait of Hormuz,extreme,5,1.0,130.1,"Forces rerouting, increases transit times","[np.str_('Red Sea'), np.str_('Strait of Hormuz'), np.str_('South China Sea')]",12,market_calibrated_advanced,0.76,True,False,200.0
2021-06-30 13:30:27,2021-06-30,geopolitical_tension,Diplomatic tensions escalate between Kuwait and Nigeria,critical,4,1.0,215.2,Risk premium increases on supply disruption fears,"[np.str_('Global'), np.str_('Middle East')]",40,market_calibrated_advanced,0.82,True,False,200.0
2021-07-01 16:02:33,2021-07-01,production_policy,India output disrupted by weather at Burgan,critical,4,1.0,201.7,Temporary supply reduction,"[np.str_('Middle East'), np.str_('Global')]",18,market_calibrated_advanced,0.79,True,False,200.0
2021-07-03 13:42:40,2021-07-03,sanctions,OFAC issues new compliance guidance for oil transactions,moderate,2,1.0,361.8,Increases compliance costs and due diligence,"[np.str_('Caspian Region'), np.str_('Global'), np.str_('Middle East')]",85,market_calibrated_advanced,0.82,True,False,198.0
2021-07-04 02:18:45,2021-07-04,inventory_report,Cushing storage levels approach operational minimum,high,3,0.622,31.7,Delivery point concerns for WTI contract,"[np.str_('US Gulf Coast'), np.str_('Global')]",1,market_calibrated_advanced,0.9,True,False,200.0
2021-07-04 22:57:14,2021-07-04,inventory_report,Floating storage levels higher off North Sea,moderate,2,0.3633,38.3,Signal of market contango/backwardation,[np.str_('Global')],2,market_calibrated_advanced,0.97,True,True,160.0
2021-07-05 12:03:09,2021-07-05,inventory_report,Cushing storage levels approach operational minimum,moderate,2,0.3171,57.6,Delivery point concerns for WTI contract,[np.str_('Global')],4,market_calibrated_advanced,0.74,True,True,160.0
2021-07-05 16:32:21,2021-07-05,inventory_report,China crude inventories show higher trend,high,3,0.587,29.0,Indicates demand trajectory in largest importer,"[np.str_('US Gulf Coast'), np.str_('Global')]",3,market_calibrated_advanced,0.98,False,False,200.0
2021-07-05 19:57:58,2021-07-05,production_policy,India output disrupted by pipeline rupture at Rumaila,critical,4,1.0,235.9,Temporary supply reduction,[np.str_('Global')],38,market_calibrated_advanced,0.88,True,False,200.0
2021-07-06 05:43:49,2021-07-06,infrastructure,Major pipeline maintenance reduces Red Sea flows by 1487,low,1,0.476,127.5,Temporary but planned supply reduction,[np.str_('US Gulf Coast')],7,market_calibrated_advanced,0.8,True,True,160.0
2021-07-06 12:13:32,2021-07-06,infrastructure,Major pipeline maintenance reduces South China Sea flows by 749,moderate,2,0.893,104.6,Temporary but planned supply reduction,"[np.str_('North Sea'), np.str_('US Gulf Coast')]",2,market_calibrated_advanced,0.97,True,False,200.0
2021-07-08 06:55:35,2021-07-08,trade_flow_disruption,Insurance premiums surge for North Sea tanker transits,high,3,0.5795999999999999,231.5,"Increases shipping costs, may deter voyages","[np.str_('Red Sea'), np.str_('South China Sea')]",3,market_calibrated_advanced,0.79,True,True,160.0
2021-07-08 09:25:17,2021-07-08,trade_flow_disruption,Shipping lane disruption near Bab el-Mandeb,critical,4,1.0,176.5,"Forces rerouting, increases transit times","[np.str_('South China Sea'), np.str_('Strait of Hormuz')]",6,market_calibrated_advanced,0.74,True,False,200.0
2021-07-09 20:19:56,2021-07-09,production_policy,OPEC+ agrees to adjust production by 1068 kb/d,critical,4,1.0,69.4,Direct impact on global supply-demand balance,"[np.str_('Global'), np.str_('Middle East')]",47,market_calibrated_advanced,0.92,True,False,200.0
2021-07-10 16:36:22,2021-07-10,inventory_report,Floating storage levels lower off Latin America,high,3,0.507,52.2,Signal of market contango/backwardation,[np.str_('Global')],1,market_calibrated_advanced,0.92,True,False,200.0
2021-07-10 17:27:27,2021-07-10,sanctions,Sanctions waiver negotiations for UAE oil exports,critical,4,1.0,134.7,Potential for supply increase if granted,"[np.str_('Middle East'), np.str_('Global')]",61,market_calibrated_advanced,0.78,True,False,200.0
2021-07-11 04:30:52,2021-07-11,geopolitical_tension,Strategic reserve release coordinated by {alliance},critical,4,1.0,183.4,Temporary supply increase to calm markets,"[np.str_('Middle East'), np.str_('Global'), np.str_('Asia Pacific')]",6,market_calibrated_advanced,0.86,True,False,200.0
2021-07-11 05:38:01,2021-07-11,geopolitical_tension,Energy security summit addresses Strait of Hormuz supply concerns,moderate,2,0.5844999999999999,78.7,Coordinated response to supply risks,"[np.str_('Asia Pacific'), np.str_('Global')]",36,market_calibrated_advanced,0.9,True,True,160.0
2021-07-12 03:13:04,2021-07-12,military_conflict,Missile attack on Saudi Arabia port facility,extreme,5,1.0,800.2,Direct damage to export infrastructure,"[np.str_('North Africa'), np.str_('Middle East'), np.str_('Strait of Hormuz')]",27,market_calibrated_advanced,0.91,True,False,200.0
2021-07-12 09:35:08,2021-07-12,geopolitical_tension,Trade negotiations impact North Africa energy imports,high,3,0.913,93.6,Trade policy uncertainty affects flows,"[np.str_('Global'), np.str_('Middle East')]",16,market_calibrated_advanced,0.97,True,False,200.0
2021-07-12 12:26:58,2021-07-12,geopolitical_tension,Diplomatic tensions escalate between Russia and USA,high,3,0.5698,171.4,Risk premium increases on supply disruption fears,"[np.str_('Global'), np.str_('Middle East'), np.str_('Asia Pacific')]",24,market_calibrated_advanced,0.87,True,True,160.0
2021-07-12 16:31:32,2021-07-12,infrastructure,Major pipeline maintenance reduces US Gulf Coast flows by 1660,moderate,2,0.925,126.1,Temporary but planned supply reduction,"[np.str_('US Gulf Coast'), np.str_('Middle East')]",8,market_calibrated_advanced,0.83,True,False,200.0
2021-07-14 01:54:09,2021-07-14,infrastructure,Major pipeline maintenance reduces North Sea flows by 843,moderate,2,0.847,136.2,Temporary but planned supply reduction,"[np.str_('Middle East'), np.str_('North Sea'), np.str_('US Gulf Coast')]",7,market_calibrated_advanced,0.99,True,False,200.0
2021-07-14 07:31:37,2021-07-14,infrastructure,Refinery outage reduces crude demand in West Africa,moderate,2,0.4941999999999999,87.8,Reduces crude intake temporarily,"[np.str_('North Sea'), np.str_('Middle East')]",10,market_calibrated_advanced,0.81,True,True,160.0
2021-07-14 22:31:43,2021-07-14,geopolitical_tension,Energy security summit addresses US Gulf Coast supply concerns,high,3,1.0,181.1,Coordinated response to supply risks,"[np.str_('Asia Pacific'), np.str_('Global')]",19,market_calibrated_advanced,0.95,True,False,200.0
2021-07-15 10:06:01,2021-07-15,production_policy,OPEC+ agrees to adjust production by 1124 kb/d,critical,4,1.0,283.7,Direct impact on global supply-demand balance,"[np.str_('Middle East'), np.str_('Global')]",21,market_calibrated_advanced,1.0,False,False,200.0
2021-07-15 19:36:52,2021-07-15,production_policy,Non-OPEC production growth revised lower,high,3,1.0,296.8,Shifts market share expectations,"[np.str_('Middle East'), np.str_('Global')]",9,market_calibrated_advanced,0.81,True,False,200.0
2021-07-15 21:12:16,2021-07-15,inventory_report,Floating storage levels higher off North Sea,high,3,0.678,28.8,Signal of market contango/backwardation,"[np.str_('US Gulf Coast'), np.str_('Global')]",2,market_calibrated_advanced,0.97,False,False,200.0
2021-07-16 21:20:41,2021-07-16,trade_flow_disruption,Insurance premiums surge for US Gulf Coast tanker transits,critical,4,1.0,265.7,"Increases shipping costs, may deter voyages",[np.str_('South China Sea')],19,market_calibrated_advanced,0.91,False,False,200.0
2021-07-18 04:53:48,2021-07-18,trade_flow_disruption,Shipping lane disruption near Malacca Strait,critical,4,1.0,110.0,"Forces rerouting, increases transit times","[np.str_('Red Sea'), np.str_('Strait of Hormuz'), np.str_('South China Sea')]",4,market_calibrated_advanced,0.74,True,False,198.0
2021-07-20 18:56:49,2021-07-20,infrastructure,Port congestion delays 34 tankers at Novorossiysk,high,3,0.83,71.6,Logistical bottleneck affecting deliveries,"[np.str_('North Sea'), np.str_('Middle East')]",3,market_calibrated_advanced,0.99,True,False,200.0
2021-07-21 06:49:44,2021-07-21,infrastructure,Port congestion delays 28 tankers at Ras Tanura,high,3,0.86,144.5,Logistical bottleneck affecting deliveries,[np.str_('Middle East')],4,market_calibrated_advanced,0.83,True,False,200.0
2021-07-21 10:01:52,2021-07-21,geopolitical_tension,Energy security summit addresses Latin America supply concerns,high,3,1.0,51.6,Coordinated response to supply risks,"[np.str_('Global'), np.str_('Asia Pacific'), np.str_('Middle East')]",37,market_calibrated_advanced,0.83,False,False,200.0
2021-07-21 13:04:58,2021-07-21,inventory_report,Cushing storage levels approach operational minimum,high,3,0.541,50.6,Delivery point concerns for WTI contract,"[np.str_('US Gulf Coast'), np.str_('Global')]",4,market_calibrated_advanced,0.76,False,False,200.0
2021-07-23 04:07:11,2021-07-23,trade_flow_disruption,Port restrictions impact Iran crude exports,critical,4,1.0,89.6,Physical supply bottleneck,"[np.str_('Strait of Hormuz'), np.str_('Red Sea'), np.str_('South China Sea')]",17,market_calibrated_advanced,0.8,True,False,200.0
2021-07-23 05:10:51,2021-07-23,trade_flow_disruption,Port restrictions impact Venezuela crude exports,high,3,0.5698,51.1,Physical supply bottleneck,"[np.str_('Strait of Hormuz'), np.str_('Red Sea')]",12,market_calibrated_advanced,0.75,True,True,160.0
2021-07-23 05:51:11,2021-07-23,geopolitical_tension,Trade negotiations impact Red Sea energy imports,high,3,1.0,118.6,Trade policy uncertainty affects flows,"[np.str_('Asia Pacific'), np.str_('Global'), np.str_('Middle East')]",23,market_calibrated_advanced,0.75,False,False,200.0
2021-07-23 10:00:43,2021-07-23,military_conflict,Missile attack on Kuwait port facility,extreme,5,1.0,736.0,Direct damage to export infrastructure,[np.str_('North Africa')],27,market_calibrated_advanced,0.95,True,False,200.0
2021-07-23 14:12:57,2021-07-23,production_policy,Nigeria output disrupted by power outage at Ghawar,critical,4,1.0,141.1,Temporary supply reduction,"[np.str_('Global'), np.str_('Middle East')]",32,market_calibrated_advanced,0.81,True,False,200.0
2021-07-24 06:41:56,2021-07-24,inventory_report,Floating storage levels unchanged off Global,high,3,0.662,86.8,Signal of market contango/backwardation,"[np.str_('US Gulf Coast'), np.str_('Global')]",4,market_calibrated_advanced,0.9,True,False,200.0
2021-07-24 07:55:08,2021-07-24,inventory_report,EIA reports higher crude inventory of 1032M barrels,moderate,2,0.605,46.0,Weekly fundamental data point,"[np.str_('US Gulf Coast'), np.str_('Global')]",3,market_calibrated_advanced,0.89,False,False,200.0
2021-07-24 10:03:06,2021-07-24,infrastructure,New pipeline capacity comes online in Latin America,low,1,0.5572,65.3,Improves supply chain efficiency,"[np.str_('Middle East'), np.str_('North Sea'), np.str_('US Gulf Coast')]",12,market_calibrated_advanced,0.83,True,True,160.0
2021-07-24 19:52:45,2021-07-24,infrastructure,Major pipeline maintenance reduces Asia Pacific flows by 394,moderate,2,0.819,80.6,Temporary but planned supply reduction,[np.str_('US Gulf Coast')],5,market_calibrated_advanced,0.98,True,False,200.0
2021-07-25 04:40:06,2021-07-25,sanctions,Secondary sanctions threatened for Kuwait oil traders,extreme,5,1.0,399.0,Disrupts payment systems and shipping insurance,"[np.str_('Middle East'), np.str_('Caspian Region')]",71,market_calibrated_advanced,0.91,True,False,200.0
2021-07-27 15:44:27,2021-07-27,inventory_report,China crude inventories show unchanged trend,high,3,0.626,36.9,Indicates demand trajectory in largest importer,"[np.str_('Global'), np.str_('US Gulf Coast')]",1,market_calibrated_advanced,0.99,True,False,200.0
2021-07-30 03:42:40,2021-07-30,trade_flow_disruption,Insurance premiums surge for South China Sea tanker transits,high,3,1.0,271.1,"Increases shipping costs, may deter voyages","[np.str_('Red Sea'), np.str_('Strait of Hormuz'), np.str_('South China Sea')]",6,market_calibrated_advanced,0.93,True,False,198.0
2021-07-30 16:14:11,2021-07-30,trade_flow_disruption,Port restrictions impact India crude exports,high,3,1.0,96.8,Physical supply bottleneck,"[np.str_('Strait of Hormuz'), np.str_('South China Sea'), np.str_('Red Sea')]",18,market_calibrated_advanced,0.8,False,False,198.0
2021-07-31 09:11:12,2021-07-31,inventory_report,EIA reports unchanged crude inventory of 658M barrels,low,1,0.3423,69.3,Weekly fundamental data point,"[np.str_('Global'), np.str_('US Gulf Coast')]",1,market_calibrated_advanced,0.94,True,True,160.0
2021-07-31 15:10:43,2021-07-31,production_policy,Kuwait output disrupted by pipeline rupture at Zuluf,high,3,0.6789999999999999,158.7,Temporary supply reduction,"[np.str_('Global'), np.str_('Middle East')]",40,market_calibrated_advanced,0.98,True,True,160.0
2021-07-31 19:28:43,2021-07-31,inventory_report,China crude inventories show lower trend,high,3,0.624,81.0,Indicates demand trajectory in largest importer,[np.str_('Global')],1,market_calibrated_advanced,0.84,True,False,200.0
2021-07-31 21:56:23,2021-07-31,production_policy,Non-OPEC production growth revised unchanged,high,3,1.0,261.4,Shifts market share expectations,"[np.str_('Middle East'), np.str_('Global')]",8,market_calibrated_advanced,0.79,True,False,200.0
2021-08-01 00:52:49,2021-08-01,geopolitical_tension,Strategic reserve release coordinated by {alliance},critical,4,1.0,52.5,Temporary supply increase to calm markets,"[np.str_('Global'), np.str_('Middle East')]",23,market_calibrated_advanced,0.91,False,False,200.0
2021-08-01 13:45:05,2021-08-01,inventory_report,China crude inventories show unchanged trend,high,3,0.682,53.3,Indicates demand trajectory in largest importer,[np.str_('Global')],3,market_calibrated_advanced,0.86,True,False,200.0
2021-08-03 18:16:53,2021-08-03,inventory_report,China crude inventories show higher trend,moderate,2,0.64,25.5,Indicates demand trajectory in largest importer,"[np.str_('US Gulf Coast'), np.str_('Global')]",4,market_calibrated_advanced,0.82,False,False,198.0
2021-08-04 00:16:58,2021-08-04,geopolitical_tension,Trade negotiations impact Red Sea energy imports,moderate,2,0.5362,92.2,Trade policy uncertainty affects flows,"[np.str_('Asia Pacific'), np.str_('Global')]",35,market_calibrated_advanced,0.82,True,True,160.0
2021-08-04 11:31:41,2021-08-04,trade_flow_disruption,Insurance premiums surge for Caspian Region tanker transits,critical,4,1.0,189.5,"Increases shipping costs, may deter voyages","[np.str_('Strait of Hormuz'), np.str_('Red Sea'), np.str_('South China Sea')]",19,market_calibrated_advanced,0.81,True,False,200.0
2021-08-04 18:19:27,2021-08-04,inventory_report,China crude inventories show unchanged trend,high,3,0.627,85.1,Indicates demand trajectory in largest importer,[np.str_('US Gulf Coast')],4,market_calibrated_advanced,0.82,True,False,200.0
2021-08-04 20:43:47,2021-08-04,geopolitical_tension,Trade negotiations impact West Africa energy imports,high,3,1.0,207.7,Trade policy uncertainty affects flows,"[np.str_('Global'), np.str_('Middle East')]",9,market_calibrated_advanced,0.72,True,False,200.0
2021-08-05 17:38:04,2021-08-05,inventory_report,China crude inventories show lower trend,high,3,0.516,85.7,Indicates demand trajectory in largest importer,"[np.str_('US Gulf Coast'), np.str_('Global')]",4,market_calibrated_advanced,0.89,True,False,200.0
2021-08-06 01:20:33,2021-08-06,production_policy,Saudi Arabia output disrupted by pipeline rupture at Rumaila,critical,4,1.0,209.2,Temporary supply reduction,[np.str_('Global')],33,market_calibrated_advanced,0.99,True,False,200.0
2021-08-06 02:38:37,2021-08-06,inventory_report,EIA reports higher crude inventory of 1586M barrels,moderate,2,0.57,96.7,Weekly fundamental data point,"[np.str_('Global'), np.str_('US Gulf Coast')]",2,market_calibrated_advanced,0.85,True,False,200.0
2021-08-07 01:56:15,2021-08-07,trade_flow_disruption,Shipping lane disruption near Strait of Hormuz,extreme,5,1.0,285.0,"Forces rerouting, increases transit times",[np.str_('Strait of Hormuz')],16,market_calibrated_advanced,0.75,True,False,200.0
2021-08-08 09:51:10,2021-08-08,inventory_report,Cushing storage levels approach operational minimum,high,3,0.527,85.0,Delivery point concerns for WTI contract,"[np.str_('Global'), np.str_('US Gulf Coast')]",1,market_calibrated_advanced,0.73,True,False,200.0
2021-08-09 01:58:19,2021-08-09,trade_flow_disruption,Port restrictions impact USA crude exports,high,3,0.6285999999999999,131.9,Physical supply bottleneck,[np.str_('South China Sea')],9,market_calibrated_advanced,0.95,True,True,160.0
2021-08-09 09:39:57,2021-08-09,infrastructure,Port congestion delays 40 tankers at Basra,high,3,0.86,85.6,Logistical bottleneck affecting deliveries,"[np.str_('Middle East'), np.str_('North Sea')]",7,market_calibrated_advanced,0.95,True,False,200.0
2021-08-09 13:27:40,2021-08-09,trade_flow_disruption,Shipping lane disruption near Strait of Hormuz,extreme,5,1.0,104.3,"Forces rerouting, increases transit times",[np.str_('Red Sea')],4,market_calibrated_advanced,0.98,True,False,200.0
2021-08-10 18:16:17,2021-08-10,geopolitical_tension,Trade negotiations impact Middle East energy imports,high,3,1.0,196.1,Trade policy uncertainty affects flows,[np.str_('Global')],22,market_calibrated_advanced,0.92,True,False,200.0
2021-08-11 02:02:55,2021-08-11,inventory_report,Floating storage levels higher off South China Sea,high,3,0.518,48.2,Signal of market contango/backwardation,[np.str_('Global')],4,market_calibrated_advanced,0.75,True,False,200.0
2021-08-12 09:01:37,2021-08-12,trade_flow_disruption,Tanker tracking shows lower flows to India,high,3,1.0,114.7,Indicates trade pattern shifts,"[np.str_('Red Sea'), np.str_('South China Sea'), np.str_('Strait of Hormuz')]",5,market_calibrated_advanced,0.86,True,False,200.0
2021-08-12 16:20:37,2021-08-12,trade_flow_disruption,Insurance premiums surge for West Africa tanker transits,critical,4,1.0,72.1,"Increases shipping costs, may deter voyages","[np.str_('South China Sea'), np.str_('Strait of Hormuz')]",8,market_calibrated_advanced,0.84,True,False,200.0
2021-08-13 11:34:21,2021-08-13,inventory_report,EIA reports higher crude inventory of 1503M barrels,low,1,0.3227,34.2,Weekly fundamental data point,[np.str_('US Gulf Coast')],3,market_calibrated_advanced,0.89,True,True,160.0
2021-08-13 18:50:23,2021-08-13,inventory_report,Cushing storage levels approach operational minimum,high,3,0.695,71.4,Delivery point concerns for WTI contract,[np.str_('Global')],4,market_calibrated_advanced,0.81,True,False,200.0
2021-08-14 01:29:18,2021-08-14,inventory_report,EIA reports unchanged crude inventory of 1153M barrels,low,1,0.2961,41.9,Weekly fundamental data point,[np.str_('US Gulf Coast')],3,market_calibrated_advanced,0.95,True,True,160.0
2021-08-14 14:01:36,2021-08-14,inventory_report,China crude inventories show unchanged trend,high,3,0.571,22.5,Indicates demand trajectory in largest importer,[np.str_('Global')],3,market_calibrated_advanced,0.91,False,False,200.0
2021-08-15 19:26:55,2021-08-15,trade_flow_disruption,Shipping lane disruption near Bab el-Mandeb,extreme,5,1.0,260.7,"Forces rerouting, increases transit times","[np.str_('Red Sea'), np.str_('Strait of Hormuz'), np.str_('South China Sea')]",18,market_calibrated_advanced,0.81,True,False,200.0
2021-08-16 19:30:36,2021-08-16,inventory_report,Cushing storage levels approach operational minimum,high,3,0.592,54.7,Delivery point concerns for WTI contract,"[np.str_('US Gulf Coast'), np.str_('Global')]",4,market_calibrated_advanced,0.94,True,False,200.0
2021-08-17 11:06:50,2021-08-17,inventory_report,Cushing storage levels approach operational minimum,high,3,0.556,66.7,Delivery point concerns for WTI contract,"[np.str_('Global'), np.str_('US Gulf Coast')]",2,market_calibrated_advanced,0.82,False,False,200.0
2021-08-19 19:08:34,2021-08-19,military_conflict,Drone attack targets European Union oil infrastructure,extreme,5,1.0,214.0,"Immediate supply risk, insurance premiums spike","[np.str_('Middle East'), np.str_('North Africa')]",3,market_calibrated_advanced,0.93,True,False,200.0
2021-08-20 03:38:13,2021-08-20,infrastructure,Refinery outage reduces crude demand in North Africa,high,3,0.815,26.3,Reduces crude intake temporarily,"[np.str_('North Sea'), np.str_('Middle East')]",2,market_calibrated_advanced,0.74,False,False,200.0
2021-08-23 02:26:54,2021-08-23,military_conflict,Military escalation near West Africa oil facilities,critical,4,1.0,805.2,Threatens regional production and transit,"[np.str_('Middle East'), np.str_('North Africa')]",11,market_calibrated_advanced,0.83,True,False,196.0
2021-08-25 15:08:19,2021-08-25,production_policy,OPEC+ agrees to adjust production by 544 kb/d,high,3,0.7,200.8,Direct impact on global supply-demand balance,"[np.str_('Middle East'), np.str_('Global')]",54,market_calibrated_advanced,0.81,True,True,160.0
2021-08-25 15:15:35,2021-08-25,production_policy,European Union announces voluntary production cut extension,critical,4,1.0,205.5,Tightens supply outlook,"[np.str_('Global'), np.str_('Middle East')]",29,market_calibrated_advanced,0.83,True,False,200.0
2021-08-25 20:53:46,2021-08-25,infrastructure,New pipeline capacity comes online in West Africa,moderate,2,0.865,86.5,Improves supply chain efficiency,[np.str_('US Gulf Coast')],3,market_calibrated_advanced,0.85,True,False,200.0
2021-08-26 14:43:11,2021-08-26,inventory_report,China crude inventories show lower trend,high,3,0.596,94.8,Indicates demand trajectory in largest importer,[np.str_('US Gulf Coast')],4,market_calibrated_advanced,0.74,True,False,200.0
2021-08-26 19:33:06,2021-08-26,inventory_report,EIA reports lower crude inventory of 1685M barrels,low,1,0.30519999999999997,55.1,Weekly fundamental data point,"[np.str_('Global'), np.str_('US Gulf Coast')]",3,market_calibrated_advanced,0.92,True,True,160.0
2021-08-27 00:26:04,2021-08-27,geopolitical_tension,Strategic reserve release coordinated by {alliance},critical,4,1.0,230.4,Temporary supply increase to calm markets,"[np.str_('Asia Pacific'), np.str_('Global'), np.str_('Middle East')]",41,market_calibrated_advanced,0.82,True,False,200.0
2021-08-27 19:47:23,2021-08-27,geopolitical_tension,Trade negotiations impact West Africa energy imports,high,3,1.0,48.2,Trade policy uncertainty affects flows,"[np.str_('Middle East'), np.str_('Global'), np.str_('Asia Pacific')]",13,market_calibrated_advanced,0.93,True,False,200.0
2021-09-02 04:15:30,2021-09-02,infrastructure,New pipeline capacity comes online in Caspian Region,low,1,0.836,148.2,Improves supply chain efficiency,"[np.str_('Middle East'), np.str_('North Sea')]",13,market_calibrated_advanced,0.8,True,False,197.0
2021-09-03 17:09:34,2021-09-03,inventory_report,Cushing storage levels approach operational minimum,high,3,0.699,44.2,Delivery point concerns for WTI contract,"[np.str_('Global'), np.str_('US Gulf Coast')]",3,market_calibrated_advanced,0.96,True,False,200.0
2021-09-05 09:28:45,2021-09-05,inventory_report,EIA reports higher crude inventory of 352M barrels,moderate,2,0.641,29.5,Weekly fundamental data point,"[np.str_('US Gulf Coast'), np.str_('Global')]",3,market_calibrated_advanced,0.87,True,False,200.0
2021-09-05 12:53:49,2021-09-05,trade_flow_disruption,Port restrictions impact Libya crude exports,critical,4,1.0,248.4,Physical supply bottleneck,"[np.str_('Red Sea'), np.str_('Strait of Hormuz'), np.str_('South China Sea')]",17,market_calibrated_advanced,0.96,True,False,200.0
2021-09-10 15:35:33,2021-09-10,sanctions,OFAC issues new compliance guidance for oil transactions,moderate,2,1.0,308.5,Increases compliance costs and due diligence,"[np.str_('Middle East'), np.str_('Global'), np.str_('Caspian Region')]",27,market_calibrated_advanced,0.75,True,False,192.0
2021-09-11 11:39:39,2021-09-11,sanctions,US imposes new sanctions on Libya oil sector,critical,4,1.0,201.8,"Tightens global supply, redirects trade flows","[np.str_('Caspian Region'), np.str_('Global'), np.str_('Middle East')]",61,market_calibrated_advanced,0.85,True,False,200.0
2021-09-11 12:43:47,2021-09-11,geopolitical_tension,Energy security summit addresses Global supply concerns,high,3,0.954,161.4,Coordinated response to supply risks,"[np.str_('Middle East'), np.str_('Global')]",40,market_calibrated_advanced,0.94,True,False,200.0
2021-09-11 13:01:41,2021-09-11,military_conflict,Naval incident near Suez Canal shipping lane,extreme,5,1.0,558.6,Risk to major transit chokepoint,"[np.str_('Middle East'), np.str_('Strait of Hormuz')]",19,market_calibrated_advanced,0.75,True,False,200.0
2021-09-11 17:45:01,2021-09-11,inventory_report,Floating storage levels higher off South China Sea,high,3,0.547,34.7,Signal of market contango/backwardation,"[np.str_('Global'), np.str_('US Gulf Coast')]",2,market_calibrated_advanced,1.0,True,False,200.0
2021-09-11 21:51:49,2021-09-11,inventory_report,Floating storage levels lower off North Sea,high,3,0.622,70.1,Signal of market contango/backwardation,"[np.str_('US Gulf Coast'), np.str_('Global')]",3,market_calibrated_advanced,0.96,True,False,200.0
2021-09-15 12:53:24,2021-09-15,geopolitical_tension,Strategic reserve release coordinated by {alliance},high,3,0.904,210.7,Temporary supply increase to calm markets,[np.str_('Asia Pacific')],25,market_calibrated_advanced,0.75,False,False,197.0
2021-09-16 07:41:25,2021-09-16,inventory_report,EIA reports higher crude inventory of 1210M barrels,moderate,2,0.67,82.0,Weekly fundamental data point,"[np.str_('US Gulf Coast'), np.str_('Global')]",2,market_calibrated_advanced,0.95,True,False,200.0
2021-09-19 09:26:50,2021-09-19,geopolitical_tension,Strategic reserve release coordinated by {alliance},critical,4,0.944,49.9,Temporary supply increase to calm markets,"[np.str_('Middle East'), np.str_('Asia Pacific')]",19,market_calibrated_advanced,0.81,True,False,200.0
2021-09-23 06:16:19,2021-09-23,infrastructure,Major pipeline maintenance reduces West Africa flows by 595,low,1,0.909,44.7,Temporary but planned supply reduction,"[np.str_('North Sea'), np.str_('Middle East'), np.str_('US Gulf Coast')]",6,market_calibrated_advanced,0.73,True,False,198.0
2021-09-23 19:21:38,2021-09-23,inventory_report,Floating storage levels lower off Global,moderate,2,0.586,81.1,Signal of market contango/backwardation,[np.str_('US Gulf Coast')],4,market_calibrated_advanced,0.9,True,False,198.0
2021-09-26 07:33:03,2021-09-26,infrastructure,Major pipeline maintenance reduces Middle East flows by 1847,moderate,2,0.947,131.2,Temporary but planned supply reduction,"[np.str_('Middle East'), np.str_('North Sea'), np.str_('US Gulf Coast')]",1,market_calibrated_advanced,0.72,True,False,200.0
2021-09-27 18:49:46,2021-09-27,infrastructure,New pipeline capacity comes online in US Gulf Coast,moderate,2,0.969,158.4,Improves supply chain efficiency,"[np.str_('Middle East'), np.str_('North Sea'), np.str_('US Gulf Coast')]",4,market_calibrated_advanced,0.94,True,False,200.0
2021-09-28 06:17:19,2021-09-28,geopolitical_tension,Strategic reserve release coordinated by {alliance},critical,4,0.985,223.0,Temporary supply increase to calm markets,"[np.str_('Global'), np.str_('Asia Pacific')]",9,market_calibrated_advanced,0.94,True,False,200.0
2021-09-30 00:38:19,2021-09-30,inventory_report,EIA reports higher crude inventory of 1297M barrels,low,1,0.501,45.1,Weekly fundamental data point,[np.str_('US Gulf Coast')],1,market_calibrated_advanced,0.88,True,False,199.0
2021-10-02 07:40:50,2021-10-02,geopolitical_tension,Diplomatic tensions escalate between USA and Iran,high,3,0.932,202.5,Risk premium increases on supply disruption fears,"[np.str_('Asia Pacific'), np.str_('Middle East'), np.str_('Global')]",17,market_calibrated_advanced,0.72,False,False,199.0
2021-10-02 22:12:50,2021-10-02,infrastructure,Major pipeline maintenance reduces US Gulf Coast flows by 770,low,1,0.807,125.0,Temporary but planned supply reduction,"[np.str_('US Gulf Coast'), np.str_('North Sea')]",12,market_calibrated_advanced,0.97,True,False,199.0
2021-10-03 01:58:28,2021-10-03,inventory_report,Floating storage levels higher off North Sea,high,3,0.659,98.7,Signal of market contango/backwardation,"[np.str_('Global'), np.str_('US Gulf Coast')]",1,market_calibrated_advanced,0.93,True,False,200.0
2021-10-04 04:37:44,2021-10-04,geopolitical_tension,Strategic reserve release coordinated by {alliance},critical,4,0.993,206.2,Temporary supply increase to calm markets,"[np.str_('Global'), np.str_('Middle East')]",15,market_calibrated_advanced,0.89,True,False,200.0
2021-10-05 04:21:03,2021-10-05,geopolitical_tension,Strategic reserve release coordinated by {alliance},high,3,0.567,161.9,Temporary supply increase to calm markets,"[np.str_('Asia Pacific'), np.str_('Global'), np.str_('Middle East')]",38,market_calibrated_advanced,0.8,True,True,160.0
2021-10-05 20:56:23,2021-10-05,geopolitical_tension,Diplomatic tensions escalate between Iran and Iraq,critical,4,0.911,81.3,Risk premium increases on supply disruption fears,[np.str_('Global')],35,market_calibrated_advanced,0.72,True,False,200.0
2021-10-07 05:02:05,2021-10-07,infrastructure,Major pipeline maintenance reduces Middle East flows by 182,low,1,0.944,128.2,Temporary but planned supply reduction,"[np.str_('North Sea'), np.str_('Middle East'), np.str_('US Gulf Coast')]",12,market_calibrated_advanced,0.73,True,False,199.0
2021-10-07 08:02:46,2021-10-07,trade_flow_disruption,Insurance premiums surge for Strait of Hormuz tanker transits,high,3,1.0,284.1,"Increases shipping costs, may deter voyages","[np.str_('Strait of Hormuz'), np.str_('Red Sea')]",14,market_calibrated_advanced,0.92,True,False,199.0
2021-10-07 17:00:52,2021-10-07,trade_flow_disruption,Port restrictions impact China crude exports,high,3,0.5725999999999999,231.1,Physical supply bottleneck,"[np.str_('Strait of Hormuz'), np.str_('Red Sea')]",18,market_calibrated_advanced,0.81,True,True,159.0
2021-10-07 22:38:01,2021-10-07,production_policy,UAE announces voluntary production cut extension,high,3,1.0,221.5,Tightens supply outlook,"[np.str_('Middle East'), np.str_('Global')]",57,market_calibrated_advanced,0.93,True,False,199.0
2021-10-08 03:31:16,2021-10-08,geopolitical_tension,Strategic reserve release coordinated by {alliance},critical,4,1.0,169.8,Temporary supply increase to calm markets,[np.str_('Asia Pacific')],5,market_calibrated_advanced,0.95,True,False,200.0
2021-10-09 01:43:47,2021-10-09,trade_flow_disruption,Tanker tracking shows unchanged flows to Venezuela,high,3,1.0,181.9,Indicates trade pattern shifts,"[np.str_('Red Sea'), np.str_('Strait of Hormuz'), np.str_('South China Sea')]",11,market_calibrated_advanced,0.85,True,False,200.0
2021-10-10 17:08:03,2021-10-10,trade_flow_disruption,Insurance premiums surge for North Sea tanker transits,critical,4,1.0,179.9,"Increases shipping costs, may deter voyages",[np.str_('South China Sea')],11,market_calibrated_advanced,0.93,True,False,200.0
2021-10-11 11:42:18,2021-10-11,geopolitical_tension,Trade negotiations impact Strait of Hormuz energy imports,high,3,0.975,183.5,Trade policy uncertainty affects flows,"[np.str_('Asia Pacific'), np.str_('Middle East')]",25,market_calibrated_advanced,0.7,False,False,200.0
2021-10-11 13:28:56,2021-10-11,geopolitical_tension,Energy security summit addresses North Sea supply concerns,high,3,1.0,125.1,Coordinated response to supply risks,[np.str_('Middle East')],17,market_calibrated_advanced,0.94,True,False,200.0
2021-10-11 17:36:44,2021-10-11,production_policy,Non-OPEC production growth revised lower,high,3,1.0,198.2,Shifts market share expectations,"[np.str_('Middle East'), np.str_('Global')]",51,market_calibrated_advanced,0.96,True,False,200.0
2021-10-12 15:15:50,2021-10-12,sanctions,EU extends sanctions framework on Iran energy exports,high,3,0.7,197.6,Reduces available supply to European markets,[np.str_('Global')],66,market_calibrated_advanced,0.96,True,True,160.0
2021-10-12 16:52:06,2021-10-12,sanctions,OFAC issues new compliance guidance for oil transactions,high,3,1.0,395.9,Increases compliance costs and due diligence,"[np.str_('Middle East'), np.str_('Global')]",20,market_calibrated_advanced,0.74,True,False,200.0
2021-10-15 05:14:29,2021-10-15,trade_flow_disruption,Port restrictions impact European Union crude exports,high,3,1.0,225.5,Physical supply bottleneck,"[np.str_('Red Sea'), np.str_('Strait of Hormuz')]",16,market_calibrated_advanced,0.92,True,False,199.0
2021-10-15 10:50:10,2021-10-15,geopolitical_tension,Trade negotiations impact Caspian Region energy imports,moderate,2,1.0,95.4,Trade policy uncertainty affects flows,"[np.str_('Middle East'), np.str_('Global'), np.str_('Asia Pacific')]",38,market_calibrated_advanced,0.82,True,False,199.0
2021-10-16 03:44:12,2021-10-16,inventory_report,Cushing storage levels approach operational minimum,high,3,0.549,60.6,Delivery point concerns for WTI contract,"[np.str_('US Gulf Coast'), np.str_('Global')]",3,market_calibrated_advanced,0.86,True,False,200.0
2021-10-17 18:50:54,2021-10-17,geopolitical_tension,Trade negotiations impact West Africa energy imports,high,3,0.991,210.4,Trade policy uncertainty affects flows,"[np.str_('Middle East'), np.str_('Global'), np.str_('Asia Pacific')]",33,market_calibrated_advanced,0.92,True,False,200.0
2021-10-18 08:30:53,2021-10-18,inventory_report,Floating storage levels unchanged off Latin America,high,3,0.548,79.6,Signal of market contango/backwardation,[np.str_('Global')],3,market_calibrated_advanced,0.91,True,False,200.0
2021-10-19 08:10:30,2021-10-19,inventory_report,EIA reports higher crude inventory of 1570M barrels,moderate,2,0.691,93.3,Weekly fundamental data point,"[np.str_('US Gulf Coast'), np.str_('Global')]",3,market_calibrated_advanced,0.9,True,False,200.0
2021-10-19 10:53:40,2021-10-19,trade_flow_disruption,Shipping lane disruption near Bab el-Mandeb,critical,4,0.6342,188.2,"Forces rerouting, increases transit times","[np.str_('Strait of Hormuz'), np.str_('South China Sea'), np.str_('Red Sea')]",6,market_calibrated_advanced,0.78,True,True,160.0
2021-10-19 11:31:41,2021-10-19,trade_flow_disruption,Shipping lane disruption near Suez Canal,extreme,5,1.0,81.9,"Forces rerouting, increases transit times","[np.str_('South China Sea'), np.str_('Strait of Hormuz'), np.str_('Red Sea')]",10,market_calibrated_advanced,0.83,True,False,200.0
2021-10-19 17:17:51,2021-10-19,infrastructure,Refinery outage reduces crude demand in Strait of Hormuz,high,3,0.95,101.0,Reduces crude intake temporarily,"[np.str_('Middle East'), np.str_('US Gulf Coast')]",1,market_calibrated_advanced,0.72,True,False,200.0
2021-10-19 20:16:30,2021-10-19,inventory_report,EIA reports higher crude inventory of 185M barrels,low,1,0.3584,17.1,Weekly fundamental data point,"[np.str_('Global'), np.str_('US Gulf Coast')]",1,market_calibrated_advanced,0.88,True,True,160.0
2021-10-19 21:51:35,2021-10-19,inventory_report,Floating storage levels higher off Red Sea,high,3,0.505,92.0,Signal of market contango/backwardation,[np.str_('US Gulf Coast')],3,market_calibrated_advanced,0.86,True,False,200.0
2021-10-20 00:41:14,2021-10-20,inventory_report,China crude inventories show unchanged trend,high,3,0.613,71.8,Indicates demand trajectory in largest importer,[np.str_('US Gulf Coast')],4,market_calibrated_advanced,0.93,True,False,200.0
2021-10-20 13:02:28,2021-10-20,production_policy,OPEC+ output disrupted by power outage at Ghawar,critical,4,1.0,222.6,Temporary supply reduction,[np.str_('Middle East')],31,market_calibrated_advanced,0.9,True,False,200.0
2021-10-23 06:22:45,2021-10-23,inventory_report,Cushing storage levels approach operational minimum,high,3,0.513,89.7,Delivery point concerns for WTI contract,"[np.str_('Global'), np.str_('US Gulf Coast')]",4,market_calibrated_advanced,0.93,True,False,200.0
2021-10-23 18:26:57,2021-10-23,inventory_report,Cushing storage levels approach operational minimum,moderate,2,0.3276,68.5,Delivery point concerns for WTI contract,"[np.str_('US Gulf Coast'), np.str_('Global')]",1,market_calibrated_advanced,0.73,True,True,160.0
2021-10-24 19:50:01,2021-10-24,inventory_report,China crude inventories show lower trend,high,3,0.623,52.9,Indicates demand trajectory in largest importer,"[np.str_('US Gulf Coast'), np.str_('Global')]",3,market_calibrated_advanced,0.73,True,False,200.0
2021-10-25 05:17:27,2021-10-25,production_policy,Iran output disrupted by power outage at Burgan,high,3,0.7,140.5,Temporary supply reduction,"[np.str_('Middle East'), np.str_('Global')]",34,market_calibrated_advanced,0.81,True,True,160.0
2021-10-25 10:13:55,2021-10-25,trade_flow_disruption,Tanker tracking shows higher flows to UAE,high,3,1.0,63.6,Indicates trade pattern shifts,"[np.str_('South China Sea'), np.str_('Strait of Hormuz')]",19,market_calibrated_advanced,0.73,True,False,200.0
2021-10-25 10:39:20,2021-10-25,production_policy,OPEC+ agrees to adjust production by 661 kb/d,critical,4,1.0,176.3,Direct impact on global supply-demand balance,"[np.str_('Middle East'), np.str_('Global')]",46,market_calibrated_advanced,0.77,True,False,200.0
2021-10-25 17:26:23,2021-10-25,trade_flow_disruption,Port restrictions impact Venezuela crude exports,high,3,0.6475,179.0,Physical supply bottleneck,"[np.str_('Strait of Hormuz'), np.str_('Red Sea')]",13,market_calibrated_advanced,0.92,True,True,160.0
2021-10-26 00:58:09,2021-10-26,inventory_report,Cushing storage levels approach operational minimum,high,3,0.694,72.5,Delivery point concerns for WTI contract,"[np.str_('US Gulf Coast'), np.str_('Global')]",3,market_calibrated_advanced,0.83,True,False,200.0
2021-10-26 19:00:38,2021-10-26,geopolitical_tension,Diplomatic tensions escalate between UAE and Kuwait,critical,4,0.94,121.6,Risk premium increases on supply disruption fears,"[np.str_('Asia Pacific'), np.str_('Global'), np.str_('Middle East')]",21,market_calibrated_advanced,0.97,True,False,200.0
2021-10-26 19:03:36,2021-10-26,military_conflict,Missile attack on Iraq port facility,extreme,5,1.0,303.7,Direct damage to export infrastructure,[np.str_('North Africa')],12,market_calibrated_advanced,0.98,True,False,200.0
2021-10-27 09:18:39,2021-10-27,infrastructure,New pipeline capacity comes online in North Africa,low,1,0.4557,19.7,Improves supply chain efficiency,[np.str_('Middle East')],3,market_calibrated_advanced,0.98,True,True,160.0
2021-10-27 18:30:01,2021-10-27,infrastructure,Port congestion delays 43 tankers at Houston,high,3,0.857,69.6,Logistical bottleneck affecting deliveries,"[np.str_('Middle East'), np.str_('US Gulf Coast')]",5,market_calibrated_advanced,0.92,True,False,200.0
2021-10-27 19:43:35,2021-10-27,production_policy,Venezuela announces voluntary production cut extension,critical,4,1.0,250.2,Tightens supply outlook,"[np.str_('Global'), np.str_('Middle East')]",14,market_calibrated_advanced,0.8,True,False,200.0
2021-10-28 00:45:35,2021-10-28,military_conflict,Naval incident near Suez Canal shipping lane,extreme,5,0.7,238.3,Risk to major transit chokepoint,"[np.str_('Strait of Hormuz'), np.str_('Middle East'), np.str_('North Africa')]",12,market_calibrated_advanced,0.84,True,True,160.0
2021-10-28 10:49:47,2021-10-28,military_conflict,Naval incident near Suez Canal shipping lane,extreme,5,1.0,300.8,Risk to major transit chokepoint,"[np.str_('North Africa'), np.str_('Strait of Hormuz'), np.str_('Middle East')]",29,market_calibrated_advanced,0.73,True,False,200.0
2021-10-29 01:11:30,2021-10-29,inventory_report,EIA reports higher crude inventory of 1157M barrels,moderate,2,0.541,99.4,Weekly fundamental data point,"[np.str_('Global'), np.str_('US Gulf Coast')]",4,market_calibrated_advanced,0.76,True,False,200.0
2021-10-29 11:14:18,2021-10-29,production_policy,Non-OPEC production growth revised unchanged,high,3,1.0,140.9,Shifts market share expectations,"[np.str_('Middle East'), np.str_('Global')]",36,market_calibrated_advanced,0.91,True,False,200.0
2021-10-29 12:21:36,2021-10-29,production_policy,UAE announces voluntary production cut extension,critical,4,1.0,64.8,Tightens supply outlook,"[np.str_('Global'), np.str_('Middle East')]",45,market_calibrated_advanced,0.74,True,False,200.0
2021-10-30 07:32:06,2021-10-30,trade_flow_disruption,Tanker tracking shows lower flows to UAE,high,3,1.0,288.3,Indicates trade pattern shifts,"[np.str_('Red Sea'), np.str_('Strait of Hormuz'), np.str_('South China Sea')]",4,market_calibrated_advanced,0.81,True,False,200.0
2021-10-30 16:31:07,2021-10-30,geopolitical_tension,Strategic reserve release coordinated by {alliance},critical,4,0.947,119.3,Temporary supply increase to calm markets,[np.str_('Global')],37,market_calibrated_advanced,0.94,True,False,200.0
2021-10-30 19:16:53,2021-10-30,infrastructure,Refinery outage reduces crude demand in Strait of Hormuz,moderate,2,0.5586,50.9,Reduces crude intake temporarily,"[np.str_('US Gulf Coast'), np.str_('North Sea')]",4,market_calibrated_advanced,0.77,True,True,160.0
2021-10-30 20:28:22,2021-10-30,infrastructure,Refinery outage reduces crude demand in Strait of Hormuz,high,3,0.844,110.8,Reduces crude intake temporarily,[np.str_('US Gulf Coast')],13,market_calibrated_advanced,0.8,True,False,200.0
2021-10-31 06:16:12,2021-10-31,production_policy,Non-OPEC production growth revised unchanged,high,3,1.0,61.4,Shifts market share expectations,"[np.str_('Global'), np.str_('Middle East')]",27,market_calibrated_advanced,0.72,True,False,200.0
2021-10-31 16:29:30,2021-10-31,production_policy,OPEC+ agrees to adjust production by 820 kb/d,high,3,0.7,189.4,Direct impact on global supply-demand balance,[np.str_('Middle East')],41,market_calibrated_advanced,0.94,True,True,160.0
2021-11-01 04:52:48,2021-11-01,sanctions,Sanctions waiver negotiations for Iran oil exports,high,3,0.7,133.1,Potential for supply increase if granted,"[np.str_('Global'), np.str_('Middle East')]",52,market_calibrated_advanced,0.97,True,True,160.0
2021-11-01 22:06:52,2021-11-01,sanctions,OFAC issues new compliance guidance for oil transactions,high,3,1.0,154.7,Increases compliance costs and due diligence,"[np.str_('Middle East'), np.str_('Global')]",23,market_calibrated_advanced,0.81,True,False,200.0
2021-11-02 13:35:55,2021-11-02,inventory_report,China crude inventories show higher trend,high,3,0.62,31.0,Indicates demand trajectory in largest importer,"[np.str_('US Gulf Coast'), np.str_('Global')]",3,market_calibrated_advanced,0.86,True,False,200.0
2021-11-02 16:34:29,2021-11-02,military_conflict,Naval incident near Strait of Hormuz shipping lane,extreme,5,1.0,719.6,Risk to major transit chokepoint,"[np.str_('Middle East'), np.str_('North Africa'), np.str_('Strait of Hormuz')]",19,market_calibrated_advanced,0.96,True,False,200.0
2021-11-02 17:02:04,2021-11-02,military_conflict,Military escalation near North Africa oil facilities,critical,4,0.7,395.5,Threatens regional production and transit,"[np.str_('Strait of Hormuz'), np.str_('Middle East')]",23,market_calibrated_advanced,0.7,True,True,160.0
2021-11-02 18:06:25,2021-11-02,inventory_report,EIA reports higher crude inventory of 1722M barrels,low,1,0.3794,59.1,Weekly fundamental data point,"[np.str_('US Gulf Coast'), np.str_('Global')]",4,market_calibrated_advanced,0.91,True,True,160.0
2021-11-03 04:25:46,2021-11-03,production_policy,OPEC+ agrees to adjust production by 531 kb/d,high,3,0.7,82.3,Direct impact on global supply-demand balance,"[np.str_('Global'), np.str_('Middle East')]",20,market_calibrated_advanced,0.88,True,True,160.0
2021-11-03 10:46:24,2021-11-03,production_policy,Saudi Arabia announces voluntary production cut extension,critical,4,1.0,209.3,Tightens supply outlook,[np.str_('Middle East')],9,market_calibrated_advanced,1.0,True,False,200.0
2021-11-03 11:31:51,2021-11-03,inventory_report,Cushing storage levels approach operational minimum,high,3,0.544,75.4,Delivery point concerns for WTI contract,"[np.str_('Global'), np.str_('US Gulf Coast')]",2,market_calibrated_advanced,0.89,True,False,200.0
2021-11-03 15:21:35,2021-11-03,inventory_report,EIA reports unchanged crude inventory of 1943M barrels,moderate,2,0.678,97.6,Weekly fundamental data point,"[np.str_('Global'), np.str_('US Gulf Coast')]",1,market_calibrated_advanced,0.77,True,False,200.0
2021-11-03 22:54:09,2021-11-03,inventory_report,EIA reports lower crude inventory of 694M barrels,low,1,0.371,34.0,Weekly fundamental data point,"[np.str_('US Gulf Coast'), np.str_('Global')]",2,market_calibrated_advanced,0.91,True,True,160.0
2021-11-04 04:17:03,2021-11-04,infrastructure,Major pipeline maintenance reduces North Africa flows by 1221,moderate,2,0.824,40.6,Temporary but planned supply reduction,"[np.str_('US Gulf Coast'), np.str_('Middle East')]",1,market_calibrated_advanced,0.9,True,False,200.0
2021-11-04 07:55:31,2021-11-04,infrastructure,Major pipeline maintenance reduces Caspian Region flows by 1582,moderate,2,0.895,159.7,Temporary but planned supply reduction,"[np.str_('North Sea'), np.str_('Middle East'), np.str_('US Gulf Coast')]",5,market_calibrated_advanced,0.99,True,False,200.0
2021-11-04 09:40:19,2021-11-04,infrastructure,Refinery outage reduces crude demand in Asia Pacific,moderate,2,0.4417,24.8,Reduces crude intake temporarily,[np.str_('US Gulf Coast')],8,market_calibrated_advanced,0.79,True,True,160.0
2021-11-04 14:14:13,2021-11-04,infrastructure,Port congestion delays 18 tankers at Ras Tanura,moderate,2,0.48299999999999993,41.3,Logistical bottleneck affecting deliveries,"[np.str_('US Gulf Coast'), np.str_('North Sea')]",5,market_calibrated_advanced,0.87,True,True,160.0
2021-11-05 01:32:26,2021-11-05,sanctions,OFAC issues new compliance guidance for oil transactions,high,3,1.0,130.1,Increases compliance costs and due diligence,"[np.str_('Global'), np.str_('Middle East')]",70,market_calibrated_advanced,0.73,True,False,200.0
2021-11-06 04:21:27,2021-11-06,inventory_report,Cushing storage levels approach operational minimum,high,3,0.526,66.2,Delivery point concerns for WTI contract,"[np.str_('US Gulf Coast'), np.str_('Global')]",3,market_calibrated_advanced,0.7,True,False,200.0
2021-11-06 09:40:10,2021-11-06,inventory_report,China crude inventories show unchanged trend,moderate,2,0.32969999999999994,48.0,Indicates demand trajectory in largest importer,"[np.str_('US Gulf Coast'), np.str_('Global')]",4,market_calibrated_advanced,0.9,True,True,160.0
2021-11-06 21:13:33,2021-11-06,sanctions,Secondary sanctions threatened for USA oil traders,extreme,5,1.0,360.8,Disrupts payment systems and shipping insurance,"[np.str_('Middle East'), np.str_('Global')]",33,market_calibrated_advanced,0.9,True,False,200.0
2021-11-06 21:58:34,2021-11-06,sanctions,US imposes new sanctions on Russia oil sector,high,3,0.7,91.2,"Tightens global supply, redirects trade flows","[np.str_('Caspian Region'), np.str_('Global'), np.str_('Middle East')]",45,market_calibrated_advanced,0.72,False,True,160.0
2021-11-07 00:44:03,2021-11-07,inventory_report,China crude inventories show higher trend,high,3,0.533,51.9,Indicates demand trajectory in largest importer,[np.str_('US Gulf Coast')],3,market_calibrated_advanced,0.72,True,False,200.0
2021-11-08 01:01:22,2021-11-08,infrastructure,Port congestion delays 18 tankers at Basra,high,3,0.887,20.6,Logistical bottleneck affecting deliveries,"[np.str_('North Sea'), np.str_('US Gulf Coast'), np.str_('Middle East')]",10,market_calibrated_advanced,0.97,True,False,200.0
2021-11-08 11:24:37,2021-11-08,infrastructure,Port congestion delays 43 tankers at Houston,high,3,0.855,22.5,Logistical bottleneck affecting deliveries,"[np.str_('North Sea'), np.str_('US Gulf Coast'), np.str_('Middle East')]",2,market_calibrated_advanced,0.92,True,False,200.0
2021-11-09 05:55:36,2021-11-09,inventory_report,EIA reports unchanged crude inventory of 1914M barrels,moderate,2,0.598,35.7,Weekly fundamental data point,[np.str_('Global')],2,market_calibrated_advanced,0.84,True,False,200.0
2021-11-10 01:46:55,2021-11-10,infrastructure,Port congestion delays 21 tankers at Novorossiysk,moderate,2,0.5404,81.3,Logistical bottleneck affecting deliveries,"[np.str_('US Gulf Coast'), np.str_('Middle East')]",12,market_calibrated_advanced,0.88,True,True,160.0
2021-11-10 09:49:54,2021-11-10,geopolitical_tension,Trade negotiations impact Middle East energy imports,high,3,1.0,223.5,Trade policy uncertainty affects flows,"[np.str_('Asia Pacific'), np.str_('Global'), np.str_('Middle East')]",16,market_calibrated_advanced,0.99,False,False,200.0
2021-11-10 13:58:35,2021-11-10,geopolitical_tension,Energy security summit addresses Middle East supply concerns,moderate,2,0.5922,59.7,Coordinated response to supply risks,[np.str_('Asia Pacific')],22,market_calibrated_advanced,0.97,True,True,160.0
2021-11-10 15:55:01,2021-11-10,geopolitical_tension,Trade negotiations impact Caspian Region energy imports,high,3,0.972,149.2,Trade policy uncertainty affects flows,"[np.str_('Global'), np.str_('Asia Pacific'), np.str_('Middle East')]",40,market_calibrated_advanced,0.98,True,False,200.0
2021-11-10 17:44:32,2021-11-10,infrastructure,Refinery outage reduces crude demand in Caspian Region,high,3,0.994,64.6,Reduces crude intake temporarily,"[np.str_('North Sea'), np.str_('Middle East'), np.str_('US Gulf Coast')]",5,market_calibrated_advanced,0.75,False,False,200.0
2021-11-10 22:01:18,2021-11-10,geopolitical_tension,Strategic reserve release coordinated by {alliance},high,3,0.5018999999999999,166.8,Temporary supply increase to calm markets,"[np.str_('Asia Pacific'), np.str_('Middle East'), np.str_('Global')]",33,market_calibrated_advanced,0.97,True,True,160.0
2021-11-11 01:15:06,2021-11-11,inventory_report,Cushing storage levels approach operational minimum,high,3,0.615,42.5,Delivery point concerns for WTI contract,"[np.str_('Global'), np.str_('US Gulf Coast')]",3,market_calibrated_advanced,0.74,True,False,200.0
2021-11-12 05:55:36,2021-11-12,sanctions,Sanctions waiver negotiations for Saudi Arabia oil exports,high,3,0.7,144.5,Potential for supply increase if granted,[np.str_('Caspian Region')],27,market_calibrated_advanced,0.85,True,True,160.0
2021-11-12 07:38:21,2021-11-12,inventory_report,Cushing storage levels approach operational minimum,high,3,0.62,39.3,Delivery point concerns for WTI contract,"[np.str_('US Gulf Coast'), np.str_('Global')]",4,market_calibrated_advanced,0.87,True,False,200.0
2021-11-12 17:40:21,2021-11-12,inventory_report,Floating storage levels lower off North Sea,high,3,0.616,38.9,Signal of market contango/backwardation,"[np.str_('Global'), np.str_('US Gulf Coast')]",4,market_calibrated_advanced,0.85,True,False,200.0
2021-11-12 18:15:17,2021-11-12,inventory_report,Floating storage levels unchanged off Red Sea,moderate,2,0.3766,79.7,Signal of market contango/backwardation,"[np.str_('US Gulf Coast'), np.str_('Global')]",3,market_calibrated_advanced,0.83,True,True,160.0
2021-11-12 18:27:49,2021-11-12,sanctions,EU extends sanctions framework on Iraq energy exports,critical,4,1.0,112.9,Reduces available supply to European markets,"[np.str_('Caspian Region'), np.str_('Middle East'), np.str_('Global')]",81,market_calibrated_advanced,0.93,True,False,200.0
2021-11-12 22:16:05,2021-11-12,production_policy,Non-OPEC production growth revised unchanged,high,3,1.0,71.2,Shifts market share expectations,"[np.str_('Middle East'), np.str_('Global')]",49,market_calibrated_advanced,0.93,True,False,200.0
2021-11-13 15:28:22,2021-11-13,inventory_report,Floating storage levels unchanged off South China Sea,high,3,0.507,36.3,Signal of market contango/backwardation,"[np.str_('Global'), np.str_('US Gulf Coast')]",2,market_calibrated_advanced,0.91,True,False,200.0
2021-11-14 07:37:29,2021-11-14,geopolitical_tension,Diplomatic tensions escalate between India and USA,high,3,0.6265,169.9,Risk premium increases on supply disruption fears,[np.str_('Global')],37,market_calibrated_advanced,0.82,True,True,160.0
2021-11-14 10:36:07,2021-11-14,military_conflict,Military escalation near Latin America oil facilities,extreme,5,1.0,708.7,Threatens regional production and transit,"[np.str_('Middle East'), np.str_('Strait of Hormuz')]",13,market_calibrated_advanced,0.74,True,False,200.0
2021-11-14 15:17:09,2021-11-14,geopolitical_tension,Trade negotiations impact Asia Pacific energy imports,high,3,0.936,194.9,Trade policy uncertainty affects flows,"[np.str_('Middle East'), np.str_('Asia Pacific')]",19,market_calibrated_advanced,0.97,False,False,200.0
2021-11-14 16:54:07,2021-11-14,military_conflict,Naval incident near Suez Canal shipping lane,extreme,5,0.7,388.7,Risk to major transit chokepoint,[np.str_('North Africa')],27,market_calibrated_advanced,0.76,True,True,160.0
2021-11-15 12:01:31,2021-11-15,military_conflict,Naval incident near Suez Canal shipping lane,extreme,5,1.0,896.5,Risk to major transit chokepoint,"[np.str_('Strait of Hormuz'), np.str_('North Africa'), np.str_('Middle East')]",28,market_calibrated_advanced,0.77,True,False,200.0
2021-11-15 13:58:18,2021-11-15,military_conflict,Naval incident near Malacca Strait shipping lane,extreme,5,0.7,176.6,Risk to major transit chokepoint,"[np.str_('Middle East'), np.str_('Strait of Hormuz'), np.str_('North Africa')]",18,market_calibrated_advanced,0.74,True,True,160.0
2021-11-15 20:07:36,2021-11-15,inventory_report,China crude inventories show lower trend,high,3,0.621,27.2,Indicates demand trajectory in largest importer,"[np.str_('US Gulf Coast'), np.str_('Global')]",3,market_calibrated_advanced,0.95,True,False,200.0
2021-11-16 21:06:23,2021-11-16,sanctions,US imposes new sanctions on Iran oil sector,critical,4,1.0,330.7,"Tightens global supply, redirects trade flows",[np.str_('Caspian Region')],80,market_calibrated_advanced,0.86,True,False,200.0
2021-11-16 22:45:55,2021-11-16,geopolitical_tension,Trade negotiations impact US Gulf Coast energy imports,high,3,1.0,90.9,Trade policy uncertainty affects flows,"[np.str_('Asia Pacific'), np.str_('Middle East'), np.str_('Global')]",6,market_calibrated_advanced,0.81,True,False,200.0
2021-11-17 06:16:11,2021-11-17,inventory_report,Floating storage levels higher off North Sea,high,3,0.554,21.9,Signal of market contango/backwardation,"[np.str_('US Gulf Coast'), np.str_('Global')]",4,market_calibrated_advanced,0.78,True,False,200.0
2021-11-17 08:20:13,2021-11-17,production_policy,UAE output disrupted by power outage at Burgan,critical,4,1.0,86.2,Temporary supply reduction,[np.str_('Middle East')],58,market_calibrated_advanced,0.93,True,False,200.0
2021-11-18 02:54:05,2021-11-18,production_policy,Russia output disrupted by weather at Khurais,critical,4,1.0,132.9,Temporary supply reduction,[np.str_('Middle East')],9,market_calibrated_advanced,0.94,True,False,200.0
2021-11-18 12:07:53,2021-11-18,production_policy,Venezuela announces voluntary production cut extension,critical,4,1.0,233.8,Tightens supply outlook,[np.str_('Global')],48,market_calibrated_advanced,0.73,True,False,200.0
2021-11-18 18:01:44,2021-11-18,sanctions,OFAC issues new compliance guidance for oil transactions,high,3,1.0,309.5,Increases compliance costs and due diligence,"[np.str_('Caspian Region'), np.str_('Global')]",57,market_calibrated_advanced,0.93,False,False,200.0
2021-11-18 20:02:50,2021-11-18,geopolitical_tension,Strategic reserve release coordinated by {alliance},critical,4,0.953,229.6,Temporary supply increase to calm markets,"[np.str_('Global'), np.str_('Asia Pacific')]",26,market_calibrated_advanced,0.83,True,False,200.0
2021-11-18 22:21:56,2021-11-18,inventory_report,EIA reports higher crude inventory of 1889M barrels,moderate,2,0.652,36.9,Weekly fundamental data point,"[np.str_('Global'), np.str_('US Gulf Coast')]",4,market_calibrated_advanced,0.92,True,False,200.0
2021-11-19 12:57:07,2021-11-19,inventory_report,Floating storage levels higher off Latin America,high,3,0.685,62.9,Signal of market contango/backwardation,"[np.str_('Global'), np.str_('US Gulf Coast')]",2,market_calibrated_advanced,0.87,True,False,200.0
2021-11-21 19:07:58,2021-11-21,trade_flow_disruption,Insurance premiums surge for Strait of Hormuz tanker transits,critical,4,1.0,190.5,"Increases shipping costs, may deter voyages",[np.str_('Strait of Hormuz')],7,market_calibrated_advanced,0.91,False,False,200.0
2021-11-22 12:53:43,2021-11-22,inventory_report,EIA reports lower crude inventory of 419M barrels,low,1,0.392,60.5,Weekly fundamental data point,"[np.str_('Global'), np.str_('US Gulf Coast')]",1,market_calibrated_advanced,0.86,True,True,160.0
2021-11-22 22:55:28,2021-11-22,inventory_report,China crude inventories show lower trend,high,3,0.597,87.0,Indicates demand trajectory in largest importer,"[np.str_('Global'), np.str_('US Gulf Coast')]",2,market_calibrated_advanced,0.99,True,False,200.0
2021-11-23 20:49:35,2021-11-23,inventory_report,Floating storage levels lower off Asia Pacific,high,3,0.654,30.6,Signal of market contango/backwardation,"[np.str_('Global'), np.str_('US Gulf Coast')]",2,market_calibrated_advanced,0.9,False,False,200.0
2021-11-24 01:42:14,2021-11-24,military_conflict,Drone attack targets India oil infrastructure,critical,4,0.7,274.3,"Immediate supply risk, insurance premiums spike",[np.str_('Middle East')],5,market_calibrated_advanced,0.95,True,True,160.0
2021-11-24 12:12:16,2021-11-24,inventory_report,EIA reports higher crude inventory of 1791M barrels,moderate,2,0.559,65.9,Weekly fundamental data point,"[np.str_('Global'), np.str_('US Gulf Coast')]",4,market_calibrated_advanced,0.98,True,False,200.0
2021-11-24 16:44:32,2021-11-24,military_conflict,Missile attack on Iraq port facility,extreme,5,1.0,555.2,Direct damage to export infrastructure,[np.str_('North Africa')],13,market_calibrated_advanced,0.76,True,False,200.0
2021-11-24 17:28:20,2021-11-24,production_policy,Non-OPEC production growth revised lower,high,3,1.0,255.8,Shifts market share expectations,"[np.str_('Middle East'), np.str_('Global')]",13,market_calibrated_advanced,0.91,True,False,200.0
2021-11-24 19:03:32,2021-11-24,production_policy,Nigeria announces voluntary production cut extension,high,3,0.7,76.6,Tightens supply outlook,[np.str_('Global')],54,market_calibrated_advanced,0.7,True,True,160.0
2021-11-25 14:53:31,2021-11-25,geopolitical_tension,Diplomatic tensions escalate between OPEC+ and OPEC+,critical,4,1.0,206.2,Risk premium increases on supply disruption fears,[np.str_('Asia Pacific')],33,market_calibrated_advanced,0.84,False,False,200.0
2021-11-25 21:52:03,2021-11-25,geopolitical_tension,Energy security summit addresses Red Sea supply concerns,moderate,2,0.5249999999999999,58.9,Coordinated response to supply risks,"[np.str_('Asia Pacific'), np.str_('Global'), np.str_('Middle East')]",32,market_calibrated_advanced,0.75,True,True,160.0
2021-11-26 13:03:12,2021-11-26,inventory_report,China crude inventories show unchanged trend,high,3,0.602,45.3,Indicates demand trajectory in largest importer,"[np.str_('Global'), np.str_('US Gulf Coast')]",2,market_calibrated_advanced,0.79,True,False,200.0
2021-11-27 06:22:35,2021-11-27,geopolitical_tension,Energy security summit addresses Caspian Region supply concerns,high,3,1.0,150.3,Coordinated response to supply risks,"[np.str_('Asia Pacific'), np.str_('Middle East')]",36,market_calibrated_advanced,0.79,True,False,200.0
2021-11-27 08:00:00,2021-11-27,inventory_report,Floating storage levels higher off Caspian Region,high,3,0.691,71.5,Signal of market contango/backwardation,"[np.str_('US Gulf Coast'), np.str_('Global')]",1,market_calibrated_advanced,0.8,True,False,200.0
2021-11-27 10:11:57,2021-11-27,inventory_report,Floating storage levels unchanged off Red Sea,moderate,2,0.3479,40.1,Signal of market contango/backwardation,"[np.str_('Global'), np.str_('US Gulf Coast')]",3,market_calibrated_advanced,0.73,True,True,160.0
2021-11-27 19:05:08,2021-11-27,geopolitical_tension,Energy security summit addresses Red Sea supply concerns,moderate,2,0.6118,152.4,Coordinated response to supply risks,[np.str_('Middle East')],32,market_calibrated_advanced,0.8,False,True,160.0
2021-11-28 03:04:56,2021-11-28,production_policy,Non-OPEC production growth revised unchanged,high,3,1.0,109.9,Shifts market share expectations,"[np.str_('Global'), np.str_('Middle East')]",54,market_calibrated_advanced,0.92,True,False,200.0
2021-11-28 13:29:45,2021-11-28,trade_flow_disruption,Shipping lane disruption near Suez Canal,extreme,5,1.0,90.2,"Forces rerouting, increases transit times","[np.str_('South China Sea'), np.str_('Strait of Hormuz')]",10,market_calibrated_advanced,0.92,False,False,200.0
2021-11-29 14:48:58,2021-11-29,inventory_report,Cushing storage levels approach operational minimum,high,3,0.693,42.5,Delivery point concerns for WTI contract,"[np.str_('US Gulf Coast'), np.str_('Global')]",2,market_calibrated_advanced,0.8,True,False,200.0
2021-11-30 01:18:58,2021-11-30,sanctions,OFAC issues new compliance guidance for oil transactions,high,3,1.0,364.2,Increases compliance costs and due diligence,"[np.str_('Caspian Region'), np.str_('Global')]",51,market_calibrated_advanced,0.98,True,False,200.0
2021-11-30 04:54:44,2021-11-30,geopolitical_tension,Diplomatic tensions escalate between China and European Union,high,3,0.5088999999999999,78.9,Risk premium increases on supply disruption fears,[np.str_('Middle East')],11,market_calibrated_advanced,0.83,True,True,160.0
2021-11-30 06:56:39,2021-11-30,sanctions,OFAC issues new compliance guidance for oil transactions,high,3,1.0,143.5,Increases compliance costs and due diligence,"[np.str_('Middle East'), np.str_('Global')]",47,market_calibrated_advanced,0.83,True,False,200.0
2021-11-30 14:43:43,2021-11-30,geopolitical_tension,Diplomatic tensions escalate between European Union and Kuwait,critical,4,0.903,218.1,Risk premium increases on supply disruption fears,"[np.str_('Middle East'), np.str_('Global')]",42,market_calibrated_advanced,0.85,True,False,200.0
2021-12-02 00:21:11,2021-12-02,sanctions,US imposes new sanctions on China oil sector,high,3,0.7,97.1,"Tightens global supply, redirects trade flows",[np.str_('Global')],50,market_calibrated_advanced,0.85,True,True,160.0
2021-12-02 02:05:22,2021-12-02,sanctions,Secondary sanctions threatened for European Union oil traders,extreme,5,1.0,105.7,Disrupts payment systems and shipping insurance,"[np.str_('Middle East'), np.str_('Global')]",70,market_calibrated_advanced,0.75,True,False,200.0
2021-12-02 22:27:40,2021-12-02,trade_flow_disruption,Port restrictions impact Kuwait crude exports,critical,4,1.0,221.3,Physical supply bottleneck,[np.str_('South China Sea')],17,market_calibrated_advanced,0.72,True,False,200.0
2021-12-04 10:40:15,2021-12-04,inventory_report,EIA reports unchanged crude inventory of 1820M barrels,low,1,0.3661,78.3,Weekly fundamental data point,"[np.str_('Global'), np.str_('US Gulf Coast')]",1,market_calibrated_advanced,0.95,True,True,160.0
2021-12-04 15:13:16,2021-12-04,inventory_report,EIA reports lower crude inventory of 1503M barrels,moderate,2,0.514,92.1,Weekly fundamental data point,"[np.str_('Global'), np.str_('US Gulf Coast')]",4,market_calibrated_advanced,0.89,True,False,200.0
2021-12-06 07:43:42,2021-12-06,sanctions,EU extends sanctions framework on Venezuela energy exports,critical,4,1.0,357.5,Reduces available supply to European markets,"[np.str_('Caspian Region'), np.str_('Global'), np.str_('Middle East')]",20,market_calibrated_advanced,0.78,False,False,200.0
2021-12-06 08:12:08,2021-12-06,inventory_report,China crude inventories show higher trend,high,3,0.622,30.6,Indicates demand trajectory in largest importer,"[np.str_('US Gulf Coast'), np.str_('Global')]",2,market_calibrated_advanced,0.94,True,False,200.0
2021-12-07 11:02:54,2021-12-07,production_policy,Russia output disrupted by pipeline rupture at Burgan,critical,4,1.0,76.7,Temporary supply reduction,"[np.str_('Middle East'), np.str_('Global')]",8,market_calibrated_advanced,0.85,True,False,200.0
2021-12-07 20:52:35,2021-12-07,infrastructure,New pipeline capacity comes online in Strait of Hormuz,moderate,2,0.904,42.7,Improves supply chain efficiency,"[np.str_('Middle East'), np.str_('North Sea'), np.str_('US Gulf Coast')]",4,market_calibrated_advanced,0.74,False,False,200.0
2021-12-08 00:33:29,2021-12-08,geopolitical_tension,Strategic reserve release coordinated by {alliance},critical,4,1.0,180.4,Temporary supply increase to calm markets,[np.str_('Asia Pacific')],23,market_calibrated_advanced,0.93,True,False,200.0
2021-12-08 08:53:00,2021-12-08,geopolitical_tension,Strategic reserve release coordinated by {alliance},high,3,0.5781999999999999,39.0,Temporary supply increase to calm markets,"[np.str_('Middle East'), np.str_('Global'), np.str_('Asia Pacific')]",32,market_calibrated_advanced,0.81,True,True,160.0
2021-12-10 07:54:25,2021-12-10,inventory_report,Cushing storage levels approach operational minimum,high,3,0.548,29.5,Delivery point concerns for WTI contract,[np.str_('US Gulf Coast')],2,market_calibrated_advanced,0.98,True,False,200.0
2021-12-10 14:55:20,2021-12-10,infrastructure,New pipeline capacity comes online in Asia Pacific,moderate,2,0.968,28.9,Improves supply chain efficiency,"[np.str_('Middle East'), np.str_('US Gulf Coast'), np.str_('North Sea')]",9,market_calibrated_advanced,0.94,True,False,200.0
2021-12-11 15:50:23,2021-12-11,sanctions,EU extends sanctions framework on China energy exports,critical,4,1.0,325.2,Reduces available supply to European markets,"[np.str_('Middle East'), np.str_('Global')]",58,market_calibrated_advanced,0.84,True,False,200.0
2021-12-11 17:48:27,2021-12-11,sanctions,OFAC issues new compliance guidance for oil transactions,moderate,2,0.7,280.5,Increases compliance costs and due diligence,"[np.str_('Middle East'), np.str_('Global')]",30,market_calibrated_advanced,0.7,True,True,160.0
2021-12-12 10:10:44,2021-12-12,inventory_report,China crude inventories show lower trend,high,3,0.641,63.9,Indicates demand trajectory in largest importer,"[np.str_('US Gulf Coast'), np.str_('Global')]",2,market_calibrated_advanced,0.7,True,False,200.0
2021-12-15 21:40:29,2021-12-15,inventory_report,EIA reports lower crude inventory of 632M barrels,low,1,0.653,63.1,Weekly fundamental data point,"[np.str_('US Gulf Coast'), np.str_('Global')]",4,market_calibrated_advanced,0.99,True,False,196.0
2021-12-16 19:54:29,2021-12-16,military_conflict,Drone attack targets UAE oil infrastructure,critical,4,0.7,323.8,"Immediate supply risk, insurance premiums spike",[np.str_('Middle East')],12,market_calibrated_advanced,1.0,True,True,160.0
2021-12-16 20:32:35,2021-12-16,military_conflict,Missile attack on Kuwait port facility,extreme,5,1.0,729.9,Direct damage to export infrastructure,"[np.str_('Strait of Hormuz'), np.str_('Middle East'), np.str_('North Africa')]",16,market_calibrated_advanced,0.97,True,False,200.0
2021-12-19 12:04:29,2021-12-19,inventory_report,China crude inventories show lower trend,high,3,0.597,48.7,Indicates demand trajectory in largest importer,[np.str_('US Gulf Coast')],1,market_calibrated_advanced,0.79,True,False,200.0
2021-12-19 16:02:12,2021-12-19,inventory_report,China crude inventories show higher trend,moderate,2,0.2989,41.2,Indicates demand trajectory in largest importer,"[np.str_('Global'), np.str_('US Gulf Coast')]",1,market_calibrated_advanced,0.92,True,True,160.0
2021-12-19 16:20:02,2021-12-19,military_conflict,Drone attack targets Iraq oil infrastructure,critical,4,0.7,631.3,"Immediate supply risk, insurance premiums spike","[np.str_('Strait of Hormuz'), np.str_('North Africa')]",28,market_calibrated_advanced,0.99,True,True,160.0
2021-12-19 20:20:00,2021-12-19,military_conflict,Drone attack targets OPEC+ oil infrastructure,extreme,5,1.0,704.3,"Immediate supply risk, insurance premiums spike","[np.str_('Middle East'), np.str_('North Africa')]",21,market_calibrated_advanced,0.74,True,False,200.0
2021-12-21 03:08:01,2021-12-21,infrastructure,New pipeline capacity comes online in South China Sea,moderate,2,0.886,144.6,Improves supply chain efficiency,"[np.str_('Middle East'), np.str_('US Gulf Coast'), np.str_('North Sea')]",3,market_calibrated_advanced,0.72,True,False,200.0
2021-12-21 04:23:07,2021-12-21,infrastructure,New pipeline capacity comes online in South China Sea,low,1,0.4543,114.9,Improves supply chain efficiency,"[np.str_('US Gulf Coast'), np.str_('Middle East'), np.str_('North Sea')]",2,market_calibrated_advanced,0.86,True,True,160.0
2021-12-21 21:04:35,2021-12-21,production_policy,China announces voluntary production cut extension,critical,4,1.0,266.8,Tightens supply outlook,[np.str_('Global')],27,market_calibrated_advanced,0.73,True,False,200.0
2021-12-22 14:33:19,2021-12-22,trade_flow_disruption,Shipping lane disruption near Malacca Strait,extreme,5,1.0,266.4,"Forces rerouting, increases transit times",[np.str_('Red Sea')],6,market_calibrated_advanced,0.96,True,False,200.0
2021-12-24 17:04:46,2021-12-24,geopolitical_tension,Trade negotiations impact Strait of Hormuz energy imports,high,3,1.0,195.8,Trade policy uncertainty affects flows,"[np.str_('Global'), np.str_('Middle East')]",44,market_calibrated_advanced,0.88,False,False,200.0
2021-12-25 01:15:56,2021-12-25,production_policy,China announces voluntary production cut extension,critical,4,1.0,289.5,Tightens supply outlook,"[np.str_('Global'), np.str_('Middle East')]",29,market_calibrated_advanced,0.96,False,False,200.0
2021-12-25 14:41:25,2021-12-25,inventory_report,China crude inventories show higher trend,high,3,0.519,35.5,Indicates demand trajectory in largest importer,"[np.str_('US Gulf Coast'), np.str_('Global')]",4,market_calibrated_advanced,0.92,True,False,200.0
2021-12-25 20:24:21,2021-12-25,inventory_report,Cushing storage levels approach operational minimum,high,3,0.634,71.8,Delivery point concerns for WTI contract,"[np.str_('US Gulf Coast'), np.str_('Global')]",3,market_calibrated_advanced,0.95,True,False,200.0
2021-12-25 20:57:36,2021-12-25,inventory_report,Cushing storage levels approach operational minimum,moderate,2,0.35559999999999997,77.9,Delivery point concerns for WTI contract,"[np.str_('US Gulf Coast'), np.str_('Global')]",3,market_calibrated_advanced,0.88,True,True,160.0
2021-12-26 19:44:14,2021-12-26,geopolitical_tension,Diplomatic tensions escalate between Nigeria and Nigeria,critical,4,0.953,147.2,Risk premium increases on supply disruption fears,[np.str_('Middle East')],10,market_calibrated_advanced,0.99,True,False,200.0
2021-12-27 00:36:47,2021-12-27,military_conflict,Drone attack targets Saudi Arabia oil infrastructure,extreme,5,1.0,494.3,"Immediate supply risk, insurance premiums spike","[np.str_('Strait of Hormuz'), np.str_('Middle East')]",9,market_calibrated_advanced,0.93,True,False,200.0
2021-12-27 03:37:34,2021-12-27,geopolitical_tension,Trade negotiations impact North Africa energy imports,high,3,1.0,45.6,Trade policy uncertainty affects flows,[np.str_('Asia Pacific')],15,market_calibrated_advanced,0.86,True,False,200.0
2021-12-27 08:04:46,2021-12-27,production_policy,OPEC+ agrees to adjust production by 1039 kb/d,critical,4,1.0,242.7,Direct impact on global supply-demand balance,"[np.str_('Global'), np.str_('Middle East')]",14,market_calibrated_advanced,0.85,True,False,200.0
2021-12-27 08:35:01,2021-12-27,production_policy,Non-OPEC production growth revised higher,moderate,2,0.7,174.3,Shifts market share expectations,"[np.str_('Global'), np.str_('Middle East')]",12,market_calibrated_advanced,0.79,True,True,160.0
2021-12-27 21:13:18,2021-12-27,production_policy,Non-OPEC production growth revised higher,high,3,1.0,170.2,Shifts market share expectations,"[np.str_('Middle East'), np.str_('Global')]",19,market_calibrated_advanced,0.89,False,False,200.0
2021-12-28 01:17:22,2021-12-28,trade_flow_disruption,Shipping lane disruption near Strait of Hormuz,extreme,5,1.0,248.5,"Forces rerouting, increases transit times","[np.str_('Strait of Hormuz'), np.str_('South China Sea'), np.str_('Red Sea')]",9,market_calibrated_advanced,0.86,True,False,200.0
2021-12-28 03:29:04,2021-12-28,trade_flow_disruption,Insurance premiums surge for US Gulf Coast tanker transits,high,3,0.6621999999999999,137.3,"Increases shipping costs, may deter voyages","[np.str_('South China Sea'), np.str_('Red Sea'), np.str_('Strait of Hormuz')]",18,market_calibrated_advanced,0.97,True,True,160.0
2021-12-28 04:51:23,2021-12-28,trade_flow_disruption,Port restrictions impact UAE crude exports,critical,4,1.0,103.4,Physical supply bottleneck,[np.str_('Strait of Hormuz')],15,market_calibrated_advanced,0.91,True,False,200.0
2021-12-28 22:16:46,2021-12-28,infrastructure,Major pipeline maintenance reduces North Africa flows by 1016,moderate,2,0.851,53.5,Temporary but planned supply reduction,"[np.str_('US Gulf Coast'), np.str_('North Sea'), np.str_('Middle East')]",10,market_calibrated_advanced,0.71,True,False,200.0
2021-12-29 02:38:28,2021-12-29,infrastructure,Refinery outage reduces crude demand in South China Sea,high,3,0.83,94.5,Reduces crude intake temporarily,"[np.str_('Middle East'), np.str_('North Sea'), np.str_('US Gulf Coast')]",5,market_calibrated_advanced,0.85,True,False,200.0
2021-12-30 00:27:17,2021-12-30,infrastructure,New pipeline capacity comes online in Caspian Region,moderate,2,0.849,67.9,Improves supply chain efficiency,[np.str_('North Sea')],1,market_calibrated_advanced,0.95,True,False,200.0
2021-12-30 04:18:23,2021-12-30,inventory_report,Cushing storage levels approach operational minimum,high,3,0.681,58.6,Delivery point concerns for WTI contract,"[np.str_('US Gulf Coast'), np.str_('Global')]",1,market_calibrated_advanced,0.82,True,False,200.0
2021-12-30 05:48:39,2021-12-30,inventory_report,EIA reports higher crude inventory of 259M barrels,low,1,0.31429999999999997,60.2,Weekly fundamental data point,"[np.str_('US Gulf Coast'), np.str_('Global')]",2,market_calibrated_advanced,0.75,True,True,160.0
2021-12-30 21:27:37,2021-12-30,inventory_report,Cushing storage levels approach operational minimum,high,3,0.534,33.0,Delivery point concerns for WTI contract,[np.str_('Global')],4,market_calibrated_advanced,0.74,False,False,200.0
2022-01-01 04:56:19,2022-01-01,trade_flow_disruption,Tanker tracking shows unchanged flows to Iran,high,3,1.0,143.5,Indicates trade pattern shifts,[np.str_('Strait of Hormuz')],4,market_calibrated_advanced,0.89,True,False,200.0
2022-01-02 05:46:46,2022-01-02,production_policy,OPEC+ agrees to adjust production by 1748 kb/d,critical,4,1.0,217.2,Direct impact on global supply-demand balance,"[np.str_('Middle East'), np.str_('Global')]",45,market_calibrated_advanced,0.78,True,False,200.0
2022-01-02 11:57:39,2022-01-02,inventory_report,EIA reports higher crude inventory of 218M barrels,moderate,2,0.689,77.0,Weekly fundamental data point,"[np.str_('US Gulf Coast'), np.str_('Global')]",4,market_calibrated_advanced,0.85,True,False,200.0
2022-01-03 06:01:16,2022-01-03,inventory_report,China crude inventories show higher trend,high,3,0.545,74.9,Indicates demand trajectory in largest importer,"[np.str_('Global'), np.str_('US Gulf Coast')]",3,market_calibrated_advanced,0.8,True,False,200.0
2022-01-04 06:22:09,2022-01-04,production_policy,OPEC+ announces voluntary production cut extension,critical,4,1.0,144.1,Tightens supply outlook,[np.str_('Middle East')],54,market_calibrated_advanced,0.78,True,False,200.0
2022-01-06 04:12:23,2022-01-06,inventory_report,Floating storage levels lower off Strait of Hormuz,moderate,2,0.29819999999999997,32.9,Signal of market contango/backwardation,"[np.str_('US Gulf Coast'), np.str_('Global')]",2,market_calibrated_advanced,0.72,True,True,160.0
2022-01-06 05:28:18,2022-01-06,inventory_report,EIA reports higher crude inventory of 323M barrels,low,1,0.3388,28.9,Weekly fundamental data point,"[np.str_('Global'), np.str_('US Gulf Coast')]",1,market_calibrated_advanced,0.85,True,True,160.0
2022-01-06 06:15:31,2022-01-06,inventory_report,Cushing storage levels approach operational minimum,high,3,0.568,23.8,Delivery point concerns for WTI contract,[np.str_('US Gulf Coast')],4,market_calibrated_advanced,0.94,True,False,200.0
2022-01-06 13:05:08,2022-01-06,production_policy,Russia output disrupted by power outage at Rumaila,critical,4,1.0,280.4,Temporary supply reduction,[np.str_('Global')],7,market_calibrated_advanced,0.93,False,False,200.0
2022-01-06 15:02:33,2022-01-06,production_policy,UAE output disrupted by weather at Burgan,high,3,0.7,132.9,Temporary supply reduction,"[np.str_('Global'), np.str_('Middle East')]",8,market_calibrated_advanced,0.89,True,True,160.0
2022-01-06 20:50:44,2022-01-06,inventory_report,EIA reports higher crude inventory of 184M barrels,moderate,2,0.516,64.5,Weekly fundamental data point,"[np.str_('Global'), np.str_('US Gulf Coast')]",3,market_calibrated_advanced,0.99,True,False,200.0
2022-01-07 11:37:19,2022-01-07,trade_flow_disruption,Tanker tracking shows unchanged flows to OPEC+,high,3,1.0,287.3,Indicates trade pattern shifts,"[np.str_('Red Sea'), np.str_('Strait of Hormuz')]",15,market_calibrated_advanced,0.9,False,False,200.0
2022-01-10 11:25:41,2022-01-10,inventory_report,EIA reports lower crude inventory of 1284M barrels,moderate,2,0.699,74.5,Weekly fundamental data point,"[np.str_('US Gulf Coast'), np.str_('Global')]",1,market_calibrated_advanced,0.7,True,False,200.0
2022-01-10 16:08:56,2022-01-10,infrastructure,Major pipeline maintenance reduces US Gulf Coast flows by 338,moderate,2,0.81,129.9,Temporary but planned supply reduction,"[np.str_('Middle East'), np.str_('US Gulf Coast'), np.str_('North Sea')]",1,market_calibrated_advanced,0.98,True,False,200.0
2022-01-11 04:51:07,2022-01-11,infrastructure,Port congestion delays 20 tankers at Basra,high,3,0.898,122.4,Logistical bottleneck affecting deliveries,[np.str_('North Sea')],13,market_calibrated_advanced,0.7,True,False,200.0
2022-01-13 16:22:24,2022-01-13,geopolitical_tension,Diplomatic tensions escalate between Russia and UAE,critical,4,1.0,53.7,Risk premium increases on supply disruption fears,"[np.str_('Middle East'), np.str_('Global'), np.str_('Asia Pacific')]",20,market_calibrated_advanced,0.85,True,False,200.0
2022-01-13 21:56:42,2022-01-13,infrastructure,Major pipeline maintenance reduces Asia Pacific flows by 1841,moderate,2,0.99,145.9,Temporary but planned supply reduction,"[np.str_('US Gulf Coast'), np.str_('Middle East'), np.str_('North Sea')]",10,market_calibrated_advanced,0.93,True,False,200.0
2022-01-14 00:02:27,2022-01-14,inventory_report,China crude inventories show lower trend,high,3,0.592,55.2,Indicates demand trajectory in largest importer,"[np.str_('Global'), np.str_('US Gulf Coast')]",1,market_calibrated_advanced,0.94,True,False,200.0
2022-01-15 05:06:08,2022-01-15,inventory_report,EIA reports higher crude inventory of 1624M barrels,moderate,2,0.54,97.6,Weekly fundamental data point,[np.str_('US Gulf Coast')],1,market_calibrated_advanced,0.77,True,False,200.0
2022-01-15 09:09:08,2022-01-15,inventory_report,Cushing storage levels approach operational minimum,moderate,2,0.3262,79.4,Delivery point concerns for WTI contract,"[np.str_('US Gulf Coast'), np.str_('Global')]",2,market_calibrated_advanced,0.72,True,True,160.0
2022-01-15 10:53:28,2022-01-15,inventory_report,China crude inventories show lower trend,high,3,0.549,72.0,Indicates demand trajectory in largest importer,[np.str_('Global')],3,market_calibrated_advanced,0.87,True,False,200.0
2022-01-15 19:37:04,2022-01-15,inventory_report,Floating storage levels higher off Red Sea,moderate,2,0.3199,70.5,Signal of market contango/backwardation,"[np.str_('Global'), np.str_('US Gulf Coast')]",4,market_calibrated_advanced,0.9,True,True,160.0
2022-01-16 07:33:58,2022-01-16,military_conflict,Naval incident near Malacca Strait shipping lane,extreme,5,1.0,449.8,Risk to major transit chokepoint,"[np.str_('Middle East'), np.str_('Strait of Hormuz')]",27,market_calibrated_advanced,0.8,True,False,200.0
2022-01-16 08:54:27,2022-01-16,inventory_report,EIA reports higher crude inventory of 1057M barrels,moderate,2,0.674,98.1,Weekly fundamental data point,"[np.str_('Global'), np.str_('US Gulf Coast')]",1,market_calibrated_advanced,0.82,True,False,200.0
2022-01-17 17:44:22,2022-01-17,inventory_report,Floating storage levels lower off North Sea,high,3,0.58,79.9,Signal of market contango/backwardation,"[np.str_('US Gulf Coast'), np.str_('Global')]",4,market_calibrated_advanced,1.0,True,False,200.0
2022-01-18 01:04:19,2022-01-18,geopolitical_tension,Trade negotiations impact North Africa energy imports,high,3,0.989,171.3,Trade policy uncertainty affects flows,"[np.str_('Asia Pacific'), np.str_('Middle East')]",16,market_calibrated_advanced,0.86,True,False,200.0
2022-01-19 07:43:25,2022-01-19,production_policy,Kuwait announces voluntary production cut extension,high,3,0.7,197.7,Tightens supply outlook,[np.str_('Middle East')],11,market_calibrated_advanced,1.0,False,True,160.0
2022-01-19 11:52:38,2022-01-19,production_policy,Non-OPEC production growth revised higher,high,3,1.0,109.8,Shifts market share expectations,"[np.str_('Middle East'), np.str_('Global')]",39,market_calibrated_advanced,0.8,True,False,200.0
2022-01-21 10:06:57,2022-01-21,inventory_report,Floating storage levels higher off Asia Pacific,moderate,2,0.617,45.3,Signal of market contango/backwardation,"[np.str_('US Gulf Coast'), np.str_('Global')]",2,market_calibrated_advanced,0.7,True,False,196.0
2022-01-21 17:26:53,2022-01-21,inventory_report,China crude inventories show unchanged trend,moderate,2,0.3374,29.0,Indicates demand trajectory in largest importer,"[np.str_('Global'), np.str_('US Gulf Coast')]",4,market_calibrated_advanced,0.72,True,True,157.0
2022-01-22 02:16:45,2022-01-22,military_conflict,Missile attack on Kuwait port facility,extreme,5,1.0,658.0,Direct damage to export infrastructure,"[np.str_('Strait of Hormuz'), np.str_('North Africa')]",9,market_calibrated_advanced,0.87,True,False,200.0
2022-01-22 07:42:45,2022-01-22,military_conflict,Military escalation near West Africa oil facilities,critical,4,0.7,658.3,Threatens regional production and transit,[np.str_('Strait of Hormuz')],20,market_calibrated_advanced,0.99,True,True,160.0
2022-01-26 07:39:54,2022-01-26,sanctions,EU extends sanctions framework on UAE energy exports,high,3,1.0,332.8,Reduces available supply to European markets,"[np.str_('Global'), np.str_('Middle East'), np.str_('Caspian Region')]",59,market_calibrated_advanced,0.9,False,False,198.0
2022-01-26 16:36:14,2022-01-26,inventory_report,Floating storage levels unchanged off Caspian Region,moderate,2,0.673,96.5,Signal of market contango/backwardation,[np.str_('US Gulf Coast')],4,market_calibrated_advanced,0.86,False,False,198.0
2022-01-27 03:53:03,2022-01-27,inventory_report,China crude inventories show higher trend,high,3,0.572,88.5,Indicates demand trajectory in largest importer,"[np.str_('US Gulf Coast'), np.str_('Global')]",3,market_calibrated_advanced,0.78,True,False,200.0
2022-01-27 20:07:27,2022-01-27,inventory_report,EIA reports unchanged crude inventory of 1705M barrels,moderate,2,0.649,36.2,Weekly fundamental data point,"[np.str_('US Gulf Coast'), np.str_('Global')]",3,market_calibrated_advanced,0.7,True,False,200.0
2022-01-28 02:52:08,2022-01-28,geopolitical_tension,Strategic reserve release coordinated by {alliance},critical,4,0.949,187.9,Temporary supply increase to calm markets,[np.str_('Global')],20,market_calibrated_advanced,0.95,True,False,200.0
2022-01-28 07:20:28,2022-01-28,sanctions,Sanctions waiver negotiations for UAE oil exports,critical,4,1.0,117.4,Potential for supply increase if granted,[np.str_('Caspian Region')],43,market_calibrated_advanced,0.87,False,False,200.0
2022-01-28 20:12:54,2022-01-28,geopolitical_tension,Trade negotiations impact North Sea energy imports,moderate,2,0.5558,42.9,Trade policy uncertainty affects flows,"[np.str_('Middle East'), np.str_('Global'), np.str_('Asia Pacific')]",28,market_calibrated_advanced,0.84,True,True,160.0
2022-01-30 13:33:12,2022-01-30,inventory_report,Cushing storage levels approach operational minimum,moderate,2,0.542,31.9,Delivery point concerns for WTI contract,"[np.str_('Global'), np.str_('US Gulf Coast')]",2,market_calibrated_advanced,0.93,True,False,198.0
2022-01-30 19:43:19,2022-01-30,inventory_report,Floating storage levels higher off Caspian Region,moderate,2,0.518,63.1,Signal of market contango/backwardation,[np.str_('US Gulf Coast')],3,market_calibrated_advanced,0.72,True,False,198.0
2022-01-31 00:29:52,2022-01-31,production_policy,Non-OPEC production growth revised higher,high,3,1.0,119.7,Shifts market share expectations,"[np.str_('Middle East'), np.str_('Global')]",49,market_calibrated_advanced,0.82,True,False,200.0
2022-01-31 09:11:57,2022-01-31,production_policy,Iran announces voluntary production cut extension,critical,4,1.0,127.4,Tightens supply outlook,[np.str_('Global')],28,market_calibrated_advanced,0.98,True,False,200.0
2022-02-01 05:38:05,2022-02-01,infrastructure,Major pipeline maintenance reduces US Gulf Coast flows by 1093,moderate,2,0.841,127.9,Temporary but planned supply reduction,[np.str_('North Sea')],5,market_calibrated_advanced,0.83,True,False,200.0
2022-02-01 12:34:12,2022-02-01,geopolitical_tension,Trade negotiations impact North Sea energy imports,moderate,2,0.5635,61.5,Trade policy uncertainty affects flows,"[np.str_('Asia Pacific'), np.str_('Middle East'), np.str_('Global')]",38,market_calibrated_advanced,0.94,True,True,160.0
2022-02-01 12:50:04,2022-02-01,geopolitical_tension,Diplomatic tensions escalate between European Union and Iran,critical,4,0.92,61.0,Risk premium increases on supply disruption fears,[np.str_('Asia Pacific')],14,market_calibrated_advanced,0.97,True,False,200.0
2022-02-04 07:57:14,2022-02-04,geopolitical_tension,Strategic reserve release coordinated by {alliance},high,3,1.0,63.4,Temporary supply increase to calm markets,"[np.str_('Middle East'), np.str_('Global')]",23,market_calibrated_advanced,0.97,True,False,198.0
2022-02-04 08:26:06,2022-02-04,geopolitical_tension,Strategic reserve release coordinated by {alliance},high,3,0.999,105.8,Temporary supply increase to calm markets,"[np.str_('Middle East'), np.str_('Asia Pacific')]",10,market_calibrated_advanced,0.98,True,False,198.0
2022-02-04 11:39:01,2022-02-04,geopolitical_tension,Strategic reserve release coordinated by {alliance},high,3,0.5704999999999999,156.6,Temporary supply increase to calm markets,"[np.str_('Middle East'), np.str_('Asia Pacific')]",20,market_calibrated_advanced,0.77,True,True,158.0
2022-02-05 22:30:44,2022-02-05,geopolitical_tension,Strategic reserve release coordinated by {alliance},critical,4,0.979,171.2,Temporary supply increase to calm markets,[np.str_('Global')],25,market_calibrated_advanced,0.91,True,False,200.0
2022-02-07 05:20:09,2022-02-07,geopolitical_tension,Strategic reserve release coordinated by {alliance},high,3,0.6048,81.9,Temporary supply increase to calm markets,"[np.str_('Middle East'), np.str_('Asia Pacific'), np.str_('Global')]",36,market_calibrated_advanced,0.71,False,True,160.0
2022-02-07 12:40:48,2022-02-07,sanctions,OFAC issues new compliance guidance for oil transactions,moderate,2,1.0,218.0,Increases compliance costs and due diligence,"[np.str_('Caspian Region'), np.str_('Middle East')]",29,market_calibrated_advanced,0.77,False,False,199.0
2022-02-07 14:12:25,2022-02-07,geopolitical_tension,Diplomatic tensions escalate between UAE and Iraq,high,3,0.965,75.2,Risk premium increases on supply disruption fears,"[np.str_('Middle East'), np.str_('Asia Pacific')]",39,market_calibrated_advanced,0.75,True,False,199.0
2022-02-09 16:49:14,2022-02-09,inventory_report,China crude inventories show lower trend,moderate,2,0.28979999999999995,51.8,Indicates demand trajectory in largest importer,[np.str_('US Gulf Coast')],4,market_calibrated_advanced,0.84,True,True,159.0
2022-02-09 20:53:35,2022-02-09,inventory_report,Cushing storage levels approach operational minimum,moderate,2,0.659,35.2,Delivery point concerns for WTI contract,[np.str_('Global')],1,market_calibrated_advanced,0.83,True,False,199.0
2022-02-10 04:10:28,2022-02-10,military_conflict,Military escalation near Strait of Hormuz oil facilities,extreme,5,1.0,357.3,Threatens regional production and transit,[np.str_('Middle East')],23,market_calibrated_advanced,0.74,True,False,200.0
2022-02-10 17:31:15,2022-02-10,military_conflict,Military escalation near Latin America oil facilities,critical,4,0.7,636.8,Threatens regional production and transit,"[np.str_('North Africa'), np.str_('Strait of Hormuz')]",8,market_calibrated_advanced,0.72,True,True,160.0
2022-02-11 00:34:58,2022-02-11,geopolitical_tension,Trade negotiations impact Caspian Region energy imports,high,3,0.913,42.9,Trade policy uncertainty affects flows,"[np.str_('Global'), np.str_('Middle East'), np.str_('Asia Pacific')]",32,market_calibrated_advanced,0.83,True,False,200.0
2022-02-11 04:07:18,2022-02-11,production_policy,Non-OPEC production growth revised unchanged,high,3,1.0,194.6,Shifts market share expectations,"[np.str_('Global'), np.str_('Middle East')]",32,market_calibrated_advanced,0.89,False,False,200.0
2022-02-11 05:02:48,2022-02-11,production_policy,Russia announces voluntary production cut extension,high,3,0.7,164.8,Tightens supply outlook,[np.str_('Global')],41,market_calibrated_advanced,0.92,False,True,160.0
2022-02-11 10:26:22,2022-02-11,inventory_report,Floating storage levels unchanged off Latin America,high,3,0.659,55.9,Signal of market contango/backwardation,[np.str_('Global')],1,market_calibrated_advanced,0.84,True,False,200.0
2022-02-14 01:03:27,2022-02-14,inventory_report,Floating storage levels higher off North Africa,moderate,2,0.575,52.6,Signal of market contango/backwardation,[np.str_('US Gulf Coast')],3,market_calibrated_advanced,0.8,True,False,198.0
2022-02-14 14:00:27,2022-02-14,inventory_report,EIA reports higher crude inventory of 1612M barrels,low,1,0.3668,20.1,Weekly fundamental data point,"[np.str_('Global'), np.str_('US Gulf Coast')]",3,market_calibrated_advanced,0.76,True,True,158.0
2022-02-14 16:09:11,2022-02-14,inventory_report,China crude inventories show higher trend,moderate,2,0.512,87.1,Indicates demand trajectory in largest importer,"[np.str_('US Gulf Coast'), np.str_('Global')]",3,market_calibrated_advanced,0.82,True,False,198.0
2022-02-15 02:10:38,2022-02-15,inventory_report,China crude inventories show higher trend,high,3,0.635,30.7,Indicates demand trajectory in largest importer,[np.str_('Global')],2,market_calibrated_advanced,0.93,True,False,200.0
2022-02-15 09:14:35,2022-02-15,inventory_report,EIA reports lower crude inventory of 421M barrels,low,1,0.2737,76.7,Weekly fundamental data point,[np.str_('Global')],3,market_calibrated_advanced,0.76,False,True,160.0
2022-02-15 12:45:01,2022-02-15,inventory_report,Floating storage levels unchanged off South China Sea,high,3,0.636,24.6,Signal of market contango/backwardation,[np.str_('US Gulf Coast')],4,market_calibrated_advanced,0.85,True,False,200.0
2022-02-17 01:48:37,2022-02-17,military_conflict,Drone attack targets Venezuela oil infrastructure,extreme,5,1.0,827.2,"Immediate supply risk, insurance premiums spike","[np.str_('North Africa'), np.str_('Strait of Hormuz')]",13,market_calibrated_advanced,0.85,True,False,200.0
2022-02-17 02:58:33,2022-02-17,inventory_report,Floating storage levels unchanged off North Africa,high,3,0.548,38.8,Signal of market contango/backwardation,"[np.str_('Global'), np.str_('US Gulf Coast')]",2,market_calibrated_advanced,0.72,True,False,200.0
2022-02-17 04:35:15,2022-02-17,military_conflict,Drone attack targets Russia oil infrastructure,critical,4,0.7,372.2,"Immediate supply risk, insurance premiums spike",[np.str_('Middle East')],12,market_calibrated_advanced,0.91,True,True,160.0
2022-02-21 08:33:13,2022-02-21,inventory_report,China crude inventories show unchanged trend,high,3,0.678,36.4,Indicates demand trajectory in largest importer,"[np.str_('US Gulf Coast'), np.str_('Global')]",1,market_calibrated_advanced,0.71,True,False,200.0
2022-02-21 10:32:07,2022-02-21,trade_flow_disruption,Insurance premiums surge for US Gulf Coast tanker transits,critical,4,1.0,148.0,"Increases shipping costs, may deter voyages","[np.str_('South China Sea'), np.str_('Red Sea')]",7,market_calibrated_advanced,0.75,True,False,200.0
2022-02-21 18:15:22,2022-02-21,inventory_report,EIA reports unchanged crude inventory of 1186M barrels,moderate,2,0.529,59.6,Weekly fundamental data point,"[np.str_('Global'), np.str_('US Gulf Coast')]",4,market_calibrated_advanced,0.76,True,False,200.0
2022-02-21 19:13:27,2022-02-21,infrastructure,New pipeline capacity comes online in Middle East,moderate,2,0.924,32.3,Improves supply chain efficiency,"[np.str_('North Sea'), np.str_('Middle East'), np.str_('US Gulf Coast')]",6,market_calibrated_advanced,0.85,True,False,200.0
2022-02-22 08:57:00,2022-02-22,inventory_report,Cushing storage levels approach operational minimum,moderate,2,0.3689,47.9,Delivery point concerns for WTI contract,[np.str_('US Gulf Coast')],2,market_calibrated_advanced,0.97,True,True,160.0
2022-02-22 11:41:52,2022-02-22,inventory_report,Cushing storage levels approach operational minimum,high,3,0.646,71.5,Delivery point concerns for WTI contract,[np.str_('Global')],3,market_calibrated_advanced,0.72,True,False,200.0
2022-02-22 15:29:12,2022-02-22,production_policy,OPEC+ agrees to adjust production by 1466 kb/d,critical,4,1.0,115.5,Direct impact on global supply-demand balance,"[np.str_('Global'), np.str_('Middle East')]",49,market_calibrated_advanced,0.77,False,False,200.0
2022-02-23 05:21:58,2022-02-23,trade_flow_disruption,Tanker tracking shows higher flows to Kuwait,moderate,2,0.6789999999999999,106.8,Indicates trade pattern shifts,"[np.str_('South China Sea'), np.str_('Red Sea'), np.str_('Strait of Hormuz')]",13,market_calibrated_advanced,0.81,True,True,160.0
2022-02-23 08:52:03,2022-02-23,military_conflict,Naval incident near Malacca Strait shipping lane,extreme,5,0.7,414.4,Risk to major transit chokepoint,[np.str_('Middle East')],19,market_calibrated_advanced,0.82,True,True,160.0
2022-02-23 10:29:37,2022-02-23,military_conflict,Drone attack targets Saudi Arabia oil infrastructure,extreme,5,1.0,374.9,"Immediate supply risk, insurance premiums spike","[np.str_('Strait of Hormuz'), np.str_('North Africa')]",7,market_calibrated_advanced,0.79,True,False,200.0
2022-02-23 21:35:01,2022-02-23,trade_flow_disruption,Shipping lane disruption near Malacca Strait,extreme,5,1.0,200.8,"Forces rerouting, increases transit times","[np.str_('South China Sea'), np.str_('Strait of Hormuz'), np.str_('Red Sea')]",4,market_calibrated_advanced,1.0,True,False,200.0
2022-02-25 07:38:36,2022-02-25,infrastructure,Refinery outage reduces crude demand in Middle East,high,3,0.918,122.8,Reduces crude intake temporarily,"[np.str_('North Sea'), np.str_('US Gulf Coast'), np.str_('Middle East')]",13,market_calibrated_advanced,0.85,True,False,200.0
2022-02-25 08:58:26,2022-02-25,infrastructure,Refinery outage reduces crude demand in Global,moderate,2,0.5711999999999999,64.3,Reduces crude intake temporarily,"[np.str_('North Sea'), np.str_('US Gulf Coast'), np.str_('Middle East')]",12,market_calibrated_advanced,0.72,True,True,160.0
2022-02-25 20:04:57,2022-02-25,infrastructure,Refinery outage reduces crude demand in Global,high,3,0.925,63.1,Reduces crude intake temporarily,"[np.str_('US Gulf Coast'), np.str_('North Sea')]",3,market_calibrated_advanced,0.82,True,False,200.0
2022-02-26 06:00:11,2022-02-26,inventory_report,China crude inventories show lower trend,high,3,0.536,37.1,Indicates demand trajectory in largest importer,[np.str_('US Gulf Coast')],4,market_calibrated_advanced,0.81,True,False,200.0
2022-03-01 11:16:15,2022-03-01,inventory_report,Cushing storage levels approach operational minimum,moderate,2,0.51,50.1,Delivery point concerns for WTI contract,"[np.str_('Global'), np.str_('US Gulf Coast')]",1,market_calibrated_advanced,0.92,True,False,199.0
2022-03-01 16:39:13,2022-03-01,inventory_report,Floating storage levels unchanged off Strait of Hormuz,moderate,2,0.628,65.9,Signal of market contango/backwardation,"[np.str_('Global'), np.str_('US Gulf Coast')]",1,market_calibrated_advanced,0.75,True,False,199.0
2022-03-01 20:30:25,2022-03-01,inventory_report,EIA reports higher crude inventory of 649M barrels,low,1,0.2884,50.6,Weekly fundamental data point,"[np.str_('Global'), np.str_('US Gulf Coast')]",2,market_calibrated_advanced,0.73,True,True,159.0
2022-03-02 20:12:51,2022-03-02,infrastructure,Port congestion delays 28 tankers at Houston,moderate,2,0.5067999999999999,77.9,Logistical bottleneck affecting deliveries,[np.str_('US Gulf Coast')],11,market_calibrated_advanced,0.7,True,True,160.0
2022-03-02 21:53:54,2022-03-02,infrastructure,Port congestion delays 45 tankers at Ras Tanura,high,3,0.901,90.3,Logistical bottleneck affecting deliveries,[np.str_('Middle East')],9,market_calibrated_advanced,0.71,True,False,200.0
2022-03-03 05:48:29,2022-03-03,infrastructure,Refinery outage reduces crude demand in West Africa,moderate,2,0.5166,103.9,Reduces crude intake temporarily,"[np.str_('Middle East'), np.str_('North Sea')]",8,market_calibrated_advanced,0.82,True,True,160.0
2022-03-03 08:31:02,2022-03-03,geopolitical_tension,Trade negotiations impact US Gulf Coast energy imports,high,3,0.979,66.6,Trade policy uncertainty affects flows,"[np.str_('Asia Pacific'), np.str_('Middle East')]",8,market_calibrated_advanced,0.83,True,False,200.0
2022-03-03 12:07:57,2022-03-03,infrastructure,Port congestion delays 6 tankers at Rotterdam,high,3,0.831,147.9,Logistical bottleneck affecting deliveries,"[np.str_('North Sea'), np.str_('US Gulf Coast'), np.str_('Middle East')]",7,market_calibrated_advanced,0.84,True,False,200.0
2022-03-05 09:53:42,2022-03-05,production_policy,OPEC+ agrees to adjust production by 560 kb/d,high,3,1.0,128.2,Direct impact on global supply-demand balance,[np.str_('Global')],26,market_calibrated_advanced,0.85,True,False,199.0
2022-03-05 18:51:22,2022-03-05,production_policy,Iran output disrupted by pipeline rupture at Ghawar,high,3,0.7,171.9,Temporary supply reduction,[np.str_('Global')],23,market_calibrated_advanced,0.97,True,True,159.0
2022-03-06 04:58:07,2022-03-06,inventory_report,China crude inventories show lower trend,moderate,2,0.2954,51.8,Indicates demand trajectory in largest importer,[np.str_('Global')],3,market_calibrated_advanced,0.84,True,True,160.0
2022-03-06 13:34:09,2022-03-06,inventory_report,Cushing storage levels approach operational minimum,high,3,0.624,23.7,Delivery point concerns for WTI contract,"[np.str_('US Gulf Coast'), np.str_('Global')]",1,market_calibrated_advanced,0.88,True,False,200.0
2022-03-07 04:04:40,2022-03-07,sanctions,OFAC issues new compliance guidance for oil transactions,moderate,2,0.7,119.9,Increases compliance costs and due diligence,[np.str_('Caspian Region')],60,market_calibrated_advanced,0.71,False,True,160.0
2022-03-07 04:10:10,2022-03-07,sanctions,Secondary sanctions threatened for India oil traders,extreme,5,1.0,137.8,Disrupts payment systems and shipping insurance,[np.str_('Caspian Region')],77,market_calibrated_advanced,0.71,True,False,200.0
2022-03-08 08:41:07,2022-03-08,infrastructure,New pipeline capacity comes online in Middle East,moderate,2,0.889,31.4,Improves supply chain efficiency,"[np.str_('Middle East'), np.str_('North Sea'), np.str_('US Gulf Coast')]",2,market_calibrated_advanced,0.75,True,False,200.0
2022-03-09 05:57:49,2022-03-09,geopolitical_tension,Trade negotiations impact US Gulf Coast energy imports,high,3,1.0,150.5,Trade policy uncertainty affects flows,[np.str_('Asia Pacific')],26,market_calibrated_advanced,0.79,True,False,200.0
2022-03-09 05:57:53,2022-03-09,geopolitical_tension,Strategic reserve release coordinated by {alliance},critical,4,1.0,217.5,Temporary supply increase to calm markets,"[np.str_('Global'), np.str_('Middle East'), np.str_('Asia Pacific')]",16,market_calibrated_advanced,0.84,True,False,200.0
2022-03-10 11:38:32,2022-03-10,geopolitical_tension,Trade negotiations impact Global energy imports,high,3,0.954,79.7,Trade policy uncertainty affects flows,[np.str_('Asia Pacific')],35,market_calibrated_advanced,1.0,True,False,200.0
2022-03-10 18:26:31,2022-03-10,geopolitical_tension,Trade negotiations impact Latin America energy imports,moderate,2,0.609,62.8,Trade policy uncertainty affects flows,"[np.str_('Global'), np.str_('Asia Pacific'), np.str_('Middle East')]",29,market_calibrated_advanced,0.84,False,True,160.0
2022-03-11 01:44:48,2022-03-11,inventory_report,EIA reports lower crude inventory of 432M barrels,moderate,2,0.61,58.2,Weekly fundamental data point,"[np.str_('US Gulf Coast'), np.str_('Global')]",1,market_calibrated_advanced,0.82,True,False,200.0
2022-03-13 11:20:07,2022-03-13,infrastructure,New pipeline capacity comes online in US Gulf Coast,low,1,0.812,25.8,Improves supply chain efficiency,[np.str_('North Sea')],10,market_calibrated_advanced,0.94,True,False,197.0
2022-03-14 01:37:42,2022-03-14,trade_flow_disruption,Insurance premiums surge for South China Sea tanker transits,high,3,0.5725999999999999,214.3,"Increases shipping costs, may deter voyages",[np.str_('Strait of Hormuz')],6,market_calibrated_advanced,0.78,False,True,160.0
2022-03-14 05:20:18,2022-03-14,inventory_report,Cushing storage levels approach operational minimum,high,3,0.659,55.9,Delivery point concerns for WTI contract,"[np.str_('US Gulf Coast'), np.str_('Global')]",1,market_calibrated_advanced,0.97,True,False,200.0
2022-03-14 06:57:14,2022-03-14,inventory_report,EIA reports lower crude inventory of 1781M barrels,moderate,2,0.686,77.4,Weekly fundamental data point,[np.str_('Global')],2,market_calibrated_advanced,0.93,True,False,200.0
2022-03-14 15:46:42,2022-03-14,trade_flow_disruption,Shipping lane disruption near Strait of Hormuz,extreme,5,1.0,196.4,"Forces rerouting, increases transit times","[np.str_('South China Sea'), np.str_('Red Sea'), np.str_('Strait of Hormuz')]",9,market_calibrated_advanced,0.93,True,False,200.0
2022-03-14 18:23:54,2022-03-14,trade_flow_disruption,Tanker tracking shows higher flows to Kuwait,high,3,1.0,242.0,Indicates trade pattern shifts,"[np.str_('South China Sea'), np.str_('Red Sea')]",17,market_calibrated_advanced,0.8,True,False,200.0
2022-03-18 02:24:38,2022-03-18,inventory_report,Floating storage levels lower off Red Sea,high,3,0.668,96.1,Signal of market contango/backwardation,[np.str_('Global')],2,market_calibrated_advanced,0.8,True,False,200.0
2022-03-18 14:50:16,2022-03-18,geopolitical_tension,Strategic reserve release coordinated by {alliance},critical,4,1.0,126.4,Temporary supply increase to calm markets,"[np.str_('Asia Pacific'), np.str_('Global')]",24,market_calibrated_advanced,0.98,True,False,200.0
2022-03-19 01:22:54,2022-03-19,sanctions,OFAC issues new compliance guidance for oil transactions,high,3,1.0,341.0,Increases compliance costs and due diligence,"[np.str_('Global'), np.str_('Middle East'), np.str_('Caspian Region')]",46,market_calibrated_advanced,0.99,True,False,200.0
2022-03-21 09:27:14,2022-03-21,trade_flow_disruption,Port restrictions impact Nigeria crude exports,high,3,0.993,242.8,Physical supply bottleneck,"[np.str_('Strait of Hormuz'), np.str_('South China Sea'), np.str_('Red Sea')]",14,market_calibrated_advanced,0.96,True,False,198.0
2022-03-21 12:20:20,2022-03-21,trade_flow_disruption,Shipping lane disruption near Suez Canal,critical,4,1.0,272.4,"Forces rerouting, increases transit times","[np.str_('South China Sea'), np.str_('Strait of Hormuz'), np.str_('Red Sea')]",17,market_calibrated_advanced,0.77,True,False,198.0
2022-03-22 05:28:57,2022-03-22,infrastructure,New pipeline capacity comes online in West Africa,moderate,2,0.968,128.9,Improves supply chain efficiency,"[np.str_('US Gulf Coast'), np.str_('Middle East'), np.str_('North Sea')]",13,market_calibrated_advanced,0.86,True,False,200.0
2022-03-24 15:56:42,2022-03-24,inventory_report,EIA reports lower crude inventory of 560M barrels,low,1,0.56,43.7,Weekly fundamental data point,[np.str_('Global')],1,market_calibrated_advanced,0.78,True,False,199.0
2022-03-26 11:05:25,2022-03-26,production_policy,Non-OPEC production growth revised higher,high,3,1.0,185.5,Shifts market share expectations,"[np.str_('Middle East'), np.str_('Global')]",20,market_calibrated_advanced,0.73,True,False,200.0
2022-03-26 14:02:00,2022-03-26,geopolitical_tension,Strategic reserve release coordinated by {alliance},critical,4,1.0,108.3,Temporary supply increase to calm markets,"[np.str_('Asia Pacific'), np.str_('Middle East')]",17,market_calibrated_advanced,0.98,True,False,200.0
2022-03-27 21:30:16,2022-03-27,production_policy,Saudi Arabia announces voluntary production cut extension,critical,4,1.0,240.4,Tightens supply outlook,[np.str_('Middle East')],27,market_calibrated_advanced,0.71,True,False,200.0
2022-03-28 16:52:09,2022-03-28,infrastructure,Major pipeline maintenance reduces North Africa flows by 1458,moderate,2,0.879,24.5,Temporary but planned supply reduction,[np.str_('North Sea')],12,market_calibrated_advanced,0.84,True,False,200.0
2022-03-29 03:40:27,2022-03-29,sanctions,EU extends sanctions framework on Iraq energy exports,critical,4,1.0,152.8,Reduces available supply to European markets,"[np.str_('Caspian Region'), np.str_('Global'), np.str_('Middle East')]",62,market_calibrated_advanced,0.82,True,False,200.0
2022-03-30 09:43:29,2022-03-30,inventory_report,China crude inventories show unchanged trend,high,3,0.633,36.0,Indicates demand trajectory in largest importer,"[np.str_('US Gulf Coast'), np.str_('Global')]",1,market_calibrated_advanced,0.82,True,False,200.0
2022-03-31 03:45:25,2022-03-31,trade_flow_disruption,Tanker tracking shows lower flows to Saudi Arabia,high,3,1.0,180.9,Indicates trade pattern shifts,"[np.str_('South China Sea'), np.str_('Strait of Hormuz'), np.str_('Red Sea')]",11,market_calibrated_advanced,0.9,True,False,200.0
2022-03-31 12:19:05,2022-03-31,inventory_report,EIA reports lower crude inventory of 1894M barrels,moderate,2,0.564,54.5,Weekly fundamental data point,"[np.str_('US Gulf Coast'), np.str_('Global')]",2,market_calibrated_advanced,0.9,True,False,200.0
2022-03-31 16:50:44,2022-03-31,geopolitical_tension,Strategic reserve release coordinated by {alliance},critical,4,0.964,110.3,Temporary supply increase to calm markets,"[np.str_('Global'), np.str_('Middle East')]",36,market_calibrated_advanced,0.9,True,False,200.0
2022-04-01 00:14:46,2022-04-01,sanctions,EU extends sanctions framework on Nigeria energy exports,critical,4,1.0,165.2,Reduces available supply to European markets,"[np.str_('Caspian Region'), np.str_('Middle East')]",19,market_calibrated_advanced,0.76,True,False,200.0
2022-04-01 05:07:17,2022-04-01,inventory_report,Floating storage levels higher off Asia Pacific,high,3,0.617,43.2,Signal of market contango/backwardation,[np.str_('US Gulf Coast')],4,market_calibrated_advanced,0.72,True,False,200.0
2022-04-02 05:53:38,2022-04-02,sanctions,Secondary sanctions threatened for India oil traders,extreme,5,1.0,275.4,Disrupts payment systems and shipping insurance,"[np.str_('Middle East'), np.str_('Global')]",18,market_calibrated_advanced,0.96,True,False,200.0
2022-04-02 14:57:25,2022-04-02,military_conflict,Drone attack targets India oil infrastructure,extreme,5,1.0,499.0,"Immediate supply risk, insurance premiums spike","[np.str_('North Africa'), np.str_('Middle East')]",23,market_calibrated_advanced,0.73,True,False,200.0
2022-04-02 21:38:38,2022-04-02,sanctions,US imposes new sanctions on Russia oil sector,high,3,0.7,137.6,"Tightens global supply, redirects trade flows",[np.str_('Caspian Region')],48,market_calibrated_advanced,0.86,True,True,160.0
2022-04-02 22:45:45,2022-04-02,infrastructure,Major pipeline maintenance reduces Red Sea flows by 1520,moderate,2,0.899,25.8,Temporary but planned supply reduction,"[np.str_('Middle East'), np.str_('North Sea'), np.str_('US Gulf Coast')]",4,market_calibrated_advanced,0.78,True,False,200.0
2022-04-05 08:50:12,2022-04-05,geopolitical_tension,Strategic reserve release coordinated by {alliance},high,3,1.0,159.1,Temporary supply increase to calm markets,[np.str_('Middle East')],43,market_calibrated_advanced,0.73,True,False,198.0
2022-04-05 13:26:02,2022-04-05,production_policy,Saudi Arabia output disrupted by power outage at Rumaila,high,3,0.7,179.3,Temporary supply reduction,"[np.str_('Middle East'), np.str_('Global')]",34,market_calibrated_advanced,0.95,True,True,158.0
2022-04-05 18:17:29,2022-04-05,production_policy,Non-OPEC production growth revised higher,moderate,2,1.0,111.7,Shifts market share expectations,"[np.str_('Global'), np.str_('Middle East')]",19,market_calibrated_advanced,0.96,True,False,198.0
2022-04-06 12:54:22,2022-04-06,geopolitical_tension,Energy security summit addresses Latin America supply concerns,high,3,1.0,211.2,Coordinated response to supply risks,"[np.str_('Middle East'), np.str_('Global'), np.str_('Asia Pacific')]",23,market_calibrated_advanced,0.99,True,False,200.0
2022-04-07 06:23:49,2022-04-07,infrastructure,Port congestion delays 23 tankers at Ras Tanura,moderate,2,0.5116999999999999,86.7,Logistical bottleneck affecting deliveries,[np.str_('North Sea')],5,market_calibrated_advanced,0.75,True,True,160.0
2022-04-07 08:17:04,2022-04-07,geopolitical_tension,Energy security summit addresses Caspian Region supply concerns,high,3,0.982,96.7,Coordinated response to supply risks,"[np.str_('Global'), np.str_('Asia Pacific'), np.str_('Middle East')]",19,market_calibrated_advanced,0.89,True,False,200.0
2022-04-07 11:50:23,2022-04-07,infrastructure,Refinery outage reduces crude demand in Strait of Hormuz,high,3,0.984,122.6,Reduces crude intake temporarily,[np.str_('US Gulf Coast')],1,market_calibrated_advanced,0.87,True,False,200.0
2022-04-08 03:41:03,2022-04-08,inventory_report,EIA reports unchanged crude inventory of 1501M barrels,moderate,2,0.651,70.7,Weekly fundamental data point,"[np.str_('Global'), np.str_('US Gulf Coast')]",2,market_calibrated_advanced,0.92,True,False,200.0
2022-04-08 08:07:46,2022-04-08,production_policy,OPEC+ agrees to adjust production by 448 kb/d,critical,4,1.0,186.7,Direct impact on global supply-demand balance,"[np.str_('Global'), np.str_('Middle East')]",39,market_calibrated_advanced,0.82,True,False,200.0
2022-04-09 00:00:34,2022-04-09,trade_flow_disruption,Port restrictions impact Iran crude exports,critical,4,1.0,143.2,Physical supply bottleneck,"[np.str_('South China Sea'), np.str_('Strait of Hormuz'), np.str_('Red Sea')]",11,market_calibrated_advanced,0.98,True,False,200.0
2022-04-10 19:23:40,2022-04-10,trade_flow_disruption,Shipping lane disruption near Suez Canal,extreme,5,1.0,287.0,"Forces rerouting, increases transit times","[np.str_('South China Sea'), np.str_('Red Sea'), np.str_('Strait of Hormuz')]",9,market_calibrated_advanced,0.74,True,False,200.0
2022-04-11 04:17:36,2022-04-11,geopolitical_tension,Energy security summit addresses Strait of Hormuz supply concerns,high,3,1.0,191.3,Coordinated response to supply risks,"[np.str_('Middle East'), np.str_('Asia Pacific'), np.str_('Global')]",11,market_calibrated_advanced,0.81,True,False,200.0
2022-04-13 05:12:00,2022-04-13,sanctions,Sanctions waiver negotiations for UAE oil exports,critical,4,1.0,294.5,Potential for supply increase if granted,[np.str_('Global')],36,market_calibrated_advanced,0.91,True,False,200.0
2022-04-13 07:51:46,2022-04-13,sanctions,Secondary sanctions threatened for Saudi Arabia oil traders,critical,4,0.7,136.9,Disrupts payment systems and shipping insurance,"[np.str_('Caspian Region'), np.str_('Global'), np.str_('Middle East')]",73,market_calibrated_advanced,0.92,True,True,160.0
2022-04-13 22:08:17,2022-04-13,inventory_report,Floating storage levels unchanged off South China Sea,high,3,0.549,48.9,Signal of market contango/backwardation,"[np.str_('Global'), np.str_('US Gulf Coast')]",4,market_calibrated_advanced,0.73,True,False,200.0
2022-04-14 13:36:04,2022-04-14,inventory_report,Floating storage levels unchanged off Middle East,high,3,0.671,66.4,Signal of market contango/backwardation,"[np.str_('US Gulf Coast'), np.str_('Global')]",3,market_calibrated_advanced,0.75,True,False,200.0
2022-04-14 14:53:54,2022-04-14,production_policy,European Union announces voluntary production cut extension,high,3,0.7,178.4,Tightens supply outlook,[np.str_('Middle East')],54,market_calibrated_advanced,0.79,True,True,160.0
2022-04-14 16:42:46,2022-04-14,production_policy,Venezuela output disrupted by pipeline rupture at Burgan,critical,4,1.0,285.4,Temporary supply reduction,[np.str_('Global')],57,market_calibrated_advanced,0.79,True,False,200.0
2022-04-15 09:55:04,2022-04-15,geopolitical_tension,Diplomatic tensions escalate between OPEC+ and Iraq,high,3,0.5236,179.9,Risk premium increases on supply disruption fears,"[np.str_('Asia Pacific'), np.str_('Global'), np.str_('Middle East')]",23,market_calibrated_advanced,0.82,False,True,160.0
2022-04-15 10:28:06,2022-04-15,geopolitical_tension,Diplomatic tensions escalate between Saudi Arabia and Kuwait,critical,4,1.0,218.9,Risk premium increases on supply disruption fears,"[np.str_('Asia Pacific'), np.str_('Global')]",38,market_calibrated_advanced,0.82,True,False,200.0
2022-04-17 02:54:48,2022-04-17,geopolitical_tension,Diplomatic tensions escalate between Russia and USA,high,3,0.928,126.5,Risk premium increases on supply disruption fears,[np.str_('Asia Pacific')],28,market_calibrated_advanced,0.8,True,False,198.0
2022-04-17 07:18:17,2022-04-17,inventory_report,China crude inventories show higher trend,moderate,2,0.31779999999999997,62.1,Indicates demand trajectory in largest importer,[np.str_('US Gulf Coast')],1,market_calibrated_advanced,0.91,True,True,158.0
2022-04-17 09:54:07,2022-04-17,inventory_report,Cushing storage levels approach operational minimum,moderate,2,0.533,34.4,Delivery point concerns for WTI contract,"[np.str_('US Gulf Coast'), np.str_('Global')]",2,market_calibrated_advanced,0.77,True,False,198.0
2022-04-17 10:01:55,2022-04-17,production_policy,Non-OPEC production growth revised unchanged,moderate,2,1.0,193.6,Shifts market share expectations,"[np.str_('Global'), np.str_('Middle East')]",28,market_calibrated_advanced,0.94,True,False,198.0
2022-04-17 14:28:01,2022-04-17,production_policy,Saudi Arabia output disrupted by technical issues at Ghawar,high,3,0.7,166.7,Temporary supply reduction,[np.str_('Middle East')],17,market_calibrated_advanced,0.8,True,True,158.0
2022-04-17 16:04:40,2022-04-17,geopolitical_tension,Trade negotiations impact Red Sea energy imports,moderate,2,0.574,75.2,Trade policy uncertainty affects flows,"[np.str_('Asia Pacific'), np.str_('Middle East'), np.str_('Global')]",36,market_calibrated_advanced,0.72,True,True,158.0
2022-04-18 08:18:01,2022-04-18,infrastructure,Port congestion delays 26 tankers at Ras Tanura,high,3,0.881,58.6,Logistical bottleneck affecting deliveries,[np.str_('North Sea')],12,market_calibrated_advanced,0.8,True,False,200.0
2022-04-20 18:23:18,2022-04-20,production_policy,Non-OPEC production growth revised lower,high,3,1.0,241.8,Shifts market share expectations,"[np.str_('Middle East'), np.str_('Global')]",33,market_calibrated_advanced,0.83,True,False,200.0
2022-04-21 00:05:07,2022-04-21,trade_flow_disruption,Shipping lane disruption near Suez Canal,extreme,5,1.0,240.0,"Forces rerouting, increases transit times","[np.str_('Strait of Hormuz'), np.str_('South China Sea'), np.str_('Red Sea')]",17,market_calibrated_advanced,0.73,True,False,200.0
2022-04-21 06:34:29,2022-04-21,trade_flow_disruption,Shipping lane disruption near Bab el-Mandeb,critical,4,0.6782999999999999,183.6,"Forces rerouting, increases transit times","[np.str_('Red Sea'), np.str_('Strait of Hormuz'), np.str_('South China Sea')]",18,market_calibrated_advanced,0.96,True,True,160.0
2022-04-21 07:04:07,2022-04-21,inventory_report,EIA reports lower crude inventory of 1534M barrels,moderate,2,0.648,52.2,Weekly fundamental data point,[np.str_('US Gulf Coast')],4,market_calibrated_advanced,0.89,True,False,200.0
2022-04-21 13:20:11,2022-04-21,production_policy,OPEC+ agrees to adjust production by 803 kb/d,critical,4,1.0,294.4,Direct impact on global supply-demand balance,"[np.str_('Middle East'), np.str_('Global')]",48,market_calibrated_advanced,0.95,True,False,200.0
2022-04-22 14:56:22,2022-04-22,sanctions,Sanctions waiver negotiations for China oil exports,critical,4,1.0,186.2,Potential for supply increase if granted,"[np.str_('Caspian Region'), np.str_('Middle East'), np.str_('Global')]",20,market_calibrated_advanced,1.0,True,False,200.0
2022-04-23 04:26:47,2022-04-23,sanctions,Sanctions waiver negotiations for OPEC+ oil exports,critical,4,1.0,368.3,Potential for supply increase if granted,[np.str_('Caspian Region')],79,market_calibrated_advanced,0.75,True,False,200.0
2022-04-24 09:29:31,2022-04-24,infrastructure,New pipeline capacity comes online in Global,moderate,2,0.809,119.3,Improves supply chain efficiency,"[np.str_('US Gulf Coast'), np.str_('Middle East')]",6,market_calibrated_advanced,0.94,False,False,200.0
2022-04-25 09:20:03,2022-04-25,inventory_report,Cushing storage levels approach operational minimum,high,3,0.541,56.0,Delivery point concerns for WTI contract,"[np.str_('US Gulf Coast'), np.str_('Global')]",1,market_calibrated_advanced,0.91,True,False,200.0
2022-04-26 08:09:38,2022-04-26,inventory_report,Cushing storage levels approach operational minimum,high,3,0.516,61.1,Delivery point concerns for WTI contract,"[np.str_('US Gulf Coast'), np.str_('Global')]",4,market_calibrated_advanced,0.98,True,False,200.0
2022-04-26 08:29:58,2022-04-26,infrastructure,Refinery outage reduces crude demand in US Gulf Coast,high,3,0.973,89.7,Reduces crude intake temporarily,"[np.str_('Middle East'), np.str_('North Sea')]",12,market_calibrated_advanced,1.0,True,False,200.0
2022-04-26 09:09:37,2022-04-26,geopolitical_tension,Energy security summit addresses North Sea supply concerns,moderate,2,0.6265,175.1,Coordinated response to supply risks,"[np.str_('Global'), np.str_('Asia Pacific'), np.str_('Middle East')]",21,market_calibrated_advanced,0.81,True,True,160.0
2022-04-26 19:05:02,2022-04-26,geopolitical_tension,Diplomatic tensions escalate between China and Russia,critical,4,1.0,42.7,Risk premium increases on supply disruption fears,[np.str_('Asia Pacific')],33,market_calibrated_advanced,0.89,True,False,200.0
2022-04-27 04:45:14,2022-04-27,military_conflict,Missile attack on Kuwait port facility,extreme,5,1.0,588.5,Direct damage to export infrastructure,"[np.str_('North Africa'), np.str_('Middle East')]",21,market_calibrated_advanced,0.9,False,False,200.0
2022-04-28 13:13:45,2022-04-28,production_policy,Russia announces voluntary production cut extension,critical,4,1.0,163.9,Tightens supply outlook,"[np.str_('Middle East'), np.str_('Global')]",11,market_calibrated_advanced,0.78,False,False,200.0
2022-04-29 02:17:15,2022-04-29,production_policy,OPEC+ agrees to adjust production by 230 kb/d,critical,4,1.0,299.6,Direct impact on global supply-demand balance,[np.str_('Global')],38,market_calibrated_advanced,1.0,True,False,200.0
2022-04-30 01:35:15,2022-04-30,inventory_report,Cushing storage levels approach operational minimum,high,3,0.583,47.7,Delivery point concerns for WTI contract,[np.str_('US Gulf Coast')],3,market_calibrated_advanced,0.73,True,False,200.0
2022-04-30 14:03:14,2022-04-30,inventory_report,Floating storage levels unchanged off North Sea,high,3,0.512,94.4,Signal of market contango/backwardation,"[np.str_('Global'), np.str_('US Gulf Coast')]",1,market_calibrated_advanced,0.77,False,False,200.0
2022-05-01 02:28:13,2022-05-01,trade_flow_disruption,Shipping lane disruption near Malacca Strait,extreme,5,1.0,66.5,"Forces rerouting, increases transit times","[np.str_('Red Sea'), np.str_('South China Sea'), np.str_('Strait of Hormuz')]",15,market_calibrated_advanced,0.95,True,False,200.0
2022-05-01 09:46:12,2022-05-01,inventory_report,EIA reports lower crude inventory of 734M barrels,moderate,2,0.698,25.3,Weekly fundamental data point,"[np.str_('US Gulf Coast'), np.str_('Global')]",4,market_calibrated_advanced,0.76,True,False,200.0
2022-05-01 19:32:29,2022-05-01,trade_flow_disruption,Tanker tracking shows lower flows to USA,moderate,2,0.5607,96.5,Indicates trade pattern shifts,[np.str_('South China Sea')],7,market_calibrated_advanced,0.78,True,True,160.0
2022-05-01 21:51:46,2022-05-01,inventory_report,China crude inventories show lower trend,high,3,0.578,76.9,Indicates demand trajectory in largest importer,[np.str_('Global')],4,market_calibrated_advanced,0.76,True,False,200.0
2022-05-02 01:46:58,2022-05-02,military_conflict,Naval incident near Bab el-Mandeb shipping lane,extreme,5,0.7,523.5,Risk to major transit chokepoint,"[np.str_('Strait of Hormuz'), np.str_('Middle East')]",26,market_calibrated_advanced,0.89,True,True,160.0
2022-05-02 08:45:00,2022-05-02,military_conflict,Naval incident near Suez Canal shipping lane,extreme,5,1.0,207.3,Risk to major transit chokepoint,"[np.str_('Strait of Hormuz'), np.str_('North Africa'), np.str_('Middle East')]",19,market_calibrated_advanced,0.81,True,False,200.0
2022-05-03 02:04:54,2022-05-03,inventory_report,EIA reports higher crude inventory of 415M barrels,moderate,2,0.642,86.1,Weekly fundamental data point,"[np.str_('US Gulf Coast'), np.str_('Global')]",1,market_calibrated_advanced,0.78,True,False,200.0
2022-05-03 04:08:00,2022-05-03,inventory_report,China crude inventories show unchanged trend,moderate,2,0.27649999999999997,31.1,Indicates demand trajectory in largest importer,"[np.str_('US Gulf Coast'), np.str_('Global')]",3,market_calibrated_advanced,0.82,True,True,160.0
2022-05-04 06:55:53,2022-05-04,inventory_report,Floating storage levels unchanged off US Gulf Coast,moderate,2,0.3626,46.2,Signal of market contango/backwardation,"[np.str_('US Gulf Coast'), np.str_('Global')]",2,market_calibrated_advanced,0.91,True,True,160.0
2022-05-04 19:30:56,2022-05-04,inventory_report,China crude inventories show unchanged trend,high,3,0.521,45.8,Indicates demand trajectory in largest importer,"[np.str_('Global'), np.str_('US Gulf Coast')]",2,market_calibrated_advanced,0.77,True,False,200.0
2022-05-05 06:57:21,2022-05-05,geopolitical_tension,Trade negotiations impact North Sea energy imports,high,3,1.0,130.5,Trade policy uncertainty affects flows,"[np.str_('Asia Pacific'), np.str_('Global'), np.str_('Middle East')]",38,market_calibrated_advanced,0.95,True,False,200.0
2022-05-05 08:42:56,2022-05-05,sanctions,Sanctions waiver negotiations for OPEC+ oil exports,critical,4,1.0,181.8,Potential for supply increase if granted,"[np.str_('Caspian Region'), np.str_('Middle East')]",50,market_calibrated_advanced,0.74,True,False,200.0
2022-05-08 03:51:09,2022-05-08,inventory_report,Floating storage levels unchanged off West Africa,moderate,2,0.3465,21.2,Signal of market contango/backwardation,"[np.str_('US Gulf Coast'), np.str_('Global')]",1,market_calibrated_advanced,0.77,True,True,160.0
2022-05-08 08:51:16,2022-05-08,inventory_report,Cushing storage levels approach operational minimum,high,3,0.536,94.8,Delivery point concerns for WTI contract,"[np.str_('Global'), np.str_('US Gulf Coast')]",3,market_calibrated_advanced,0.76,True,False,200.0
2022-05-08 14:49:52,2022-05-08,production_policy,UAE announces voluntary production cut extension,high,3,0.7,119.1,Tightens supply outlook,"[np.str_('Global'), np.str_('Middle East')]",46,market_calibrated_advanced,0.92,True,True,160.0
2022-05-08 18:42:49,2022-05-08,production_policy,European Union output disrupted by power outage at Ghawar,critical,4,1.0,86.8,Temporary supply reduction,"[np.str_('Global'), np.str_('Middle East')]",19,market_calibrated_advanced,0.81,True,False,200.0
2022-05-08 20:35:42,2022-05-08,inventory_report,EIA reports higher crude inventory of 1130M barrels,moderate,2,0.558,87.8,Weekly fundamental data point,[np.str_('Global')],3,market_calibrated_advanced,0.8,True,False,200.0
2022-05-08 21:23:16,2022-05-08,inventory_report,EIA reports lower crude inventory of 1060M barrels,low,1,0.4038999999999999,39.1,Weekly fundamental data point,[np.str_('US Gulf Coast')],2,market_calibrated_advanced,0.94,True,True,160.0
2022-05-10 03:45:42,2022-05-10,inventory_report,Floating storage levels unchanged off US Gulf Coast,high,3,0.601,80.6,Signal of market contango/backwardation,"[np.str_('Global'), np.str_('US Gulf Coast')]",2,market_calibrated_advanced,0.93,True,False,200.0
2022-05-11 18:58:22,2022-05-11,trade_flow_disruption,Shipping lane disruption near Malacca Strait,extreme,5,1.0,75.7,"Forces rerouting, increases transit times","[np.str_('South China Sea'), np.str_('Strait of Hormuz')]",7,market_calibrated_advanced,0.73,True,False,200.0
2022-05-12 08:31:51,2022-05-12,inventory_report,China crude inventories show higher trend,high,3,0.554,22.3,Indicates demand trajectory in largest importer,"[np.str_('Global'), np.str_('US Gulf Coast')]",4,market_calibrated_advanced,0.99,True,False,200.0
2022-05-12 20:29:07,2022-05-12,infrastructure,New pipeline capacity comes online in North Sea,moderate,2,0.807,75.3,Improves supply chain efficiency,[np.str_('North Sea')],8,market_calibrated_advanced,0.77,True,False,200.0
2022-05-13 00:12:05,2022-05-13,inventory_report,Cushing storage levels approach operational minimum,high,3,0.568,71.6,Delivery point concerns for WTI contract,[np.str_('Global')],2,market_calibrated_advanced,0.9,True,False,200.0
2022-05-13 04:03:56,2022-05-13,sanctions,EU extends sanctions framework on Libya energy exports,critical,4,1.0,126.3,Reduces available supply to European markets,"[np.str_('Middle East'), np.str_('Global'), np.str_('Caspian Region')]",36,market_calibrated_advanced,1.0,True,False,200.0
2022-05-13 15:21:37,2022-05-13,production_policy,European Union output disrupted by pipeline rupture at Khurais,high,3,0.7,182.7,Temporary supply reduction,"[np.str_('Middle East'), np.str_('Global')]",56,market_calibrated_advanced,0.9,True,True,160.0
2022-05-13 20:09:20,2022-05-13,production_policy,Non-OPEC production growth revised lower,high,3,1.0,220.2,Shifts market share expectations,[np.str_('Middle East')],46,market_calibrated_advanced,0.93,True,False,200.0
2022-05-13 22:09:18,2022-05-13,inventory_report,Cushing storage levels approach operational minimum,moderate,2,0.30029999999999996,37.8,Delivery point concerns for WTI contract,"[np.str_('US Gulf Coast'), np.str_('Global')]",3,market_calibrated_advanced,0.98,True,True,160.0
2022-05-14 21:27:15,2022-05-14,inventory_report,EIA reports unchanged crude inventory of 699M barrels,moderate,2,0.686,81.5,Weekly fundamental data point,"[np.str_('Global'), np.str_('US Gulf Coast')]",3,market_calibrated_advanced,0.92,False,False,200.0
2022-05-16 09:27:02,2022-05-16,production_policy,Iraq announces voluntary production cut extension,high,3,1.0,77.4,Tightens supply outlook,"[np.str_('Middle East'), np.str_('Global')]",19,market_calibrated_advanced,0.79,True,False,198.0
2022-05-16 21:36:19,2022-05-16,geopolitical_tension,Strategic reserve release coordinated by {alliance},high,3,1.0,125.3,Temporary supply increase to calm markets,"[np.str_('Global'), np.str_('Middle East')]",16,market_calibrated_advanced,0.71,True,False,198.0
2022-05-17 06:09:43,2022-05-17,geopolitical_tension,Energy security summit addresses Asia Pacific supply concerns,high,3,0.971,137.8,Coordinated response to supply risks,"[np.str_('Middle East'), np.str_('Global')]",12,market_calibrated_advanced,0.92,False,False,200.0
2022-05-18 09:18:16,2022-05-18,geopolitical_tension,Trade negotiations impact Latin America energy imports,high,3,0.986,171.9,Trade policy uncertainty affects flows,[np.str_('Global')],5,market_calibrated_advanced,0.9,True,False,200.0
2022-05-18 10:39:03,2022-05-18,sanctions,OFAC issues new compliance guidance for oil transactions,high,3,1.0,242.9,Increases compliance costs and due diligence,"[np.str_('Caspian Region'), np.str_('Global'), np.str_('Middle East')]",68,market_calibrated_advanced,1.0,True,False,200.0
2022-05-18 17:06:53,2022-05-18,inventory_report,EIA reports higher crude inventory of 1756M barrels,moderate,2,0.577,57.2,Weekly fundamental data point,"[np.str_('US Gulf Coast'), np.str_('Global')]",2,market_calibrated_advanced,0.83,True,False,200.0
2022-05-18 18:14:50,2022-05-18,inventory_report,Floating storage levels unchanged off Caspian Region,moderate,2,0.3171,74.8,Signal of market contango/backwardation,"[np.str_('Global'), np.str_('US Gulf Coast')]",4,market_calibrated_advanced,0.93,True,True,160.0
2022-05-19 04:22:32,2022-05-19,inventory_report,China crude inventories show unchanged trend,moderate,2,0.3892,38.0,Indicates demand trajectory in largest importer,[np.str_('Global')],1,market_calibrated_advanced,0.87,True,True,160.0
2022-05-19 10:30:52,2022-05-19,inventory_report,EIA reports higher crude inventory of 1349M barrels,moderate,2,0.613,46.1,Weekly fundamental data point,"[np.str_('US Gulf Coast'), np.str_('Global')]",2,market_calibrated_advanced,0.99,False,False,200.0
2022-05-19 22:16:49,2022-05-19,sanctions,Sanctions waiver negotiations for Kuwait oil exports,critical,4,1.0,156.1,Potential for supply increase if granted,"[np.str_('Global'), np.str_('Middle East'), np.str_('Caspian Region')]",60,market_calibrated_advanced,0.99,True,False,200.0
2022-05-22 04:05:09,2022-05-22,geopolitical_tension,Strategic reserve release coordinated by {alliance},high,3,1.0,115.7,Temporary supply increase to calm markets,"[np.str_('Global'), np.str_('Asia Pacific'), np.str_('Middle East')]",6,market_calibrated_advanced,0.71,True,False,198.0
2022-05-22 07:35:49,2022-05-22,geopolitical_tension,Energy security summit addresses Caspian Region supply concerns,moderate,2,0.6026999999999999,62.2,Coordinated response to supply risks,"[np.str_('Asia Pacific'), np.str_('Global'), np.str_('Middle East')]",44,market_calibrated_advanced,0.96,True,True,158.0
2022-05-23 11:30:25,2022-05-23,sanctions,Secondary sanctions threatened for Iraq oil traders,extreme,5,1.0,351.4,Disrupts payment systems and shipping insurance,[np.str_('Global')],19,market_calibrated_advanced,0.92,True,False,200.0
2022-05-24 03:19:16,2022-05-24,inventory_report,Cushing storage levels approach operational minimum,high,3,0.62,72.0,Delivery point concerns for WTI contract,"[np.str_('US Gulf Coast'), np.str_('Global')]",4,market_calibrated_advanced,0.85,True,False,200.0
2022-05-25 18:42:03,2022-05-25,inventory_report,China crude inventories show unchanged trend,high,3,0.549,54.5,Indicates demand trajectory in largest importer,[np.str_('Global')],1,market_calibrated_advanced,0.89,True,False,200.0
2022-05-27 00:55:17,2022-05-27,geopolitical_tension,Strategic reserve release coordinated by {alliance},high,3,1.0,106.0,Temporary supply increase to calm markets,"[np.str_('Global'), np.str_('Middle East')]",8,market_calibrated_advanced,0.75,True,False,198.0
2022-05-27 04:17:02,2022-05-27,inventory_report,China crude inventories show lower trend,moderate,2,0.39409999999999995,48.3,Indicates demand trajectory in largest importer,"[np.str_('Global'), np.str_('US Gulf Coast')]",4,market_calibrated_advanced,0.89,True,True,158.0
2022-05-27 19:05:10,2022-05-27,geopolitical_tension,Strategic reserve release coordinated by {alliance},high,3,0.511,83.3,Temporary supply increase to calm markets,[np.str_('Middle East')],21,market_calibrated_advanced,0.94,True,True,158.0
2022-05-27 20:36:36,2022-05-27,trade_flow_disruption,Shipping lane disruption near Malacca Strait,critical,4,1.0,65.6,"Forces rerouting, increases transit times",[np.str_('South China Sea')],6,market_calibrated_advanced,0.88,True,False,198.0
2022-05-27 21:17:20,2022-05-27,inventory_report,Floating storage levels higher off Middle East,moderate,2,0.68,89.5,Signal of market contango/backwardation,[np.str_('Global')],4,market_calibrated_advanced,0.8,True,False,198.0
2022-05-28 00:05:55,2022-05-28,inventory_report,EIA reports lower crude inventory of 939M barrels,moderate,2,0.659,73.9,Weekly fundamental data point,"[np.str_('Global'), np.str_('US Gulf Coast')]",3,market_calibrated_advanced,0.72,True,False,200.0
2022-05-28 02:30:01,2022-05-28,inventory_report,EIA reports lower crude inventory of 1857M barrels,low,1,0.3773,37.4,Weekly fundamental data point,"[np.str_('US Gulf Coast'), np.str_('Global')]",2,market_calibrated_advanced,0.71,True,True,160.0
2022-05-28 03:18:28,2022-05-28,production_policy,Non-OPEC production growth revised lower,high,3,1.0,281.8,Shifts market share expectations,"[np.str_('Global'), np.str_('Middle East')]",47,market_calibrated_advanced,0.9,True,False,200.0
2022-05-29 10:48:27,2022-05-29,geopolitical_tension,Strategic reserve release coordinated by {alliance},critical,4,0.956,141.4,Temporary supply increase to calm markets,"[np.str_('Asia Pacific'), np.str_('Global'), np.str_('Middle East')]",15,market_calibrated_advanced,0.74,True,False,200.0
2022-05-30 19:02:52,2022-05-30,geopolitical_tension,Energy security summit addresses West Africa supply concerns,high,3,0.946,62.2,Coordinated response to supply risks,"[np.str_('Asia Pacific'), np.str_('Global')]",36,market_calibrated_advanced,1.0,True,False,200.0
2022-05-31 04:56:52,2022-05-31,sanctions,EU extends sanctions framework on Kuwait energy exports,critical,4,1.0,335.9,Reduces available supply to European markets,"[np.str_('Middle East'), np.str_('Global')]",60,market_calibrated_advanced,0.74,True,False,200.0
2022-05-31 07:58:30,2022-05-31,inventory_report,China crude inventories show lower trend,moderate,2,0.2835,65.8,Indicates demand trajectory in largest importer,"[np.str_('US Gulf Coast'), np.str_('Global')]",3,market_calibrated_advanced,0.88,True,True,160.0
2022-05-31 13:30:44,2022-05-31,infrastructure,Major pipeline maintenance reduces Middle East flows by 726,moderate,2,0.814,71.0,Temporary but planned supply reduction,"[np.str_('US Gulf Coast'), np.str_('Middle East')]",10,market_calibrated_advanced,0.82,True,False,200.0
2022-05-31 16:44:47,2022-05-31,inventory_report,Floating storage levels unchanged off Caspian Region,high,3,0.604,33.3,Signal of market contango/backwardation,[np.str_('Global')],3,market_calibrated_advanced,1.0,True,False,200.0
2022-05-31 17:08:02,2022-05-31,inventory_report,Floating storage levels higher off Latin America,moderate,2,0.3458,53.4,Signal of market contango/backwardation,"[np.str_('US Gulf Coast'), np.str_('Global')]",2,market_calibrated_advanced,0.7,True,True,160.0
2022-05-31 20:08:12,2022-05-31,inventory_report,Floating storage levels unchanged off Red Sea,high,3,0.587,75.9,Signal of market contango/backwardation,"[np.str_('Global'), np.str_('US Gulf Coast')]",1,market_calibrated_advanced,0.92,False,False,200.0
2022-06-01 06:37:06,2022-06-01,production_policy,Iran output disrupted by power outage at Rumaila,critical,4,1.0,80.0,Temporary supply reduction,"[np.str_('Middle East'), np.str_('Global')]",57,market_calibrated_advanced,0.83,True,False,200.0
2022-06-01 14:18:41,2022-06-01,inventory_report,EIA reports lower crude inventory of 1937M barrels,moderate,2,0.681,34.4,Weekly fundamental data point,[np.str_('Global')],4,market_calibrated_advanced,0.93,True,False,200.0
2022-06-01 22:40:47,2022-06-01,inventory_report,Cushing storage levels approach operational minimum,moderate,2,0.3563,70.0,Delivery point concerns for WTI contract,"[np.str_('US Gulf Coast'), np.str_('Global')]",4,market_calibrated_advanced,1.0,True,True,160.0
2022-06-02 02:03:52,2022-06-02,inventory_report,EIA reports unchanged crude inventory of 720M barrels,low,1,0.2954,57.6,Weekly fundamental data point,"[np.str_('Global'), np.str_('US Gulf Coast')]",4,market_calibrated_advanced,0.77,True,True,160.0
2022-06-02 12:53:13,2022-06-02,inventory_report,Cushing storage levels approach operational minimum,high,3,0.607,93.3,Delivery point concerns for WTI contract,[np.str_('US Gulf Coast')],2,market_calibrated_advanced,0.85,True,False,200.0
2022-06-02 19:15:13,2022-06-02,inventory_report,China crude inventories show unchanged trend,high,3,0.628,96.3,Indicates demand trajectory in largest importer,"[np.str_('Global'), np.str_('US Gulf Coast')]",1,market_calibrated_advanced,0.74,True,False,200.0
2022-06-05 02:23:07,2022-06-05,geopolitical_tension,Diplomatic tensions escalate between USA and Russia,high,3,1.0,145.0,Risk premium increases on supply disruption fears,"[np.str_('Asia Pacific'), np.str_('Global'), np.str_('Middle East')]",40,market_calibrated_advanced,0.88,True,False,200.0
2022-06-05 03:16:49,2022-06-05,military_conflict,Missile attack on China port facility,extreme,5,0.7,310.9,Direct damage to export infrastructure,"[np.str_('North Africa'), np.str_('Strait of Hormuz'), np.str_('Middle East')]",19,market_calibrated_advanced,0.97,True,True,160.0
2022-06-05 14:54:14,2022-06-05,military_conflict,Military escalation near Latin America oil facilities,critical,4,1.0,788.1,Threatens regional production and transit,[np.str_('Middle East')],27,market_calibrated_advanced,0.83,False,False,200.0
2022-06-06 01:17:26,2022-06-06,sanctions,EU extends sanctions framework on Iran energy exports,critical,4,1.0,134.7,Reduces available supply to European markets,[np.str_('Middle East')],82,market_calibrated_advanced,0.71,False,False,200.0
2022-06-06 06:49:01,2022-06-06,sanctions,US imposes new sanctions on China oil sector,high,3,0.7,288.9,"Tightens global supply, redirects trade flows",[np.str_('Global')],67,market_calibrated_advanced,0.98,True,True,160.0
2022-06-07 10:36:03,2022-06-07,sanctions,Secondary sanctions threatened for China oil traders,extreme,5,1.0,128.2,Disrupts payment systems and shipping insurance,"[np.str_('Caspian Region'), np.str_('Middle East'), np.str_('Global')]",48,market_calibrated_advanced,0.87,False,False,200.0
2022-06-10 07:08:31,2022-06-10,inventory_report,China crude inventories show lower trend,moderate,2,0.634,84.5,Indicates demand trajectory in largest importer,"[np.str_('Global'), np.str_('US Gulf Coast')]",4,market_calibrated_advanced,0.88,True,False,196.0
2022-06-11 00:50:36,2022-06-11,military_conflict,Naval incident near Strait of Hormuz shipping lane,extreme,5,1.0,752.5,Risk to major transit chokepoint,"[np.str_('Middle East'), np.str_('Strait of Hormuz'), np.str_('North Africa')]",28,market_calibrated_advanced,0.91,True,False,200.0
2022-06-11 02:37:10,2022-06-11,inventory_report,EIA reports unchanged crude inventory of 1089M barrels,moderate,2,0.647,62.8,Weekly fundamental data point,"[np.str_('Global'), np.str_('US Gulf Coast')]",2,market_calibrated_advanced,0.78,True,False,200.0
2022-06-11 09:40:27,2022-06-11,infrastructure,New pipeline capacity comes online in Strait of Hormuz,moderate,2,0.845,83.1,Improves supply chain efficiency,"[np.str_('Middle East'), np.str_('North Sea'), np.str_('US Gulf Coast')]",13,market_calibrated_advanced,0.89,True,False,200.0
2022-06-11 20:01:20,2022-06-11,military_conflict,Drone attack targets Venezuela oil infrastructure,critical,4,0.7,392.9,"Immediate supply risk, insurance premiums spike","[np.str_('Strait of Hormuz'), np.str_('North Africa')]",14,market_calibrated_advanced,0.78,True,True,160.0
2022-06-14 03:28:24,2022-06-14,inventory_report,China crude inventories show unchanged trend,moderate,2,0.541,33.9,Indicates demand trajectory in largest importer,"[np.str_('US Gulf Coast'), np.str_('Global')]",3,market_calibrated_advanced,0.85,True,False,199.0
2022-06-15 03:03:48,2022-06-15,military_conflict,Military escalation near Caspian Region oil facilities,critical,4,0.7,427.6,Threatens regional production and transit,"[np.str_('Strait of Hormuz'), np.str_('Middle East'), np.str_('North Africa')]",28,market_calibrated_advanced,0.74,True,True,160.0
2022-06-15 22:09:39,2022-06-15,military_conflict,Naval incident near Bab el-Mandeb shipping lane,extreme,5,1.0,499.9,Risk to major transit chokepoint,"[np.str_('Middle East'), np.str_('Strait of Hormuz')]",11,market_calibrated_advanced,0.89,True,False,200.0
2022-06-16 21:11:41,2022-06-16,inventory_report,EIA reports unchanged crude inventory of 1077M barrels,moderate,2,0.597,35.0,Weekly fundamental data point,[np.str_('Global')],3,market_calibrated_advanced,0.86,True,False,200.0
2022-06-20 02:54:46,2022-06-20,inventory_report,EIA reports lower crude inventory of 436M barrels,low,1,0.599,50.6,Weekly fundamental data point,[np.str_('Global')],1,market_calibrated_advanced,0.82,True,False,199.0
2022-06-20 16:23:11,2022-06-20,geopolitical_tension,Strategic reserve release coordinated by {alliance},high,3,0.938,40.7,Temporary supply increase to calm markets,"[np.str_('Global'), np.str_('Asia Pacific'), np.str_('Middle East')]",18,market_calibrated_advanced,0.85,True,False,199.0
2022-06-22 17:38:04,2022-06-22,production_policy,India announces voluntary production cut extension,critical,4,1.0,103.0,Tightens supply outlook,[np.str_('Global')],14,market_calibrated_advanced,0.95,True,False,200.0
2022-06-23 21:05:37,2022-06-23,inventory_report,Cushing storage levels approach operational minimum,high,3,0.645,92.0,Delivery point concerns for WTI contract,"[np.str_('Global'), np.str_('US Gulf Coast')]",1,market_calibrated_advanced,0.94,True,False,200.0
2022-06-25 08:32:28,2022-06-25,production_policy,Non-OPEC production growth revised higher,moderate,2,1.0,155.7,Shifts market share expectations,"[np.str_('Global'), np.str_('Middle East')]",54,market_calibrated_advanced,0.75,True,False,198.0
2022-06-27 19:38:55,2022-06-27,inventory_report,Cushing storage levels approach operational minimum,high,3,0.56,70.8,Delivery point concerns for WTI contract,[np.str_('Global')],4,market_calibrated_advanced,0.94,True,False,200.0
2022-06-29 04:43:01,2022-06-29,production_policy,Iraq output disrupted by power outage at Ghawar,critical,4,1.0,273.4,Temporary supply reduction,[np.str_('Middle East')],23,market_calibrated_advanced,0.93,True,False,200.0
2022-06-29 07:29:01,2022-06-29,production_policy,UAE announces voluntary production cut extension,high,3,0.7,52.0,Tightens supply outlook,"[np.str_('Middle East'), np.str_('Global')]",24,market_calibrated_advanced,0.93,True,True,160.0
2022-06-30 15:13:05,2022-06-30,trade_flow_disruption,Port restrictions impact USA crude exports,critical,4,1.0,207.9,Physical supply bottleneck,[np.str_('Red Sea')],12,market_calibrated_advanced,0.75,True,False,200.0
2022-07-03 02:14:48,2022-07-03,geopolitical_tension,Strategic reserve release coordinated by {alliance},critical,4,0.943,188.8,Temporary supply increase to calm markets,"[np.str_('Global'), np.str_('Asia Pacific'), np.str_('Middle East')]",42,market_calibrated_advanced,0.77,True,False,200.0
2022-07-03 08:09:50,2022-07-03,trade_flow_disruption,Port restrictions impact India crude exports,critical,4,1.0,192.2,Physical supply bottleneck,"[np.str_('Strait of Hormuz'), np.str_('South China Sea')]",3,market_calibrated_advanced,0.71,True,False,200.0
2022-07-03 15:58:48,2022-07-03,inventory_report,EIA reports lower crude inventory of 1578M barrels,moderate,2,0.533,78.3,Weekly fundamental data point,"[np.str_('US Gulf Coast'), np.str_('Global')]",4,market_calibrated_advanced,0.78,True,False,200.0
2022-07-03 17:44:10,2022-07-03,inventory_report,Floating storage levels unchanged off Red Sea,high,3,0.686,79.7,Signal of market contango/backwardation,"[np.str_('Global'), np.str_('US Gulf Coast')]",2,market_calibrated_advanced,1.0,True,False,200.0
2022-07-03 18:52:37,2022-07-03,inventory_report,Floating storage levels lower off Middle East,moderate,2,0.3808,18.7,Signal of market contango/backwardation,"[np.str_('Global'), np.str_('US Gulf Coast')]",4,market_calibrated_advanced,0.8,False,True,160.0
2022-07-04 13:35:09,2022-07-04,inventory_report,EIA reports higher crude inventory of 108M barrels,moderate,2,0.565,74.5,Weekly fundamental data point,"[np.str_('US Gulf Coast'), np.str_('Global')]",4,market_calibrated_advanced,0.78,True,False,200.0
2022-07-05 10:39:00,2022-07-05,trade_flow_disruption,Insurance premiums surge for Strait of Hormuz tanker transits,critical,4,1.0,199.1,"Increases shipping costs, may deter voyages","[np.str_('Red Sea'), np.str_('Strait of Hormuz')]",5,market_calibrated_advanced,0.99,True,False,200.0
2022-07-06 10:03:34,2022-07-06,inventory_report,China crude inventories show lower trend,high,3,0.604,43.7,Indicates demand trajectory in largest importer,[np.str_('Global')],1,market_calibrated_advanced,0.94,True,False,200.0
2022-07-06 14:02:32,2022-07-06,inventory_report,EIA reports higher crude inventory of 1842M barrels,low,1,0.371,61.5,Weekly fundamental data point,"[np.str_('US Gulf Coast'), np.str_('Global')]",2,market_calibrated_advanced,0.89,True,True,160.0
2022-07-06 16:55:51,2022-07-06,infrastructure,Major pipeline maintenance reduces US Gulf Coast flows by 113,moderate,2,0.9,132.4,Temporary but planned supply reduction,[np.str_('Middle East')],4,market_calibrated_advanced,0.99,True,False,200.0
2022-07-06 19:32:20,2022-07-06,infrastructure,New pipeline capacity comes online in Caspian Region,low,1,0.4669,37.0,Improves supply chain efficiency,"[np.str_('Middle East'), np.str_('US Gulf Coast'), np.str_('North Sea')]",1,market_calibrated_advanced,0.73,True,True,160.0
2022-07-07 03:50:27,2022-07-07,inventory_report,China crude inventories show higher trend,high,3,0.54,80.6,Indicates demand trajectory in largest importer,"[np.str_('US Gulf Coast'), np.str_('Global')]",2,market_calibrated_advanced,0.89,False,False,200.0
2022-07-07 21:13:09,2022-07-07,inventory_report,EIA reports lower crude inventory of 969M barrels,moderate,2,0.665,87.2,Weekly fundamental data point,"[np.str_('Global'), np.str_('US Gulf Coast')]",3,market_calibrated_advanced,0.84,True,False,200.0
2022-07-07 21:26:18,2022-07-07,production_policy,Non-OPEC production growth revised unchanged,high,3,1.0,211.4,Shifts market share expectations,"[np.str_('Middle East'), np.str_('Global')]",16,market_calibrated_advanced,0.93,True,False,200.0
2022-07-08 06:30:40,2022-07-08,inventory_report,China crude inventories show lower trend,high,3,0.546,87.0,Indicates demand trajectory in largest importer,"[np.str_('Global'), np.str_('US Gulf Coast')]",1,market_calibrated_advanced,0.91,True,False,200.0
2022-07-09 07:55:38,2022-07-09,production_policy,Non-OPEC production growth revised unchanged,high,3,1.0,252.9,Shifts market share expectations,"[np.str_('Middle East'), np.str_('Global')]",35,market_calibrated_advanced,0.96,True,False,200.0
2022-07-12 02:18:40,2022-07-12,production_policy,OPEC+ agrees to adjust production by 1278 kb/d,critical,4,1.0,286.4,Direct impact on global supply-demand balance,"[np.str_('Global'), np.str_('Middle East')]",46,market_calibrated_advanced,0.79,False,False,200.0
2022-07-12 10:34:48,2022-07-12,inventory_report,Cushing storage levels approach operational minimum,high,3,0.512,56.4,Delivery point concerns for WTI contract,[np.str_('Global')],3,market_calibrated_advanced,0.99,True,False,200.0
2022-07-13 00:02:18,2022-07-13,sanctions,EU extends sanctions framework on Kuwait energy exports,critical,4,1.0,109.4,Reduces available supply to European markets,"[np.str_('Middle East'), np.str_('Caspian Region')]",23,market_calibrated_advanced,0.73,True,False,200.0
2022-07-13 08:52:26,2022-07-13,inventory_report,China crude inventories show higher trend,high,3,0.683,42.2,Indicates demand trajectory in largest importer,"[np.str_('US Gulf Coast'), np.str_('Global')]",2,market_calibrated_advanced,0.95,True,False,200.0
2022-07-15 03:35:15,2022-07-15,military_conflict,Military escalation near Red Sea oil facilities,extreme,5,1.0,325.0,Threatens regional production and transit,"[np.str_('Middle East'), np.str_('Strait of Hormuz')]",11,market_calibrated_advanced,0.87,True,False,200.0
2022-07-18 03:51:00,2022-07-18,inventory_report,EIA reports higher crude inventory of 748M barrels,moderate,2,0.53,43.6,Weekly fundamental data point,[np.str_('US Gulf Coast')],4,market_calibrated_advanced,0.96,True,False,200.0
2022-07-24 15:26:03,2022-07-24,inventory_report,Cushing storage levels approach operational minimum,high,3,0.61,34.2,Delivery point concerns for WTI contract,"[np.str_('Global'), np.str_('US Gulf Coast')]",1,market_calibrated_advanced,0.79,False,False,200.0
2022-07-26 07:56:52,2022-07-26,trade_flow_disruption,Shipping lane disruption near Strait of Hormuz,critical,4,1.0,171.5,"Forces rerouting, increases transit times","[np.str_('Red Sea'), np.str_('South China Sea')]",7,market_calibrated_advanced,0.76,True,False,199.0
2022-07-28 15:13:47,2022-07-28,infrastructure,Major pipeline maintenance reduces Asia Pacific flows by 1108,moderate,2,0.967,125.0,Temporary but planned supply reduction,"[np.str_('North Sea'), np.str_('US Gulf Coast')]",11,market_calibrated_advanced,0.93,False,False,200.0
2022-07-28 19:46:35,2022-07-28,sanctions,OFAC issues new compliance guidance for oil transactions,high,3,1.0,148.0,Increases compliance costs and due diligence,[np.str_('Middle East')],64,market_calibrated_advanced,0.93,True,False,200.0
2022-07-30 13:55:43,2022-07-30,infrastructure,Port congestion delays 36 tankers at Basra,high,3,0.93,28.0,Logistical bottleneck affecting deliveries,"[np.str_('North Sea'), np.str_('US Gulf Coast')]",2,market_calibrated_advanced,0.91,True,False,200.0
2022-08-02 15:01:25,2022-08-02,inventory_report,EIA reports higher crude inventory of 1462M barrels,low,1,0.638,47.8,Weekly fundamental data point,[np.str_('Global')],4,market_calibrated_advanced,0.93,True,False,197.0
2022-08-03 22:25:17,2022-08-03,inventory_report,Floating storage levels unchanged off South China Sea,high,3,0.558,73.5,Signal of market contango/backwardation,"[np.str_('US Gulf Coast'), np.str_('Global')]",3,market_calibrated_advanced,0.92,False,False,200.0
2022-08-05 02:38:27,2022-08-05,sanctions,US imposes new sanctions on India oil sector,high,3,1.0,367.6,"Tightens global supply, redirects trade flows","[np.str_('Global'), np.str_('Caspian Region')]",45,market_calibrated_advanced,0.78,True,False,198.0
2022-08-06 03:53:18,2022-08-06,inventory_report,Floating storage levels lower off Asia Pacific,high,3,0.627,54.4,Signal of market contango/backwardation,[np.str_('Global')],1,market_calibrated_advanced,0.93,True,False,200.0
2022-08-07 02:11:24,2022-08-07,production_policy,OPEC+ agrees to adjust production by 1682 kb/d,critical,4,1.0,107.8,Direct impact on global supply-demand balance,[np.str_('Middle East')],7,market_calibrated_advanced,0.91,True,False,200.0
2022-08-07 07:45:45,2022-08-07,production_policy,OPEC+ agrees to adjust production by 459 kb/d,high,3,0.6719999999999999,90.4,Direct impact on global supply-demand balance,"[np.str_('Middle East'), np.str_('Global')]",8,market_calibrated_advanced,0.92,True,True,160.0
2022-08-07 10:17:44,2022-08-07,production_policy,Non-OPEC production growth revised lower,high,3,1.0,257.8,Shifts market share expectations,"[np.str_('Middle East'), np.str_('Global')]",27,market_calibrated_advanced,0.9,True,False,200.0
2022-08-08 03:57:12,2022-08-08,geopolitical_tension,Diplomatic tensions escalate between OPEC+ and OPEC+,critical,4,1.0,127.1,Risk premium increases on supply disruption fears,[np.str_('Middle East')],14,market_calibrated_advanced,0.94,False,False,200.0
2022-08-13 05:24:15,2022-08-13,inventory_report,Cushing storage levels approach operational minimum,high,3,0.537,85.8,Delivery point concerns for WTI contract,"[np.str_('Global'), np.str_('US Gulf Coast')]",4,market_calibrated_advanced,0.76,True,False,200.0
2022-08-16 04:24:53,2022-08-16,geopolitical_tension,Strategic reserve release coordinated by {alliance},high,3,0.953,229.1,Temporary supply increase to calm markets,[np.str_('Asia Pacific')],33,market_calibrated_advanced,0.83,True,False,198.0
2022-08-18 16:50:06,2022-08-18,military_conflict,Missile attack on Iran port facility,extreme,5,1.0,471.0,Direct damage to export infrastructure,"[np.str_('Middle East'), np.str_('North Africa'), np.str_('Strait of Hormuz')]",28,market_calibrated_advanced,0.95,True,False,200.0
2022-08-19 01:13:57,2022-08-19,geopolitical_tension,Trade negotiations impact Middle East energy imports,high,3,1.0,147.9,Trade policy uncertainty affects flows,"[np.str_('Asia Pacific'), np.str_('Global'), np.str_('Middle East')]",37,market_calibrated_advanced,0.76,True,False,200.0
2022-08-20 15:25:11,2022-08-20,geopolitical_tension,Energy security summit addresses Strait of Hormuz supply concerns,high,3,0.935,99.2,Coordinated response to supply risks,[np.str_('Asia Pacific')],27,market_calibrated_advanced,0.92,True,False,200.0
2022-08-22 22:05:05,2022-08-22,infrastructure,Refinery outage reduces crude demand in South China Sea,moderate,2,0.849,83.4,Reduces crude intake temporarily,"[np.str_('US Gulf Coast'), np.str_('North Sea'), np.str_('Middle East')]",4,market_calibrated_advanced,0.93,True,False,196.0
2022-08-25 02:32:39,2022-08-25,inventory_report,Floating storage levels unchanged off US Gulf Coast,moderate,2,0.666,53.3,Signal of market contango/backwardation,[np.str_('US Gulf Coast')],4,market_calibrated_advanced,0.81,True,False,200.0
2022-08-25 07:25:16,2022-08-25,inventory_report,EIA reports lower crude inventory of 1338M barrels,low,1,0.611,95.6,Weekly fundamental data point,[np.str_('US Gulf Coast')],3,market_calibrated_advanced,0.72,True,False,200.0
2022-08-25 14:24:24,2022-08-25,inventory_report,Cushing storage levels approach operational minimum,moderate,2,0.675,52.7,Delivery point concerns for WTI contract,"[np.str_('Global'), np.str_('US Gulf Coast')]",4,market_calibrated_advanced,0.91,True,False,200.0
2022-08-29 12:08:26,2022-08-29,trade_flow_disruption,Shipping lane disruption near Malacca Strait,critical,4,1.0,236.2,"Forces rerouting, increases transit times","[np.str_('South China Sea'), np.str_('Strait of Hormuz'), np.str_('Red Sea')]",6,market_calibrated_advanced,0.92,True,False,198.0
2022-08-30 17:04:01,2022-08-30,geopolitical_tension,Diplomatic tensions escalate between Venezuela and OPEC+,critical,4,0.909,91.7,Risk premium increases on supply disruption fears,"[np.str_('Asia Pacific'), np.str_('Middle East')]",32,market_calibrated_advanced,0.71,True,False,200.0
2022-09-04 11:16:55,2022-09-04,production_policy,OPEC+ agrees to adjust production by 1393 kb/d,high,3,1.0,99.1,Direct impact on global supply-demand balance,"[np.str_('Global'), np.str_('Middle East')]",9,market_calibrated_advanced,0.9,True,False,198.0
2022-09-04 18:24:56,2022-09-04,inventory_report,Floating storage levels higher off Red Sea,moderate,2,0.568,62.0,Signal of market contango/backwardation,"[np.str_('US Gulf Coast'), np.str_('Global')]",2,market_calibrated_advanced,0.86,True,False,198.0
2022-09-08 10:29:10,2022-09-08,inventory_report,EIA reports higher crude inventory of 1826M barrels,moderate,2,0.688,64.1,Weekly fundamental data point,[np.str_('US Gulf Coast')],3,market_calibrated_advanced,0.72,True,False,200.0
2022-09-08 11:50:51,2022-09-08,geopolitical_tension,Strategic reserve release coordinated by {alliance},critical,4,1.0,117.8,Temporary supply increase to calm markets,[np.str_('Asia Pacific')],6,market_calibrated_advanced,0.72,True,False,200.0
2022-09-09 01:15:52,2022-09-09,infrastructure,Port congestion delays 9 tankers at Novorossiysk,high,3,0.999,79.1,Logistical bottleneck affecting deliveries,"[np.str_('North Sea'), np.str_('US Gulf Coast'), np.str_('Middle East')]",7,market_calibrated_advanced,0.75,True,False,200.0
2022-09-10 15:20:38,2022-09-10,inventory_report,China crude inventories show lower trend,high,3,0.687,36.4,Indicates demand trajectory in largest importer,"[np.str_('Global'), np.str_('US Gulf Coast')]",3,market_calibrated_advanced,0.71,False,False,200.0
2022-09-18 04:53:28,2022-09-18,sanctions,US imposes new sanctions on European Union oil sector,critical,4,1.0,364.1,"Tightens global supply, redirects trade flows",[np.str_('Caspian Region')],70,market_calibrated_advanced,0.79,True,False,200.0
2022-09-19 14:34:18,2022-09-19,infrastructure,Major pipeline maintenance reduces Middle East flows by 1933,moderate,2,0.862,118.4,Temporary but planned supply reduction,"[np.str_('US Gulf Coast'), np.str_('North Sea'), np.str_('Middle East')]",7,market_calibrated_advanced,0.7,True,False,200.0
2022-09-20 14:19:31,2022-09-20,inventory_report,Cushing storage levels approach operational minimum,high,3,0.574,49.1,Delivery point concerns for WTI contract,"[np.str_('Global'), np.str_('US Gulf Coast')]",1,market_calibrated_advanced,0.79,True,False,200.0
2022-09-21 01:53:17,2022-09-21,sanctions,EU extends sanctions framework on Libya energy exports,high,3,0.7,263.0,Reduces available supply to European markets,"[np.str_('Middle East'), np.str_('Caspian Region')]",71,market_calibrated_advanced,0.8,True,True,160.0
2022-09-21 15:08:15,2022-09-21,geopolitical_tension,Diplomatic tensions escalate between European Union and UAE,critical,4,1.0,155.1,Risk premium increases on supply disruption fears,"[np.str_('Middle East'), np.str_('Global'), np.str_('Asia Pacific')]",43,market_calibrated_advanced,0.99,True,False,200.0
2022-09-21 16:37:49,2022-09-21,geopolitical_tension,Energy security summit addresses Red Sea supply concerns,moderate,2,0.5285,148.4,Coordinated response to supply risks,"[np.str_('Middle East'), np.str_('Asia Pacific'), np.str_('Global')]",19,market_calibrated_advanced,0.76,True,True,160.0
2022-09-21 21:50:11,2022-09-21,sanctions,EU extends sanctions framework on UAE energy exports,critical,4,1.0,362.4,Reduces available supply to European markets,"[np.str_('Caspian Region'), np.str_('Global'), np.str_('Middle East')]",74,market_calibrated_advanced,0.93,True,False,200.0
2022-09-22 18:42:04,2022-09-22,infrastructure,Port congestion delays 43 tankers at Ras Tanura,high,3,0.904,155.5,Logistical bottleneck affecting deliveries,[np.str_('US Gulf Coast')],11,market_calibrated_advanced,0.95,True,False,200.0
2022-09-22 19:33:54,2022-09-22,inventory_report,Cushing storage levels approach operational minimum,moderate,2,0.2905,39.2,Delivery point concerns for WTI contract,"[np.str_('Global'), np.str_('US Gulf Coast')]",2,market_calibrated_advanced,1.0,True,True,160.0
2022-09-22 19:56:48,2022-09-22,inventory_report,China crude inventories show lower trend,high,3,0.58,87.0,Indicates demand trajectory in largest importer,[np.str_('Global')],4,market_calibrated_advanced,0.96,False,False,200.0
2022-09-22 21:39:48,2022-09-22,infrastructure,Refinery outage reduces crude demand in South China Sea,moderate,2,0.5166,16.5,Reduces crude intake temporarily,"[np.str_('Middle East'), np.str_('US Gulf Coast'), np.str_('North Sea')]",11,market_calibrated_advanced,0.84,True,True,160.0
2022-09-24 14:54:44,2022-09-24,infrastructure,Refinery outage reduces crude demand in West Africa,high,3,0.861,54.6,Reduces crude intake temporarily,[np.str_('North Sea')],8,market_calibrated_advanced,0.72,True,False,200.0
2022-09-26 02:38:26,2022-09-26,infrastructure,Port congestion delays 15 tankers at Ras Tanura,moderate,2,0.98,50.0,Logistical bottleneck affecting deliveries,[np.str_('US Gulf Coast')],3,market_calibrated_advanced,0.92,False,False,200.0
2022-09-26 02:43:55,2022-09-26,production_policy,Russia output disrupted by weather at Ghawar,high,3,1.0,169.7,Temporary supply reduction,[np.str_('Global')],52,market_calibrated_advanced,0.75,True,False,200.0
2022-09-27 03:03:56,2022-09-27,military_conflict,Missile attack on Venezuela port facility,extreme,5,0.7,205.2,Direct damage to export infrastructure,"[np.str_('Middle East'), np.str_('Strait of Hormuz'), np.str_('North Africa')]",25,market_calibrated_advanced,0.72,False,True,160.0
2022-09-27 14:27:35,2022-09-27,military_conflict,Military escalation near Asia Pacific oil facilities,extreme,5,1.0,390.3,Threatens regional production and transit,"[np.str_('North Africa'), np.str_('Strait of Hormuz')]",12,market_calibrated_advanced,0.79,True,False,200.0
2022-09-29 07:51:54,2022-09-29,military_conflict,Drone attack targets Kuwait oil infrastructure,critical,4,1.0,801.3,"Immediate supply risk, insurance premiums spike","[np.str_('Strait of Hormuz'), np.str_('Middle East'), np.str_('North Africa')]",6,market_calibrated_advanced,0.91,True,False,198.0
2022-09-29 16:26:27,2022-09-29,geopolitical_tension,Strategic reserve release coordinated by {alliance},high,3,0.4976999999999999,127.3,Temporary supply increase to calm markets,[np.str_('Asia Pacific')],28,market_calibrated_advanced,0.78,True,True,159.0
2022-09-29 19:48:37,2022-09-29,geopolitical_tension,Strategic reserve release coordinated by {alliance},high,3,0.96,219.4,Temporary supply increase to calm markets,"[np.str_('Global'), np.str_('Asia Pacific')]",44,market_calibrated_advanced,0.89,True,False,198.0
2022-09-30 05:46:34,2022-09-30,geopolitical_tension,Strategic reserve release coordinated by {alliance},high,3,0.5103,45.2,Temporary supply increase to calm markets,[np.str_('Global')],26,market_calibrated_advanced,0.76,True,True,160.0
2022-09-30 06:08:13,2022-09-30,geopolitical_tension,Diplomatic tensions escalate between Kuwait and Venezuela,critical,4,1.0,170.9,Risk premium increases on supply disruption fears,"[np.str_('Middle East'), np.str_('Asia Pacific')]",42,market_calibrated_advanced,0.71,True,False,200.0
2022-10-01 08:58:06,2022-10-01,inventory_report,Floating storage levels lower off US Gulf Coast,high,3,0.586,82.7,Signal of market contango/backwardation,[np.str_('Global')],3,market_calibrated_advanced,0.95,True,False,200.0
2022-10-02 02:47:15,2022-10-02,geopolitical_tension,Diplomatic tensions escalate between Venezuela and Kuwait,critical,4,0.95,119.8,Risk premium increases on supply disruption fears,"[np.str_('Global'), np.str_('Middle East'), np.str_('Asia Pacific')]",6,market_calibrated_advanced,0.95,False,False,200.0
2022-10-02 03:48:09,2022-10-02,geopolitical_tension,Energy security summit addresses North Africa supply concerns,moderate,2,0.5781999999999999,46.5,Coordinated response to supply risks,"[np.str_('Middle East'), np.str_('Asia Pacific')]",13,market_calibrated_advanced,0.85,True,True,160.0
2022-10-02 09:25:17,2022-10-02,geopolitical_tension,Diplomatic tensions escalate between Iraq and India,high,3,0.5124,65.8,Risk premium increases on supply disruption fears,[np.str_('Middle East')],8,market_calibrated_advanced,0.79,True,True,160.0
2022-10-02 12:12:12,2022-10-02,production_policy,OPEC+ agrees to adjust production by 432 kb/d,critical,4,1.0,288.5,Direct impact on global supply-demand balance,[np.str_('Global')],26,market_calibrated_advanced,0.95,True,False,200.0
2022-10-02 12:31:47,2022-10-02,geopolitical_tension,Trade negotiations impact Asia Pacific energy imports,high,3,0.933,193.3,Trade policy uncertainty affects flows,"[np.str_('Middle East'), np.str_('Global')]",27,market_calibrated_advanced,0.94,True,False,200.0
2022-10-03 01:20:23,2022-10-03,production_policy,China output disrupted by power outage at Ghawar,critical,4,1.0,203.2,Temporary supply reduction,"[np.str_('Middle East'), np.str_('Global')]",13,market_calibrated_advanced,0.75,True,False,200.0
2022-10-03 10:14:07,2022-10-03,inventory_report,Cushing storage levels approach operational minimum,high,3,0.534,23.5,Delivery point concerns for WTI contract,[np.str_('Global')],4,market_calibrated_advanced,0.89,True,False,200.0
2022-10-04 08:40:33,2022-10-04,infrastructure,Port congestion delays 13 tankers at Rotterdam,high,3,0.984,58.2,Logistical bottleneck affecting deliveries,"[np.str_('Middle East'), np.str_('North Sea')]",7,market_calibrated_advanced,0.72,True,False,200.0
2022-10-04 11:03:02,2022-10-04,infrastructure,Major pipeline maintenance reduces West Africa flows by 775,moderate,2,0.883,62.5,Temporary but planned supply reduction,[np.str_('North Sea')],5,market_calibrated_advanced,0.73,True,False,200.0
2022-10-04 18:56:17,2022-10-04,infrastructure,Port congestion delays 22 tankers at Ras Tanura,moderate,2,0.5145,81.3,Logistical bottleneck affecting deliveries,"[np.str_('US Gulf Coast'), np.str_('Middle East'), np.str_('North Sea')]",4,market_calibrated_advanced,0.96,True,True,160.0
2022-10-05 16:29:24,2022-10-05,geopolitical_tension,Diplomatic tensions escalate between India and European Union,critical,4,0.991,155.9,Risk premium increases on supply disruption fears,[np.str_('Middle East')],32,market_calibrated_advanced,0.95,True,False,200.0
2022-10-08 14:08:52,2022-10-08,inventory_report,China crude inventories show lower trend,high,3,0.621,97.6,Indicates demand trajectory in largest importer,"[np.str_('US Gulf Coast'), np.str_('Global')]",2,market_calibrated_advanced,0.82,True,False,200.0
2022-10-09 03:48:31,2022-10-09,production_policy,Venezuela output disrupted by weather at Zuluf,critical,4,1.0,118.2,Temporary supply reduction,"[np.str_('Global'), np.str_('Middle East')]",44,market_calibrated_advanced,0.75,True,False,200.0
2022-10-09 06:50:37,2022-10-09,sanctions,OFAC issues new compliance guidance for oil transactions,high,3,1.0,106.3,Increases compliance costs and due diligence,"[np.str_('Middle East'), np.str_('Global'), np.str_('Caspian Region')]",30,market_calibrated_advanced,0.73,True,False,200.0
2022-10-09 08:23:25,2022-10-09,military_conflict,Military escalation near Asia Pacific oil facilities,extreme,5,1.0,272.1,Threatens regional production and transit,"[np.str_('Strait of Hormuz'), np.str_('North Africa')]",27,market_calibrated_advanced,0.94,False,False,200.0
2022-10-10 09:27:03,2022-10-10,inventory_report,Cushing storage levels approach operational minimum,high,3,0.571,61.8,Delivery point concerns for WTI contract,"[np.str_('US Gulf Coast'), np.str_('Global')]",2,market_calibrated_advanced,0.76,True,False,200.0
2022-10-10 15:23:53,2022-10-10,production_policy,OPEC+ output disrupted by pipeline rupture at Ghawar,critical,4,1.0,246.8,Temporary supply reduction,"[np.str_('Global'), np.str_('Middle East')]",15,market_calibrated_advanced,0.99,True,False,200.0
2022-10-10 22:21:33,2022-10-10,inventory_report,EIA reports higher crude inventory of 305M barrels,low,1,0.2737,50.4,Weekly fundamental data point,"[np.str_('Global'), np.str_('US Gulf Coast')]",1,market_calibrated_advanced,0.83,True,True,160.0
2022-10-11 05:14:56,2022-10-11,geopolitical_tension,Diplomatic tensions escalate between Russia and European Union,critical,4,1.0,111.4,Risk premium increases on supply disruption fears,"[np.str_('Middle East'), np.str_('Asia Pacific')]",39,market_calibrated_advanced,0.88,True,False,200.0
2022-10-11 08:25:52,2022-10-11,inventory_report,Cushing storage levels approach operational minimum,high,3,0.62,21.8,Delivery point concerns for WTI contract,[np.str_('US Gulf Coast')],1,market_calibrated_advanced,0.82,True,False,200.0
2022-10-11 20:10:15,2022-10-11,trade_flow_disruption,Tanker tracking shows higher flows to European Union,high,3,1.0,112.2,Indicates trade pattern shifts,[np.str_('Red Sea')],5,market_calibrated_advanced,0.71,True,False,200.0
2022-10-13 07:41:06,2022-10-13,sanctions,Secondary sanctions threatened for Iran oil traders,critical,4,1.0,332.8,Disrupts payment systems and shipping insurance,[np.str_('Middle East')],33,market_calibrated_advanced,0.81,False,False,199.0
2022-10-15 02:05:22,2022-10-15,sanctions,OFAC issues new compliance guidance for oil transactions,high,3,1.0,389.4,Increases compliance costs and due diligence,[np.str_('Middle East')],76,market_calibrated_advanced,0.95,True,False,200.0
2022-10-20 16:58:23,2022-10-20,sanctions,Secondary sanctions threatened for Iraq oil traders,extreme,5,1.0,382.9,Disrupts payment systems and shipping insurance,"[np.str_('Global'), np.str_('Middle East')]",30,market_calibrated_advanced,0.94,True,False,200.0
2022-10-22 08:46:23,2022-10-22,production_policy,Non-OPEC production growth revised higher,high,3,1.0,235.7,Shifts market share expectations,[np.str_('Global')],40,market_calibrated_advanced,0.76,True,False,200.0
2022-10-24 07:28:07,2022-10-24,trade_flow_disruption,Shipping lane disruption near Malacca Strait,extreme,5,1.0,272.1,"Forces rerouting, increases transit times","[np.str_('South China Sea'), np.str_('Strait of Hormuz'), np.str_('Red Sea')]",10,market_calibrated_advanced,0.97,True,False,200.0
2022-10-25 02:47:41,2022-10-25,infrastructure,New pipeline capacity comes online in North Africa,moderate,2,0.917,133.8,Improves supply chain efficiency,"[np.str_('US Gulf Coast'), np.str_('Middle East'), np.str_('North Sea')]",7,market_calibrated_advanced,0.82,True,False,200.0
2022-10-25 17:47:39,2022-10-25,trade_flow_disruption,Tanker tracking shows higher flows to China,high,3,1.0,259.5,Indicates trade pattern shifts,"[np.str_('Strait of Hormuz'), np.str_('Red Sea')]",7,market_calibrated_advanced,0.83,True,False,200.0
2022-10-26 12:21:28,2022-10-26,inventory_report,China crude inventories show lower trend,high,3,0.54,85.2,Indicates demand trajectory in largest importer,[np.str_('Global')],2,market_calibrated_advanced,0.84,True,False,200.0
2022-10-26 15:39:05,2022-10-26,production_policy,OPEC+ agrees to adjust production by 403 kb/d,high,3,0.7,224.5,Direct impact on global supply-demand balance,"[np.str_('Middle East'), np.str_('Global')]",14,market_calibrated_advanced,0.99,True,True,160.0
2022-10-26 18:09:11,2022-10-26,production_policy,Non-OPEC production growth revised higher,high,3,1.0,260.4,Shifts market share expectations,"[np.str_('Middle East'), np.str_('Global')]",39,market_calibrated_advanced,0.86,True,False,200.0
2022-10-26 21:19:45,2022-10-26,production_policy,Iraq announces voluntary production cut extension,critical,4,1.0,197.5,Tightens supply outlook,"[np.str_('Middle East'), np.str_('Global')]",53,market_calibrated_advanced,0.78,True,False,200.0
2022-10-26 22:26:44,2022-10-26,inventory_report,EIA reports higher crude inventory of 811M barrels,moderate,2,0.549,21.7,Weekly fundamental data point,"[np.str_('US Gulf Coast'), np.str_('Global')]",3,market_calibrated_advanced,0.77,True,False,200.0
2022-10-29 18:40:36,2022-10-29,sanctions,Sanctions waiver negotiations for OPEC+ oil exports,critical,4,1.0,353.4,Potential for supply increase if granted,[np.str_('Caspian Region')],81,market_calibrated_advanced,0.82,True,False,200.0
2022-10-30 07:56:45,2022-10-30,inventory_report,Floating storage levels unchanged off Red Sea,high,3,0.597,30.5,Signal of market contango/backwardation,"[np.str_('US Gulf Coast'), np.str_('Global')]",4,market_calibrated_advanced,0.97,False,False,200.0
2022-10-30 17:36:47,2022-10-30,sanctions,US imposes new sanctions on European Union oil sector,critical,4,1.0,317.5,"Tightens global supply, redirects trade flows","[np.str_('Middle East'), np.str_('Caspian Region')]",44,market_calibrated_advanced,0.98,True,False,200.0
2022-11-02 05:56:45,2022-11-02,geopolitical_tension,Trade negotiations impact South China Sea energy imports,moderate,2,1.0,86.8,Trade policy uncertainty affects flows,[np.str_('Global')],17,market_calibrated_advanced,0.82,True,False,198.0
2022-11-03 14:54:30,2022-11-03,production_policy,Russia announces voluntary production cut extension,critical,4,1.0,88.9,Tightens supply outlook,"[np.str_('Middle East'), np.str_('Global')]",9,market_calibrated_advanced,0.81,True,False,200.0
2022-11-06 05:16:05,2022-11-06,infrastructure,New pipeline capacity comes online in Asia Pacific,moderate,2,0.816,62.9,Improves supply chain efficiency,[np.str_('North Sea')],3,market_calibrated_advanced,0.95,True,False,200.0
2022-11-09 15:19:13,2022-11-09,inventory_report,Floating storage levels higher off North Africa,moderate,2,0.681,33.0,Signal of market contango/backwardation,[np.str_('US Gulf Coast')],4,market_calibrated_advanced,0.94,False,False,199.0
2022-11-14 22:17:28,2022-11-14,infrastructure,Refinery outage reduces crude demand in Red Sea,moderate,2,0.971,70.2,Reduces crude intake temporarily,"[np.str_('US Gulf Coast'), np.str_('North Sea'), np.str_('Middle East')]",11,market_calibrated_advanced,0.78,True,False,198.0
2022-11-17 09:43:25,2022-11-17,geopolitical_tension,Trade negotiations impact Middle East energy imports,high,3,1.0,112.2,Trade policy uncertainty affects flows,[np.str_('Middle East')],22,market_calibrated_advanced,0.72,True,False,200.0
2022-11-18 15:07:44,2022-11-18,infrastructure,Port congestion delays 26 tankers at Rotterdam,high,3,0.827,131.6,Logistical bottleneck affecting deliveries,"[np.str_('US Gulf Coast'), np.str_('Middle East')]",7,market_calibrated_advanced,0.99,True,False,200.0
2022-11-18 21:08:11,2022-11-18,geopolitical_tension,Strategic reserve release coordinated by {alliance},critical,4,0.937,202.7,Temporary supply increase to calm markets,"[np.str_('Global'), np.str_('Middle East'), np.str_('Asia Pacific')]",28,market_calibrated_advanced,0.86,True,False,200.0
2022-11-19 10:03:40,2022-11-19,inventory_report,EIA reports higher crude inventory of 936M barrels,moderate,2,0.509,74.2,Weekly fundamental data point,[np.str_('US Gulf Coast')],2,market_calibrated_advanced,0.98,True,False,200.0
2022-11-19 15:18:27,2022-11-19,infrastructure,New pipeline capacity comes online in South China Sea,moderate,2,0.967,138.9,Improves supply chain efficiency,"[np.str_('North Sea'), np.str_('US Gulf Coast'), np.str_('Middle East')]",6,market_calibrated_advanced,0.89,True,False,200.0
2022-11-20 15:15:43,2022-11-20,inventory_report,Cushing storage levels approach operational minimum,moderate,2,0.2919,49.3,Delivery point concerns for WTI contract,[np.str_('US Gulf Coast')],1,market_calibrated_advanced,0.8,True,True,160.0
2022-11-20 21:35:52,2022-11-20,inventory_report,EIA reports lower crude inventory of 1113M barrels,moderate,2,0.502,68.2,Weekly fundamental data point,[np.str_('US Gulf Coast')],3,market_calibrated_advanced,0.89,True,False,200.0
2022-11-21 19:41:17,2022-11-21,geopolitical_tension,Trade negotiations impact Caspian Region energy imports,high,3,0.947,124.9,Trade policy uncertainty affects flows,[np.str_('Asia Pacific')],7,market_calibrated_advanced,0.71,True,False,200.0
2022-11-22 00:22:10,2022-11-22,inventory_report,Cushing storage levels approach operational minimum,moderate,2,0.34859999999999997,23.5,Delivery point concerns for WTI contract,"[np.str_('US Gulf Coast'), np.str_('Global')]",4,market_calibrated_advanced,0.72,False,True,160.0
2022-11-22 00:38:11,2022-11-22,geopolitical_tension,Trade negotiations impact Red Sea energy imports,high,3,0.934,112.0,Trade policy uncertainty affects flows,[np.str_('Middle East')],43,market_calibrated_advanced,0.95,True,False,200.0
2022-11-22 00:57:47,2022-11-22,inventory_report,Floating storage levels higher off Caspian Region,high,3,0.633,99.4,Signal of market contango/backwardation,"[np.str_('Global'), np.str_('US Gulf Coast')]",3,market_calibrated_advanced,0.92,True,False,200.0
2022-11-22 01:09:23,2022-11-22,inventory_report,Cushing storage levels approach operational minimum,high,3,0.528,69.2,Delivery point concerns for WTI contract,"[np.str_('US Gulf Coast'), np.str_('Global')]",1,market_calibrated_advanced,0.71,False,False,200.0
2022-11-22 02:47:19,2022-11-22,inventory_report,EIA reports lower crude inventory of 1354M barrels,low,1,0.3199,37.7,Weekly fundamental data point,"[np.str_('US Gulf Coast'), np.str_('Global')]",1,market_calibrated_advanced,0.81,True,True,160.0
2022-11-22 22:34:43,2022-11-22,inventory_report,Cushing storage levels approach operational minimum,high,3,0.68,57.6,Delivery point concerns for WTI contract,"[np.str_('US Gulf Coast'), np.str_('Global')]",4,market_calibrated_advanced,0.85,True,False,200.0
2022-11-23 02:56:35,2022-11-23,production_policy,USA announces voluntary production cut extension,critical,4,1.0,258.6,Tightens supply outlook,"[np.str_('Global'), np.str_('Middle East')]",49,market_calibrated_advanced,0.94,True,False,200.0
2022-11-23 03:00:07,2022-11-23,production_policy,OPEC+ agrees to adjust production by 1783 kb/d,high,3,0.7,106.6,Direct impact on global supply-demand balance,"[np.str_('Middle East'), np.str_('Global')]",58,market_calibrated_advanced,0.82,True,True,160.0
2022-11-23 20:43:46,2022-11-23,production_policy,China output disrupted by technical issues at Burgan,critical,4,1.0,62.9,Temporary supply reduction,"[np.str_('Global'), np.str_('Middle East')]",57,market_calibrated_advanced,0.8,False,False,200.0
2022-11-25 15:32:23,2022-11-25,infrastructure,Port congestion delays 15 tankers at Novorossiysk,moderate,2,0.87,38.6,Logistical bottleneck affecting deliveries,"[np.str_('North Sea'), np.str_('US Gulf Coast')]",11,market_calibrated_advanced,0.93,True,False,198.0
2022-11-25 19:56:55,2022-11-25,infrastructure,Major pipeline maintenance reduces Asia Pacific flows by 1091,low,1,0.5544,35.5,Temporary but planned supply reduction,[np.str_('Middle East')],8,market_calibrated_advanced,0.72,True,True,158.0
2022-11-26 05:36:21,2022-11-26,trade_flow_disruption,Port restrictions impact Kuwait crude exports,critical,4,1.0,145.6,Physical supply bottleneck,"[np.str_('South China Sea'), np.str_('Red Sea'), np.str_('Strait of Hormuz')]",11,market_calibrated_advanced,0.86,True,False,200.0
2022-11-26 13:56:24,2022-11-26,inventory_report,Cushing storage levels approach operational minimum,high,3,0.625,95.9,Delivery point concerns for WTI contract,[np.str_('Global')],4,market_calibrated_advanced,0.89,True,False,200.0
2022-11-26 16:58:09,2022-11-26,trade_flow_disruption,Port restrictions impact European Union crude exports,critical,4,1.0,120.8,Physical supply bottleneck,"[np.str_('South China Sea'), np.str_('Red Sea')]",16,market_calibrated_advanced,0.86,True,False,200.0
2022-11-27 13:22:38,2022-11-27,trade_flow_disruption,Insurance premiums surge for Latin America tanker transits,critical,4,1.0,147.2,"Increases shipping costs, may deter voyages","[np.str_('South China Sea'), np.str_('Strait of Hormuz'), np.str_('Red Sea')]",11,market_calibrated_advanced,0.99,True,False,200.0
2022-11-27 14:24:14,2022-11-27,inventory_report,Floating storage levels unchanged off Red Sea,high,3,0.597,58.5,Signal of market contango/backwardation,"[np.str_('Global'), np.str_('US Gulf Coast')]",3,market_calibrated_advanced,0.79,True,False,200.0
2022-11-27 18:14:43,2022-11-27,inventory_report,EIA reports lower crude inventory of 255M barrels,low,1,0.3968999999999999,62.7,Weekly fundamental data point,"[np.str_('Global'), np.str_('US Gulf Coast')]",2,market_calibrated_advanced,0.99,True,True,160.0
2022-12-01 04:11:54,2022-12-01,sanctions,Secondary sanctions threatened for USA oil traders,extreme,5,1.0,283.3,Disrupts payment systems and shipping insurance,"[np.str_('Global'), np.str_('Caspian Region')]",18,market_calibrated_advanced,0.94,True,False,200.0
2022-12-01 15:04:25,2022-12-01,infrastructure,Major pipeline maintenance reduces North Sea flows by 1505,moderate,2,0.913,85.7,Temporary but planned supply reduction,"[np.str_('North Sea'), np.str_('US Gulf Coast')]",3,market_calibrated_advanced,0.88,True,False,200.0
2022-12-02 01:35:49,2022-12-02,geopolitical_tension,Diplomatic tensions escalate between Iran and China,critical,4,1.0,147.1,Risk premium increases on supply disruption fears,[np.str_('Global')],19,market_calibrated_advanced,0.87,True,False,200.0
2022-12-02 10:45:20,2022-12-02,geopolitical_tension,Trade negotiations impact Global energy imports,moderate,2,0.4906999999999999,98.3,Trade policy uncertainty affects flows,"[np.str_('Global'), np.str_('Asia Pacific'), np.str_('Middle East')]",36,market_calibrated_advanced,0.95,True,True,160.0
2022-12-03 19:17:54,2022-12-03,inventory_report,Floating storage levels higher off Red Sea,high,3,0.614,65.5,Signal of market contango/backwardation,[np.str_('Global')],3,market_calibrated_advanced,0.98,True,False,200.0
2022-12-03 21:55:54,2022-12-03,sanctions,OFAC issues new compliance guidance for oil transactions,high,3,1.0,226.3,Increases compliance costs and due diligence,[np.str_('Middle East')],49,market_calibrated_advanced,0.74,True,False,200.0
2022-12-04 03:16:25,2022-12-04,military_conflict,Naval incident near Malacca Strait shipping lane,extreme,5,0.7,613.4,Risk to major transit chokepoint,[np.str_('North Africa')],7,market_calibrated_advanced,0.78,True,True,160.0
2022-12-04 03:17:23,2022-12-04,military_conflict,Military escalation near North Sea oil facilities,extreme,5,1.0,618.5,Threatens regional production and transit,[np.str_('Strait of Hormuz')],29,market_calibrated_advanced,0.77,True,False,200.0
2022-12-04 04:52:30,2022-12-04,inventory_report,China crude inventories show higher trend,high,3,0.651,72.8,Indicates demand trajectory in largest importer,"[np.str_('US Gulf Coast'), np.str_('Global')]",2,market_calibrated_advanced,0.82,True,False,200.0
2022-12-05 20:45:17,2022-12-05,inventory_report,EIA reports higher crude inventory of 875M barrels,moderate,2,0.537,70.1,Weekly fundamental data point,"[np.str_('Global'), np.str_('US Gulf Coast')]",1,market_calibrated_advanced,0.72,True,False,200.0
2022-12-07 07:03:29,2022-12-07,inventory_report,EIA reports lower crude inventory of 638M barrels,low,1,0.646,28.3,Weekly fundamental data point,"[np.str_('US Gulf Coast'), np.str_('Global')]",4,market_calibrated_advanced,0.8,True,False,198.0
2022-12-07 12:30:28,2022-12-07,sanctions,US imposes new sanctions on Venezuela oil sector,high,3,1.0,321.1,"Tightens global supply, redirects trade flows",[np.str_('Global')],71,market_calibrated_advanced,0.77,True,False,198.0
2022-12-08 03:47:13,2022-12-08,military_conflict,Military escalation near Asia Pacific oil facilities,extreme,5,1.0,932.0,Threatens regional production and transit,[np.str_('Middle East')],29,market_calibrated_advanced,0.78,True,False,200.0
2022-12-09 00:32:35,2022-12-09,production_policy,OPEC+ agrees to adjust production by 1611 kb/d,critical,4,1.0,61.5,Direct impact on global supply-demand balance,"[np.str_('Global'), np.str_('Middle East')]",55,market_calibrated_advanced,0.8,True,False,200.0
2022-12-09 10:36:51,2022-12-09,military_conflict,Drone attack targets Venezuela oil infrastructure,extreme,5,1.0,998.8,"Immediate supply risk, insurance premiums spike","[np.str_('Middle East'), np.str_('Strait of Hormuz')]",3,market_calibrated_advanced,0.83,True,False,200.0
2022-12-09 15:36:02,2022-12-09,inventory_report,Cushing storage levels approach operational minimum,high,3,0.613,23.7,Delivery point concerns for WTI contract,"[np.str_('US Gulf Coast'), np.str_('Global')]",1,market_calibrated_advanced,0.96,True,False,200.0
2022-12-10 04:54:55,2022-12-10,inventory_report,Floating storage levels lower off North Sea,high,3,0.671,56.2,Signal of market contango/backwardation,"[np.str_('US Gulf Coast'), np.str_('Global')]",2,market_calibrated_advanced,0.99,True,False,200.0
2022-12-10 17:26:58,2022-12-10,production_policy,Non-OPEC production growth revised higher,moderate,2,0.7,70.8,Shifts market share expectations,"[np.str_('Global'), np.str_('Middle East')]",25,market_calibrated_advanced,0.91,True,True,160.0
2022-12-10 22:37:02,2022-12-10,production_policy,India announces voluntary production cut extension,critical,4,1.0,150.8,Tightens supply outlook,"[np.str_('Global'), np.str_('Middle East')]",58,market_calibrated_advanced,0.98,True,False,200.0
2022-12-11 15:54:28,2022-12-11,inventory_report,China crude inventories show unchanged trend,high,3,0.693,87.7,Indicates demand trajectory in largest importer,"[np.str_('US Gulf Coast'), np.str_('Global')]",4,market_calibrated_advanced,0.71,True,False,200.0
2022-12-13 07:00:44,2022-12-13,inventory_report,China crude inventories show unchanged trend,moderate,2,0.52,69.4,Indicates demand trajectory in largest importer,"[np.str_('Global'), np.str_('US Gulf Coast')]",3,market_calibrated_advanced,0.94,True,False,200.0
2022-12-13 15:46:08,2022-12-13,inventory_report,Floating storage levels higher off Latin America,moderate,2,0.2779,40.9,Signal of market contango/backwardation,"[np.str_('US Gulf Coast'), np.str_('Global')]",4,market_calibrated_advanced,0.91,True,True,160.0
2022-12-13 16:39:50,2022-12-13,inventory_report,Floating storage levels lower off North Sea,moderate,2,0.555,38.3,Signal of market contango/backwardation,"[np.str_('US Gulf Coast'), np.str_('Global')]",1,market_calibrated_advanced,1.0,True,False,200.0
2022-12-13 21:14:50,2022-12-13,geopolitical_tension,Diplomatic tensions escalate between UAE and India,high,3,1.0,199.3,Risk premium increases on supply disruption fears,"[np.str_('Middle East'), np.str_('Asia Pacific')]",13,market_calibrated_advanced,0.95,True,False,200.0
2022-12-14 02:46:37,2022-12-14,production_policy,Libya announces voluntary production cut extension,high,3,0.7,96.6,Tightens supply outlook,"[np.str_('Middle East'), np.str_('Global')]",21,market_calibrated_advanced,0.85,True,True,160.0
2022-12-14 07:16:35,2022-12-14,production_policy,India output disrupted by pipeline rupture at Zuluf,critical,4,1.0,228.1,Temporary supply reduction,"[np.str_('Middle East'), np.str_('Global')]",32,market_calibrated_advanced,0.78,False,False,200.0
2022-12-15 08:16:30,2022-12-15,production_policy,European Union announces voluntary production cut extension,critical,4,1.0,162.7,Tightens supply outlook,[np.str_('Middle East')],48,market_calibrated_advanced,0.82,True,False,200.0
2022-12-15 10:49:28,2022-12-15,production_policy,Iraq announces voluntary production cut extension,high,3,0.7,51.5,Tightens supply outlook,"[np.str_('Middle East'), np.str_('Global')]",51,market_calibrated_advanced,0.91,True,True,160.0
2022-12-18 15:04:11,2022-12-18,infrastructure,New pipeline capacity comes online in Caspian Region,low,1,0.927,64.4,Improves supply chain efficiency,"[np.str_('North Sea'), np.str_('US Gulf Coast')]",4,market_calibrated_advanced,0.85,True,False,198.0
2022-12-18 20:44:12,2022-12-18,infrastructure,Major pipeline maintenance reduces Caspian Region flows by 1270,low,1,0.5684,40.5,Temporary but planned supply reduction,[np.str_('Middle East')],2,market_calibrated_advanced,0.83,True,True,158.0
2022-12-19 00:21:29,2022-12-19,infrastructure,Major pipeline maintenance reduces Middle East flows by 596,moderate,2,0.894,159.2,Temporary but planned supply reduction,"[np.str_('Middle East'), np.str_('North Sea')]",7,market_calibrated_advanced,0.88,True,False,200.0
2022-12-27 14:44:52,2022-12-27,inventory_report,Floating storage levels lower off Caspian Region,moderate,2,0.606,91.3,Signal of market contango/backwardation,"[np.str_('Global'), np.str_('US Gulf Coast')]",3,market_calibrated_advanced,0.75,True,False,194.0
2022-12-28 16:35:16,2022-12-28,infrastructure,New pipeline capacity comes online in North Africa,moderate,2,0.964,130.5,Improves supply chain efficiency,[np.str_('North Sea')],10,market_calibrated_advanced,0.89,True,False,200.0
2022-12-29 18:51:00,2022-12-29,production_policy,European Union output disrupted by technical issues at Zuluf,critical,4,1.0,235.3,Temporary supply reduction,"[np.str_('Middle East'), np.str_('Global')]",27,market_calibrated_advanced,0.79,True,False,200.0
2022-12-30 07:53:45,2022-12-30,production_policy,Iraq output disrupted by technical issues at Rumaila,critical,4,1.0,74.8,Temporary supply reduction,"[np.str_('Middle East'), np.str_('Global')]",36,market_calibrated_advanced,0.72,True,False,200.0
2022-12-30 10:31:50,2022-12-30,production_policy,Non-OPEC production growth revised unchanged,high,3,1.0,119.8,Shifts market share expectations,"[np.str_('Global'), np.str_('Middle East')]",34,market_calibrated_advanced,0.87,True,False,200.0
2022-12-30 11:49:45,2022-12-30,production_policy,Saudi Arabia output disrupted by pipeline rupture at Burgan,high,3,0.7,153.9,Temporary supply reduction,"[np.str_('Global'), np.str_('Middle East')]",48,market_calibrated_advanced,0.74,True,True,160.0
2022-12-30 21:51:10,2022-12-30,production_policy,Venezuela announces voluntary production cut extension,high,3,0.6986,51.8,Tightens supply outlook,[np.str_('Middle East')],59,market_calibrated_advanced,0.79,True,True,160.0
2023-01-01 09:56:28,2023-01-01,inventory_report,China crude inventories show higher trend,moderate,2,0.635,27.8,Indicates demand trajectory in largest importer,"[np.str_('US Gulf Coast'), np.str_('Global')]",2,market_calibrated_advanced,0.99,True,False,199.0
2023-01-01 19:26:16,2023-01-01,geopolitical_tension,Trade negotiations impact North Sea energy imports,moderate,2,1.0,191.6,Trade policy uncertainty affects flows,[np.str_('Middle East')],20,market_calibrated_advanced,0.97,False,False,199.0
2023-01-08 20:27:04,2023-01-08,geopolitical_tension,Strategic reserve release coordinated by {alliance},high,3,1.0,167.3,Temporary supply increase to calm markets,[np.str_('Middle East')],32,market_calibrated_advanced,0.83,True,False,193.0
2023-01-11 00:14:12,2023-01-11,geopolitical_tension,Diplomatic tensions escalate between Russia and Iran,critical,4,0.906,237.9,Risk premium increases on supply disruption fears,"[np.str_('Asia Pacific'), np.str_('Middle East'), np.str_('Global')]",33,market_calibrated_advanced,0.77,True,False,200.0
2023-01-12 17:21:35,2023-01-12,geopolitical_tension,Trade negotiations impact Caspian Region energy imports,high,3,0.96,77.9,Trade policy uncertainty affects flows,"[np.str_('Asia Pacific'), np.str_('Global'), np.str_('Middle East')]",40,market_calibrated_advanced,0.81,True,False,200.0
2023-01-13 11:29:49,2023-01-13,geopolitical_tension,Energy security summit addresses Middle East supply concerns,high,3,1.0,99.2,Coordinated response to supply risks,"[np.str_('Middle East'), np.str_('Global'), np.str_('Asia Pacific')]",36,market_calibrated_advanced,0.82,True,False,200.0
2023-01-15 00:28:43,2023-01-15,infrastructure,New pipeline capacity comes online in Middle East,moderate,2,0.861,82.8,Improves supply chain efficiency,[np.str_('Middle East')],7,market_calibrated_advanced,0.83,True,False,200.0
2023-01-15 19:42:06,2023-01-15,sanctions,Secondary sanctions threatened for Iraq oil traders,extreme,5,1.0,349.3,Disrupts payment systems and shipping insurance,[np.str_('Global')],85,market_calibrated_advanced,0.97,True,False,200.0
2023-01-16 09:31:52,2023-01-16,inventory_report,Cushing storage levels approach operational minimum,high,3,0.625,61.2,Delivery point concerns for WTI contract,"[np.str_('US Gulf Coast'), np.str_('Global')]",4,market_calibrated_advanced,0.94,True,False,200.0
2023-01-17 02:10:10,2023-01-17,inventory_report,EIA reports higher crude inventory of 1568M barrels,moderate,2,0.586,66.6,Weekly fundamental data point,"[np.str_('US Gulf Coast'), np.str_('Global')]",4,market_calibrated_advanced,0.76,True,False,200.0
2023-01-18 05:00:26,2023-01-18,inventory_report,China crude inventories show unchanged trend,high,3,0.631,35.5,Indicates demand trajectory in largest importer,"[np.str_('Global'), np.str_('US Gulf Coast')]",3,market_calibrated_advanced,0.75,True,False,200.0
2023-01-18 08:16:46,2023-01-18,inventory_report,Cushing storage levels approach operational minimum,high,3,0.579,47.5,Delivery point concerns for WTI contract,"[np.str_('Global'), np.str_('US Gulf Coast')]",3,market_calibrated_advanced,0.88,True,False,200.0
2023-01-18 16:28:06,2023-01-18,inventory_report,Cushing storage levels approach operational minimum,high,3,0.537,72.3,Delivery point concerns for WTI contract,"[np.str_('Global'), np.str_('US Gulf Coast')]",2,market_calibrated_advanced,0.87,True,False,200.0
2023-01-18 20:42:23,2023-01-18,inventory_report,China crude inventories show lower trend,moderate,2,0.3493,44.2,Indicates demand trajectory in largest importer,"[np.str_('US Gulf Coast'), np.str_('Global')]",3,market_calibrated_advanced,0.71,True,True,160.0
2023-01-18 20:54:26,2023-01-18,geopolitical_tension,Energy security summit addresses US Gulf Coast supply concerns,high,3,1.0,215.4,Coordinated response to supply risks,"[np.str_('Global'), np.str_('Asia Pacific'), np.str_('Middle East')]",40,market_calibrated_advanced,0.77,True,False,200.0
2023-01-19 05:07:12,2023-01-19,inventory_report,China crude inventories show lower trend,high,3,0.588,77.3,Indicates demand trajectory in largest importer,"[np.str_('US Gulf Coast'), np.str_('Global')]",2,market_calibrated_advanced,0.79,True,False,200.0
2023-01-20 18:31:36,2023-01-20,military_conflict,Drone attack targets Libya oil infrastructure,extreme,5,1.0,695.1,"Immediate supply risk, insurance premiums spike","[np.str_('Middle East'), np.str_('North Africa'), np.str_('Strait of Hormuz')]",19,market_calibrated_advanced,0.97,True,False,200.0
2023-01-24 11:17:36,2023-01-24,inventory_report,China crude inventories show unchanged trend,moderate,2,0.658,35.8,Indicates demand trajectory in largest importer,[np.str_('US Gulf Coast')],3,market_calibrated_advanced,0.96,True,False,198.0
2023-01-25 02:07:33,2023-01-25,trade_flow_disruption,Insurance premiums surge for Strait of Hormuz tanker transits,critical,4,1.0,291.1,"Increases shipping costs, may deter voyages",[np.str_('Red Sea')],10,market_calibrated_advanced,0.92,True,False,200.0
2023-01-27 02:51:07,2023-01-27,geopolitical_tension,Trade negotiations impact Caspian Region energy imports,moderate,2,1.0,213.3,Trade policy uncertainty affects flows,[np.str_('Asia Pacific')],37,market_calibrated_advanced,0.95,True,False,198.0
2023-01-27 19:43:23,2023-01-27,geopolitical_tension,Trade negotiations impact Asia Pacific energy imports,moderate,2,0.49699999999999994,50.4,Trade policy uncertainty affects flows,"[np.str_('Middle East'), np.str_('Global'), np.str_('Asia Pacific')]",38,market_calibrated_advanced,0.72,True,True,159.0
2023-01-28 02:12:11,2023-01-28,inventory_report,Cushing storage levels approach operational minimum,high,3,0.59,99.6,Delivery point concerns for WTI contract,"[np.str_('US Gulf Coast'), np.str_('Global')]",2,market_calibrated_advanced,0.73,True,False,200.0
2023-01-31 08:56:49,2023-01-31,infrastructure,Major pipeline maintenance reduces West Africa flows by 617,moderate,2,0.845,127.4,Temporary but planned supply reduction,"[np.str_('North Sea'), np.str_('US Gulf Coast')]",9,market_calibrated_advanced,0.95,True,False,200.0
2023-02-02 17:23:26,2023-02-02,inventory_report,Cushing storage levels approach operational minimum,moderate,2,0.573,29.5,Delivery point concerns for WTI contract,"[np.str_('Global'), np.str_('US Gulf Coast')]",2,market_calibrated_advanced,0.89,False,False,197.0
2023-02-03 13:45:18,2023-02-03,infrastructure,Refinery outage reduces crude demand in Red Sea,high,3,0.994,61.1,Reduces crude intake temporarily,"[np.str_('US Gulf Coast'), np.str_('North Sea'), np.str_('Middle East')]",12,market_calibrated_advanced,0.91,True,False,200.0
2023-02-05 03:39:04,2023-02-05,sanctions,EU extends sanctions framework on European Union energy exports,high,3,1.0,169.7,Reduces available supply to European markets,"[np.str_('Global'), np.str_('Caspian Region')]",43,market_calibrated_advanced,0.79,True,False,199.0
2023-02-05 17:45:05,2023-02-05,infrastructure,New pipeline capacity comes online in Global,low,1,0.5025999999999999,31.5,Improves supply chain efficiency,[np.str_('Middle East')],2,market_calibrated_advanced,0.88,True,True,159.0
2023-02-05 20:26:12,2023-02-05,infrastructure,Port congestion delays 5 tankers at Basra,moderate,2,0.823,27.5,Logistical bottleneck affecting deliveries,"[np.str_('Middle East'), np.str_('North Sea')]",11,market_calibrated_advanced,0.9,True,False,199.0
2023-02-07 02:42:10,2023-02-07,trade_flow_disruption,Shipping lane disruption near Suez Canal,critical,4,1.0,183.0,"Forces rerouting, increases transit times","[np.str_('Strait of Hormuz'), np.str_('South China Sea')]",7,market_calibrated_advanced,0.8,True,False,200.0
2023-02-07 06:53:35,2023-02-07,trade_flow_disruption,Tanker tracking shows lower flows to Saudi Arabia,moderate,2,0.5774999999999999,159.0,Indicates trade pattern shifts,"[np.str_('South China Sea'), np.str_('Red Sea'), np.str_('Strait of Hormuz')]",13,market_calibrated_advanced,0.88,True,True,160.0
2023-02-09 07:07:42,2023-02-09,inventory_report,China crude inventories show unchanged trend,high,3,0.661,28.1,Indicates demand trajectory in largest importer,[np.str_('US Gulf Coast')],2,market_calibrated_advanced,0.78,True,False,200.0
2023-02-09 18:14:57,2023-02-09,production_policy,UAE announces voluntary production cut extension,critical,4,1.0,270.6,Tightens supply outlook,"[np.str_('Global'), np.str_('Middle East')]",32,market_calibrated_advanced,0.72,True,False,200.0
2023-02-09 21:10:40,2023-02-09,inventory_report,Cushing storage levels approach operational minimum,high,3,0.583,50.3,Delivery point concerns for WTI contract,"[np.str_('Global'), np.str_('US Gulf Coast')]",1,market_calibrated_advanced,0.8,True,False,200.0
2023-02-10 02:45:05,2023-02-10,inventory_report,Floating storage levels higher off Strait of Hormuz,high,3,0.613,83.7,Signal of market contango/backwardation,"[np.str_('US Gulf Coast'), np.str_('Global')]",1,market_calibrated_advanced,0.73,True,False,200.0
2023-02-10 19:28:19,2023-02-10,infrastructure,Major pipeline maintenance reduces Global flows by 1888,moderate,2,0.81,101.0,Temporary but planned supply reduction,"[np.str_('Middle East'), np.str_('North Sea')]",9,market_calibrated_advanced,0.94,True,False,200.0
2023-02-10 22:22:48,2023-02-10,inventory_report,China crude inventories show higher trend,moderate,2,0.2688,56.2,Indicates demand trajectory in largest importer,"[np.str_('US Gulf Coast'), np.str_('Global')]",2,market_calibrated_advanced,0.73,True,True,160.0
2023-02-11 03:39:03,2023-02-11,infrastructure,Port congestion delays 42 tankers at Basra,high,3,0.897,137.3,Logistical bottleneck affecting deliveries,[np.str_('North Sea')],3,market_calibrated_advanced,0.86,True,False,200.0
2023-02-11 12:56:07,2023-02-11,trade_flow_disruption,Port restrictions impact UAE crude exports,critical,4,1.0,183.4,Physical supply bottleneck,"[np.str_('South China Sea'), np.str_('Red Sea')]",11,market_calibrated_advanced,0.99,True,False,200.0
2023-02-12 02:54:33,2023-02-12,sanctions,EU extends sanctions framework on Iran energy exports,critical,4,1.0,255.9,Reduces available supply to European markets,[np.str_('Global')],57,market_calibrated_advanced,0.82,True,False,200.0
2023-02-12 12:56:47,2023-02-12,inventory_report,Cushing storage levels approach operational minimum,high,3,0.562,40.9,Delivery point concerns for WTI contract,"[np.str_('Global'), np.str_('US Gulf Coast')]",2,market_calibrated_advanced,0.73,True,False,200.0
2023-02-12 16:51:19,2023-02-12,infrastructure,Major pipeline maintenance reduces US Gulf Coast flows by 1853,moderate,2,0.829,70.0,Temporary but planned supply reduction,"[np.str_('Middle East'), np.str_('North Sea')]",11,market_calibrated_advanced,0.96,True,False,200.0
2023-02-12 21:55:40,2023-02-12,sanctions,EU extends sanctions framework on Iran energy exports,high,3,0.7,206.7,Reduces available supply to European markets,[np.str_('Middle East')],38,market_calibrated_advanced,0.85,True,True,160.0
2023-02-13 05:09:19,2023-02-13,infrastructure,New pipeline capacity comes online in Middle East,moderate,2,0.902,50.2,Improves supply chain efficiency,"[np.str_('North Sea'), np.str_('Middle East')]",4,market_calibrated_advanced,0.74,False,False,200.0
2023-02-13 06:19:51,2023-02-13,infrastructure,Refinery outage reduces crude demand in Asia Pacific,moderate,2,0.48649999999999993,63.2,Reduces crude intake temporarily,"[np.str_('US Gulf Coast'), np.str_('Middle East'), np.str_('North Sea')]",3,market_calibrated_advanced,0.91,True,True,160.0
2023-02-13 06:28:12,2023-02-13,infrastructure,Port congestion delays 33 tankers at Ras Tanura,high,3,0.887,70.4,Logistical bottleneck affecting deliveries,"[np.str_('North Sea'), np.str_('US Gulf Coast'), np.str_('Middle East')]",3,market_calibrated_advanced,1.0,True,False,200.0
2023-02-13 12:54:45,2023-02-13,inventory_report,EIA reports lower crude inventory of 229M barrels,moderate,2,0.586,32.1,Weekly fundamental data point,"[np.str_('US Gulf Coast'), np.str_('Global')]",4,market_calibrated_advanced,0.75,True,False,200.0
2023-02-14 09:22:23,2023-02-14,production_policy,USA output disrupted by weather at Rumaila,critical,4,1.0,84.0,Temporary supply reduction,[np.str_('Global')],18,market_calibrated_advanced,0.86,True,False,200.0
2023-02-14 11:36:32,2023-02-14,military_conflict,Missile attack on UAE port facility,extreme,5,1.0,776.9,Direct damage to export infrastructure,"[np.str_('North Africa'), np.str_('Middle East'), np.str_('Strait of Hormuz')]",24,market_calibrated_advanced,0.79,True,False,200.0
2023-02-14 11:55:11,2023-02-14,inventory_report,EIA reports unchanged crude inventory of 806M barrels,moderate,2,0.654,29.6,Weekly fundamental data point,"[np.str_('Global'), np.str_('US Gulf Coast')]",4,market_calibrated_advanced,0.92,True,False,200.0
2023-02-14 14:43:45,2023-02-14,geopolitical_tension,Diplomatic tensions escalate between Iraq and Venezuela,critical,4,0.932,219.0,Risk premium increases on supply disruption fears,"[np.str_('Global'), np.str_('Middle East')]",17,market_calibrated_advanced,0.75,True,False,200.0
2023-02-15 15:35:35,2023-02-15,infrastructure,Refinery outage reduces crude demand in Caspian Region,high,3,0.84,134.9,Reduces crude intake temporarily,"[np.str_('North Sea'), np.str_('Middle East')]",2,market_calibrated_advanced,0.79,True,False,200.0
2023-02-17 06:00:57,2023-02-17,inventory_report,EIA reports lower crude inventory of 975M barrels,low,1,0.572,65.3,Weekly fundamental data point,"[np.str_('US Gulf Coast'), np.str_('Global')]",1,market_calibrated_advanced,0.79,True,False,198.0
2023-02-18 01:27:30,2023-02-18,sanctions,US imposes new sanctions on OPEC+ oil sector,critical,4,1.0,285.0,"Tightens global supply, redirects trade flows","[np.str_('Middle East'), np.str_('Global'), np.str_('Caspian Region')]",31,market_calibrated_advanced,0.76,True,False,200.0
2023-02-18 16:58:48,2023-02-18,production_policy,Venezuela announces voluntary production cut extension,critical,4,1.0,221.6,Tightens supply outlook,"[np.str_('Global'), np.str_('Middle East')]",17,market_calibrated_advanced,0.82,True,False,200.0
2023-02-21 17:58:39,2023-02-21,inventory_report,Cushing storage levels approach operational minimum,moderate,2,0.541,40.8,Delivery point concerns for WTI contract,"[np.str_('US Gulf Coast'), np.str_('Global')]",4,market_calibrated_advanced,0.76,False,False,199.0
2023-02-24 20:58:02,2023-02-24,sanctions,Secondary sanctions threatened for Nigeria oil traders,extreme,5,1.0,260.8,Disrupts payment systems and shipping insurance,"[np.str_('Caspian Region'), np.str_('Middle East'), np.str_('Global')]",41,market_calibrated_advanced,0.94,True,False,200.0
2023-02-25 01:19:50,2023-02-25,trade_flow_disruption,Insurance premiums surge for Latin America tanker transits,critical,4,1.0,234.7,"Increases shipping costs, may deter voyages","[np.str_('Red Sea'), np.str_('South China Sea'), np.str_('Strait of Hormuz')]",8,market_calibrated_advanced,0.79,True,False,200.0
2023-02-25 04:04:24,2023-02-25,production_policy,Non-OPEC production growth revised higher,moderate,2,0.6986,83.8,Shifts market share expectations,[np.str_('Middle East')],30,market_calibrated_advanced,0.92,True,True,160.0
2023-02-25 21:05:32,2023-02-25,production_policy,OPEC+ announces voluntary production cut extension,critical,4,1.0,296.5,Tightens supply outlook,"[np.str_('Global'), np.str_('Middle East')]",24,market_calibrated_advanced,0.78,False,False,200.0
2023-02-26 03:23:05,2023-02-26,military_conflict,Drone attack targets Iraq oil infrastructure,extreme,5,1.0,602.7,"Immediate supply risk, insurance premiums spike","[np.str_('Middle East'), np.str_('Strait of Hormuz'), np.str_('North Africa')]",17,market_calibrated_advanced,0.86,True,False,200.0
2023-02-26 15:50:15,2023-02-26,inventory_report,EIA reports lower crude inventory of 1224M barrels,moderate,2,0.525,34.7,Weekly fundamental data point,"[np.str_('Global'), np.str_('US Gulf Coast')]",3,market_calibrated_advanced,0.95,True,False,200.0
2023-02-27 09:38:49,2023-02-27,inventory_report,Floating storage levels unchanged off Asia Pacific,high,3,0.64,97.1,Signal of market contango/backwardation,"[np.str_('US Gulf Coast'), np.str_('Global')]",4,market_calibrated_advanced,0.99,True,False,200.0
2023-02-27 10:09:39,2023-02-27,production_policy,Iran announces voluntary production cut extension,high,3,0.7,153.9,Tightens supply outlook,"[np.str_('Global'), np.str_('Middle East')]",8,market_calibrated_advanced,0.98,True,True,160.0
2023-02-27 11:21:11,2023-02-27,geopolitical_tension,Energy security summit addresses North Africa supply concerns,high,3,1.0,180.9,Coordinated response to supply risks,[np.str_('Middle East')],14,market_calibrated_advanced,0.78,True,False,200.0
2023-02-27 11:22:27,2023-02-27,production_policy,Non-OPEC production growth revised lower,high,3,1.0,95.7,Shifts market share expectations,[np.str_('Middle East')],52,market_calibrated_advanced,0.81,True,False,200.0
2023-02-27 13:19:36,2023-02-27,geopolitical_tension,Diplomatic tensions escalate between India and USA,critical,4,1.0,141.3,Risk premium increases on supply disruption fears,"[np.str_('Asia Pacific'), np.str_('Global'), np.str_('Middle East')]",31,market_calibrated_advanced,0.75,True,False,200.0
2023-02-27 15:03:13,2023-02-27,geopolitical_tension,Strategic reserve release coordinated by {alliance},high,3,0.6013,161.4,Temporary supply increase to calm markets,[np.str_('Middle East')],26,market_calibrated_advanced,0.95,True,True,160.0
2023-02-28 00:57:55,2023-02-28,infrastructure,Port congestion delays 35 tankers at Ras Tanura,high,3,0.822,97.6,Logistical bottleneck affecting deliveries,"[np.str_('North Sea'), np.str_('Middle East')]",8,market_calibrated_advanced,0.99,True,False,200.0
2023-02-28 09:56:29,2023-02-28,inventory_report,EIA reports lower crude inventory of 130M barrels,moderate,2,0.525,35.1,Weekly fundamental data point,"[np.str_('Global'), np.str_('US Gulf Coast')]",2,market_calibrated_advanced,0.85,True,False,200.0
2023-03-02 12:52:42,2023-03-02,inventory_report,EIA reports unchanged crude inventory of 1789M barrels,low,1,0.689,95.2,Weekly fundamental data point,"[np.str_('US Gulf Coast'), np.str_('Global')]",3,market_calibrated_advanced,0.95,True,False,200.0
2023-03-03 06:32:47,2023-03-03,geopolitical_tension,Diplomatic tensions escalate between Iraq and China,critical,4,0.981,138.4,Risk premium increases on supply disruption fears,"[np.str_('Global'), np.str_('Asia Pacific')]",21,market_calibrated_advanced,0.74,True,False,200.0
2023-03-03 08:55:04,2023-03-03,geopolitical_tension,Diplomatic tensions escalate between European Union and UAE,high,3,0.6075999999999999,178.3,Risk premium increases on supply disruption fears,"[np.str_('Middle East'), np.str_('Asia Pacific')]",15,market_calibrated_advanced,0.72,True,True,160.0
2023-03-03 20:45:18,2023-03-03,geopolitical_tension,Strategic reserve release coordinated by {alliance},critical,4,0.903,196.1,Temporary supply increase to calm markets,[np.str_('Global')],8,market_calibrated_advanced,0.78,True,False,200.0
2023-03-04 05:58:38,2023-03-04,sanctions,OFAC issues new compliance guidance for oil transactions,high,3,1.0,378.4,Increases compliance costs and due diligence,"[np.str_('Global'), np.str_('Middle East'), np.str_('Caspian Region')]",44,market_calibrated_advanced,0.88,True,False,200.0
2023-03-04 21:09:01,2023-03-04,sanctions,EU extends sanctions framework on China energy exports,high,3,0.7,113.3,Reduces available supply to European markets,"[np.str_('Caspian Region'), np.str_('Middle East')]",62,market_calibrated_advanced,0.86,True,True,160.0
2023-03-07 03:34:45,2023-03-07,inventory_report,EIA reports unchanged crude inventory of 1325M barrels,low,1,0.3885,34.3,Weekly fundamental data point,"[np.str_('Global'), np.str_('US Gulf Coast')]",1,market_calibrated_advanced,0.84,True,True,159.0
2023-03-07 14:45:25,2023-03-07,inventory_report,China crude inventories show unchanged trend,moderate,2,0.548,29.3,Indicates demand trajectory in largest importer,"[np.str_('US Gulf Coast'), np.str_('Global')]",1,market_calibrated_advanced,0.72,False,False,199.0
2023-03-07 15:06:07,2023-03-07,sanctions,OFAC issues new compliance guidance for oil transactions,moderate,2,1.0,210.3,Increases compliance costs and due diligence,[np.str_('Caspian Region')],21,market_calibrated_advanced,0.78,True,False,199.0
2023-03-07 17:46:55,2023-03-07,sanctions,EU extends sanctions framework on Nigeria energy exports,high,3,0.7,133.7,Reduces available supply to European markets,"[np.str_('Global'), np.str_('Caspian Region'), np.str_('Middle East')]",46,market_calibrated_advanced,0.95,True,True,159.0
2023-03-08 06:19:34,2023-03-08,production_policy,OPEC+ agrees to adjust production by 1533 kb/d,high,3,0.6776,173.5,Direct impact on global supply-demand balance,"[np.str_('Middle East'), np.str_('Global')]",10,market_calibrated_advanced,0.74,True,True,160.0
2023-03-08 07:42:52,2023-03-08,production_policy,China announces voluntary production cut extension,critical,4,1.0,277.1,Tightens supply outlook,"[np.str_('Global'), np.str_('Middle East')]",15,market_calibrated_advanced,0.71,True,False,200.0
2023-03-08 11:21:14,2023-03-08,sanctions,OFAC issues new compliance guidance for oil transactions,high,3,1.0,329.3,Increases compliance costs and due diligence,"[np.str_('Global'), np.str_('Middle East'), np.str_('Caspian Region')]",36,market_calibrated_advanced,0.98,True,False,200.0
2023-03-09 00:57:52,2023-03-09,geopolitical_tension,Diplomatic tensions escalate between Venezuela and India,critical,4,1.0,138.5,Risk premium increases on supply disruption fears,"[np.str_('Global'), np.str_('Asia Pacific')]",32,market_calibrated_advanced,0.79,True,False,200.0
2023-03-09 12:58:38,2023-03-09,geopolitical_tension,Energy security summit addresses Latin America supply concerns,moderate,2,0.4976999999999999,53.1,Coordinated response to supply risks,"[np.str_('Global'), np.str_('Asia Pacific'), np.str_('Middle East')]",24,market_calibrated_advanced,0.83,True,True,160.0
2023-03-10 01:42:19,2023-03-10,geopolitical_tension,Energy security summit addresses West Africa supply concerns,moderate,2,0.5389999999999999,133.4,Coordinated response to supply risks,[np.str_('Asia Pacific')],32,market_calibrated_advanced,0.92,True,True,160.0
2023-03-10 11:17:01,2023-03-10,geopolitical_tension,Diplomatic tensions escalate between OPEC+ and India,critical,4,1.0,169.5,Risk premium increases on supply disruption fears,"[np.str_('Global'), np.str_('Asia Pacific'), np.str_('Middle East')]",18,market_calibrated_advanced,0.9,True,False,200.0
2023-03-11 03:54:34,2023-03-11,inventory_report,Floating storage levels lower off Strait of Hormuz,high,3,0.621,81.6,Signal of market contango/backwardation,[np.str_('Global')],1,market_calibrated_advanced,0.75,True,False,200.0
2023-03-11 15:46:37,2023-03-11,production_policy,Nigeria output disrupted by pipeline rupture at Khurais,critical,4,1.0,67.7,Temporary supply reduction,"[np.str_('Global'), np.str_('Middle East')]",51,market_calibrated_advanced,0.87,True,False,200.0
2023-03-11 21:50:21,2023-03-11,production_policy,Venezuela output disrupted by pipeline rupture at Khurais,high,3,0.7,189.8,Temporary supply reduction,"[np.str_('Global'), np.str_('Middle East')]",54,market_calibrated_advanced,0.79,True,True,160.0
2023-03-12 01:19:12,2023-03-12,geopolitical_tension,Energy security summit addresses Global supply concerns,high,3,0.959,140.1,Coordinated response to supply risks,[np.str_('Middle East')],12,market_calibrated_advanced,0.83,True,False,200.0
2023-03-14 00:12:36,2023-03-14,infrastructure,Major pipeline maintenance reduces Red Sea flows by 879,moderate,2,0.829,28.4,Temporary but planned supply reduction,"[np.str_('Middle East'), np.str_('US Gulf Coast')]",12,market_calibrated_advanced,0.75,True,False,200.0
2023-03-14 03:31:04,2023-03-14,infrastructure,Major pipeline maintenance reduces Global flows by 874,low,1,0.5593,112.1,Temporary but planned supply reduction,[np.str_('North Sea')],8,market_calibrated_advanced,0.85,True,True,160.0
2023-03-14 12:52:52,2023-03-14,production_policy,Non-OPEC production growth revised lower,high,3,1.0,285.0,Shifts market share expectations,[np.str_('Middle East')],23,market_calibrated_advanced,0.8,True,False,200.0
2023-03-14 16:50:25,2023-03-14,production_policy,Non-OPEC production growth revised unchanged,high,3,1.0,232.9,Shifts market share expectations,"[np.str_('Global'), np.str_('Middle East')]",26,market_calibrated_advanced,0.85,True,False,200.0
2023-03-14 18:51:46,2023-03-14,infrastructure,Major pipeline maintenance reduces Latin America flows by 1709,moderate,2,0.812,115.3,Temporary but planned supply reduction,[np.str_('Middle East')],9,market_calibrated_advanced,0.95,True,False,200.0
2023-03-14 18:58:31,2023-03-14,infrastructure,Major pipeline maintenance reduces Caspian Region flows by 1672,low,1,0.49559999999999993,106.5,Temporary but planned supply reduction,[np.str_('North Sea')],7,market_calibrated_advanced,0.7,True,True,160.0
2023-03-15 08:13:51,2023-03-15,inventory_report,Cushing storage levels approach operational minimum,high,3,0.568,57.7,Delivery point concerns for WTI contract,"[np.str_('US Gulf Coast'), np.str_('Global')]",2,market_calibrated_advanced,0.86,True,False,200.0
2023-03-15 09:06:21,2023-03-15,inventory_report,Floating storage levels higher off Red Sea,moderate,2,0.2702,56.4,Signal of market contango/backwardation,"[np.str_('Global'), np.str_('US Gulf Coast')]",3,market_calibrated_advanced,0.77,True,True,160.0
2023-03-17 09:27:26,2023-03-17,inventory_report,Floating storage levels unchanged off West Africa,high,3,0.525,33.5,Signal of market contango/backwardation,"[np.str_('US Gulf Coast'), np.str_('Global')]",4,market_calibrated_advanced,0.93,True,False,200.0
2023-03-19 04:07:29,2023-03-19,infrastructure,Port congestion delays 14 tankers at Ras Tanura,high,3,0.904,143.5,Logistical bottleneck affecting deliveries,"[np.str_('Middle East'), np.str_('North Sea'), np.str_('US Gulf Coast')]",1,market_calibrated_advanced,0.76,True,False,200.0
2023-03-19 12:28:14,2023-03-19,inventory_report,China crude inventories show lower trend,high,3,0.672,28.9,Indicates demand trajectory in largest importer,"[np.str_('Global'), np.str_('US Gulf Coast')]",3,market_calibrated_advanced,0.85,True,False,200.0
2023-03-20 03:31:40,2023-03-20,production_policy,OPEC+ announces voluntary production cut extension,critical,4,1.0,152.2,Tightens supply outlook,"[np.str_('Global'), np.str_('Middle East')]",26,market_calibrated_advanced,0.99,True,False,200.0
2023-03-21 21:15:39,2023-03-21,inventory_report,Cushing storage levels approach operational minimum,high,3,0.634,72.8,Delivery point concerns for WTI contract,[np.str_('Global')],2,market_calibrated_advanced,0.97,True,False,200.0
2023-03-22 00:09:46,2023-03-22,geopolitical_tension,Energy security summit addresses Caspian Region supply concerns,high,3,0.971,200.3,Coordinated response to supply risks,[np.str_('Middle East')],28,market_calibrated_advanced,0.96,True,False,200.0
2023-03-22 02:09:53,2023-03-22,inventory_report,Floating storage levels lower off Caspian Region,high,3,0.583,70.2,Signal of market contango/backwardation,"[np.str_('US Gulf Coast'), np.str_('Global')]",2,market_calibrated_advanced,0.81,True,False,200.0
2023-03-23 09:42:38,2023-03-23,military_conflict,Naval incident near Strait of Hormuz shipping lane,extreme,5,1.0,344.9,Risk to major transit chokepoint,"[np.str_('Middle East'), np.str_('North Africa'), np.str_('Strait of Hormuz')]",4,market_calibrated_advanced,0.97,True,False,200.0
2023-03-23 21:12:41,2023-03-23,production_policy,Non-OPEC production growth revised unchanged,high,3,1.0,232.4,Shifts market share expectations,"[np.str_('Middle East'), np.str_('Global')]",50,market_calibrated_advanced,0.96,True,False,200.0
2023-03-24 00:23:44,2023-03-24,production_policy,India announces voluntary production cut extension,critical,4,1.0,261.0,Tightens supply outlook,"[np.str_('Middle East'), np.str_('Global')]",36,market_calibrated_advanced,0.74,True,False,200.0
2023-03-25 03:44:05,2023-03-25,sanctions,Sanctions waiver negotiations for European Union oil exports,critical,4,1.0,251.7,Potential for supply increase if granted,"[np.str_('Global'), np.str_('Middle East'), np.str_('Caspian Region')]",72,market_calibrated_advanced,0.77,True,False,200.0
2023-03-25 05:27:13,2023-03-25,trade_flow_disruption,Tanker tracking shows unchanged flows to USA,high,3,1.0,236.6,Indicates trade pattern shifts,"[np.str_('Strait of Hormuz'), np.str_('South China Sea'), np.str_('Red Sea')]",3,market_calibrated_advanced,0.7,True,False,200.0
2023-03-25 13:26:15,2023-03-25,geopolitical_tension,Diplomatic tensions escalate between OPEC+ and China,critical,4,0.936,115.5,Risk premium increases on supply disruption fears,"[np.str_('Middle East'), np.str_('Global')]",31,market_calibrated_advanced,0.74,True,False,200.0
2023-03-28 11:43:36,2023-03-28,inventory_report,Floating storage levels lower off South China Sea,moderate,2,0.515,55.9,Signal of market contango/backwardation,"[np.str_('US Gulf Coast'), np.str_('Global')]",3,market_calibrated_advanced,0.89,True,False,196.0
2023-03-28 18:18:33,2023-03-28,inventory_report,China crude inventories show unchanged trend,moderate,2,0.26739999999999997,20.4,Indicates demand trajectory in largest importer,[np.str_('Global')],2,market_calibrated_advanced,0.97,True,True,157.0
2023-03-29 21:34:48,2023-03-29,inventory_report,EIA reports lower crude inventory of 735M barrels,moderate,2,0.503,37.0,Weekly fundamental data point,[np.str_('Global')],3,market_calibrated_advanced,0.98,True,False,200.0
2023-03-29 22:38:38,2023-03-29,geopolitical_tension,Energy security summit addresses Middle East supply concerns,high,3,1.0,85.6,Coordinated response to supply risks,"[np.str_('Global'), np.str_('Asia Pacific'), np.str_('Middle East')]",18,market_calibrated_advanced,0.85,True,False,200.0
2023-03-31 12:11:32,2023-03-31,inventory_report,China crude inventories show lower trend,moderate,2,0.611,70.6,Indicates demand trajectory in largest importer,[np.str_('Global')],2,market_calibrated_advanced,0.9,False,False,199.0
2023-03-31 18:52:54,2023-03-31,inventory_report,China crude inventories show lower trend,moderate,2,0.616,26.2,Indicates demand trajectory in largest importer,"[np.str_('US Gulf Coast'), np.str_('Global')]",1,market_calibrated_advanced,0.85,True,False,199.0
2023-04-01 05:40:30,2023-04-01,sanctions,Sanctions waiver negotiations for Iraq oil exports,critical,4,1.0,350.8,Potential for supply increase if granted,[np.str_('Caspian Region')],78,market_calibrated_advanced,0.72,True,False,200.0
2023-04-01 09:02:03,2023-04-01,sanctions,US imposes new sanctions on Iraq oil sector,high,3,0.7,192.6,"Tightens global supply, redirects trade flows","[np.str_('Global'), np.str_('Middle East'), np.str_('Caspian Region')]",79,market_calibrated_advanced,0.76,True,True,160.0
2023-04-02 11:17:53,2023-04-02,inventory_report,EIA reports lower crude inventory of 1383M barrels,moderate,2,0.502,45.3,Weekly fundamental data point,[np.str_('US Gulf Coast')],2,market_calibrated_advanced,0.88,True,False,200.0
2023-04-02 13:54:08,2023-04-02,inventory_report,Cushing storage levels approach operational minimum,high,3,0.502,90.8,Delivery point concerns for WTI contract,"[np.str_('Global'), np.str_('US Gulf Coast')]",4,market_calibrated_advanced,0.82,True,False,200.0
2023-04-02 18:38:43,2023-04-02,infrastructure,New pipeline capacity comes online in North Sea,moderate,2,0.84,30.2,Improves supply chain efficiency,"[np.str_('North Sea'), np.str_('Middle East')]",1,market_calibrated_advanced,0.93,True,False,200.0
2023-04-03 06:50:27,2023-04-03,sanctions,Secondary sanctions threatened for Iran oil traders,extreme,5,1.0,241.6,Disrupts payment systems and shipping insurance,"[np.str_('Global'), np.str_('Middle East'), np.str_('Caspian Region')]",27,market_calibrated_advanced,0.85,True,False,200.0
2023-04-04 20:53:01,2023-04-04,geopolitical_tension,Energy security summit addresses Latin America supply concerns,high,3,1.0,164.5,Coordinated response to supply risks,"[np.str_('Middle East'), np.str_('Asia Pacific'), np.str_('Global')]",42,market_calibrated_advanced,0.86,True,False,200.0
2023-04-05 02:06:07,2023-04-05,inventory_report,Cushing storage levels approach operational minimum,high,3,0.629,59.8,Delivery point concerns for WTI contract,"[np.str_('US Gulf Coast'), np.str_('Global')]",4,market_calibrated_advanced,0.86,True,False,200.0
2023-04-05 03:13:03,2023-04-05,production_policy,India output disrupted by technical issues at Rumaila,critical,4,1.0,252.5,Temporary supply reduction,"[np.str_('Global'), np.str_('Middle East')]",30,market_calibrated_advanced,0.87,True,False,200.0
2023-04-05 21:38:38,2023-04-05,inventory_report,Floating storage levels unchanged off Middle East,high,3,0.619,93.5,Signal of market contango/backwardation,"[np.str_('US Gulf Coast'), np.str_('Global')]",2,market_calibrated_advanced,0.94,True,False,200.0
2023-04-06 02:54:37,2023-04-06,infrastructure,Major pipeline maintenance reduces North Sea flows by 119,moderate,2,0.869,88.6,Temporary but planned supply reduction,"[np.str_('US Gulf Coast'), np.str_('North Sea'), np.str_('Middle East')]",2,market_calibrated_advanced,0.97,True,False,200.0
2023-04-06 05:42:35,2023-04-06,geopolitical_tension,Trade negotiations impact Middle East energy imports,moderate,2,0.5732999999999999,137.3,Trade policy uncertainty affects flows,"[np.str_('Asia Pacific'), np.str_('Middle East'), np.str_('Global')]",28,market_calibrated_advanced,0.73,True,True,160.0
2023-04-06 21:17:04,2023-04-06,geopolitical_tension,Strategic reserve release coordinated by {alliance},critical,4,1.0,171.5,Temporary supply increase to calm markets,"[np.str_('Asia Pacific'), np.str_('Global')]",16,market_calibrated_advanced,0.97,True,False,200.0
2023-04-10 10:28:33,2023-04-10,infrastructure,Port congestion delays 38 tankers at Novorossiysk,moderate,2,0.89,20.8,Logistical bottleneck affecting deliveries,"[np.str_('Middle East'), np.str_('North Sea'), np.str_('US Gulf Coast')]",12,market_calibrated_advanced,0.79,True,False,198.0
2023-04-10 13:01:56,2023-04-10,production_policy,OPEC+ agrees to adjust production by 1144 kb/d,high,3,1.0,120.9,Direct impact on global supply-demand balance,[np.str_('Global')],48,market_calibrated_advanced,0.81,True,False,198.0
2023-04-10 14:35:04,2023-04-10,geopolitical_tension,Trade negotiations impact Middle East energy imports,moderate,2,0.903,143.7,Trade policy uncertainty affects flows,"[np.str_('Asia Pacific'), np.str_('Middle East'), np.str_('Global')]",7,market_calibrated_advanced,0.88,False,False,198.0
2023-04-11 01:04:16,2023-04-11,infrastructure,New pipeline capacity comes online in Middle East,moderate,2,0.915,156.7,Improves supply chain efficiency,"[np.str_('US Gulf Coast'), np.str_('Middle East')]",8,market_calibrated_advanced,0.75,False,False,200.0
2023-04-11 08:10:43,2023-04-11,production_policy,OPEC+ agrees to adjust production by 244 kb/d,high,3,0.7,90.9,Direct impact on global supply-demand balance,[np.str_('Middle East')],49,market_calibrated_advanced,0.97,False,True,160.0
2023-04-11 12:05:34,2023-04-11,production_policy,OPEC+ agrees to adjust production by 1859 kb/d,critical,4,1.0,153.8,Direct impact on global supply-demand balance,"[np.str_('Global'), np.str_('Middle East')]",37,market_calibrated_advanced,0.81,True,False,200.0
2023-04-13 09:09:41,2023-04-13,geopolitical_tension,Energy security summit addresses Caspian Region supply concerns,moderate,2,0.5971,151.3,Coordinated response to supply risks,"[np.str_('Global'), np.str_('Middle East')]",13,market_calibrated_advanced,0.79,False,True,160.0
2023-04-13 16:40:35,2023-04-13,geopolitical_tension,Trade negotiations impact North Africa energy imports,high,3,1.0,79.7,Trade policy uncertainty affects flows,"[np.str_('Middle East'), np.str_('Global'), np.str_('Asia Pacific')]",13,market_calibrated_advanced,0.97,True,False,200.0
2023-04-14 00:22:25,2023-04-14,inventory_report,EIA reports unchanged crude inventory of 1337M barrels,moderate,2,0.52,87.7,Weekly fundamental data point,[np.str_('US Gulf Coast')],4,market_calibrated_advanced,0.79,True,False,200.0
2023-04-14 02:23:30,2023-04-14,inventory_report,Floating storage levels lower off Latin America,high,3,0.579,29.9,Signal of market contango/backwardation,"[np.str_('US Gulf Coast'), np.str_('Global')]",3,market_calibrated_advanced,0.76,False,False,200.0
2023-04-14 11:48:07,2023-04-14,inventory_report,China crude inventories show unchanged trend,high,3,0.684,22.1,Indicates demand trajectory in largest importer,[np.str_('Global')],4,market_calibrated_advanced,0.76,True,False,200.0
2023-04-14 12:23:05,2023-04-14,inventory_report,Floating storage levels higher off West Africa,high,3,0.58,43.0,Signal of market contango/backwardation,"[np.str_('Global'), np.str_('US Gulf Coast')]",2,market_calibrated_advanced,0.86,True,False,200.0
2023-04-14 13:34:27,2023-04-14,inventory_report,China crude inventories show unchanged trend,moderate,2,0.2723,61.5,Indicates demand trajectory in largest importer,"[np.str_('US Gulf Coast'), np.str_('Global')]",2,market_calibrated_advanced,0.74,True,True,160.0
2023-04-15 09:12:31,2023-04-15,sanctions,OFAC issues new compliance guidance for oil transactions,high,3,1.0,388.1,Increases compliance costs and due diligence,"[np.str_('Caspian Region'), np.str_('Global'), np.str_('Middle East')]",74,market_calibrated_advanced,0.92,True,False,200.0
2023-04-15 19:39:42,2023-04-15,geopolitical_tension,Trade negotiations impact Red Sea energy imports,high,3,0.917,188.7,Trade policy uncertainty affects flows,"[np.str_('Global'), np.str_('Middle East'), np.str_('Asia Pacific')]",21,market_calibrated_advanced,1.0,True,False,200.0
2023-04-16 08:23:01,2023-04-16,geopolitical_tension,Energy security summit addresses Global supply concerns,high,3,1.0,61.4,Coordinated response to supply risks,"[np.str_('Middle East'), np.str_('Asia Pacific'), np.str_('Global')]",44,market_calibrated_advanced,0.79,True,False,200.0
2023-04-17 20:40:22,2023-04-17,inventory_report,Cushing storage levels approach operational minimum,high,3,0.509,37.2,Delivery point concerns for WTI contract,"[np.str_('Global'), np.str_('US Gulf Coast')]",1,market_calibrated_advanced,0.79,True,False,200.0
2023-04-18 11:03:31,2023-04-18,production_policy,India output disrupted by power outage at Khurais,high,3,0.7,90.0,Temporary supply reduction,"[np.str_('Middle East'), np.str_('Global')]",53,market_calibrated_advanced,0.78,True,True,160.0
2023-04-18 12:25:18,2023-04-18,production_policy,OPEC+ agrees to adjust production by 333 kb/d,critical,4,1.0,137.5,Direct impact on global supply-demand balance,[np.str_('Middle East')],41,market_calibrated_advanced,0.85,False,False,200.0
2023-04-21 09:43:31,2023-04-21,inventory_report,Floating storage levels lower off North Africa,moderate,2,0.605,26.3,Signal of market contango/backwardation,"[np.str_('Global'), np.str_('US Gulf Coast')]",4,market_calibrated_advanced,0.99,True,False,200.0
2023-04-22 03:40:04,2023-04-22,sanctions,EU extends sanctions framework on Libya energy exports,critical,4,1.0,145.9,Reduces available supply to European markets,[np.str_('Caspian Region')],64,market_calibrated_advanced,0.83,False,False,200.0
2023-04-22 05:00:54,2023-04-22,sanctions,Sanctions waiver negotiations for Saudi Arabia oil exports,high,3,0.7,131.6,Potential for supply increase if granted,"[np.str_('Middle East'), np.str_('Caspian Region')]",47,market_calibrated_advanced,0.96,True,True,160.0
2023-04-22 20:14:50,2023-04-22,inventory_report,EIA reports lower crude inventory of 1189M barrels,moderate,2,0.563,87.0,Weekly fundamental data point,"[np.str_('US Gulf Coast'), np.str_('Global')]",1,market_calibrated_advanced,0.78,True,False,200.0
2023-04-23 21:37:37,2023-04-23,inventory_report,China crude inventories show lower trend,high,3,0.677,53.7,Indicates demand trajectory in largest importer,"[np.str_('US Gulf Coast'), np.str_('Global')]",2,market_calibrated_advanced,0.84,True,False,200.0
2023-04-24 10:45:09,2023-04-24,infrastructure,New pipeline capacity comes online in Caspian Region,moderate,2,0.949,144.8,Improves supply chain efficiency,"[np.str_('US Gulf Coast'), np.str_('Middle East'), np.str_('North Sea')]",4,market_calibrated_advanced,1.0,True,False,200.0
2023-04-27 09:43:26,2023-04-27,inventory_report,EIA reports higher crude inventory of 121M barrels,moderate,2,0.529,25.9,Weekly fundamental data point,[np.str_('US Gulf Coast')],3,market_calibrated_advanced,0.98,True,False,200.0
2023-04-28 12:35:37,2023-04-28,inventory_report,EIA reports lower crude inventory of 758M barrels,moderate,2,0.628,41.4,Weekly fundamental data point,"[np.str_('Global'), np.str_('US Gulf Coast')]",2,market_calibrated_advanced,0.75,True,False,200.0
2023-04-29 01:53:55,2023-04-29,infrastructure,Refinery outage reduces crude demand in North Africa,high,3,0.904,67.0,Reduces crude intake temporarily,"[np.str_('Middle East'), np.str_('US Gulf Coast')]",2,market_calibrated_advanced,0.94,True,False,200.0
2023-04-29 02:06:06,2023-04-29,inventory_report,China crude inventories show higher trend,high,3,0.655,87.6,Indicates demand trajectory in largest importer,"[np.str_('US Gulf Coast'), np.str_('Global')]",1,market_calibrated_advanced,0.93,True,False,200.0
2023-04-29 02:57:54,2023-04-29,inventory_report,Floating storage levels lower off Latin America,high,3,0.697,77.9,Signal of market contango/backwardation,[np.str_('US Gulf Coast')],1,market_calibrated_advanced,1.0,True,False,200.0
2023-04-29 12:57:22,2023-04-29,infrastructure,Port congestion delays 17 tankers at Houston,moderate,2,0.504,73.8,Logistical bottleneck affecting deliveries,"[np.str_('North Sea'), np.str_('US Gulf Coast')]",6,market_calibrated_advanced,0.73,False,True,160.0
2023-05-01 10:27:55,2023-05-01,infrastructure,Port congestion delays 38 tankers at Rotterdam,high,3,0.834,98.3,Logistical bottleneck affecting deliveries,"[np.str_('Middle East'), np.str_('US Gulf Coast')]",3,market_calibrated_advanced,0.84,True,False,200.0
2023-05-01 12:09:46,2023-05-01,production_policy,Non-OPEC production growth revised lower,moderate,2,0.7,193.4,Shifts market share expectations,"[np.str_('Global'), np.str_('Middle East')]",40,market_calibrated_advanced,0.93,True,True,160.0
2023-05-01 13:16:15,2023-05-01,production_policy,OPEC+ agrees to adjust production by 1641 kb/d,critical,4,1.0,280.2,Direct impact on global supply-demand balance,[np.str_('Global')],34,market_calibrated_advanced,0.95,True,False,200.0
2023-05-01 14:55:55,2023-05-01,production_policy,OPEC+ agrees to adjust production by 1373 kb/d,high,3,0.7,88.6,Direct impact on global supply-demand balance,"[np.str_('Global'), np.str_('Middle East')]",10,market_calibrated_advanced,0.79,True,True,160.0
2023-05-01 15:37:47,2023-05-01,production_policy,OPEC+ agrees to adjust production by 1890 kb/d,critical,4,1.0,96.6,Direct impact on global supply-demand balance,"[np.str_('Middle East'), np.str_('Global')]",35,market_calibrated_advanced,0.73,True,False,200.0
2023-05-02 00:33:57,2023-05-02,military_conflict,Naval incident near Suez Canal shipping lane,extreme,5,1.0,722.6,Risk to major transit chokepoint,[np.str_('North Africa')],20,market_calibrated_advanced,0.85,True,False,200.0
2023-05-02 08:15:28,2023-05-02,geopolitical_tension,Diplomatic tensions escalate between UAE and Venezuela,critical,4,1.0,73.1,Risk premium increases on supply disruption fears,"[np.str_('Global'), np.str_('Middle East')]",34,market_calibrated_advanced,0.89,True,False,200.0
2023-05-05 15:55:27,2023-05-05,inventory_report,China crude inventories show unchanged trend,moderate,2,0.503,75.9,Indicates demand trajectory in largest importer,[np.str_('Global')],3,market_calibrated_advanced,0.83,True,False,197.0
2023-05-05 21:34:09,2023-05-05,inventory_report,Cushing storage levels approach operational minimum,moderate,2,0.3633,39.6,Delivery point concerns for WTI contract,"[np.str_('Global'), np.str_('US Gulf Coast')]",3,market_calibrated_advanced,0.85,True,True,158.0
2023-05-06 13:54:32,2023-05-06,infrastructure,Refinery outage reduces crude demand in Red Sea,high,3,0.942,134.2,Reduces crude intake temporarily,[np.str_('Middle East')],12,market_calibrated_advanced,0.99,True,False,200.0
2023-05-06 19:41:46,2023-05-06,inventory_report,EIA reports lower crude inventory of 100M barrels,moderate,2,0.623,79.6,Weekly fundamental data point,"[np.str_('Global'), np.str_('US Gulf Coast')]",3,market_calibrated_advanced,0.72,True,False,200.0
2023-05-07 07:47:32,2023-05-07,military_conflict,Missile attack on USA port facility,extreme,5,0.7,363.0,Direct damage to export infrastructure,"[np.str_('Middle East'), np.str_('Strait of Hormuz')]",5,market_calibrated_advanced,0.95,True,True,160.0
2023-05-07 11:16:15,2023-05-07,geopolitical_tension,Energy security summit addresses Caspian Region supply concerns,high,3,0.912,165.4,Coordinated response to supply risks,"[np.str_('Asia Pacific'), np.str_('Middle East'), np.str_('Global')]",9,market_calibrated_advanced,1.0,True,False,200.0
2023-05-07 19:35:52,2023-05-07,geopolitical_tension,Strategic reserve release coordinated by {alliance},high,3,0.5334,110.9,Temporary supply increase to calm markets,[np.str_('Middle East')],25,market_calibrated_advanced,0.82,True,True,160.0
2023-05-07 21:17:45,2023-05-07,military_conflict,Drone attack targets Kuwait oil infrastructure,extreme,5,1.0,713.0,"Immediate supply risk, insurance premiums spike","[np.str_('Middle East'), np.str_('North Africa'), np.str_('Strait of Hormuz')]",20,market_calibrated_advanced,0.75,False,False,200.0
2023-05-09 02:04:18,2023-05-09,inventory_report,Floating storage levels unchanged off Global,moderate,2,0.685,73.7,Signal of market contango/backwardation,"[np.str_('Global'), np.str_('US Gulf Coast')]",4,market_calibrated_advanced,0.86,True,False,199.0
2023-05-09 11:57:01,2023-05-09,inventory_report,Cushing storage levels approach operational minimum,moderate,2,0.3388,37.4,Delivery point concerns for WTI contract,"[np.str_('US Gulf Coast'), np.str_('Global')]",2,market_calibrated_advanced,0.89,True,True,159.0
2023-05-10 11:49:24,2023-05-10,geopolitical_tension,Strategic reserve release coordinated by {alliance},critical,4,1.0,135.2,Temporary supply increase to calm markets,"[np.str_('Asia Pacific'), np.str_('Global'), np.str_('Middle East')]",41,market_calibrated_advanced,0.78,True,False,200.0
2023-05-11 02:37:53,2023-05-11,military_conflict,Missile attack on UAE port facility,extreme,5,1.0,959.8,Direct damage to export infrastructure,[np.str_('North Africa')],6,market_calibrated_advanced,0.86,True,False,200.0
2023-05-11 19:05:55,2023-05-11,military_conflict,Military escalation near West Africa oil facilities,critical,4,0.7,724.6,Threatens regional production and transit,[np.str_('Strait of Hormuz')],18,market_calibrated_advanced,0.85,True,True,160.0
2023-05-11 20:26:20,2023-05-11,trade_flow_disruption,Shipping lane disruption near Bab el-Mandeb,extreme,5,1.0,191.4,"Forces rerouting, increases transit times","[np.str_('Red Sea'), np.str_('Strait of Hormuz'), np.str_('South China Sea')]",8,market_calibrated_advanced,0.86,False,False,200.0
2023-05-11 21:03:19,2023-05-11,infrastructure,Refinery outage reduces crude demand in Middle East,high,3,0.977,63.4,Reduces crude intake temporarily,[np.str_('US Gulf Coast')],11,market_calibrated_advanced,0.84,True,False,200.0
2023-05-11 21:07:13,2023-05-11,geopolitical_tension,Diplomatic tensions escalate between Iraq and Kuwait,critical,4,1.0,118.3,Risk premium increases on supply disruption fears,"[np.str_('Middle East'), np.str_('Global')]",11,market_calibrated_advanced,0.72,True,False,200.0
2023-05-12 04:11:10,2023-05-12,inventory_report,EIA reports higher crude inventory of 464M barrels,moderate,2,0.548,55.7,Weekly fundamental data point,"[np.str_('US Gulf Coast'), np.str_('Global')]",4,market_calibrated_advanced,0.79,False,False,200.0
2023-05-13 00:10:46,2023-05-13,inventory_report,EIA reports higher crude inventory of 1245M barrels,moderate,2,0.656,55.2,Weekly fundamental data point,"[np.str_('Global'), np.str_('US Gulf Coast')]",4,market_calibrated_advanced,0.79,True,False,200.0
2023-05-13 12:13:09,2023-05-13,geopolitical_tension,Diplomatic tensions escalate between OPEC+ and China,critical,4,1.0,88.8,Risk premium increases on supply disruption fears,[np.str_('Global')],16,market_calibrated_advanced,0.72,True,False,200.0
2023-05-13 13:16:50,2023-05-13,inventory_report,EIA reports lower crude inventory of 495M barrels,low,1,0.2723,33.6,Weekly fundamental data point,"[np.str_('US Gulf Coast'), np.str_('Global')]",3,market_calibrated_advanced,0.99,False,True,160.0
2023-05-14 09:06:51,2023-05-14,inventory_report,China crude inventories show higher trend,high,3,0.604,20.4,Indicates demand trajectory in largest importer,"[np.str_('Global'), np.str_('US Gulf Coast')]",1,market_calibrated_advanced,0.79,True,False,200.0
2023-05-14 09:43:27,2023-05-14,inventory_report,Cushing storage levels approach operational minimum,moderate,2,0.2786,43.4,Delivery point concerns for WTI contract,"[np.str_('US Gulf Coast'), np.str_('Global')]",1,market_calibrated_advanced,0.72,True,True,160.0
2023-05-14 17:02:27,2023-05-14,trade_flow_disruption,Insurance premiums surge for Strait of Hormuz tanker transits,critical,4,1.0,169.8,"Increases shipping costs, may deter voyages","[np.str_('South China Sea'), np.str_('Strait of Hormuz')]",7,market_calibrated_advanced,0.79,True,False,200.0
2023-05-14 21:19:57,2023-05-14,geopolitical_tension,Diplomatic tensions escalate between European Union and Iraq,critical,4,0.986,201.5,Risk premium increases on supply disruption fears,"[np.str_('Global'), np.str_('Asia Pacific'), np.str_('Middle East')]",13,market_calibrated_advanced,0.99,True,False,200.0
2023-05-15 04:25:27,2023-05-15,inventory_report,EIA reports lower crude inventory of 761M barrels,moderate,2,0.562,26.2,Weekly fundamental data point,[np.str_('Global')],2,market_calibrated_advanced,0.82,False,False,200.0
2023-05-15 09:15:26,2023-05-15,sanctions,EU extends sanctions framework on Saudi Arabia energy exports,critical,4,1.0,217.6,Reduces available supply to European markets,"[np.str_('Global'), np.str_('Caspian Region'), np.str_('Middle East')]",34,market_calibrated_advanced,0.71,True,False,200.0
2023-05-15 09:21:22,2023-05-15,sanctions,EU extends sanctions framework on India energy exports,high,3,0.7,107.1,Reduces available supply to European markets,"[np.str_('Caspian Region'), np.str_('Global'), np.str_('Middle East')]",19,market_calibrated_advanced,0.98,False,True,160.0
2023-05-15 20:01:45,2023-05-15,geopolitical_tension,Energy security summit addresses Red Sea supply concerns,high,3,0.92,133.0,Coordinated response to supply risks,"[np.str_('Middle East'), np.str_('Global'), np.str_('Asia Pacific')]",37,market_calibrated_advanced,0.88,True,False,200.0
2023-05-16 22:00:03,2023-05-16,infrastructure,Port congestion delays 6 tankers at Basra,high,3,0.823,31.8,Logistical bottleneck affecting deliveries,"[np.str_('North Sea'), np.str_('Middle East')]",6,market_calibrated_advanced,0.73,True,False,200.0
2023-05-17 13:33:44,2023-05-17,production_policy,Saudi Arabia output disrupted by power outage at Rumaila,critical,4,1.0,86.8,Temporary supply reduction,[np.str_('Global')],43,market_calibrated_advanced,0.92,True,False,200.0
2023-05-17 19:10:12,2023-05-17,geopolitical_tension,Strategic reserve release coordinated by {alliance},critical,4,0.986,215.3,Temporary supply increase to calm markets,[np.str_('Asia Pacific')],17,market_calibrated_advanced,0.78,True,False,200.0
2023-05-18 04:55:17,2023-05-18,trade_flow_disruption,Tanker tracking shows lower flows to European Union,high,3,1.0,218.1,Indicates trade pattern shifts,"[np.str_('South China Sea'), np.str_('Strait of Hormuz')]",8,market_calibrated_advanced,0.83,True,False,200.0
2023-05-20 01:13:08,2023-05-20,inventory_report,China crude inventories show lower trend,moderate,2,0.533,88.0,Indicates demand trajectory in largest importer,"[np.str_('US Gulf Coast'), np.str_('Global')]",3,market_calibrated_advanced,0.96,False,False,198.0
2023-05-20 01:50:23,2023-05-20,inventory_report,Cushing storage levels approach operational minimum,moderate,2,0.29259999999999997,58.1,Delivery point concerns for WTI contract,"[np.str_('US Gulf Coast'), np.str_('Global')]",4,market_calibrated_advanced,0.81,True,True,159.0
2023-05-20 04:20:22,2023-05-20,inventory_report,China crude inventories show higher trend,moderate,2,0.66,33.8,Indicates demand trajectory in largest importer,"[np.str_('US Gulf Coast'), np.str_('Global')]",4,market_calibrated_advanced,0.79,True,False,198.0
2023-05-20 09:01:39,2023-05-20,inventory_report,EIA reports higher crude inventory of 1978M barrels,low,1,0.301,64.0,Weekly fundamental data point,[np.str_('US Gulf Coast')],4,market_calibrated_advanced,0.89,True,True,159.0
2023-05-20 16:38:13,2023-05-20,military_conflict,Military escalation near Global oil facilities,critical,4,1.0,282.0,Threatens regional production and transit,[np.str_('Middle East')],17,market_calibrated_advanced,0.77,False,False,198.0
2023-05-20 20:55:23,2023-05-20,military_conflict,Military escalation near South China Sea oil facilities,critical,4,0.7,244.9,Threatens regional production and transit,"[np.str_('North Africa'), np.str_('Strait of Hormuz')]",21,market_calibrated_advanced,0.94,True,True,159.0
2023-05-21 07:41:37,2023-05-21,trade_flow_disruption,Port restrictions impact Nigeria crude exports,critical,4,1.0,212.7,Physical supply bottleneck,"[np.str_('Strait of Hormuz'), np.str_('Red Sea')]",4,market_calibrated_advanced,0.99,True,False,200.0
2023-05-21 07:57:47,2023-05-21,trade_flow_disruption,Insurance premiums surge for US Gulf Coast tanker transits,high,3,0.5529999999999999,76.1,"Increases shipping costs, may deter voyages","[np.str_('South China Sea'), np.str_('Red Sea')]",8,market_calibrated_advanced,0.9,True,True,160.0
2023-05-21 14:23:31,2023-05-21,sanctions,US imposes new sanctions on Libya oil sector,critical,4,1.0,337.7,"Tightens global supply, redirects trade flows",[np.str_('Middle East')],83,market_calibrated_advanced,0.78,True,False,200.0
2023-05-22 03:16:20,2023-05-22,trade_flow_disruption,Insurance premiums surge for Caspian Region tanker transits,critical,4,1.0,224.1,"Increases shipping costs, may deter voyages","[np.str_('South China Sea'), np.str_('Red Sea'), np.str_('Strait of Hormuz')]",7,market_calibrated_advanced,0.95,True,False,200.0
2023-05-22 09:20:56,2023-05-22,production_policy,Non-OPEC production growth revised lower,high,3,1.0,157.9,Shifts market share expectations,"[np.str_('Global'), np.str_('Middle East')]",32,market_calibrated_advanced,0.84,False,False,200.0
2023-05-23 11:23:51,2023-05-23,infrastructure,Refinery outage reduces crude demand in Red Sea,high,3,0.987,141.0,Reduces crude intake temporarily,"[np.str_('Middle East'), np.str_('US Gulf Coast'), np.str_('North Sea')]",7,market_calibrated_advanced,0.93,True,False,200.0
2023-05-23 14:22:07,2023-05-23,inventory_report,Floating storage levels unchanged off US Gulf Coast,high,3,0.509,51.5,Signal of market contango/backwardation,"[np.str_('Global'), np.str_('US Gulf Coast')]",1,market_calibrated_advanced,0.74,True,False,200.0
2023-05-23 22:04:06,2023-05-23,inventory_report,EIA reports higher crude inventory of 185M barrels,moderate,2,0.634,76.4,Weekly fundamental data point,"[np.str_('Global'), np.str_('US Gulf Coast')]",3,market_calibrated_advanced,0.97,True,False,200.0
2023-05-30 21:31:13,2023-05-30,infrastructure,New pipeline capacity comes online in Latin America,moderate,2,0.845,159.5,Improves supply chain efficiency,"[np.str_('North Sea'), np.str_('US Gulf Coast'), np.str_('Middle East')]",3,market_calibrated_advanced,0.73,True,False,200.0
2023-06-05 22:39:22,2023-06-05,inventory_report,Floating storage levels unchanged off North Africa,moderate,2,0.561,54.7,Signal of market contango/backwardation,[np.str_('US Gulf Coast')],3,market_calibrated_advanced,0.78,False,False,196.0
2023-06-10 05:16:11,2023-06-10,geopolitical_tension,Diplomatic tensions escalate between Saudi Arabia and Russia,high,3,1.0,73.3,Risk premium increases on supply disruption fears,[np.str_('Middle East')],15,market_calibrated_advanced,0.94,False,False,196.0
2023-06-10 15:07:04,2023-06-10,inventory_report,EIA reports unchanged crude inventory of 341M barrels,low,1,0.645,70.0,Weekly fundamental data point,"[np.str_('US Gulf Coast'), np.str_('Global')]",1,market_calibrated_advanced,0.77,True,False,196.0
2023-06-10 16:40:05,2023-06-10,inventory_report,Cushing storage levels approach operational minimum,moderate,2,0.549,64.6,Delivery point concerns for WTI contract,[np.str_('US Gulf Coast')],1,market_calibrated_advanced,0.94,True,False,196.0
2023-06-12 00:48:56,2023-06-12,production_policy,European Union output disrupted by technical issues at Ghawar,critical,4,1.0,130.8,Temporary supply reduction,[np.str_('Global')],52,market_calibrated_advanced,0.87,False,False,200.0
2023-06-12 13:07:35,2023-06-12,trade_flow_disruption,Port restrictions impact Russia crude exports,critical,4,1.0,159.0,Physical supply bottleneck,"[np.str_('South China Sea'), np.str_('Red Sea'), np.str_('Strait of Hormuz')]",12,market_calibrated_advanced,0.7,True,False,200.0
2023-06-14 11:50:33,2023-06-14,production_policy,Russia output disrupted by technical issues at Zuluf,high,3,1.0,78.6,Temporary supply reduction,[np.str_('Middle East')],39,market_calibrated_advanced,0.78,False,False,200.0
2023-06-15 10:47:43,2023-06-15,sanctions,EU extends sanctions framework on Nigeria energy exports,critical,4,1.0,200.6,Reduces available supply to European markets,"[np.str_('Middle East'), np.str_('Caspian Region'), np.str_('Global')]",47,market_calibrated_advanced,0.91,True,False,200.0
2023-06-15 21:22:16,2023-06-15,inventory_report,China crude inventories show lower trend,high,3,0.51,58.5,Indicates demand trajectory in largest importer,[np.str_('Global')],2,market_calibrated_advanced,0.77,True,False,200.0
2023-06-16 02:38:30,2023-06-16,inventory_report,Cushing storage levels approach operational minimum,high,3,0.52,25.2,Delivery point concerns for WTI contract,"[np.str_('US Gulf Coast'), np.str_('Global')]",4,market_calibrated_advanced,0.83,True,False,200.0
2023-06-16 09:35:15,2023-06-16,geopolitical_tension,Energy security summit addresses Middle East supply concerns,high,3,0.93,51.1,Coordinated response to supply risks,"[np.str_('Global'), np.str_('Middle East'), np.str_('Asia Pacific')]",5,market_calibrated_advanced,0.89,True,False,200.0
2023-06-18 02:39:43,2023-06-18,production_policy,OPEC+ agrees to adjust production by 1205 kb/d,critical,4,1.0,288.8,Direct impact on global supply-demand balance,"[np.str_('Global'), np.str_('Middle East')]",40,market_calibrated_advanced,0.88,True,False,200.0
2023-06-19 03:36:43,2023-06-19,inventory_report,EIA reports lower crude inventory of 608M barrels,moderate,2,0.641,90.6,Weekly fundamental data point,"[np.str_('Global'), np.str_('US Gulf Coast')]",2,market_calibrated_advanced,0.75,True,False,200.0
2023-06-22 12:56:37,2023-06-22,inventory_report,Cushing storage levels approach operational minimum,high,3,0.513,86.4,Delivery point concerns for WTI contract,"[np.str_('US Gulf Coast'), np.str_('Global')]",2,market_calibrated_advanced,0.88,False,False,200.0
2023-06-23 08:17:06,2023-06-23,geopolitical_tension,Strategic reserve release coordinated by {alliance},critical,4,1.0,175.7,Temporary supply increase to calm markets,"[np.str_('Global'), np.str_('Asia Pacific'), np.str_('Middle East')]",25,market_calibrated_advanced,0.92,True,False,200.0
2023-06-23 09:45:46,2023-06-23,geopolitical_tension,Trade negotiations impact Global energy imports,moderate,2,0.6096999999999999,106.4,Trade policy uncertainty affects flows,"[np.str_('Asia Pacific'), np.str_('Middle East')]",14,market_calibrated_advanced,0.86,True,True,160.0
2023-06-26 01:44:51,2023-06-26,trade_flow_disruption,Tanker tracking shows lower flows to Saudi Arabia,moderate,2,1.0,125.6,Indicates trade pattern shifts,"[np.str_('Strait of Hormuz'), np.str_('Red Sea'), np.str_('South China Sea')]",3,market_calibrated_advanced,0.89,True,False,197.0
2023-06-30 16:20:42,2023-06-30,infrastructure,Major pipeline maintenance reduces Red Sea flows by 1322,low,1,0.898,24.7,Temporary but planned supply reduction,"[np.str_('North Sea'), np.str_('US Gulf Coast')]",6,market_calibrated_advanced,0.9,True,False,199.0
2023-07-01 16:27:44,2023-07-01,infrastructure,Major pipeline maintenance reduces US Gulf Coast flows by 1404,moderate,2,0.989,96.6,Temporary but planned supply reduction,"[np.str_('US Gulf Coast'), np.str_('North Sea')]",9,market_calibrated_advanced,0.87,True,False,200.0
2023-07-04 14:52:04,2023-07-04,inventory_report,China crude inventories show unchanged trend,moderate,2,0.591,37.8,Indicates demand trajectory in largest importer,"[np.str_('Global'), np.str_('US Gulf Coast')]",1,market_calibrated_advanced,0.89,True,False,199.0
2023-07-05 08:52:27,2023-07-05,inventory_report,Cushing storage levels approach operational minimum,high,3,0.676,54.7,Delivery point concerns for WTI contract,"[np.str_('US Gulf Coast'), np.str_('Global')]",3,market_calibrated_advanced,0.83,True,False,200.0
2023-07-05 11:03:48,2023-07-05,trade_flow_disruption,Port restrictions impact Nigeria crude exports,critical,4,1.0,120.5,Physical supply bottleneck,"[np.str_('Red Sea'), np.str_('South China Sea')]",4,market_calibrated_advanced,0.71,True,False,200.0
2023-07-05 15:29:37,2023-07-05,sanctions,OFAC issues new compliance guidance for oil transactions,high,3,1.0,221.8,Increases compliance costs and due diligence,"[np.str_('Caspian Region'), np.str_('Middle East'), np.str_('Global')]",22,market_calibrated_advanced,0.87,True,False,200.0
2023-07-08 06:32:23,2023-07-08,inventory_report,China crude inventories show unchanged trend,high,3,0.516,64.2,Indicates demand trajectory in largest importer,[np.str_('Global')],4,market_calibrated_advanced,0.77,True,False,200.0
2023-07-12 09:28:24,2023-07-12,infrastructure,Refinery outage reduces crude demand in Middle East,moderate,2,0.884,56.6,Reduces crude intake temporarily,"[np.str_('North Sea'), np.str_('Middle East'), np.str_('US Gulf Coast')]",4,market_calibrated_advanced,0.9,True,False,199.0
2023-07-18 00:23:09,2023-07-18,inventory_report,Cushing storage levels approach operational minimum,moderate,2,0.5,75.5,Delivery point concerns for WTI contract,"[np.str_('US Gulf Coast'), np.str_('Global')]",3,market_calibrated_advanced,0.74,True,False,198.0
2023-07-18 03:02:48,2023-07-18,trade_flow_disruption,Port restrictions impact European Union crude exports,high,3,1.0,196.8,Physical supply bottleneck,"[np.str_('Red Sea'), np.str_('South China Sea')]",19,market_calibrated_advanced,0.9,True,False,198.0
2023-07-19 03:03:31,2023-07-19,inventory_report,EIA reports lower crude inventory of 573M barrels,moderate,2,0.629,76.5,Weekly fundamental data point,"[np.str_('US Gulf Coast'), np.str_('Global')]",1,market_calibrated_advanced,0.88,True,False,200.0
2023-07-21 16:25:13,2023-07-21,inventory_report,Cushing storage levels approach operational minimum,high,3,0.613,99.4,Delivery point concerns for WTI contract,"[np.str_('US Gulf Coast'), np.str_('Global')]",2,market_calibrated_advanced,0.79,True,False,200.0
2023-07-21 22:20:05,2023-07-21,inventory_report,China crude inventories show lower trend,high,3,0.566,55.1,Indicates demand trajectory in largest importer,[np.str_('Global')],2,market_calibrated_advanced,0.73,True,False,200.0
2023-07-22 22:25:45,2023-07-22,inventory_report,EIA reports higher crude inventory of 1478M barrels,moderate,2,0.698,24.0,Weekly fundamental data point,"[np.str_('US Gulf Coast'), np.str_('Global')]",1,market_calibrated_advanced,0.91,True,False,200.0
2023-07-23 03:32:42,2023-07-23,inventory_report,EIA reports lower crude inventory of 536M barrels,moderate,2,0.691,90.1,Weekly fundamental data point,[np.str_('US Gulf Coast')],1,market_calibrated_advanced,0.73,False,False,200.0
2023-07-23 06:32:28,2023-07-23,infrastructure,Major pipeline maintenance reduces Asia Pacific flows by 366,moderate,2,0.813,79.3,Temporary but planned supply reduction,"[np.str_('North Sea'), np.str_('US Gulf Coast')]",10,market_calibrated_advanced,0.91,False,False,200.0
2023-07-24 07:37:13,2023-07-24,infrastructure,New pipeline capacity comes online in Global,low,1,0.5607,21.7,Improves supply chain efficiency,"[np.str_('North Sea'), np.str_('Middle East')]",3,market_calibrated_advanced,0.7,True,True,160.0
2023-07-24 11:15:57,2023-07-24,infrastructure,Refinery outage reduces crude demand in North Sea,high,3,0.841,69.2,Reduces crude intake temporarily,"[np.str_('North Sea'), np.str_('Middle East'), np.str_('US Gulf Coast')]",4,market_calibrated_advanced,0.72,True,False,200.0
2023-07-25 00:28:47,2023-07-25,geopolitical_tension,Diplomatic tensions escalate between European Union and UAE,critical,4,0.98,97.6,Risk premium increases on supply disruption fears,"[np.str_('Middle East'), np.str_('Asia Pacific')]",42,market_calibrated_advanced,0.9,True,False,200.0
2023-07-25 11:01:42,2023-07-25,inventory_report,China crude inventories show unchanged trend,high,3,0.549,27.2,Indicates demand trajectory in largest importer,"[np.str_('Global'), np.str_('US Gulf Coast')]",2,market_calibrated_advanced,0.92,True,False,200.0
2023-07-25 13:15:45,2023-07-25,inventory_report,China crude inventories show higher trend,high,3,0.611,24.1,Indicates demand trajectory in largest importer,"[np.str_('US Gulf Coast'), np.str_('Global')]",4,market_calibrated_advanced,0.76,True,False,200.0
2023-07-26 05:58:21,2023-07-26,inventory_report,Floating storage levels lower off Strait of Hormuz,high,3,0.627,75.3,Signal of market contango/backwardation,"[np.str_('Global'), np.str_('US Gulf Coast')]",4,market_calibrated_advanced,0.85,True,False,200.0
2023-07-26 10:49:04,2023-07-26,trade_flow_disruption,Tanker tracking shows higher flows to India,moderate,2,0.5816999999999999,149.5,Indicates trade pattern shifts,[np.str_('Red Sea')],15,market_calibrated_advanced,0.88,True,True,160.0
2023-07-26 11:50:27,2023-07-26,trade_flow_disruption,Insurance premiums surge for Latin America tanker transits,critical,4,1.0,201.2,"Increases shipping costs, may deter voyages","[np.str_('South China Sea'), np.str_('Strait of Hormuz'), np.str_('Red Sea')]",15,market_calibrated_advanced,0.9,True,False,200.0
2023-07-27 12:43:56,2023-07-27,trade_flow_disruption,Port restrictions impact European Union crude exports,critical,4,1.0,264.3,Physical supply bottleneck,"[np.str_('Strait of Hormuz'), np.str_('South China Sea'), np.str_('Red Sea')]",15,market_calibrated_advanced,0.74,False,False,200.0
2023-07-27 19:01:07,2023-07-27,infrastructure,Major pipeline maintenance reduces South China Sea flows by 826,moderate,2,0.963,156.8,Temporary but planned supply reduction,"[np.str_('North Sea'), np.str_('US Gulf Coast')]",2,market_calibrated_advanced,0.8,True,False,200.0
2023-07-29 09:44:49,2023-07-29,geopolitical_tension,Diplomatic tensions escalate between European Union and European Union,high,3,1.0,226.1,Risk premium increases on supply disruption fears,[np.str_('Asia Pacific')],17,market_calibrated_advanced,0.97,True,False,197.0
2023-07-29 18:15:32,2023-07-29,sanctions,OFAC issues new compliance guidance for oil transactions,moderate,2,1.0,319.9,Increases compliance costs and due diligence,[np.str_('Global')],50,market_calibrated_advanced,0.84,True,False,197.0
2023-07-29 18:41:34,2023-07-29,military_conflict,Missile attack on China port facility,extreme,5,1.0,429.2,Direct damage to export infrastructure,"[np.str_('Strait of Hormuz'), np.str_('Middle East'), np.str_('North Africa')]",22,market_calibrated_advanced,1.0,True,False,197.0
2023-07-30 19:36:35,2023-07-30,inventory_report,EIA reports higher crude inventory of 1179M barrels,moderate,2,0.651,51.0,Weekly fundamental data point,[np.str_('Global')],4,market_calibrated_advanced,0.74,True,False,200.0
2023-07-31 15:44:16,2023-07-31,geopolitical_tension,Trade negotiations impact US Gulf Coast energy imports,high,3,1.0,194.1,Trade policy uncertainty affects flows,"[np.str_('Middle East'), np.str_('Global'), np.str_('Asia Pacific')]",40,market_calibrated_advanced,0.98,True,False,200.0
2023-07-31 22:39:42,2023-07-31,geopolitical_tension,Diplomatic tensions escalate between Russia and Kuwait,high,3,0.5865999999999999,122.9,Risk premium increases on supply disruption fears,"[np.str_('Asia Pacific'), np.str_('Global')]",8,market_calibrated_advanced,0.82,True,True,160.0
2023-08-01 01:32:55,2023-08-01,inventory_report,EIA reports lower crude inventory of 1542M barrels,low,1,0.308,26.4,Weekly fundamental data point,[np.str_('Global')],1,market_calibrated_advanced,0.79,True,True,160.0
2023-08-01 16:15:31,2023-08-01,inventory_report,EIA reports higher crude inventory of 1361M barrels,moderate,2,0.642,47.0,Weekly fundamental data point,"[np.str_('US Gulf Coast'), np.str_('Global')]",4,market_calibrated_advanced,0.89,True,False,200.0
2023-08-02 04:50:02,2023-08-02,inventory_report,EIA reports unchanged crude inventory of 1765M barrels,moderate,2,0.539,86.4,Weekly fundamental data point,[np.str_('US Gulf Coast')],1,market_calibrated_advanced,0.82,False,False,200.0
2023-08-02 16:05:04,2023-08-02,inventory_report,Cushing storage levels approach operational minimum,high,3,0.515,60.7,Delivery point concerns for WTI contract,"[np.str_('US Gulf Coast'), np.str_('Global')]",1,market_calibrated_advanced,0.76,True,False,200.0
2023-08-02 20:21:51,2023-08-02,military_conflict,Missile attack on China port facility,extreme,5,1.0,501.9,Direct damage to export infrastructure,[np.str_('North Africa')],15,market_calibrated_advanced,0.86,True,False,200.0
2023-08-04 02:21:24,2023-08-04,infrastructure,New pipeline capacity comes online in Asia Pacific,low,1,0.916,149.3,Improves supply chain efficiency,[np.str_('US Gulf Coast')],4,market_calibrated_advanced,0.9,True,False,199.0
2023-08-04 11:51:23,2023-08-04,infrastructure,Port congestion delays 40 tankers at Ras Tanura,moderate,2,0.5544,83.4,Logistical bottleneck affecting deliveries,[np.str_('North Sea')],6,market_calibrated_advanced,0.75,True,True,159.0
2023-08-08 11:03:54,2023-08-08,trade_flow_disruption,Shipping lane disruption near Strait of Hormuz,critical,4,1.0,172.9,"Forces rerouting, increases transit times","[np.str_('Strait of Hormuz'), np.str_('South China Sea'), np.str_('Red Sea')]",18,market_calibrated_advanced,0.8,True,False,194.0
2023-08-09 00:44:35,2023-08-09,production_policy,OPEC+ announces voluntary production cut extension,high,3,0.7,66.2,Tightens supply outlook,[np.str_('Middle East')],27,market_calibrated_advanced,0.86,True,True,160.0
2023-08-09 08:37:22,2023-08-09,trade_flow_disruption,Port restrictions impact European Union crude exports,high,3,0.6244,183.0,Physical supply bottleneck,[np.str_('South China Sea')],15,market_calibrated_advanced,0.94,True,True,160.0
2023-08-09 13:21:47,2023-08-09,production_policy,Libya announces voluntary production cut extension,critical,4,1.0,200.0,Tightens supply outlook,"[np.str_('Middle East'), np.str_('Global')]",57,market_calibrated_advanced,0.95,True,False,200.0
2023-08-09 14:01:10,2023-08-09,production_policy,China output disrupted by technical issues at Ghawar,critical,4,1.0,134.4,Temporary supply reduction,"[np.str_('Global'), np.str_('Middle East')]",38,market_calibrated_advanced,0.9,True,False,200.0
2023-08-09 14:50:49,2023-08-09,trade_flow_disruption,Shipping lane disruption near Malacca Strait,extreme,5,1.0,201.3,"Forces rerouting, increases transit times","[np.str_('Strait of Hormuz'), np.str_('South China Sea'), np.str_('Red Sea')]",17,market_calibrated_advanced,0.74,True,False,200.0
2023-08-09 15:44:11,2023-08-09,geopolitical_tension,Trade negotiations impact Red Sea energy imports,moderate,2,0.5628,124.3,Trade policy uncertainty affects flows,[np.str_('Global')],25,market_calibrated_advanced,0.71,True,True,160.0
2023-08-09 16:55:56,2023-08-09,production_policy,OPEC+ agrees to adjust production by 559 kb/d,critical,4,1.0,101.5,Direct impact on global supply-demand balance,[np.str_('Global')],27,market_calibrated_advanced,0.98,True,False,200.0
2023-08-09 20:18:03,2023-08-09,geopolitical_tension,Trade negotiations impact Asia Pacific energy imports,high,3,0.958,232.3,Trade policy uncertainty affects flows,"[np.str_('Asia Pacific'), np.str_('Global'), np.str_('Middle East')]",26,market_calibrated_advanced,0.88,True,False,200.0
2023-08-10 12:18:52,2023-08-10,production_policy,Non-OPEC production growth revised higher,high,3,1.0,255.8,Shifts market share expectations,"[np.str_('Middle East'), np.str_('Global')]",31,market_calibrated_advanced,0.86,True,False,200.0
2023-08-10 15:58:56,2023-08-10,sanctions,Sanctions waiver negotiations for OPEC+ oil exports,critical,4,1.0,111.6,Potential for supply increase if granted,"[np.str_('Middle East'), np.str_('Caspian Region')]",49,market_calibrated_advanced,0.93,True,False,200.0
2023-08-11 06:55:11,2023-08-11,military_conflict,Drone attack targets Venezuela oil infrastructure,critical,4,0.7,433.9,"Immediate supply risk, insurance premiums spike",[np.str_('Middle East')],15,market_calibrated_advanced,0.93,True,True,160.0
2023-08-11 09:24:41,2023-08-11,trade_flow_disruption,Tanker tracking shows unchanged flows to India,high,3,1.0,87.0,Indicates trade pattern shifts,"[np.str_('Strait of Hormuz'), np.str_('South China Sea')]",17,market_calibrated_advanced,0.86,True,False,200.0
2023-08-11 15:10:13,2023-08-11,military_conflict,Missile attack on Venezuela port facility,extreme,5,1.0,795.9,Direct damage to export infrastructure,[np.str_('Middle East')],24,market_calibrated_advanced,0.91,True,False,200.0
2023-08-11 16:26:23,2023-08-11,geopolitical_tension,Energy security summit addresses West Africa supply concerns,high,3,0.905,62.6,Coordinated response to supply risks,[np.str_('Asia Pacific')],44,market_calibrated_advanced,1.0,True,False,200.0
2023-08-12 06:55:56,2023-08-12,sanctions,Sanctions waiver negotiations for Iraq oil exports,critical,4,1.0,169.5,Potential for supply increase if granted,"[np.str_('Caspian Region'), np.str_('Middle East')]",46,market_calibrated_advanced,0.99,False,False,200.0
2023-08-12 21:37:20,2023-08-12,sanctions,Sanctions waiver negotiations for European Union oil exports,high,3,0.7,112.0,Potential for supply increase if granted,"[np.str_('Global'), np.str_('Middle East'), np.str_('Caspian Region')]",57,market_calibrated_advanced,0.97,True,True,160.0
2023-08-13 09:46:45,2023-08-13,inventory_report,EIA reports higher crude inventory of 1405M barrels,low,1,0.36119999999999997,78.9,Weekly fundamental data point,"[np.str_('US Gulf Coast'), np.str_('Global')]",4,market_calibrated_advanced,0.72,True,True,160.0
2023-08-13 10:50:19,2023-08-13,inventory_report,EIA reports higher crude inventory of 1693M barrels,moderate,2,0.623,94.1,Weekly fundamental data point,"[np.str_('Global'), np.str_('US Gulf Coast')]",3,market_calibrated_advanced,0.86,True,False,200.0
2023-08-13 12:24:19,2023-08-13,sanctions,OFAC issues new compliance guidance for oil transactions,high,3,1.0,296.3,Increases compliance costs and due diligence,"[np.str_('Middle East'), np.str_('Global'), np.str_('Caspian Region')]",55,market_calibrated_advanced,0.77,True,False,200.0
2023-08-17 03:19:04,2023-08-17,infrastructure,Major pipeline maintenance reduces North Sea flows by 314,moderate,2,0.807,73.8,Temporary but planned supply reduction,"[np.str_('Middle East'), np.str_('North Sea')]",11,market_calibrated_advanced,0.79,False,False,200.0
2023-08-18 02:34:44,2023-08-18,inventory_report,China crude inventories show unchanged trend,high,3,0.641,51.2,Indicates demand trajectory in largest importer,[np.str_('US Gulf Coast')],3,market_calibrated_advanced,0.85,True,False,200.0
2023-08-19 08:21:01,2023-08-19,production_policy,Saudi Arabia announces voluntary production cut extension,critical,4,1.0,235.7,Tightens supply outlook,"[np.str_('Middle East'), np.str_('Global')]",59,market_calibrated_advanced,0.71,True,False,200.0
2023-08-21 05:22:24,2023-08-21,geopolitical_tension,Energy security summit addresses North Sea supply concerns,high,3,0.918,84.6,Coordinated response to supply risks,"[np.str_('Global'), np.str_('Middle East')]",42,market_calibrated_advanced,0.96,True,False,200.0
2023-08-21 07:02:34,2023-08-21,inventory_report,EIA reports unchanged crude inventory of 1451M barrels,low,1,0.385,60.8,Weekly fundamental data point,"[np.str_('US Gulf Coast'), np.str_('Global')]",2,market_calibrated_advanced,0.81,True,True,160.0
2023-08-21 18:29:22,2023-08-21,inventory_report,Cushing storage levels approach operational minimum,high,3,0.62,97.9,Delivery point concerns for WTI contract,"[np.str_('US Gulf Coast'), np.str_('Global')]",4,market_calibrated_advanced,0.98,True,False,200.0
2023-08-25 11:03:54,2023-08-25,sanctions,OFAC issues new compliance guidance for oil transactions,moderate,2,1.0,338.6,Increases compliance costs and due diligence,"[np.str_('Middle East'), np.str_('Caspian Region'), np.str_('Global')]",66,market_calibrated_advanced,0.85,True,False,200.0
2023-08-26 18:28:37,2023-08-26,trade_flow_disruption,Port restrictions impact Saudi Arabia crude exports,critical,4,1.0,167.4,Physical supply bottleneck,[np.str_('Strait of Hormuz')],19,market_calibrated_advanced,0.87,True,False,200.0
2023-08-27 01:40:23,2023-08-27,inventory_report,Cushing storage levels approach operational minimum,high,3,0.66,29.5,Delivery point concerns for WTI contract,[np.str_('Global')],2,market_calibrated_advanced,0.96,True,False,200.0
2023-08-27 07:05:36,2023-08-27,inventory_report,EIA reports higher crude inventory of 1740M barrels,low,1,0.2709,71.3,Weekly fundamental data point,"[np.str_('Global'), np.str_('US Gulf Coast')]",4,market_calibrated_advanced,0.86,True,True,160.0
2023-08-27 12:56:46,2023-08-27,inventory_report,China crude inventories show unchanged trend,moderate,2,0.34859999999999997,56.8,Indicates demand trajectory in largest importer,"[np.str_('US Gulf Coast'), np.str_('Global')]",2,market_calibrated_advanced,0.99,False,True,160.0
2023-08-27 17:31:41,2023-08-27,inventory_report,EIA reports lower crude inventory of 584M barrels,moderate,2,0.542,80.2,Weekly fundamental data point,"[np.str_('US Gulf Coast'), np.str_('Global')]",4,market_calibrated_advanced,0.71,False,False,200.0
2023-08-28 10:55:23,2023-08-28,infrastructure,Port congestion delays 43 tankers at Basra,moderate,2,0.45289999999999997,52.3,Logistical bottleneck affecting deliveries,"[np.str_('Middle East'), np.str_('North Sea'), np.str_('US Gulf Coast')]",2,market_calibrated_advanced,0.82,True,True,160.0
2023-08-28 14:42:31,2023-08-28,infrastructure,Port congestion delays 6 tankers at Rotterdam,high,3,0.891,127.0,Logistical bottleneck affecting deliveries,"[np.str_('North Sea'), np.str_('US Gulf Coast')]",5,market_calibrated_advanced,0.94,True,False,200.0
2023-08-28 22:41:25,2023-08-28,inventory_report,Cushing storage levels approach operational minimum,high,3,0.576,82.5,Delivery point concerns for WTI contract,"[np.str_('Global'), np.str_('US Gulf Coast')]",2,market_calibrated_advanced,0.92,True,False,200.0
2023-08-29 13:43:30,2023-08-29,geopolitical_tension,Strategic reserve release coordinated by {alliance},high,3,0.49349999999999994,78.8,Temporary supply increase to calm markets,[np.str_('Middle East')],19,market_calibrated_advanced,0.72,True,True,160.0
2023-08-29 15:15:57,2023-08-29,geopolitical_tension,Strategic reserve release coordinated by {alliance},critical,4,1.0,173.1,Temporary supply increase to calm markets,[np.str_('Asia Pacific')],8,market_calibrated_advanced,0.83,True,False,200.0
2023-08-30 06:51:34,2023-08-30,military_conflict,Naval incident near Bab el-Mandeb shipping lane,extreme,5,1.0,947.4,Risk to major transit chokepoint,[np.str_('Strait of Hormuz')],4,market_calibrated_advanced,0.85,True,False,200.0
2023-08-31 13:24:25,2023-08-31,geopolitical_tension,Energy security summit addresses US Gulf Coast supply concerns,high,3,0.995,108.8,Coordinated response to supply risks,"[np.str_('Asia Pacific'), np.str_('Middle East')]",25,market_calibrated_advanced,0.74,True,False,200.0
2023-09-01 03:31:46,2023-09-01,infrastructure,Major pipeline maintenance reduces Caspian Region flows by 965,moderate,2,0.92,39.9,Temporary but planned supply reduction,"[np.str_('US Gulf Coast'), np.str_('North Sea')]",5,market_calibrated_advanced,0.84,True,False,200.0
2023-09-01 22:21:41,2023-09-01,sanctions,EU extends sanctions framework on India energy exports,critical,4,1.0,289.0,Reduces available supply to European markets,"[np.str_('Middle East'), np.str_('Caspian Region'), np.str_('Global')]",61,market_calibrated_advanced,0.71,True,False,200.0
2023-09-07 08:34:01,2023-09-07,trade_flow_disruption,Tanker tracking shows lower flows to Russia,moderate,2,1.0,135.2,Indicates trade pattern shifts,"[np.str_('Red Sea'), np.str_('South China Sea'), np.str_('Strait of Hormuz')]",8,market_calibrated_advanced,0.76,False,False,197.0
2023-09-08 15:09:37,2023-09-08,inventory_report,Cushing storage levels approach operational minimum,high,3,0.57,99.3,Delivery point concerns for WTI contract,"[np.str_('Global'), np.str_('US Gulf Coast')]",2,market_calibrated_advanced,0.87,True,False,200.0
2023-09-09 12:22:19,2023-09-09,inventory_report,EIA reports lower crude inventory of 881M barrels,moderate,2,0.556,36.3,Weekly fundamental data point,"[np.str_('Global'), np.str_('US Gulf Coast')]",3,market_calibrated_advanced,0.99,True,False,200.0
2023-09-10 08:34:47,2023-09-10,inventory_report,China crude inventories show unchanged trend,moderate,2,0.626,21.4,Indicates demand trajectory in largest importer,"[np.str_('Global'), np.str_('US Gulf Coast')]",4,market_calibrated_advanced,0.82,True,False,198.0
2023-09-10 15:34:44,2023-09-10,trade_flow_disruption,Tanker tracking shows unchanged flows to Iran,moderate,2,1.0,203.3,Indicates trade pattern shifts,[np.str_('Strait of Hormuz')],19,market_calibrated_advanced,0.74,True,False,198.0
2023-09-10 17:07:21,2023-09-10,geopolitical_tension,Trade negotiations impact North Africa energy imports,moderate,2,1.0,224.8,Trade policy uncertainty affects flows,"[np.str_('Asia Pacific'), np.str_('Global'), np.str_('Middle East')]",26,market_calibrated_advanced,0.96,False,False,198.0
2023-09-11 16:40:50,2023-09-11,infrastructure,Major pipeline maintenance reduces Asia Pacific flows by 1326,moderate,2,0.919,20.6,Temporary but planned supply reduction,"[np.str_('North Sea'), np.str_('US Gulf Coast'), np.str_('Middle East')]",3,market_calibrated_advanced,0.82,True,False,200.0
2023-09-14 07:57:17,2023-09-14,military_conflict,Military escalation near Middle East oil facilities,critical,4,1.0,615.1,Threatens regional production and transit,"[np.str_('Strait of Hormuz'), np.str_('North Africa')]",9,market_calibrated_advanced,0.87,True,False,197.0
2023-09-16 09:06:41,2023-09-16,inventory_report,EIA reports lower crude inventory of 887M barrels,low,1,0.514,89.0,Weekly fundamental data point,[np.str_('Global')],1,market_calibrated_advanced,0.99,True,False,200.0
2023-09-20 10:48:10,2023-09-20,geopolitical_tension,Energy security summit addresses Caspian Region supply concerns,moderate,2,1.0,68.7,Coordinated response to supply risks,"[np.str_('Middle East'), np.str_('Global'), np.str_('Asia Pacific')]",7,market_calibrated_advanced,0.84,True,False,198.0
2023-09-20 14:19:11,2023-09-20,infrastructure,Port congestion delays 43 tankers at Basra,moderate,2,0.791,123.5,Logistical bottleneck affecting deliveries,"[np.str_('North Sea'), np.str_('Middle East'), np.str_('US Gulf Coast')]",11,market_calibrated_advanced,0.9,True,False,198.0
2023-09-22 15:18:48,2023-09-22,geopolitical_tension,Energy security summit addresses US Gulf Coast supply concerns,high,3,0.976,217.2,Coordinated response to supply risks,"[np.str_('Asia Pacific'), np.str_('Global'), np.str_('Middle East')]",44,market_calibrated_advanced,0.99,True,False,200.0
2023-09-23 02:38:03,2023-09-23,military_conflict,Drone attack targets China oil infrastructure,extreme,5,1.0,976.8,"Immediate supply risk, insurance premiums spike","[np.str_('Middle East'), np.str_('Strait of Hormuz'), np.str_('North Africa')]",7,market_calibrated_advanced,0.71,True,False,200.0
2023-09-23 13:27:33,2023-09-23,inventory_report,EIA reports unchanged crude inventory of 1272M barrels,moderate,2,0.636,52.9,Weekly fundamental data point,"[np.str_('US Gulf Coast'), np.str_('Global')]",1,market_calibrated_advanced,0.94,True,False,200.0
2023-09-23 17:40:34,2023-09-23,geopolitical_tension,Strategic reserve release coordinated by {alliance},critical,4,1.0,176.7,Temporary supply increase to calm markets,"[np.str_('Asia Pacific'), np.str_('Middle East'), np.str_('Global')]",28,market_calibrated_advanced,0.85,True,False,200.0
2023-09-24 06:48:55,2023-09-24,military_conflict,Drone attack targets Russia oil infrastructure,extreme,5,1.0,536.7,"Immediate supply risk, insurance premiums spike","[np.str_('Strait of Hormuz'), np.str_('North Africa'), np.str_('Middle East')]",28,market_calibrated_advanced,1.0,True,False,200.0
2023-09-24 14:41:13,2023-09-24,geopolitical_tension,Diplomatic tensions escalate between USA and UAE,critical,4,1.0,230.8,Risk premium increases on supply disruption fears,"[np.str_('Global'), np.str_('Middle East'), np.str_('Asia Pacific')]",19,market_calibrated_advanced,0.74,True,False,200.0
2023-09-24 14:54:15,2023-09-24,geopolitical_tension,Trade negotiations impact South China Sea energy imports,moderate,2,0.6194999999999999,130.5,Trade policy uncertainty affects flows,"[np.str_('Global'), np.str_('Middle East')]",33,market_calibrated_advanced,0.94,True,True,160.0
2023-09-24 15:51:34,2023-09-24,inventory_report,China crude inventories show unchanged trend,high,3,0.661,78.5,Indicates demand trajectory in largest importer,"[np.str_('US Gulf Coast'), np.str_('Global')]",1,market_calibrated_advanced,0.73,True,False,200.0
2023-09-25 18:39:57,2023-09-25,trade_flow_disruption,Insurance premiums surge for Red Sea tanker transits,critical,4,1.0,270.4,"Increases shipping costs, may deter voyages",[np.str_('Red Sea')],10,market_calibrated_advanced,0.71,False,False,200.0
2023-09-25 18:51:12,2023-09-25,trade_flow_disruption,Port restrictions impact Iraq crude exports,high,3,0.637,86.4,Physical supply bottleneck,[np.str_('Red Sea')],17,market_calibrated_advanced,0.97,True,True,160.0
2023-09-26 15:36:36,2023-09-26,trade_flow_disruption,Shipping lane disruption near Bab el-Mandeb,extreme,5,1.0,91.5,"Forces rerouting, increases transit times",[np.str_('Red Sea')],12,market_calibrated_advanced,0.72,True,False,200.0
2023-09-26 16:31:32,2023-09-26,production_policy,Iraq output disrupted by weather at Rumaila,critical,4,1.0,135.6,Temporary supply reduction,[np.str_('Global')],36,market_calibrated_advanced,0.72,True,False,200.0
2023-09-26 21:02:53,2023-09-26,production_policy,UAE output disrupted by power outage at Rumaila,critical,4,1.0,81.6,Temporary supply reduction,"[np.str_('Global'), np.str_('Middle East')]",15,market_calibrated_advanced,0.88,True,False,200.0
2023-09-27 05:53:30,2023-09-27,sanctions,EU extends sanctions framework on Iran energy exports,critical,4,1.0,101.1,Reduces available supply to European markets,[np.str_('Caspian Region')],69,market_calibrated_advanced,0.81,True,False,200.0
2023-09-28 15:57:42,2023-09-28,geopolitical_tension,Strategic reserve release coordinated by {alliance},critical,4,0.966,151.5,Temporary supply increase to calm markets,[np.str_('Global')],29,market_calibrated_advanced,0.71,True,False,200.0
2023-09-28 19:21:08,2023-09-28,geopolitical_tension,Strategic reserve release coordinated by {alliance},high,3,0.6258,176.0,Temporary supply increase to calm markets,"[np.str_('Middle East'), np.str_('Global')]",44,market_calibrated_advanced,0.71,True,True,160.0
2023-09-28 20:41:29,2023-09-28,inventory_report,China crude inventories show higher trend,high,3,0.63,39.1,Indicates demand trajectory in largest importer,[np.str_('Global')],3,market_calibrated_advanced,0.95,True,False,200.0
2023-09-29 05:05:04,2023-09-29,sanctions,Sanctions waiver negotiations for USA oil exports,critical,4,1.0,215.5,Potential for supply increase if granted,"[np.str_('Caspian Region'), np.str_('Middle East'), np.str_('Global')]",21,market_calibrated_advanced,0.92,True,False,200.0
2023-09-29 06:42:56,2023-09-29,trade_flow_disruption,Shipping lane disruption near Suez Canal,extreme,5,1.0,88.2,"Forces rerouting, increases transit times","[np.str_('Red Sea'), np.str_('Strait of Hormuz'), np.str_('South China Sea')]",17,market_calibrated_advanced,0.98,True,False,200.0
2023-09-29 17:25:48,2023-09-29,infrastructure,New pipeline capacity comes online in Middle East,moderate,2,0.952,81.2,Improves supply chain efficiency,[np.str_('US Gulf Coast')],11,market_calibrated_advanced,0.72,True,False,200.0
2023-10-02 01:32:00,2023-10-02,production_policy,OPEC+ agrees to adjust production by 206 kb/d,high,3,0.7,217.4,Direct impact on global supply-demand balance,"[np.str_('Global'), np.str_('Middle East')]",22,market_calibrated_advanced,0.78,True,True,160.0
2023-10-02 04:14:18,2023-10-02,production_policy,Libya output disrupted by weather at Ghawar,critical,4,1.0,183.3,Temporary supply reduction,"[np.str_('Global'), np.str_('Middle East')]",36,market_calibrated_advanced,0.95,True,False,200.0
2023-10-02 21:10:06,2023-10-02,geopolitical_tension,Strategic reserve release coordinated by {alliance},critical,4,1.0,128.6,Temporary supply increase to calm markets,[np.str_('Middle East')],12,market_calibrated_advanced,0.83,True,False,200.0
2023-10-07 16:25:26,2023-10-07,inventory_report,China crude inventories show unchanged trend,moderate,2,0.666,46.8,Indicates demand trajectory in largest importer,[np.str_('US Gulf Coast')],2,market_calibrated_advanced,0.9,False,False,195.0
2023-10-08 22:11:42,2023-10-08,inventory_report,Floating storage levels unchanged off North Africa,high,3,0.675,96.6,Signal of market contango/backwardation,[np.str_('US Gulf Coast')],2,market_calibrated_advanced,0.79,True,False,200.0
2023-10-09 09:54:16,2023-10-09,geopolitical_tension,Energy security summit addresses North Africa supply concerns,high,3,1.0,199.3,Coordinated response to supply risks,[np.str_('Asia Pacific')],12,market_calibrated_advanced,0.73,True,False,200.0
2023-10-10 00:49:35,2023-10-10,production_policy,Russia output disrupted by pipeline rupture at Rumaila,critical,4,1.0,142.0,Temporary supply reduction,"[np.str_('Global'), np.str_('Middle East')]",39,market_calibrated_advanced,0.87,True,False,200.0
2023-10-12 00:08:56,2023-10-12,military_conflict,Drone attack targets OPEC+ oil infrastructure,extreme,5,1.0,375.9,"Immediate supply risk, insurance premiums spike",[np.str_('Strait of Hormuz')],4,market_calibrated_advanced,0.99,True,False,200.0
2023-10-13 00:43:10,2023-10-13,infrastructure,Major pipeline maintenance reduces US Gulf Coast flows by 1881,moderate,2,0.998,51.2,Temporary but planned supply reduction,[np.str_('Middle East')],8,market_calibrated_advanced,0.75,True,False,200.0
2023-10-14 05:46:48,2023-10-14,geopolitical_tension,Strategic reserve release coordinated by {alliance},critical,4,1.0,124.5,Temporary supply increase to calm markets,"[np.str_('Middle East'), np.str_('Global'), np.str_('Asia Pacific')]",26,market_calibrated_advanced,0.92,True,False,200.0
2023-10-14 13:23:27,2023-10-14,inventory_report,EIA reports lower crude inventory of 1255M barrels,moderate,2,0.571,32.1,Weekly fundamental data point,"[np.str_('Global'), np.str_('US Gulf Coast')]",1,market_calibrated_advanced,0.74,True,False,200.0
2023-10-14 18:31:49,2023-10-14,inventory_report,China crude inventories show higher trend,moderate,2,0.3339,22.0,Indicates demand trajectory in largest importer,"[np.str_('Global'), np.str_('US Gulf Coast')]",2,market_calibrated_advanced,0.84,True,True,160.0
2023-10-17 06:21:14,2023-10-17,geopolitical_tension,Strategic reserve release coordinated by {alliance},high,3,0.924,79.7,Temporary supply increase to calm markets,"[np.str_('Middle East'), np.str_('Asia Pacific'), np.str_('Global')]",27,market_calibrated_advanced,0.76,True,False,197.0
2023-10-18 03:55:14,2023-10-18,inventory_report,China crude inventories show higher trend,high,3,0.53,51.4,Indicates demand trajectory in largest importer,[np.str_('Global')],2,market_calibrated_advanced,0.85,True,False,200.0
2023-10-19 00:06:04,2023-10-19,trade_flow_disruption,Tanker tracking shows unchanged flows to OPEC+,high,3,1.0,174.1,Indicates trade pattern shifts,[np.str_('Red Sea')],19,market_calibrated_advanced,0.75,True,False,200.0
2023-10-19 03:55:26,2023-10-19,sanctions,EU extends sanctions framework on Nigeria energy exports,high,3,0.7,178.2,Reduces available supply to European markets,[np.str_('Global')],41,market_calibrated_advanced,0.93,True,True,160.0
2023-10-19 05:13:45,2023-10-19,sanctions,Sanctions waiver negotiations for Kuwait oil exports,critical,4,1.0,158.9,Potential for supply increase if granted,"[np.str_('Global'), np.str_('Caspian Region')]",34,market_calibrated_advanced,0.96,True,False,200.0
2023-10-19 13:34:46,2023-10-19,inventory_report,Floating storage levels higher off South China Sea,moderate,2,0.34719999999999995,26.7,Signal of market contango/backwardation,"[np.str_('Global'), np.str_('US Gulf Coast')]",1,market_calibrated_advanced,0.86,True,True,160.0
2023-10-19 15:56:12,2023-10-19,trade_flow_disruption,Shipping lane disruption near Suez Canal,critical,4,0.6054999999999999,238.1,"Forces rerouting, increases transit times","[np.str_('Red Sea'), np.str_('Strait of Hormuz')]",7,market_calibrated_advanced,0.91,True,True,160.0
2023-10-19 19:53:55,2023-10-19,inventory_report,EIA reports unchanged crude inventory of 622M barrels,moderate,2,0.611,34.8,Weekly fundamental data point,"[np.str_('US Gulf Coast'), np.str_('Global')]",1,market_calibrated_advanced,0.87,True,False,200.0
2023-10-20 00:50:09,2023-10-20,geopolitical_tension,Strategic reserve release coordinated by {alliance},critical,4,1.0,95.8,Temporary supply increase to calm markets,"[np.str_('Asia Pacific'), np.str_('Global'), np.str_('Middle East')]",18,market_calibrated_advanced,0.85,True,False,200.0
2023-10-21 02:09:04,2023-10-21,inventory_report,Floating storage levels higher off Red Sea,high,3,0.67,55.6,Signal of market contango/backwardation,"[np.str_('Global'), np.str_('US Gulf Coast')]",4,market_calibrated_advanced,0.86,False,False,200.0
2023-10-21 14:08:17,2023-10-21,inventory_report,Cushing storage levels approach operational minimum,moderate,2,0.34719999999999995,39.9,Delivery point concerns for WTI contract,[np.str_('Global')],4,market_calibrated_advanced,0.71,True,True,160.0
2023-10-21 19:50:54,2023-10-21,military_conflict,Drone attack targets Kuwait oil infrastructure,extreme,5,1.0,544.7,"Immediate supply risk, insurance premiums spike","[np.str_('Strait of Hormuz'), np.str_('North Africa')]",17,market_calibrated_advanced,0.95,True,False,200.0
2023-10-22 12:24:56,2023-10-22,production_policy,Russia output disrupted by pipeline rupture at Khurais,critical,4,1.0,250.3,Temporary supply reduction,"[np.str_('Middle East'), np.str_('Global')]",50,market_calibrated_advanced,0.85,True,False,200.0
2023-10-23 00:55:39,2023-10-23,inventory_report,Cushing storage levels approach operational minimum,high,3,0.525,32.5,Delivery point concerns for WTI contract,[np.str_('Global')],2,market_calibrated_advanced,0.73,False,False,200.0
2023-10-24 08:46:20,2023-10-24,infrastructure,New pipeline capacity comes online in North Sea,moderate,2,0.913,63.0,Improves supply chain efficiency,"[np.str_('Middle East'), np.str_('North Sea')]",4,market_calibrated_advanced,0.84,True,False,200.0
2023-10-24 13:27:29,2023-10-24,trade_flow_disruption,Tanker tracking shows unchanged flows to USA,high,3,1.0,121.5,Indicates trade pattern shifts,"[np.str_('South China Sea'), np.str_('Red Sea')]",15,market_calibrated_advanced,0.75,True,False,200.0
2023-10-25 17:52:22,2023-10-25,trade_flow_disruption,Port restrictions impact Iran crude exports,critical,4,1.0,132.4,Physical supply bottleneck,"[np.str_('Red Sea'), np.str_('Strait of Hormuz'), np.str_('South China Sea')]",12,market_calibrated_advanced,0.99,True,False,200.0
2023-10-26 14:56:48,2023-10-26,trade_flow_disruption,Tanker tracking shows higher flows to Iraq,high,3,1.0,177.6,Indicates trade pattern shifts,"[np.str_('Red Sea'), np.str_('Strait of Hormuz')]",14,market_calibrated_advanced,0.79,True,False,200.0
2023-10-29 12:57:22,2023-10-29,inventory_report,Cushing storage levels approach operational minimum,moderate,2,0.3815,64.6,Delivery point concerns for WTI contract,"[np.str_('US Gulf Coast'), np.str_('Global')]",3,market_calibrated_advanced,0.98,True,True,156.0
2023-10-29 17:11:02,2023-10-29,geopolitical_tension,Energy security summit addresses Caspian Region supply concerns,moderate,2,1.0,202.2,Coordinated response to supply risks,"[np.str_('Middle East'), np.str_('Global')]",9,market_calibrated_advanced,0.79,True,False,195.0
2023-10-29 20:01:58,2023-10-29,inventory_report,EIA reports higher crude inventory of 1636M barrels,low,1,0.578,72.4,Weekly fundamental data point,[np.str_('US Gulf Coast')],4,market_calibrated_advanced,0.9,True,False,195.0
2023-10-30 16:21:36,2023-10-30,geopolitical_tension,Diplomatic tensions escalate between Venezuela and China,critical,4,1.0,139.3,Risk premium increases on supply disruption fears,"[np.str_('Middle East'), np.str_('Global'), np.str_('Asia Pacific')]",20,market_calibrated_advanced,0.93,False,False,200.0
2023-10-31 02:23:50,2023-10-31,inventory_report,Cushing storage levels approach operational minimum,moderate,2,0.28629999999999994,41.9,Delivery point concerns for WTI contract,[np.str_('Global')],4,market_calibrated_advanced,0.95,True,True,160.0
2023-10-31 07:15:52,2023-10-31,inventory_report,Cushing storage levels approach operational minimum,high,3,0.561,64.4,Delivery point concerns for WTI contract,[np.str_('US Gulf Coast')],4,market_calibrated_advanced,0.93,True,False,200.0
2023-10-31 07:28:57,2023-10-31,inventory_report,China crude inventories show higher trend,high,3,0.547,74.5,Indicates demand trajectory in largest importer,[np.str_('Global')],3,market_calibrated_advanced,1.0,True,False,200.0
2023-10-31 15:48:39,2023-10-31,inventory_report,Floating storage levels higher off South China Sea,moderate,2,0.27649999999999997,45.1,Signal of market contango/backwardation,[np.str_('US Gulf Coast')],3,market_calibrated_advanced,0.75,True,True,160.0
2023-11-01 10:34:29,2023-11-01,sanctions,EU extends sanctions framework on OPEC+ energy exports,critical,4,1.0,355.0,Reduces available supply to European markets,"[np.str_('Caspian Region'), np.str_('Middle East')]",58,market_calibrated_advanced,0.74,True,False,200.0
2023-11-02 02:40:28,2023-11-02,inventory_report,China crude inventories show lower trend,high,3,0.574,94.8,Indicates demand trajectory in largest importer,"[np.str_('Global'), np.str_('US Gulf Coast')]",1,market_calibrated_advanced,0.71,True,False,200.0
2023-11-02 09:48:00,2023-11-02,infrastructure,Port congestion delays 48 tankers at Ras Tanura,high,3,0.961,33.8,Logistical bottleneck affecting deliveries,[np.str_('US Gulf Coast')],4,market_calibrated_advanced,0.83,True,False,200.0
2023-11-02 12:01:11,2023-11-02,geopolitical_tension,Diplomatic tensions escalate between European Union and OPEC+,critical,4,1.0,200.9,Risk premium increases on supply disruption fears,"[np.str_('Middle East'), np.str_('Asia Pacific')]",31,market_calibrated_advanced,0.84,True,False,200.0
2023-11-03 01:17:27,2023-11-03,inventory_report,Floating storage levels unchanged off Latin America,moderate,2,0.2723,33.0,Signal of market contango/backwardation,"[np.str_('Global'), np.str_('US Gulf Coast')]",3,market_calibrated_advanced,0.82,True,True,160.0
2023-11-03 05:42:03,2023-11-03,inventory_report,Cushing storage levels approach operational minimum,high,3,0.53,69.0,Delivery point concerns for WTI contract,[np.str_('Global')],1,market_calibrated_advanced,0.94,True,False,200.0
2023-11-03 09:46:31,2023-11-03,infrastructure,Refinery outage reduces crude demand in West Africa,high,3,0.867,138.6,Reduces crude intake temporarily,"[np.str_('US Gulf Coast'), np.str_('North Sea'), np.str_('Middle East')]",13,market_calibrated_advanced,0.91,True,False,200.0
2023-11-03 12:26:51,2023-11-03,infrastructure,Port congestion delays 8 tankers at Rotterdam,moderate,2,0.5319999999999999,112.4,Logistical bottleneck affecting deliveries,[np.str_('North Sea')],1,market_calibrated_advanced,0.95,True,True,160.0
2023-11-04 19:51:31,2023-11-04,production_policy,European Union announces voluntary production cut extension,critical,4,1.0,228.9,Tightens supply outlook,[np.str_('Global')],28,market_calibrated_advanced,0.97,True,False,200.0
2023-11-07 08:20:35,2023-11-07,military_conflict,Missile attack on Saudi Arabia port facility,extreme,5,1.0,518.0,Direct damage to export infrastructure,"[np.str_('North Africa'), np.str_('Middle East')]",3,market_calibrated_advanced,0.96,True,False,200.0
2023-11-08 05:25:19,2023-11-08,military_conflict,Missile attack on USA port facility,extreme,5,1.0,322.6,Direct damage to export infrastructure,[np.str_('Middle East')],17,market_calibrated_advanced,0.75,True,False,200.0
2023-11-09 00:27:48,2023-11-09,inventory_report,China crude inventories show lower trend,high,3,0.526,51.5,Indicates demand trajectory in largest importer,"[np.str_('Global'), np.str_('US Gulf Coast')]",1,market_calibrated_advanced,0.95,True,False,200.0
2023-11-09 03:56:54,2023-11-09,inventory_report,China crude inventories show higher trend,moderate,2,0.3766,17.3,Indicates demand trajectory in largest importer,[np.str_('Global')],4,market_calibrated_advanced,0.73,True,True,160.0
2023-11-13 03:43:49,2023-11-13,inventory_report,EIA reports unchanged crude inventory of 190M barrels,low,1,0.652,30.0,Weekly fundamental data point,"[np.str_('Global'), np.str_('US Gulf Coast')]",2,market_calibrated_advanced,0.79,True,False,198.0
2023-11-14 01:31:40,2023-11-14,infrastructure,Major pipeline maintenance reduces Latin America flows by 1251,moderate,2,0.802,53.3,Temporary but planned supply reduction,"[np.str_('US Gulf Coast'), np.str_('North Sea'), np.str_('Middle East')]",13,market_calibrated_advanced,0.83,False,False,200.0
2023-11-15 14:08:02,2023-11-15,geopolitical_tension,Energy security summit addresses Global supply concerns,high,3,1.0,78.2,Coordinated response to supply risks,"[np.str_('Middle East'), np.str_('Global')]",9,market_calibrated_advanced,0.97,True,False,200.0
2023-11-16 16:53:17,2023-11-16,infrastructure,Major pipeline maintenance reduces US Gulf Coast flows by 1649,moderate,2,0.93,144.3,Temporary but planned supply reduction,[np.str_('Middle East')],13,market_calibrated_advanced,0.77,True,False,200.0
2023-11-16 18:30:17,2023-11-16,trade_flow_disruption,Tanker tracking shows lower flows to USA,high,3,1.0,148.7,Indicates trade pattern shifts,"[np.str_('South China Sea'), np.str_('Strait of Hormuz')]",11,market_calibrated_advanced,0.93,True,False,200.0
2023-11-17 04:31:27,2023-11-17,military_conflict,Missile attack on OPEC+ port facility,extreme,5,1.0,783.1,Direct damage to export infrastructure,"[np.str_('Middle East'), np.str_('Strait of Hormuz'), np.str_('North Africa')]",14,market_calibrated_advanced,0.93,False,False,200.0
2023-11-17 17:43:45,2023-11-17,military_conflict,Missile attack on Kuwait port facility,extreme,5,0.7,546.9,Direct damage to export infrastructure,"[np.str_('North Africa'), np.str_('Strait of Hormuz')]",6,market_calibrated_advanced,0.72,True,True,160.0
2023-11-18 04:43:20,2023-11-18,production_policy,European Union output disrupted by technical issues at Rumaila,critical,4,1.0,99.0,Temporary supply reduction,"[np.str_('Global'), np.str_('Middle East')]",24,market_calibrated_advanced,0.72,True,False,200.0
2023-11-19 00:13:43,2023-11-19,geopolitical_tension,Diplomatic tensions escalate between Saudi Arabia and UAE,critical,4,1.0,221.8,Risk premium increases on supply disruption fears,"[np.str_('Middle East'), np.str_('Global'), np.str_('Asia Pacific')]",43,market_calibrated_advanced,0.9,True,False,200.0
2023-11-19 04:32:07,2023-11-19,geopolitical_tension,Energy security summit addresses Latin America supply concerns,moderate,2,0.6048,105.0,Coordinated response to supply risks,[np.str_('Global')],23,market_calibrated_advanced,0.87,True,True,160.0
2023-11-20 18:03:33,2023-11-20,infrastructure,Refinery outage reduces crude demand in Global,high,3,0.901,148.7,Reduces crude intake temporarily,[np.str_('Middle East')],5,market_calibrated_advanced,0.95,True,False,200.0
2023-11-22 06:47:33,2023-11-22,infrastructure,Refinery outage reduces crude demand in Strait of Hormuz,high,3,0.938,112.1,Reduces crude intake temporarily,"[np.str_('US Gulf Coast'), np.str_('Middle East'), np.str_('North Sea')]",4,market_calibrated_advanced,0.99,True,False,200.0
2023-11-23 03:47:42,2023-11-23,inventory_report,China crude inventories show lower trend,moderate,2,0.38780000000000003,42.5,Indicates demand trajectory in largest importer,[np.str_('Global')],1,market_calibrated_advanced,0.76,True,True,160.0
2023-11-23 18:34:11,2023-11-23,geopolitical_tension,Trade negotiations impact Caspian Region energy imports,high,3,0.977,73.5,Trade policy uncertainty affects flows,[np.str_('Asia Pacific')],43,market_calibrated_advanced,0.73,True,False,200.0
2023-11-23 18:35:42,2023-11-23,inventory_report,China crude inventories show lower trend,high,3,0.641,97.2,Indicates demand trajectory in largest importer,[np.str_('US Gulf Coast')],3,market_calibrated_advanced,0.98,True,False,200.0
2023-11-25 09:32:25,2023-11-25,trade_flow_disruption,Tanker tracking shows unchanged flows to OPEC+,moderate,2,0.6328,206.6,Indicates trade pattern shifts,"[np.str_('Strait of Hormuz'), np.str_('Red Sea')]",14,market_calibrated_advanced,0.72,True,True,157.0
2023-11-25 13:38:08,2023-11-25,trade_flow_disruption,Tanker tracking shows unchanged flows to Nigeria,moderate,2,1.0,144.5,Indicates trade pattern shifts,"[np.str_('Strait of Hormuz'), np.str_('Red Sea'), np.str_('South China Sea')]",9,market_calibrated_advanced,0.91,True,False,196.0
2023-11-26 19:52:15,2023-11-26,production_policy,Non-OPEC production growth revised lower,high,3,1.0,279.9,Shifts market share expectations,"[np.str_('Middle East'), np.str_('Global')]",41,market_calibrated_advanced,0.74,True,False,200.0
2023-11-27 09:58:39,2023-11-27,infrastructure,Major pipeline maintenance reduces Red Sea flows by 633,moderate,2,0.816,153.8,Temporary but planned supply reduction,[np.str_('US Gulf Coast')],7,market_calibrated_advanced,0.77,True,False,200.0
2023-11-27 20:58:48,2023-11-27,infrastructure,New pipeline capacity comes online in Global,low,1,0.5719,23.5,Improves supply chain efficiency,"[np.str_('Middle East'), np.str_('US Gulf Coast'), np.str_('North Sea')]",13,market_calibrated_advanced,0.71,True,True,160.0
2023-11-29 03:00:21,2023-11-29,inventory_report,Cushing storage levels approach operational minimum,high,3,0.531,59.8,Delivery point concerns for WTI contract,[np.str_('US Gulf Coast')],1,market_calibrated_advanced,0.95,True,False,200.0
2023-11-29 12:45:28,2023-11-29,inventory_report,EIA reports higher crude inventory of 1011M barrels,moderate,2,0.684,49.4,Weekly fundamental data point,[np.str_('US Gulf Coast')],1,market_calibrated_advanced,0.97,True,False,200.0
2023-11-29 14:20:17,2023-11-29,inventory_report,Floating storage levels lower off Latin America,moderate,2,0.3192,26.4,Signal of market contango/backwardation,"[np.str_('Global'), np.str_('US Gulf Coast')]",4,market_calibrated_advanced,0.72,True,True,160.0
2023-11-29 19:25:13,2023-11-29,sanctions,OFAC issues new compliance guidance for oil transactions,high,3,1.0,102.5,Increases compliance costs and due diligence,"[np.str_('Caspian Region'), np.str_('Middle East'), np.str_('Global')]",26,market_calibrated_advanced,0.82,True,False,200.0
2023-11-29 20:17:20,2023-11-29,infrastructure,Refinery outage reduces crude demand in US Gulf Coast,high,3,0.868,117.5,Reduces crude intake temporarily,"[np.str_('US Gulf Coast'), np.str_('North Sea'), np.str_('Middle East')]",1,market_calibrated_advanced,0.98,True,False,200.0
2023-11-29 21:57:57,2023-11-29,inventory_report,EIA reports unchanged crude inventory of 1818M barrels,low,1,0.2842,64.4,Weekly fundamental data point,[np.str_('Global')],1,market_calibrated_advanced,0.81,True,True,160.0
2023-11-30 03:43:28,2023-11-30,inventory_report,EIA reports unchanged crude inventory of 352M barrels,moderate,2,0.594,44.9,Weekly fundamental data point,"[np.str_('US Gulf Coast'), np.str_('Global')]",2,market_calibrated_advanced,0.89,True,False,200.0
2023-11-30 04:05:13,2023-11-30,inventory_report,China crude inventories show higher trend,high,3,0.575,51.3,Indicates demand trajectory in largest importer,[np.str_('US Gulf Coast')],1,market_calibrated_advanced,0.89,True,False,200.0
2023-12-01 04:46:47,2023-12-01,geopolitical_tension,Trade negotiations impact Strait of Hormuz energy imports,high,3,1.0,153.9,Trade policy uncertainty affects flows,"[np.str_('Asia Pacific'), np.str_('Middle East'), np.str_('Global')]",38,market_calibrated_advanced,0.94,True,False,200.0
2023-12-02 02:58:52,2023-12-02,sanctions,US imposes new sanctions on Libya oil sector,critical,4,1.0,373.5,"Tightens global supply, redirects trade flows",[np.str_('Global')],36,market_calibrated_advanced,0.89,False,False,200.0
2023-12-03 01:45:27,2023-12-03,inventory_report,China crude inventories show unchanged trend,high,3,0.691,23.8,Indicates demand trajectory in largest importer,"[np.str_('US Gulf Coast'), np.str_('Global')]",1,market_calibrated_advanced,0.91,True,False,200.0
2023-12-03 06:49:35,2023-12-03,production_policy,China announces voluntary production cut extension,critical,4,1.0,225.2,Tightens supply outlook,[np.str_('Middle East')],16,market_calibrated_advanced,1.0,True,False,200.0
2023-12-03 11:35:30,2023-12-03,inventory_report,China crude inventories show lower trend,high,3,0.562,54.0,Indicates demand trajectory in largest importer,[np.str_('US Gulf Coast')],1,market_calibrated_advanced,0.82,False,False,200.0
2023-12-03 18:05:06,2023-12-03,infrastructure,New pipeline capacity comes online in Red Sea,moderate,2,0.823,141.2,Improves supply chain efficiency,"[np.str_('Middle East'), np.str_('US Gulf Coast')]",11,market_calibrated_advanced,0.73,True,False,200.0
2023-12-06 06:22:34,2023-12-06,military_conflict,Drone attack targets Saudi Arabia oil infrastructure,extreme,5,1.0,287.3,"Immediate supply risk, insurance premiums spike",[np.str_('North Africa')],8,market_calibrated_advanced,0.79,True,False,200.0
2023-12-07 12:45:54,2023-12-07,infrastructure,Major pipeline maintenance reduces Latin America flows by 1255,moderate,2,0.803,122.1,Temporary but planned supply reduction,[np.str_('North Sea')],12,market_calibrated_advanced,0.78,True,False,200.0
2023-12-07 19:41:06,2023-12-07,geopolitical_tension,Trade negotiations impact US Gulf Coast energy imports,high,3,0.932,219.3,Trade policy uncertainty affects flows,[np.str_('Middle East')],26,market_calibrated_advanced,0.98,True,False,200.0
2023-12-08 00:40:19,2023-12-08,infrastructure,Port congestion delays 27 tankers at Houston,moderate,2,0.5334,122.0,Logistical bottleneck affecting deliveries,"[np.str_('North Sea'), np.str_('US Gulf Coast'), np.str_('Middle East')]",13,market_calibrated_advanced,0.96,True,True,160.0
2023-12-08 04:34:13,2023-12-08,trade_flow_disruption,Tanker tracking shows unchanged flows to Iran,high,3,1.0,188.6,Indicates trade pattern shifts,"[np.str_('Strait of Hormuz'), np.str_('Red Sea'), np.str_('South China Sea')]",7,market_calibrated_advanced,0.95,True,False,200.0
2023-12-08 10:45:42,2023-12-08,infrastructure,Port congestion delays 47 tankers at Basra,high,3,0.859,56.3,Logistical bottleneck affecting deliveries,"[np.str_('North Sea'), np.str_('Middle East')]",10,market_calibrated_advanced,0.96,True,False,200.0
2023-12-09 10:25:41,2023-12-09,inventory_report,Cushing storage levels approach operational minimum,moderate,2,0.3668,38.1,Delivery point concerns for WTI contract,"[np.str_('Global'), np.str_('US Gulf Coast')]",2,market_calibrated_advanced,0.93,True,True,160.0
2023-12-09 11:40:46,2023-12-09,inventory_report,EIA reports unchanged crude inventory of 555M barrels,low,1,0.30169999999999997,63.3,Weekly fundamental data point,"[np.str_('US Gulf Coast'), np.str_('Global')]",1,market_calibrated_advanced,0.94,True,True,160.0
2023-12-09 15:36:20,2023-12-09,inventory_report,EIA reports higher crude inventory of 302M barrels,moderate,2,0.527,91.5,Weekly fundamental data point,"[np.str_('US Gulf Coast'), np.str_('Global')]",4,market_calibrated_advanced,0.95,True,False,200.0
2023-12-09 19:21:39,2023-12-09,inventory_report,Cushing storage levels approach operational minimum,high,3,0.583,40.9,Delivery point concerns for WTI contract,"[np.str_('US Gulf Coast'), np.str_('Global')]",3,market_calibrated_advanced,0.89,False,False,200.0
2023-12-10 04:13:22,2023-12-10,inventory_report,Cushing storage levels approach operational minimum,high,3,0.673,58.8,Delivery point concerns for WTI contract,"[np.str_('Global'), np.str_('US Gulf Coast')]",2,market_calibrated_advanced,0.96,True,False,200.0
2023-12-10 18:04:46,2023-12-10,inventory_report,Floating storage levels lower off North Africa,high,3,0.56,30.0,Signal of market contango/backwardation,"[np.str_('Global'), np.str_('US Gulf Coast')]",1,market_calibrated_advanced,0.88,True,False,200.0
2023-12-10 18:11:18,2023-12-10,inventory_report,China crude inventories show higher trend,high,3,0.507,75.0,Indicates demand trajectory in largest importer,"[np.str_('Global'), np.str_('US Gulf Coast')]",1,market_calibrated_advanced,0.85,True,False,200.0
2023-12-12 21:52:04,2023-12-12,military_conflict,Military escalation near Middle East oil facilities,extreme,5,1.0,208.1,Threatens regional production and transit,[np.str_('Middle East')],4,market_calibrated_advanced,0.91,True,False,200.0
2023-12-13 20:50:30,2023-12-13,military_conflict,Missile attack on OPEC+ port facility,extreme,5,1.0,336.0,Direct damage to export infrastructure,[np.str_('North Africa')],24,market_calibrated_advanced,0.98,True,False,200.0
2023-12-13 22:40:52,2023-12-13,infrastructure,Refinery outage reduces crude demand in Middle East,high,3,0.932,48.2,Reduces crude intake temporarily,[np.str_('Middle East')],11,market_calibrated_advanced,0.85,True,False,200.0
2023-12-14 04:02:09,2023-12-14,inventory_report,Floating storage levels higher off South China Sea,moderate,2,0.3115,27.8,Signal of market contango/backwardation,[np.str_('US Gulf Coast')],1,market_calibrated_advanced,0.88,True,True,160.0
2023-12-14 07:15:10,2023-12-14,inventory_report,Floating storage levels higher off US Gulf Coast,high,3,0.573,67.7,Signal of market contango/backwardation,"[np.str_('Global'), np.str_('US Gulf Coast')]",2,market_calibrated_advanced,0.87,False,False,200.0
2023-12-14 07:27:56,2023-12-14,inventory_report,EIA reports unchanged crude inventory of 1274M barrels,moderate,2,0.512,93.5,Weekly fundamental data point,"[np.str_('Global'), np.str_('US Gulf Coast')]",2,market_calibrated_advanced,0.9,True,False,200.0
2023-12-14 15:46:13,2023-12-14,production_policy,Non-OPEC production growth revised unchanged,high,3,1.0,293.8,Shifts market share expectations,"[np.str_('Global'), np.str_('Middle East')]",54,market_calibrated_advanced,0.98,True,False,200.0
2023-12-14 20:27:48,2023-12-14,inventory_report,Floating storage levels higher off Latin America,moderate,2,0.3752,49.5,Signal of market contango/backwardation,"[np.str_('Global'), np.str_('US Gulf Coast')]",3,market_calibrated_advanced,0.9,True,True,160.0
2023-12-15 03:15:02,2023-12-15,infrastructure,Refinery outage reduces crude demand in North Africa,high,3,0.86,51.1,Reduces crude intake temporarily,"[np.str_('North Sea'), np.str_('Middle East'), np.str_('US Gulf Coast')]",4,market_calibrated_advanced,0.71,True,False,200.0
2023-12-17 02:32:39,2023-12-17,infrastructure,Port congestion delays 46 tankers at Houston,high,3,0.86,66.7,Logistical bottleneck affecting deliveries,"[np.str_('North Sea'), np.str_('US Gulf Coast'), np.str_('Middle East')]",13,market_calibrated_advanced,0.74,True,False,200.0
2023-12-17 17:13:33,2023-12-17,infrastructure,Major pipeline maintenance reduces North Sea flows by 845,low,1,0.5145,78.0,Temporary but planned supply reduction,"[np.str_('North Sea'), np.str_('Middle East')]",12,market_calibrated_advanced,0.81,True,True,160.0
2023-12-17 19:47:20,2023-12-17,infrastructure,Port congestion delays 35 tankers at Ras Tanura,high,3,0.993,113.3,Logistical bottleneck affecting deliveries,"[np.str_('Middle East'), np.str_('North Sea'), np.str_('US Gulf Coast')]",13,market_calibrated_advanced,0.96,True,False,200.0
2023-12-18 12:36:51,2023-12-18,military_conflict,Naval incident near Malacca Strait shipping lane,extreme,5,1.0,942.2,Risk to major transit chokepoint,[np.str_('Middle East')],16,market_calibrated_advanced,0.72,True,False,200.0
2023-12-18 21:54:04,2023-12-18,military_conflict,Missile attack on Kuwait port facility,extreme,5,0.7,503.8,Direct damage to export infrastructure,[np.str_('Strait of Hormuz')],23,market_calibrated_advanced,0.7,True,True,160.0
2023-12-19 22:37:12,2023-12-19,infrastructure,Major pipeline maintenance reduces US Gulf Coast flows by 946,moderate,2,0.88,67.1,Temporary but planned supply reduction,"[np.str_('North Sea'), np.str_('Middle East')]",4,market_calibrated_advanced,1.0,True,False,200.0
2023-12-20 00:54:15,2023-12-20,infrastructure,Refinery outage reduces crude demand in North Africa,high,3,0.841,50.3,Reduces crude intake temporarily,[np.str_('North Sea')],1,market_calibrated_advanced,0.95,True,False,200.0
2023-12-20 06:19:08,2023-12-20,inventory_report,Floating storage levels lower off Middle East,moderate,2,0.31429999999999997,52.4,Signal of market contango/backwardation,"[np.str_('Global'), np.str_('US Gulf Coast')]",3,market_calibrated_advanced,0.95,True,True,160.0
2023-12-20 09:41:28,2023-12-20,infrastructure,New pipeline capacity comes online in US Gulf Coast,moderate,2,0.911,105.2,Improves supply chain efficiency,"[np.str_('US Gulf Coast'), np.str_('North Sea')]",9,market_calibrated_advanced,0.86,True,False,200.0
2023-12-20 19:16:31,2023-12-20,infrastructure,New pipeline capacity comes online in Global,low,1,0.5579,118.8,Improves supply chain efficiency,[np.str_('US Gulf Coast')],6,market_calibrated_advanced,0.8,True,True,160.0
2023-12-20 19:32:18,2023-12-20,inventory_report,Cushing storage levels approach operational minimum,high,3,0.67,25.9,Delivery point concerns for WTI contract,"[np.str_('Global'), np.str_('US Gulf Coast')]",4,market_calibrated_advanced,0.85,True,False,200.0
2023-12-21 11:56:12,2023-12-21,inventory_report,Cushing storage levels approach operational minimum,high,3,0.629,30.6,Delivery point concerns for WTI contract,"[np.str_('US Gulf Coast'), np.str_('Global')]",1,market_calibrated_advanced,0.94,True,False,200.0
2023-12-22 05:56:56,2023-12-22,geopolitical_tension,Diplomatic tensions escalate between Iraq and European Union,critical,4,1.0,62.6,Risk premium increases on supply disruption fears,"[np.str_('Asia Pacific'), np.str_('Global'), np.str_('Middle East')]",31,market_calibrated_advanced,0.78,True,False,200.0
2023-12-22 10:42:05,2023-12-22,trade_flow_disruption,Tanker tracking shows lower flows to USA,high,3,1.0,150.4,Indicates trade pattern shifts,"[np.str_('Red Sea'), np.str_('South China Sea'), np.str_('Strait of Hormuz')]",5,market_calibrated_advanced,0.82,True,False,200.0
2023-12-22 18:09:03,2023-12-22,trade_flow_disruption,Tanker tracking shows unchanged flows to Iran,moderate,2,0.6174,99.3,Indicates trade pattern shifts,[np.str_('South China Sea')],15,market_calibrated_advanced,0.72,False,True,160.0
2023-12-23 05:05:42,2023-12-23,inventory_report,China crude inventories show lower trend,moderate,2,0.3157,48.4,Indicates demand trajectory in largest importer,"[np.str_('Global'), np.str_('US Gulf Coast')]",4,market_calibrated_advanced,0.99,True,True,160.0
2023-12-23 12:50:18,2023-12-23,inventory_report,Cushing storage levels approach operational minimum,high,3,0.617,54.2,Delivery point concerns for WTI contract,"[np.str_('US Gulf Coast'), np.str_('Global')]",1,market_calibrated_advanced,0.71,True,False,200.0
2023-12-23 19:49:02,2023-12-23,inventory_report,Cushing storage levels approach operational minimum,high,3,0.535,94.7,Delivery point concerns for WTI contract,"[np.str_('Global'), np.str_('US Gulf Coast')]",1,market_calibrated_advanced,0.88,True,False,200.0
2023-12-24 00:52:47,2023-12-24,geopolitical_tension,Strategic reserve release coordinated by {alliance},critical,4,0.959,168.9,Temporary supply increase to calm markets,"[np.str_('Middle East'), np.str_('Global')]",39,market_calibrated_advanced,0.7,True,False,200.0
2023-12-24 02:29:39,2023-12-24,sanctions,Secondary sanctions threatened for China oil traders,critical,4,0.7,257.1,Disrupts payment systems and shipping insurance,"[np.str_('Middle East'), np.str_('Global'), np.str_('Caspian Region')]",45,market_calibrated_advanced,0.75,True,True,160.0
2023-12-24 09:42:29,2023-12-24,sanctions,EU extends sanctions framework on European Union energy exports,critical,4,1.0,290.5,Reduces available supply to European markets,"[np.str_('Caspian Region'), np.str_('Middle East'), np.str_('Global')]",52,market_calibrated_advanced,0.72,True,False,200.0
2023-12-24 13:45:42,2023-12-24,geopolitical_tension,Strategic reserve release coordinated by {alliance},high,3,0.5509,132.1,Temporary supply increase to calm markets,[np.str_('Middle East')],37,market_calibrated_advanced,0.93,True,True,160.0
2023-12-24 15:13:06,2023-12-24,production_policy,Russia announces voluntary production cut extension,critical,4,1.0,188.3,Tightens supply outlook,"[np.str_('Middle East'), np.str_('Global')]",57,market_calibrated_advanced,0.8,True,False,200.0
2023-12-25 13:35:03,2023-12-25,sanctions,EU extends sanctions framework on Nigeria energy exports,high,3,0.7,102.7,Reduces available supply to European markets,"[np.str_('Global'), np.str_('Middle East'), np.str_('Caspian Region')]",37,market_calibrated_advanced,0.82,True,True,160.0
2023-12-25 17:42:51,2023-12-25,sanctions,Secondary sanctions threatened for European Union oil traders,extreme,5,1.0,199.2,Disrupts payment systems and shipping insurance,"[np.str_('Caspian Region'), np.str_('Middle East')]",53,market_calibrated_advanced,0.74,True,False,200.0
2023-12-26 16:26:30,2023-12-26,inventory_report,Floating storage levels higher off Strait of Hormuz,high,3,0.543,98.9,Signal of market contango/backwardation,[np.str_('Global')],1,market_calibrated_advanced,0.81,False,False,200.0
2023-12-27 01:04:48,2023-12-27,military_conflict,Naval incident near Strait of Hormuz shipping lane,extreme,5,0.7,580.0,Risk to major transit chokepoint,"[np.str_('Middle East'), np.str_('Strait of Hormuz')]",7,market_calibrated_advanced,0.71,True,True,160.0
2023-12-27 01:34:42,2023-12-27,production_policy,Non-OPEC production growth revised unchanged,high,3,1.0,191.7,Shifts market share expectations,"[np.str_('Middle East'), np.str_('Global')]",13,market_calibrated_advanced,0.75,True,False,200.0
2023-12-27 09:22:32,2023-12-27,military_conflict,Drone attack targets Russia oil infrastructure,extreme,5,1.0,207.3,"Immediate supply risk, insurance premiums spike","[np.str_('North Africa'), np.str_('Middle East'), np.str_('Strait of Hormuz')]",10,market_calibrated_advanced,0.94,False,False,200.0
2023-12-29 22:04:46,2023-12-29,geopolitical_tension,Energy security summit addresses West Africa supply concerns,high,3,1.0,130.4,Coordinated response to supply risks,"[np.str_('Asia Pacific'), np.str_('Global'), np.str_('Middle East')]",43,market_calibrated_advanced,0.93,False,False,200.0
2023-12-30 05:15:43,2023-12-30,infrastructure,Refinery outage reduces crude demand in Red Sea,high,3,0.991,40.8,Reduces crude intake temporarily,"[np.str_('North Sea'), np.str_('Middle East')]",1,market_calibrated_advanced,0.73,True,False,200.0
2023-12-30 11:45:30,2023-12-30,inventory_report,Cushing storage levels approach operational minimum,moderate,2,0.39899999999999997,54.9,Delivery point concerns for WTI contract,[np.str_('US Gulf Coast')],1,market_calibrated_advanced,0.95,True,True,160.0
2023-12-30 14:40:02,2023-12-30,infrastructure,New pipeline capacity comes online in Caspian Region,low,1,0.48229999999999995,20.0,Improves supply chain efficiency,"[np.str_('US Gulf Coast'), np.str_('North Sea'), np.str_('Middle East')]",10,market_calibrated_advanced,0.96,True,True,160.0
2023-12-30 22:37:21,2023-12-30,inventory_report,EIA reports unchanged crude inventory of 284M barrels,moderate,2,0.521,31.1,Weekly fundamental data point,"[np.str_('US Gulf Coast'), np.str_('Global')]",3,market_calibrated_advanced,0.7,True,False,200.0
2023-12-31 05:21:20,2023-12-31,geopolitical_tension,Trade negotiations impact Global energy imports,high,3,1.0,177.1,Trade policy uncertainty affects flows,[np.str_('Global')],34,market_calibrated_advanced,0.9,True,False,200.0
2023-12-31 17:54:16,2023-12-31,geopolitical_tension,Strategic reserve release coordinated by {alliance},high,3,0.6272,108.2,Temporary supply increase to calm markets,"[np.str_('Global'), np.str_('Middle East')]",34,market_calibrated_advanced,0.79,True,True,160.0
2024-01-01 08:43:50,2024-01-01,geopolitical_tension,Trade negotiations impact US Gulf Coast energy imports,high,3,0.924,113.9,Trade policy uncertainty affects flows,"[np.str_('Asia Pacific'), np.str_('Middle East'), np.str_('Global')]",42,market_calibrated_advanced,0.9,True,False,200.0
2024-01-01 13:56:03,2024-01-01,geopolitical_tension,Strategic reserve release coordinated by {alliance},high,3,0.6194999999999999,44.1,Temporary supply increase to calm markets,"[np.str_('Asia Pacific'), np.str_('Global'), np.str_('Middle East')]",30,market_calibrated_advanced,0.85,True,True,160.0
2024-01-01 22:20:11,2024-01-01,geopolitical_tension,Trade negotiations impact Latin America energy imports,high,3,1.0,66.1,Trade policy uncertainty affects flows,[np.str_('Global')],35,market_calibrated_advanced,0.73,True,False,200.0
2024-01-04 09:15:29,2024-01-04,sanctions,Sanctions waiver negotiations for European Union oil exports,high,3,0.7,284.0,Potential for supply increase if granted,"[np.str_('Caspian Region'), np.str_('Global'), np.str_('Middle East')]",42,market_calibrated_advanced,0.89,False,True,157.0
2024-01-04 16:46:56,2024-01-04,sanctions,EU extends sanctions framework on India energy exports,high,3,1.0,114.4,Reduces available supply to European markets,"[np.str_('Global'), np.str_('Caspian Region')]",68,market_calibrated_advanced,0.75,False,False,197.0
2024-01-05 06:52:10,2024-01-05,sanctions,EU extends sanctions framework on Russia energy exports,critical,4,1.0,208.5,Reduces available supply to European markets,"[np.str_('Caspian Region'), np.str_('Global')]",70,market_calibrated_advanced,0.91,True,False,200.0
2024-01-05 18:51:10,2024-01-05,inventory_report,Cushing storage levels approach operational minimum,high,3,0.576,63.7,Delivery point concerns for WTI contract,[np.str_('US Gulf Coast')],1,market_calibrated_advanced,0.98,True,False,200.0
2024-01-06 17:34:41,2024-01-06,production_policy,OPEC+ agrees to adjust production by 618 kb/d,critical,4,1.0,194.2,Direct impact on global supply-demand balance,"[np.str_('Global'), np.str_('Middle East')]",29,market_calibrated_advanced,0.77,True,False,200.0
2024-01-08 04:28:04,2024-01-08,geopolitical_tension,Energy security summit addresses Global supply concerns,moderate,2,0.923,148.5,Coordinated response to supply risks,[np.str_('Middle East')],43,market_calibrated_advanced,0.88,True,False,200.0
2024-01-08 06:18:07,2024-01-08,production_policy,European Union announces voluntary production cut extension,high,3,1.0,235.0,Tightens supply outlook,"[np.str_('Middle East'), np.str_('Global')]",44,market_calibrated_advanced,0.79,True,False,200.0
2024-01-08 17:10:04,2024-01-08,geopolitical_tension,Energy security summit addresses Asia Pacific supply concerns,moderate,2,0.961,153.5,Coordinated response to supply risks,[np.str_('Asia Pacific')],14,market_calibrated_advanced,0.92,True,False,200.0
2024-01-10 18:46:00,2024-01-10,inventory_report,EIA reports unchanged crude inventory of 1316M barrels,moderate,2,0.575,72.2,Weekly fundamental data point,[np.str_('Global')],1,market_calibrated_advanced,0.89,True,False,200.0
2024-01-11 00:35:16,2024-01-11,infrastructure,Port congestion delays 33 tankers at Basra,high,3,0.973,28.3,Logistical bottleneck affecting deliveries,[np.str_('Middle East')],10,market_calibrated_advanced,0.91,True,False,200.0
2024-01-11 09:52:37,2024-01-11,infrastructure,Refinery outage reduces crude demand in Strait of Hormuz,moderate,2,0.5684,18.8,Reduces crude intake temporarily,"[np.str_('Middle East'), np.str_('North Sea')]",6,market_calibrated_advanced,0.73,True,True,160.0
2024-01-11 12:15:47,2024-01-11,production_policy,Non-OPEC production growth revised lower,moderate,2,0.7,230.8,Shifts market share expectations,"[np.str_('Middle East'), np.str_('Global')]",23,market_calibrated_advanced,0.78,True,True,160.0
2024-01-11 18:56:19,2024-01-11,production_policy,Iraq announces voluntary production cut extension,critical,4,1.0,232.8,Tightens supply outlook,"[np.str_('Middle East'), np.str_('Global')]",34,market_calibrated_advanced,0.93,True,False,200.0
2024-01-13 00:55:18,2024-01-13,inventory_report,Floating storage levels unchanged off Global,moderate,2,0.3045,69.3,Signal of market contango/backwardation,"[np.str_('Global'), np.str_('US Gulf Coast')]",1,market_calibrated_advanced,0.97,True,True,158.0
2024-01-13 08:52:00,2024-01-13,inventory_report,China crude inventories show lower trend,moderate,2,0.575,39.8,Indicates demand trajectory in largest importer,"[np.str_('Global'), np.str_('US Gulf Coast')]",4,market_calibrated_advanced,0.86,True,False,198.0
2024-01-15 04:45:13,2024-01-15,infrastructure,Major pipeline maintenance reduces North Sea flows by 1403,low,1,0.91,129.4,Temporary but planned supply reduction,"[np.str_('Middle East'), np.str_('US Gulf Coast'), np.str_('North Sea')]",2,market_calibrated_advanced,0.98,True,False,196.0
2024-01-15 13:09:46,2024-01-15,inventory_report,EIA reports lower crude inventory of 293M barrels,low,1,0.654,68.8,Weekly fundamental data point,"[np.str_('US Gulf Coast'), np.str_('Global')]",1,market_calibrated_advanced,0.75,True,False,196.0
2024-01-16 01:31:43,2024-01-16,trade_flow_disruption,Tanker tracking shows lower flows to Saudi Arabia,high,3,1.0,75.0,Indicates trade pattern shifts,"[np.str_('Red Sea'), np.str_('Strait of Hormuz'), np.str_('South China Sea')]",13,market_calibrated_advanced,0.85,True,False,200.0
2024-01-16 01:53:28,2024-01-16,trade_flow_disruption,Shipping lane disruption near Suez Canal,critical,4,0.5607,212.4,"Forces rerouting, increases transit times",[np.str_('Strait of Hormuz')],8,market_calibrated_advanced,0.96,False,True,160.0
2024-01-16 04:39:19,2024-01-16,trade_flow_disruption,Tanker tracking shows lower flows to Iraq,high,3,1.0,191.2,Indicates trade pattern shifts,"[np.str_('South China Sea'), np.str_('Strait of Hormuz'), np.str_('Red Sea')]",15,market_calibrated_advanced,0.9,True,False,200.0
2024-01-16 09:37:17,2024-01-16,trade_flow_disruption,Insurance premiums surge for US Gulf Coast tanker transits,high,3,0.6642999999999999,106.6,"Increases shipping costs, may deter voyages",[np.str_('Red Sea')],15,market_calibrated_advanced,0.97,True,True,160.0
2024-01-16 11:44:51,2024-01-16,geopolitical_tension,Trade negotiations impact North Sea energy imports,high,3,0.954,156.6,Trade policy uncertainty affects flows,[np.str_('Middle East')],25,market_calibrated_advanced,0.75,True,False,200.0
2024-01-17 01:38:23,2024-01-17,geopolitical_tension,Diplomatic tensions escalate between Iraq and Libya,high,3,0.5306,126.6,Risk premium increases on supply disruption fears,"[np.str_('Middle East'), np.str_('Asia Pacific')]",43,market_calibrated_advanced,0.88,True,True,160.0
2024-01-17 16:58:53,2024-01-17,geopolitical_tension,Diplomatic tensions escalate between Iraq and Kuwait,critical,4,0.976,162.9,Risk premium increases on supply disruption fears,"[np.str_('Middle East'), np.str_('Global')]",26,market_calibrated_advanced,0.96,True,False,200.0
2024-01-18 13:39:05,2024-01-18,inventory_report,EIA reports lower crude inventory of 1281M barrels,moderate,2,0.657,89.3,Weekly fundamental data point,"[np.str_('Global'), np.str_('US Gulf Coast')]",3,market_calibrated_advanced,0.71,True,False,200.0
2024-01-20 06:46:34,2024-01-20,military_conflict,Missile attack on European Union port facility,extreme,5,0.7,669.4,Direct damage to export infrastructure,"[np.str_('Middle East'), np.str_('North Africa'), np.str_('Strait of Hormuz')]",4,market_calibrated_advanced,0.78,True,True,160.0
2024-01-20 16:40:53,2024-01-20,military_conflict,Naval incident near Bab el-Mandeb shipping lane,extreme,5,1.0,362.5,Risk to major transit chokepoint,"[np.str_('Strait of Hormuz'), np.str_('North Africa'), np.str_('Middle East')]",25,market_calibrated_advanced,0.87,True,False,200.0
2024-01-20 20:43:36,2024-01-20,inventory_report,China crude inventories show higher trend,moderate,2,0.615,29.6,Indicates demand trajectory in largest importer,"[np.str_('US Gulf Coast'), np.str_('Global')]",2,market_calibrated_advanced,0.79,True,False,200.0
2024-01-24 09:17:21,2024-01-24,production_policy,OPEC+ agrees to adjust production by 990 kb/d,high,3,1.0,192.3,Direct impact on global supply-demand balance,"[np.str_('Middle East'), np.str_('Global')]",42,market_calibrated_advanced,0.77,True,False,197.0
2024-01-25 04:09:26,2024-01-25,sanctions,US imposes new sanctions on China oil sector,critical,4,1.0,291.4,"Tightens global supply, redirects trade flows","[np.str_('Caspian Region'), np.str_('Global'), np.str_('Middle East')]",70,market_calibrated_advanced,0.89,True,False,200.0
2024-01-26 01:58:02,2024-01-26,inventory_report,Floating storage levels higher off West Africa,high,3,0.57,48.5,Signal of market contango/backwardation,[np.str_('US Gulf Coast')],1,market_calibrated_advanced,0.78,True,False,200.0
2024-01-27 04:32:20,2024-01-27,trade_flow_disruption,Tanker tracking shows higher flows to USA,high,3,1.0,232.2,Indicates trade pattern shifts,[np.str_('South China Sea')],10,market_calibrated_advanced,0.91,True,False,200.0
2024-01-27 19:26:01,2024-01-27,trade_flow_disruption,Port restrictions impact OPEC+ crude exports,high,3,0.5551,219.5,Physical supply bottleneck,[np.str_('Red Sea')],5,market_calibrated_advanced,0.87,True,True,160.0
2024-01-29 05:06:39,2024-01-29,geopolitical_tension,Trade negotiations impact West Africa energy imports,high,3,0.98,51.2,Trade policy uncertainty affects flows,"[np.str_('Asia Pacific'), np.str_('Global')]",28,market_calibrated_advanced,0.81,True,False,200.0
2024-01-31 02:33:37,2024-01-31,trade_flow_disruption,Tanker tracking shows unchanged flows to Venezuela,high,3,1.0,235.7,Indicates trade pattern shifts,[np.str_('Strait of Hormuz')],8,market_calibrated_advanced,0.76,True,False,200.0
2024-02-01 14:26:16,2024-02-01,production_policy,Non-OPEC production growth revised unchanged,high,3,1.0,188.1,Shifts market share expectations,[np.str_('Middle East')],24,market_calibrated_advanced,0.92,True,False,200.0
2024-02-02 00:02:20,2024-02-02,infrastructure,Major pipeline maintenance reduces US Gulf Coast flows by 1923,moderate,2,0.899,66.3,Temporary but planned supply reduction,"[np.str_('US Gulf Coast'), np.str_('Middle East'), np.str_('North Sea')]",12,market_calibrated_advanced,0.77,True,False,200.0
2024-02-02 11:34:50,2024-02-02,sanctions,EU extends sanctions framework on China energy exports,critical,4,1.0,280.5,Reduces available supply to European markets,[np.str_('Middle East')],72,market_calibrated_advanced,0.98,True,False,200.0
2024-02-03 06:55:34,2024-02-03,infrastructure,Major pipeline maintenance reduces Strait of Hormuz flows by 1249,moderate,2,0.924,65.3,Temporary but planned supply reduction,[np.str_('North Sea')],10,market_calibrated_advanced,0.75,True,False,200.0
2024-02-03 14:23:39,2024-02-03,infrastructure,Refinery outage reduces crude demand in Asia Pacific,moderate,2,0.5067999999999999,85.9,Reduces crude intake temporarily,"[np.str_('US Gulf Coast'), np.str_('Middle East'), np.str_('North Sea')]",13,market_calibrated_advanced,0.79,True,True,160.0
2024-02-04 01:50:35,2024-02-04,geopolitical_tension,Diplomatic tensions escalate between Nigeria and Kuwait,high,3,0.6118,118.4,Risk premium increases on supply disruption fears,"[np.str_('Global'), np.str_('Asia Pacific')]",18,market_calibrated_advanced,0.73,False,True,160.0
2024-02-04 05:54:43,2024-02-04,geopolitical_tension,Energy security summit addresses Middle East supply concerns,high,3,0.949,58.8,Coordinated response to supply risks,"[np.str_('Asia Pacific'), np.str_('Middle East'), np.str_('Global')]",20,market_calibrated_advanced,0.76,True,False,200.0
2024-02-04 08:02:09,2024-02-04,inventory_report,Cushing storage levels approach operational minimum,high,3,0.536,82.6,Delivery point concerns for WTI contract,[np.str_('US Gulf Coast')],1,market_calibrated_advanced,0.95,True,False,200.0
2024-02-06 15:21:40,2024-02-06,inventory_report,Cushing storage levels approach operational minimum,high,3,0.502,69.4,Delivery point concerns for WTI contract,"[np.str_('US Gulf Coast'), np.str_('Global')]",1,market_calibrated_advanced,0.82,True,False,200.0
2024-02-07 11:12:13,2024-02-07,geopolitical_tension,Diplomatic tensions escalate between Iraq and USA,critical,4,1.0,233.7,Risk premium increases on supply disruption fears,"[np.str_('Asia Pacific'), np.str_('Global'), np.str_('Middle East')]",16,market_calibrated_advanced,0.9,True,False,200.0
2024-02-08 03:32:44,2024-02-08,geopolitical_tension,Diplomatic tensions escalate between India and USA,critical,4,0.938,164.9,Risk premium increases on supply disruption fears,[np.str_('Asia Pacific')],20,market_calibrated_advanced,0.95,False,False,200.0
2024-02-10 08:28:30,2024-02-10,geopolitical_tension,Trade negotiations impact Middle East energy imports,moderate,2,0.5621,86.1,Trade policy uncertainty affects flows,"[np.str_('Middle East'), np.str_('Global')]",31,market_calibrated_advanced,0.93,True,True,158.0
2024-02-10 09:21:05,2024-02-10,geopolitical_tension,Diplomatic tensions escalate between China and Russia,high,3,1.0,67.8,Risk premium increases on supply disruption fears,"[np.str_('Middle East'), np.str_('Asia Pacific')]",41,market_calibrated_advanced,0.87,True,False,198.0
2024-02-10 12:38:39,2024-02-10,geopolitical_tension,Diplomatic tensions escalate between Kuwait and Nigeria,high,3,0.985,84.1,Risk premium increases on supply disruption fears,[np.str_('Asia Pacific')],25,market_calibrated_advanced,0.81,True,False,198.0
2024-02-10 13:57:50,2024-02-10,sanctions,OFAC issues new compliance guidance for oil transactions,moderate,2,1.0,195.5,Increases compliance costs and due diligence,[np.str_('Caspian Region')],41,market_calibrated_advanced,0.75,True,False,198.0
2024-02-10 15:56:33,2024-02-10,geopolitical_tension,Diplomatic tensions escalate between USA and Venezuela,high,3,0.5529999999999999,159.9,Risk premium increases on supply disruption fears,[np.str_('Asia Pacific')],24,market_calibrated_advanced,0.81,True,True,158.0
2024-02-10 18:18:01,2024-02-10,production_policy,UAE output disrupted by weather at Ghawar,high,3,0.7,110.2,Temporary supply reduction,"[np.str_('Middle East'), np.str_('Global')]",48,market_calibrated_advanced,0.98,True,True,158.0
2024-02-10 21:02:16,2024-02-10,geopolitical_tension,Strategic reserve release coordinated by {alliance},high,3,0.963,171.6,Temporary supply increase to calm markets,"[np.str_('Global'), np.str_('Middle East'), np.str_('Asia Pacific')]",33,market_calibrated_advanced,0.84,True,False,198.0
2024-02-10 21:38:33,2024-02-10,production_policy,UAE output disrupted by technical issues at Ghawar,high,3,1.0,211.5,Temporary supply reduction,"[np.str_('Middle East'), np.str_('Global')]",17,market_calibrated_advanced,0.85,False,False,198.0
2024-02-11 19:45:24,2024-02-11,inventory_report,China crude inventories show lower trend,high,3,0.525,92.7,Indicates demand trajectory in largest importer,"[np.str_('Global'), np.str_('US Gulf Coast')]",2,market_calibrated_advanced,0.91,True,False,200.0
2024-02-12 02:31:01,2024-02-12,inventory_report,China crude inventories show lower trend,high,3,0.615,33.6,Indicates demand trajectory in largest importer,[np.str_('Global')],4,market_calibrated_advanced,0.95,True,False,200.0
2024-02-12 03:05:04,2024-02-12,production_policy,Non-OPEC production growth revised lower,high,3,1.0,64.4,Shifts market share expectations,[np.str_('Global')],30,market_calibrated_advanced,0.89,True,False,200.0
2024-02-12 06:35:04,2024-02-12,infrastructure,Refinery outage reduces crude demand in US Gulf Coast,high,3,0.898,129.5,Reduces crude intake temporarily,"[np.str_('North Sea'), np.str_('Middle East'), np.str_('US Gulf Coast')]",12,market_calibrated_advanced,0.88,True,False,200.0
2024-02-13 12:17:21,2024-02-13,infrastructure,Refinery outage reduces crude demand in Middle East,moderate,2,0.45289999999999997,58.1,Reduces crude intake temporarily,[np.str_('North Sea')],8,market_calibrated_advanced,0.84,True,True,160.0
2024-02-13 14:49:44,2024-02-13,infrastructure,Port congestion delays 12 tankers at Novorossiysk,high,3,0.966,116.9,Logistical bottleneck affecting deliveries,[np.str_('North Sea')],10,market_calibrated_advanced,0.97,True,False,200.0
2024-02-14 00:13:11,2024-02-14,inventory_report,Floating storage levels higher off Asia Pacific,high,3,0.602,68.5,Signal of market contango/backwardation,"[np.str_('Global'), np.str_('US Gulf Coast')]",4,market_calibrated_advanced,0.83,True,False,200.0
2024-02-14 14:38:07,2024-02-14,production_policy,Non-OPEC production growth revised higher,high,3,1.0,247.4,Shifts market share expectations,"[np.str_('Middle East'), np.str_('Global')]",48,market_calibrated_advanced,0.87,True,False,200.0
2024-02-15 04:38:54,2024-02-15,trade_flow_disruption,Shipping lane disruption near Malacca Strait,extreme,5,1.0,216.0,"Forces rerouting, increases transit times","[np.str_('Strait of Hormuz'), np.str_('South China Sea')]",6,market_calibrated_advanced,0.76,True,False,200.0
2024-02-16 03:01:18,2024-02-16,military_conflict,Naval incident near Strait of Hormuz shipping lane,extreme,5,1.0,390.1,Risk to major transit chokepoint,[np.str_('North Africa')],25,market_calibrated_advanced,0.77,True,False,200.0
2024-02-16 05:04:37,2024-02-16,sanctions,EU extends sanctions framework on UAE energy exports,critical,4,1.0,322.2,Reduces available supply to European markets,"[np.str_('Caspian Region'), np.str_('Middle East')]",15,market_calibrated_advanced,0.79,True,False,200.0
2024-02-17 06:38:45,2024-02-17,inventory_report,EIA reports higher crude inventory of 1854M barrels,moderate,2,0.676,83.5,Weekly fundamental data point,"[np.str_('Global'), np.str_('US Gulf Coast')]",4,market_calibrated_advanced,0.95,True,False,200.0
2024-02-17 08:17:02,2024-02-17,infrastructure,Port congestion delays 11 tankers at Novorossiysk,high,3,0.936,74.0,Logistical bottleneck affecting deliveries,"[np.str_('North Sea'), np.str_('US Gulf Coast'), np.str_('Middle East')]",3,market_calibrated_advanced,0.84,True,False,200.0
2024-02-18 01:45:43,2024-02-18,inventory_report,Floating storage levels unchanged off Asia Pacific,high,3,0.537,62.2,Signal of market contango/backwardation,"[np.str_('Global'), np.str_('US Gulf Coast')]",4,market_calibrated_advanced,0.84,True,False,200.0
2024-02-19 09:40:19,2024-02-19,geopolitical_tension,Trade negotiations impact North Sea energy imports,high,3,1.0,165.5,Trade policy uncertainty affects flows,"[np.str_('Middle East'), np.str_('Global'), np.str_('Asia Pacific')]",10,market_calibrated_advanced,0.97,True,False,200.0
2024-02-19 11:47:24,2024-02-19,geopolitical_tension,Trade negotiations impact Global energy imports,high,3,1.0,81.9,Trade policy uncertainty affects flows,[np.str_('Global')],7,market_calibrated_advanced,0.93,True,False,200.0
2024-02-21 11:50:36,2024-02-21,geopolitical_tension,Strategic reserve release coordinated by {alliance},high,3,0.899,83.4,Temporary supply increase to calm markets,[np.str_('Middle East')],36,market_calibrated_advanced,0.82,False,False,199.0
2024-02-21 13:18:23,2024-02-21,inventory_report,Cushing storage levels approach operational minimum,moderate,2,0.3605,50.8,Delivery point concerns for WTI contract,[np.str_('US Gulf Coast')],4,market_calibrated_advanced,0.73,True,True,159.0
2024-02-21 19:36:44,2024-02-21,inventory_report,Floating storage levels lower off US Gulf Coast,moderate,2,0.51,90.0,Signal of market contango/backwardation,[np.str_('US Gulf Coast')],2,market_calibrated_advanced,0.96,False,False,199.0
2024-02-23 00:35:19,2024-02-23,inventory_report,China crude inventories show lower trend,moderate,2,0.658,33.4,Indicates demand trajectory in largest importer,"[np.str_('Global'), np.str_('US Gulf Coast')]",4,market_calibrated_advanced,0.95,True,False,200.0
2024-02-23 13:04:08,2024-02-23,inventory_report,EIA reports higher crude inventory of 875M barrels,low,1,0.308,73.9,Weekly fundamental data point,"[np.str_('Global'), np.str_('US Gulf Coast')]",2,market_calibrated_advanced,0.98,True,True,160.0
2024-02-23 19:16:35,2024-02-23,inventory_report,EIA reports unchanged crude inventory of 676M barrels,low,1,0.511,34.3,Weekly fundamental data point,[np.str_('US Gulf Coast')],3,market_calibrated_advanced,0.84,True,False,200.0
2024-02-23 19:25:14,2024-02-23,inventory_report,Floating storage levels lower off US Gulf Coast,moderate,2,0.3255,63.8,Signal of market contango/backwardation,[np.str_('Global')],1,market_calibrated_advanced,0.84,True,True,160.0
2024-02-24 08:55:39,2024-02-24,sanctions,Secondary sanctions threatened for Iraq oil traders,extreme,5,1.0,160.5,Disrupts payment systems and shipping insurance,[np.str_('Caspian Region')],23,market_calibrated_advanced,0.94,True,False,200.0
2024-03-03 10:56:51,2024-03-03,trade_flow_disruption,Port restrictions impact Russia crude exports,high,3,0.996,211.1,Physical supply bottleneck,[np.str_('Strait of Hormuz')],3,market_calibrated_advanced,0.99,True,False,197.0
2024-03-10 10:51:32,2024-03-10,trade_flow_disruption,Shipping lane disruption near Suez Canal,critical,4,1.0,247.8,"Forces rerouting, increases transit times",[np.str_('Red Sea')],16,market_calibrated_advanced,0.87,True,False,196.0
2024-03-11 01:44:28,2024-03-11,inventory_report,Floating storage levels lower off West Africa,high,3,0.696,35.3,Signal of market contango/backwardation,"[np.str_('US Gulf Coast'), np.str_('Global')]",2,market_calibrated_advanced,0.77,True,False,200.0
2024-03-11 09:30:15,2024-03-11,infrastructure,Major pipeline maintenance reduces Strait of Hormuz flows by 1988,moderate,2,0.999,101.8,Temporary but planned supply reduction,"[np.str_('US Gulf Coast'), np.str_('Middle East')]",10,market_calibrated_advanced,0.91,True,False,200.0
2024-03-12 05:24:37,2024-03-12,inventory_report,EIA reports lower crude inventory of 1015M barrels,moderate,2,0.554,71.0,Weekly fundamental data point,"[np.str_('Global'), np.str_('US Gulf Coast')]",3,market_calibrated_advanced,0.9,True,False,200.0
2024-03-16 21:08:17,2024-03-16,infrastructure,Major pipeline maintenance reduces Middle East flows by 1802,low,1,0.811,128.7,Temporary but planned supply reduction,"[np.str_('US Gulf Coast'), np.str_('Middle East'), np.str_('North Sea')]",1,market_calibrated_advanced,0.99,True,False,199.0
2024-03-22 16:05:26,2024-03-22,inventory_report,Cushing storage levels approach operational minimum,moderate,2,0.502,95.2,Delivery point concerns for WTI contract,[np.str_('US Gulf Coast')],1,market_calibrated_advanced,0.87,True,False,196.0
2024-03-24 06:58:58,2024-03-24,production_policy,Iraq announces voluntary production cut extension,high,3,1.0,218.5,Tightens supply outlook,"[np.str_('Global'), np.str_('Middle East')]",53,market_calibrated_advanced,0.78,False,False,198.0
2024-03-24 19:34:39,2024-03-24,infrastructure,Major pipeline maintenance reduces Caspian Region flows by 1111,low,1,0.796,39.8,Temporary but planned supply reduction,"[np.str_('North Sea'), np.str_('US Gulf Coast')]",8,market_calibrated_advanced,0.72,False,False,198.0
2024-03-26 02:06:41,2024-03-26,inventory_report,Floating storage levels higher off West Africa,moderate,2,0.641,93.9,Signal of market contango/backwardation,[np.str_('US Gulf Coast')],3,market_calibrated_advanced,1.0,True,False,199.0
2024-03-29 07:05:08,2024-03-29,geopolitical_tension,Strategic reserve release coordinated by {alliance},high,3,1.0,45.8,Temporary supply increase to calm markets,"[np.str_('Global'), np.str_('Asia Pacific')]",19,market_calibrated_advanced,0.75,True,False,198.0
2024-04-01 01:03:33,2024-04-01,military_conflict,Military escalation near Caspian Region oil facilities,critical,4,1.0,263.7,Threatens regional production and transit,"[np.str_('Strait of Hormuz'), np.str_('North Africa'), np.str_('Middle East')]",8,market_calibrated_advanced,0.9,True,False,197.0
2024-04-01 11:33:29,2024-04-01,inventory_report,EIA reports higher crude inventory of 1082M barrels,low,1,0.521,53.0,Weekly fundamental data point,"[np.str_('US Gulf Coast'), np.str_('Global')]",4,market_calibrated_advanced,0.99,True,False,197.0
2024-04-03 00:04:09,2024-04-03,production_policy,OPEC+ agrees to adjust production by 1380 kb/d,high,3,1.0,102.1,Direct impact on global supply-demand balance,[np.str_('Middle East')],15,market_calibrated_advanced,0.78,True,False,196.0
2024-04-03 08:45:39,2024-04-03,infrastructure,Refinery outage reduces crude demand in Asia Pacific,moderate,2,0.846,156.7,Reduces crude intake temporarily,[np.str_('US Gulf Coast')],6,market_calibrated_advanced,0.72,True,False,196.0
2024-04-04 01:56:32,2024-04-04,inventory_report,Cushing storage levels approach operational minimum,high,3,0.629,78.3,Delivery point concerns for WTI contract,[np.str_('US Gulf Coast')],1,market_calibrated_advanced,0.89,True,False,200.0
2024-04-05 17:02:53,2024-04-05,inventory_report,EIA reports unchanged crude inventory of 729M barrels,moderate,2,0.558,98.9,Weekly fundamental data point,[np.str_('Global')],2,market_calibrated_advanced,0.78,False,False,200.0
2024-04-06 00:46:46,2024-04-06,infrastructure,Refinery outage reduces crude demand in Caspian Region,moderate,2,0.4627,47.7,Reduces crude intake temporarily,"[np.str_('Middle East'), np.str_('US Gulf Coast'), np.str_('North Sea')]",2,market_calibrated_advanced,0.75,True,True,160.0
2024-04-06 03:29:57,2024-04-06,trade_flow_disruption,Insurance premiums surge for Red Sea tanker transits,critical,4,1.0,299.7,"Increases shipping costs, may deter voyages","[np.str_('South China Sea'), np.str_('Red Sea')]",8,market_calibrated_advanced,0.8,True,False,200.0
2024-04-06 03:39:53,2024-04-06,trade_flow_disruption,Insurance premiums surge for Global tanker transits,high,3,0.6454,212.0,"Increases shipping costs, may deter voyages",[np.str_('Strait of Hormuz')],16,market_calibrated_advanced,0.85,True,True,160.0
2024-04-06 07:25:12,2024-04-06,infrastructure,Major pipeline maintenance reduces Latin America flows by 1554,moderate,2,0.916,72.8,Temporary but planned supply reduction,"[np.str_('US Gulf Coast'), np.str_('North Sea')]",1,market_calibrated_advanced,0.92,False,False,200.0
2024-04-06 18:25:29,2024-04-06,inventory_report,China crude inventories show higher trend,high,3,0.57,37.1,Indicates demand trajectory in largest importer,"[np.str_('US Gulf Coast'), np.str_('Global')]",4,market_calibrated_advanced,0.88,True,False,200.0
2024-04-07 05:20:30,2024-04-07,inventory_report,China crude inventories show lower trend,high,3,0.66,98.6,Indicates demand trajectory in largest importer,"[np.str_('Global'), np.str_('US Gulf Coast')]",3,market_calibrated_advanced,0.89,True,False,200.0
2024-04-07 12:18:23,2024-04-07,geopolitical_tension,Energy security summit addresses Red Sea supply concerns,high,3,0.954,200.7,Coordinated response to supply risks,"[np.str_('Global'), np.str_('Asia Pacific')]",39,market_calibrated_advanced,0.96,True,False,200.0
2024-04-07 15:27:02,2024-04-07,inventory_report,Floating storage levels lower off Latin America,high,3,0.581,91.6,Signal of market contango/backwardation,[np.str_('Global')],2,market_calibrated_advanced,0.81,True,False,200.0
2024-04-08 11:13:29,2024-04-08,sanctions,US imposes new sanctions on China oil sector,high,3,0.7,225.5,"Tightens global supply, redirects trade flows","[np.str_('Global'), np.str_('Caspian Region'), np.str_('Middle East')]",54,market_calibrated_advanced,0.73,True,True,160.0
2024-04-08 12:25:41,2024-04-08,sanctions,EU extends sanctions framework on Iran energy exports,critical,4,1.0,399.6,Reduces available supply to European markets,[np.str_('Global')],39,market_calibrated_advanced,0.84,True,False,200.0
2024-04-08 14:51:12,2024-04-08,sanctions,Sanctions waiver negotiations for Saudi Arabia oil exports,critical,4,1.0,215.2,Potential for supply increase if granted,[np.str_('Middle East')],80,market_calibrated_advanced,0.72,True,False,200.0
2024-04-08 18:06:06,2024-04-08,sanctions,OFAC issues new compliance guidance for oil transactions,moderate,2,0.7,214.4,Increases compliance costs and due diligence,"[np.str_('Global'), np.str_('Middle East'), np.str_('Caspian Region')]",47,market_calibrated_advanced,0.84,True,True,160.0
2024-04-09 03:03:16,2024-04-09,trade_flow_disruption,Insurance premiums surge for US Gulf Coast tanker transits,critical,4,1.0,285.8,"Increases shipping costs, may deter voyages","[np.str_('Strait of Hormuz'), np.str_('Red Sea')]",18,market_calibrated_advanced,0.84,True,False,200.0
2024-04-09 08:26:11,2024-04-09,sanctions,Secondary sanctions threatened for Iran oil traders,extreme,5,1.0,247.1,Disrupts payment systems and shipping insurance,[np.str_('Middle East')],22,market_calibrated_advanced,0.73,True,False,200.0
2024-04-09 16:20:19,2024-04-09,trade_flow_disruption,Shipping lane disruption near Malacca Strait,critical,4,0.616,68.9,"Forces rerouting, increases transit times",[np.str_('Strait of Hormuz')],17,market_calibrated_advanced,0.74,True,True,160.0
2024-04-10 22:31:43,2024-04-10,trade_flow_disruption,Port restrictions impact Venezuela crude exports,critical,4,1.0,130.1,Physical supply bottleneck,[np.str_('Red Sea')],6,market_calibrated_advanced,0.98,True,False,200.0
2024-04-11 00:58:19,2024-04-11,geopolitical_tension,Energy security summit addresses North Sea supply concerns,moderate,2,0.4920999999999999,175.8,Coordinated response to supply risks,"[np.str_('Asia Pacific'), np.str_('Middle East'), np.str_('Global')]",15,market_calibrated_advanced,0.79,True,True,160.0
2024-04-11 13:26:29,2024-04-11,geopolitical_tension,Diplomatic tensions escalate between Kuwait and Venezuela,critical,4,0.955,221.7,Risk premium increases on supply disruption fears,[np.str_('Asia Pacific')],41,market_calibrated_advanced,0.83,True,False,200.0
2024-04-11 18:22:40,2024-04-11,inventory_report,Cushing storage levels approach operational minimum,high,3,0.616,59.6,Delivery point concerns for WTI contract,"[np.str_('US Gulf Coast'), np.str_('Global')]",4,market_calibrated_advanced,0.75,True,False,200.0
2024-04-12 13:36:39,2024-04-12,infrastructure,Port congestion delays 9 tankers at Novorossiysk,moderate,2,0.4501,66.7,Logistical bottleneck affecting deliveries,"[np.str_('US Gulf Coast'), np.str_('Middle East'), np.str_('North Sea')]",1,market_calibrated_advanced,0.7,True,True,160.0
2024-04-12 21:23:38,2024-04-12,infrastructure,Port congestion delays 38 tankers at Rotterdam,high,3,0.947,75.0,Logistical bottleneck affecting deliveries,"[np.str_('Middle East'), np.str_('North Sea'), np.str_('US Gulf Coast')]",5,market_calibrated_advanced,0.9,True,False,200.0
2024-04-13 01:28:55,2024-04-13,trade_flow_disruption,Shipping lane disruption near Strait of Hormuz,extreme,5,1.0,107.8,"Forces rerouting, increases transit times","[np.str_('South China Sea'), np.str_('Strait of Hormuz')]",11,market_calibrated_advanced,0.89,True,False,200.0
2024-04-13 14:26:35,2024-04-13,geopolitical_tension,Strategic reserve release coordinated by {alliance},critical,4,1.0,141.7,Temporary supply increase to calm markets,"[np.str_('Asia Pacific'), np.str_('Middle East')]",8,market_calibrated_advanced,0.89,True,False,200.0
2024-04-13 21:19:17,2024-04-13,inventory_report,Floating storage levels lower off South China Sea,high,3,0.688,88.8,Signal of market contango/backwardation,"[np.str_('US Gulf Coast'), np.str_('Global')]",3,market_calibrated_advanced,0.96,True,False,200.0
2024-04-18 04:23:03,2024-04-18,inventory_report,Cushing storage levels approach operational minimum,high,3,0.663,44.0,Delivery point concerns for WTI contract,"[np.str_('US Gulf Coast'), np.str_('Global')]",4,market_calibrated_advanced,0.92,True,False,200.0
2024-04-22 00:06:40,2024-04-22,geopolitical_tension,Trade negotiations impact West Africa energy imports,moderate,2,0.937,107.9,Trade policy uncertainty affects flows,"[np.str_('Middle East'), np.str_('Asia Pacific'), np.str_('Global')]",39,market_calibrated_advanced,0.71,True,False,199.0
2024-04-22 10:40:10,2024-04-22,infrastructure,Port congestion delays 35 tankers at Novorossiysk,moderate,2,0.941,31.8,Logistical bottleneck affecting deliveries,[np.str_('North Sea')],1,market_calibrated_advanced,0.81,True,False,199.0
2024-04-23 01:12:13,2024-04-23,trade_flow_disruption,Port restrictions impact Iran crude exports,critical,4,1.0,80.6,Physical supply bottleneck,"[np.str_('Strait of Hormuz'), np.str_('South China Sea'), np.str_('Red Sea')]",19,market_calibrated_advanced,0.94,True,False,200.0
2024-04-23 11:20:14,2024-04-23,sanctions,US imposes new sanctions on China oil sector,critical,4,1.0,103.5,"Tightens global supply, redirects trade flows",[np.str_('Middle East')],38,market_calibrated_advanced,0.94,True,False,200.0
2024-04-24 12:09:13,2024-04-24,military_conflict,Missile attack on Libya port facility,extreme,5,1.0,282.6,Direct damage to export infrastructure,"[np.str_('Strait of Hormuz'), np.str_('North Africa'), np.str_('Middle East')]",11,market_calibrated_advanced,0.75,True,False,200.0
2024-04-25 14:45:12,2024-04-25,military_conflict,Naval incident near Strait of Hormuz shipping lane,extreme,5,1.0,829.6,Risk to major transit chokepoint,"[np.str_('North Africa'), np.str_('Strait of Hormuz')]",4,market_calibrated_advanced,0.73,True,False,200.0
2024-04-26 09:37:43,2024-04-26,inventory_report,Floating storage levels unchanged off Middle East,high,3,0.518,59.3,Signal of market contango/backwardation,[np.str_('US Gulf Coast')],1,market_calibrated_advanced,0.7,True,False,200.0
2024-04-26 11:04:42,2024-04-26,trade_flow_disruption,Tanker tracking shows unchanged flows to Saudi Arabia,high,3,1.0,300.0,Indicates trade pattern shifts,"[np.str_('Red Sea'), np.str_('Strait of Hormuz'), np.str_('South China Sea')]",19,market_calibrated_advanced,0.99,True,False,200.0
2024-04-26 12:25:53,2024-04-26,inventory_report,Cushing storage levels approach operational minimum,moderate,2,0.2779,62.5,Delivery point concerns for WTI contract,"[np.str_('US Gulf Coast'), np.str_('Global')]",3,market_calibrated_advanced,0.86,True,True,160.0
2024-04-26 19:48:39,2024-04-26,inventory_report,EIA reports lower crude inventory of 1830M barrels,moderate,2,0.61,61.3,Weekly fundamental data point,"[np.str_('US Gulf Coast'), np.str_('Global')]",3,market_calibrated_advanced,0.89,True,False,200.0
2024-04-27 19:08:11,2024-04-27,inventory_report,Floating storage levels higher off North Africa,high,3,0.696,99.4,Signal of market contango/backwardation,[np.str_('Global')],2,market_calibrated_advanced,0.89,True,False,200.0
2024-04-28 02:44:40,2024-04-28,infrastructure,Refinery outage reduces crude demand in Strait of Hormuz,moderate,2,0.5599999999999999,127.1,Reduces crude intake temporarily,[np.str_('Middle East')],13,market_calibrated_advanced,0.91,True,True,160.0
2024-04-28 09:15:22,2024-04-28,sanctions,Secondary sanctions threatened for Russia oil traders,extreme,5,1.0,208.8,Disrupts payment systems and shipping insurance,[np.str_('Middle East')],61,market_calibrated_advanced,0.85,True,False,200.0
2024-04-28 13:46:18,2024-04-28,infrastructure,Refinery outage reduces crude demand in Middle East,moderate,2,0.4802,105.8,Reduces crude intake temporarily,"[np.str_('US Gulf Coast'), np.str_('Middle East')]",5,market_calibrated_advanced,0.76,True,True,160.0
2024-04-28 15:37:47,2024-04-28,infrastructure,New pipeline capacity comes online in Strait of Hormuz,moderate,2,0.805,68.8,Improves supply chain efficiency,"[np.str_('North Sea'), np.str_('Middle East')]",4,market_calibrated_advanced,0.9,True,False,200.0
2024-04-28 15:50:54,2024-04-28,production_policy,Kuwait output disrupted by pipeline rupture at Khurais,critical,4,1.0,150.9,Temporary supply reduction,[np.str_('Global')],43,market_calibrated_advanced,0.72,True,False,200.0
2024-04-28 20:53:06,2024-04-28,infrastructure,Refinery outage reduces crude demand in Caspian Region,high,3,0.903,40.3,Reduces crude intake temporarily,[np.str_('US Gulf Coast')],11,market_calibrated_advanced,0.91,False,False,200.0
2024-04-29 14:12:41,2024-04-29,trade_flow_disruption,Port restrictions impact Venezuela crude exports,critical,4,1.0,237.1,Physical supply bottleneck,[np.str_('Strait of Hormuz')],12,market_calibrated_advanced,0.88,True,False,200.0
2024-04-30 21:20:26,2024-04-30,inventory_report,EIA reports higher crude inventory of 1531M barrels,moderate,2,0.631,80.6,Weekly fundamental data point,"[np.str_('Global'), np.str_('US Gulf Coast')]",1,market_calibrated_advanced,0.75,True,False,200.0
2024-05-01 00:09:57,2024-05-01,infrastructure,Refinery outage reduces crude demand in Red Sea,high,3,0.85,113.0,Reduces crude intake temporarily,[np.str_('US Gulf Coast')],12,market_calibrated_advanced,0.97,True,False,200.0
2024-05-01 06:02:27,2024-05-01,geopolitical_tension,Strategic reserve release coordinated by {alliance},critical,4,0.914,137.4,Temporary supply increase to calm markets,"[np.str_('Asia Pacific'), np.str_('Global'), np.str_('Middle East')]",29,market_calibrated_advanced,0.99,True,False,200.0
2024-05-01 22:29:48,2024-05-01,inventory_report,China crude inventories show higher trend,moderate,2,0.35209999999999997,34.8,Indicates demand trajectory in largest importer,[np.str_('Global')],2,market_calibrated_advanced,0.94,True,True,160.0
2024-05-01 22:56:02,2024-05-01,inventory_report,Floating storage levels higher off North Sea,high,3,0.67,28.5,Signal of market contango/backwardation,"[np.str_('US Gulf Coast'), np.str_('Global')]",3,market_calibrated_advanced,0.93,True,False,200.0
2024-05-02 09:30:10,2024-05-02,inventory_report,EIA reports lower crude inventory of 777M barrels,moderate,2,0.54,98.1,Weekly fundamental data point,"[np.str_('Global'), np.str_('US Gulf Coast')]",3,market_calibrated_advanced,0.93,True,False,200.0
2024-05-02 17:43:47,2024-05-02,inventory_report,Cushing storage levels approach operational minimum,moderate,2,0.2961,44.6,Delivery point concerns for WTI contract,"[np.str_('Global'), np.str_('US Gulf Coast')]",3,market_calibrated_advanced,0.87,True,True,160.0
2024-05-02 19:37:05,2024-05-02,inventory_report,China crude inventories show lower trend,moderate,2,0.39130000000000004,56.8,Indicates demand trajectory in largest importer,[np.str_('Global')],4,market_calibrated_advanced,0.81,True,True,160.0
2024-05-02 22:44:20,2024-05-02,inventory_report,Cushing storage levels approach operational minimum,high,3,0.515,77.4,Delivery point concerns for WTI contract,[np.str_('Global')],4,market_calibrated_advanced,0.74,True,False,200.0
2024-05-03 02:19:50,2024-05-03,infrastructure,Port congestion delays 45 tankers at Ras Tanura,high,3,0.841,123.7,Logistical bottleneck affecting deliveries,"[np.str_('North Sea'), np.str_('US Gulf Coast'), np.str_('Middle East')]",7,market_calibrated_advanced,0.79,True,False,200.0
2024-05-04 10:21:46,2024-05-04,production_policy,Libya announces voluntary production cut extension,critical,4,1.0,60.6,Tightens supply outlook,[np.str_('Global')],36,market_calibrated_advanced,0.83,True,False,200.0
2024-05-04 17:51:33,2024-05-04,production_policy,Kuwait announces voluntary production cut extension,high,3,0.7,189.1,Tightens supply outlook,"[np.str_('Global'), np.str_('Middle East')]",8,market_calibrated_advanced,0.83,True,True,160.0
2024-05-04 20:06:11,2024-05-04,inventory_report,Cushing storage levels approach operational minimum,high,3,0.641,59.0,Delivery point concerns for WTI contract,[np.str_('US Gulf Coast')],3,market_calibrated_advanced,0.85,True,False,200.0
2024-05-05 10:00:54,2024-05-05,inventory_report,China crude inventories show lower trend,high,3,0.542,61.6,Indicates demand trajectory in largest importer,"[np.str_('US Gulf Coast'), np.str_('Global')]",4,market_calibrated_advanced,0.82,True,False,200.0
2024-05-07 00:55:20,2024-05-07,trade_flow_disruption,Tanker tracking shows unchanged flows to India,moderate,2,0.616,217.9,Indicates trade pattern shifts,"[np.str_('South China Sea'), np.str_('Red Sea')]",4,market_calibrated_advanced,0.71,True,True,160.0
2024-05-07 13:36:49,2024-05-07,infrastructure,Refinery outage reduces crude demand in Latin America,high,3,0.954,94.8,Reduces crude intake temporarily,"[np.str_('US Gulf Coast'), np.str_('North Sea')]",12,market_calibrated_advanced,0.91,True,False,200.0
2024-05-07 14:33:03,2024-05-07,trade_flow_disruption,Port restrictions impact Libya crude exports,critical,4,1.0,172.7,Physical supply bottleneck,"[np.str_('South China Sea'), np.str_('Strait of Hormuz'), np.str_('Red Sea')]",11,market_calibrated_advanced,0.77,True,False,200.0
2024-05-07 18:16:37,2024-05-07,sanctions,Sanctions waiver negotiations for OPEC+ oil exports,critical,4,1.0,392.4,Potential for supply increase if granted,"[np.str_('Caspian Region'), np.str_('Global')]",79,market_calibrated_advanced,0.81,True,False,200.0
2024-05-08 05:35:55,2024-05-08,production_policy,Saudi Arabia output disrupted by weather at Khurais,critical,4,1.0,284.0,Temporary supply reduction,"[np.str_('Global'), np.str_('Middle East')]",7,market_calibrated_advanced,0.87,True,False,200.0
2024-05-08 17:48:00,2024-05-08,geopolitical_tension,Energy security summit addresses Caspian Region supply concerns,high,3,1.0,118.9,Coordinated response to supply risks,"[np.str_('Asia Pacific'), np.str_('Middle East'), np.str_('Global')]",32,market_calibrated_advanced,0.94,True,False,200.0
2024-05-09 19:25:41,2024-05-09,military_conflict,Naval incident near Bab el-Mandeb shipping lane,extreme,5,0.7,264.3,Risk to major transit chokepoint,"[np.str_('Middle East'), np.str_('North Africa')]",27,market_calibrated_advanced,0.75,True,True,160.0
2024-05-09 22:02:55,2024-05-09,military_conflict,Missile attack on Russia port facility,extreme,5,1.0,735.7,Direct damage to export infrastructure,"[np.str_('North Africa'), np.str_('Strait of Hormuz'), np.str_('Middle East')]",8,market_calibrated_advanced,0.79,True,False,200.0
2024-05-11 02:41:37,2024-05-11,geopolitical_tension,Energy security summit addresses West Africa supply concerns,high,3,1.0,82.6,Coordinated response to supply risks,"[np.str_('Global'), np.str_('Middle East')]",33,market_calibrated_advanced,0.77,True,False,200.0
2024-05-11 11:48:08,2024-05-11,inventory_report,EIA reports higher crude inventory of 1572M barrels,moderate,2,0.677,93.4,Weekly fundamental data point,"[np.str_('Global'), np.str_('US Gulf Coast')]",2,market_calibrated_advanced,0.83,True,False,200.0
2024-05-13 00:50:53,2024-05-13,inventory_report,Floating storage levels unchanged off Strait of Hormuz,moderate,2,0.694,23.6,Signal of market contango/backwardation,[np.str_('US Gulf Coast')],3,market_calibrated_advanced,0.91,True,False,199.0
2024-05-13 04:20:36,2024-05-13,trade_flow_disruption,Port restrictions impact UAE crude exports,high,3,1.0,240.6,Physical supply bottleneck,[np.str_('Strait of Hormuz')],13,market_calibrated_advanced,0.88,True,False,199.0
2024-05-14 14:38:13,2024-05-14,sanctions,Sanctions waiver negotiations for European Union oil exports,high,3,0.7,163.7,Potential for supply increase if granted,"[np.str_('Global'), np.str_('Middle East')]",21,market_calibrated_advanced,0.89,True,True,160.0
2024-05-14 22:52:12,2024-05-14,sanctions,US imposes new sanctions on China oil sector,critical,4,1.0,145.1,"Tightens global supply, redirects trade flows",[np.str_('Caspian Region')],86,market_calibrated_advanced,0.91,True,False,200.0
2024-05-15 11:25:42,2024-05-15,inventory_report,EIA reports lower crude inventory of 1885M barrels,moderate,2,0.641,82.8,Weekly fundamental data point,[np.str_('Global')],3,market_calibrated_advanced,0.96,True,False,200.0
2024-05-16 18:54:55,2024-05-16,inventory_report,EIA reports higher crude inventory of 487M barrels,moderate,2,0.57,37.3,Weekly fundamental data point,[np.str_('US Gulf Coast')],1,market_calibrated_advanced,0.71,True,False,200.0
2024-05-18 00:23:06,2024-05-18,geopolitical_tension,Diplomatic tensions escalate between Russia and Venezuela,high,3,0.961,227.8,Risk premium increases on supply disruption fears,"[np.str_('Asia Pacific'), np.str_('Global'), np.str_('Middle East')]",42,market_calibrated_advanced,0.87,True,False,200.0
2024-05-18 00:38:52,2024-05-18,military_conflict,Drone attack targets Libya oil infrastructure,critical,4,1.0,473.9,"Immediate supply risk, insurance premiums spike","[np.str_('Strait of Hormuz'), np.str_('Middle East')]",7,market_calibrated_advanced,0.96,True,False,200.0
2024-05-18 10:44:32,2024-05-18,geopolitical_tension,Strategic reserve release coordinated by {alliance},high,3,0.6166999999999999,180.4,Temporary supply increase to calm markets,"[np.str_('Asia Pacific'), np.str_('Global')]",11,market_calibrated_advanced,0.74,True,True,160.0
2024-05-20 12:32:41,2024-05-20,inventory_report,Cushing storage levels approach operational minimum,moderate,2,0.543,47.4,Delivery point concerns for WTI contract,"[np.str_('Global'), np.str_('US Gulf Coast')]",3,market_calibrated_advanced,0.94,True,False,198.0
2024-05-20 16:23:40,2024-05-20,geopolitical_tension,Energy security summit addresses Strait of Hormuz supply concerns,moderate,2,0.985,190.1,Coordinated response to supply risks,"[np.str_('Asia Pacific'), np.str_('Middle East')]",10,market_calibrated_advanced,0.98,True,False,198.0
2024-05-24 12:31:17,2024-05-24,military_conflict,Drone attack targets India oil infrastructure,critical,4,1.0,506.1,"Immediate supply risk, insurance premiums spike","[np.str_('Strait of Hormuz'), np.str_('Middle East')]",23,market_calibrated_advanced,0.85,False,False,197.0
2024-05-29 00:15:25,2024-05-29,inventory_report,Floating storage levels unchanged off Middle East,moderate,2,0.607,90.7,Signal of market contango/backwardation,[np.str_('Global')],1,market_calibrated_advanced,0.88,True,False,192.0
2024-05-29 08:19:52,2024-05-29,geopolitical_tension,Trade negotiations impact Red Sea energy imports,moderate,2,1.0,178.3,Trade policy uncertainty affects flows,"[np.str_('Middle East'), np.str_('Asia Pacific')]",25,market_calibrated_advanced,0.73,False,False,192.0
2024-05-30 03:17:42,2024-05-30,inventory_report,China crude inventories show unchanged trend,high,3,0.596,70.2,Indicates demand trajectory in largest importer,"[np.str_('Global'), np.str_('US Gulf Coast')]",1,market_calibrated_advanced,0.96,True,False,200.0
2024-05-31 22:44:26,2024-05-31,geopolitical_tension,Trade negotiations impact Red Sea energy imports,high,3,0.909,239.2,Trade policy uncertainty affects flows,"[np.str_('Global'), np.str_('Middle East')]",19,market_calibrated_advanced,0.7,False,False,200.0
2024-05-31 22:44:40,2024-05-31,geopolitical_tension,Trade negotiations impact US Gulf Coast energy imports,high,3,1.0,89.7,Trade policy uncertainty affects flows,"[np.str_('Asia Pacific'), np.str_('Middle East')]",5,market_calibrated_advanced,0.78,True,False,200.0
2024-06-01 00:05:58,2024-06-01,inventory_report,Floating storage levels lower off South China Sea,high,3,0.536,79.0,Signal of market contango/backwardation,"[np.str_('Global'), np.str_('US Gulf Coast')]",3,market_calibrated_advanced,0.88,True,False,200.0
2024-06-01 01:10:23,2024-06-01,inventory_report,EIA reports unchanged crude inventory of 1973M barrels,low,1,0.39549999999999996,74.0,Weekly fundamental data point,"[np.str_('Global'), np.str_('US Gulf Coast')]",3,market_calibrated_advanced,0.91,True,True,160.0
2024-06-01 03:02:22,2024-06-01,sanctions,US imposes new sanctions on OPEC+ oil sector,critical,4,1.0,288.4,"Tightens global supply, redirects trade flows","[np.str_('Middle East'), np.str_('Global')]",18,market_calibrated_advanced,0.89,True,False,200.0
2024-06-01 03:22:36,2024-06-01,sanctions,EU extends sanctions framework on Kuwait energy exports,high,3,0.7,108.9,Reduces available supply to European markets,"[np.str_('Middle East'), np.str_('Caspian Region'), np.str_('Global')]",37,market_calibrated_advanced,0.76,True,True,160.0
2024-06-03 08:17:56,2024-06-03,production_policy,OPEC+ announces voluntary production cut extension,critical,4,1.0,174.3,Tightens supply outlook,"[np.str_('Middle East'), np.str_('Global')]",22,market_calibrated_advanced,0.93,True,False,200.0
2024-06-03 12:19:37,2024-06-03,inventory_report,Cushing storage levels approach operational minimum,high,3,0.683,63.0,Delivery point concerns for WTI contract,[np.str_('Global')],4,market_calibrated_advanced,0.71,True,False,200.0
2024-06-03 20:30:11,2024-06-03,production_policy,Iran announces voluntary production cut extension,high,3,0.7,197.4,Tightens supply outlook,"[np.str_('Global'), np.str_('Middle East')]",15,market_calibrated_advanced,0.86,True,True,160.0
2024-06-04 05:49:29,2024-06-04,inventory_report,China crude inventories show unchanged trend,moderate,2,0.3339,51.1,Indicates demand trajectory in largest importer,"[np.str_('Global'), np.str_('US Gulf Coast')]",4,market_calibrated_advanced,0.84,True,True,160.0
2024-06-04 10:35:42,2024-06-04,inventory_report,China crude inventories show lower trend,high,3,0.657,85.9,Indicates demand trajectory in largest importer,"[np.str_('Global'), np.str_('US Gulf Coast')]",3,market_calibrated_advanced,0.7,True,False,200.0
2024-06-05 21:36:39,2024-06-05,infrastructure,Major pipeline maintenance reduces West Africa flows by 1086,moderate,2,0.941,37.1,Temporary but planned supply reduction,"[np.str_('Middle East'), np.str_('US Gulf Coast')]",12,market_calibrated_advanced,1.0,True,False,200.0
2024-06-05 22:48:24,2024-06-05,inventory_report,Floating storage levels unchanged off Red Sea,high,3,0.68,63.7,Signal of market contango/backwardation,"[np.str_('Global'), np.str_('US Gulf Coast')]",3,market_calibrated_advanced,0.97,True,False,200.0
2024-06-06 07:52:08,2024-06-06,inventory_report,Floating storage levels higher off Middle East,high,3,0.664,57.2,Signal of market contango/backwardation,"[np.str_('Global'), np.str_('US Gulf Coast')]",2,market_calibrated_advanced,1.0,True,False,200.0
2024-06-06 22:16:23,2024-06-06,inventory_report,Cushing storage levels approach operational minimum,moderate,2,0.30379999999999996,34.8,Delivery point concerns for WTI contract,[np.str_('US Gulf Coast')],4,market_calibrated_advanced,0.8,True,True,160.0
2024-06-07 07:43:09,2024-06-07,inventory_report,Cushing storage levels approach operational minimum,high,3,0.515,73.9,Delivery point concerns for WTI contract,"[np.str_('US Gulf Coast'), np.str_('Global')]",1,market_calibrated_advanced,0.86,True,False,200.0
2024-06-07 13:51:39,2024-06-07,production_policy,Non-OPEC production growth revised higher,high,3,1.0,216.3,Shifts market share expectations,[np.str_('Global')],57,market_calibrated_advanced,0.94,True,False,200.0
2024-06-13 17:30:20,2024-06-13,military_conflict,Missile attack on OPEC+ port facility,extreme,5,1.0,886.4,Direct damage to export infrastructure,"[np.str_('Middle East'), np.str_('Strait of Hormuz'), np.str_('North Africa')]",15,market_calibrated_advanced,0.78,True,False,198.0
2024-06-14 13:07:28,2024-06-14,inventory_report,China crude inventories show higher trend,high,3,0.607,72.0,Indicates demand trajectory in largest importer,[np.str_('Global')],3,market_calibrated_advanced,0.77,True,False,200.0
2024-06-15 09:49:19,2024-06-15,trade_flow_disruption,Tanker tracking shows lower flows to Saudi Arabia,high,3,1.0,238.2,Indicates trade pattern shifts,"[np.str_('South China Sea'), np.str_('Strait of Hormuz'), np.str_('Red Sea')]",6,market_calibrated_advanced,0.78,True,False,200.0
2024-06-16 08:03:45,2024-06-16,inventory_report,China crude inventories show higher trend,high,3,0.685,55.6,Indicates demand trajectory in largest importer,"[np.str_('Global'), np.str_('US Gulf Coast')]",4,market_calibrated_advanced,0.97,True,False,200.0
2024-06-18 18:41:58,2024-06-18,sanctions,OFAC issues new compliance guidance for oil transactions,moderate,2,1.0,358.7,Increases compliance costs and due diligence,"[np.str_('Middle East'), np.str_('Global'), np.str_('Caspian Region')]",53,market_calibrated_advanced,0.79,True,False,198.0
2024-06-18 19:37:43,2024-06-18,geopolitical_tension,Diplomatic tensions escalate between Venezuela and OPEC+,high,3,0.999,226.2,Risk premium increases on supply disruption fears,"[np.str_('Asia Pacific'), np.str_('Middle East')]",20,market_calibrated_advanced,0.9,True,False,198.0
2024-06-18 20:11:49,2024-06-18,trade_flow_disruption,Port restrictions impact USA crude exports,high,3,1.0,229.8,Physical supply bottleneck,"[np.str_('South China Sea'), np.str_('Red Sea')]",16,market_calibrated_advanced,0.74,True,False,198.0
2024-06-20 12:14:00,2024-06-20,sanctions,OFAC issues new compliance guidance for oil transactions,high,3,1.0,235.4,Increases compliance costs and due diligence,"[np.str_('Middle East'), np.str_('Caspian Region')]",69,market_calibrated_advanced,0.72,True,False,200.0
2024-06-21 17:26:54,2024-06-21,geopolitical_tension,Strategic reserve release coordinated by {alliance},high,3,0.4906999999999999,78.4,Temporary supply increase to calm markets,[np.str_('Middle East')],32,market_calibrated_advanced,0.77,True,True,160.0
2024-06-21 19:44:05,2024-06-21,geopolitical_tension,Trade negotiations impact US Gulf Coast energy imports,high,3,0.929,169.0,Trade policy uncertainty affects flows,"[np.str_('Asia Pacific'), np.str_('Global'), np.str_('Middle East')]",37,market_calibrated_advanced,0.72,True,False,200.0
2024-06-23 02:40:18,2024-06-23,military_conflict,Drone attack targets China oil infrastructure,critical,4,0.7,548.6,"Immediate supply risk, insurance premiums spike","[np.str_('North Africa'), np.str_('Middle East'), np.str_('Strait of Hormuz')]",12,market_calibrated_advanced,0.94,True,True,158.0
2024-06-23 03:14:34,2024-06-23,geopolitical_tension,Diplomatic tensions escalate between UAE and India,high,3,1.0,132.1,Risk premium increases on supply disruption fears,"[np.str_('Middle East'), np.str_('Global'), np.str_('Asia Pacific')]",33,market_calibrated_advanced,0.91,True,False,198.0
2024-06-23 15:40:29,2024-06-23,military_conflict,Naval incident near Suez Canal shipping lane,extreme,5,1.0,894.3,Risk to major transit chokepoint,"[np.str_('North Africa'), np.str_('Strait of Hormuz')]",5,market_calibrated_advanced,0.91,True,False,198.0
2024-06-23 21:17:39,2024-06-23,infrastructure,Major pipeline maintenance reduces Caspian Region flows by 1538,low,1,0.953,24.5,Temporary but planned supply reduction,"[np.str_('North Sea'), np.str_('US Gulf Coast')]",3,market_calibrated_advanced,0.75,True,False,198.0
2024-06-23 22:30:15,2024-06-23,infrastructure,Refinery outage reduces crude demand in Caspian Region,moderate,2,0.846,59.1,Reduces crude intake temporarily,[np.str_('Middle East')],1,market_calibrated_advanced,0.85,True,False,198.0
2024-06-24 12:10:35,2024-06-24,inventory_report,China crude inventories show lower trend,high,3,0.557,78.2,Indicates demand trajectory in largest importer,"[np.str_('US Gulf Coast'), np.str_('Global')]",4,market_calibrated_advanced,0.8,True,False,200.0
2024-06-24 13:40:39,2024-06-24,inventory_report,EIA reports higher crude inventory of 696M barrels,low,1,0.3045,68.3,Weekly fundamental data point,[np.str_('Global')],1,market_calibrated_advanced,0.86,True,True,160.0
2024-06-24 18:21:39,2024-06-24,inventory_report,EIA reports lower crude inventory of 808M barrels,moderate,2,0.609,42.8,Weekly fundamental data point,"[np.str_('US Gulf Coast'), np.str_('Global')]",4,market_calibrated_advanced,0.98,True,False,200.0
2024-06-25 03:22:58,2024-06-25,geopolitical_tension,Trade negotiations impact West Africa energy imports,high,3,0.933,41.4,Trade policy uncertainty affects flows,"[np.str_('Asia Pacific'), np.str_('Middle East')]",22,market_calibrated_advanced,0.8,True,False,200.0
2024-06-27 02:02:32,2024-06-27,trade_flow_disruption,Shipping lane disruption near Suez Canal,critical,4,0.5732999999999999,66.8,"Forces rerouting, increases transit times","[np.str_('Red Sea'), np.str_('South China Sea'), np.str_('Strait of Hormuz')]",11,market_calibrated_advanced,0.8,True,True,160.0
2024-06-27 03:31:52,2024-06-27,inventory_report,China crude inventories show unchanged trend,moderate,2,0.3773,39.3,Indicates demand trajectory in largest importer,[np.str_('US Gulf Coast')],2,market_calibrated_advanced,0.7,True,True,160.0
2024-06-27 05:24:57,2024-06-27,trade_flow_disruption,Tanker tracking shows unchanged flows to China,high,3,1.0,176.5,Indicates trade pattern shifts,"[np.str_('Strait of Hormuz'), np.str_('Red Sea')]",8,market_calibrated_advanced,0.83,True,False,200.0
2024-06-27 19:34:25,2024-06-27,inventory_report,EIA reports lower crude inventory of 1998M barrels,moderate,2,0.524,48.9,Weekly fundamental data point,"[np.str_('US Gulf Coast'), np.str_('Global')]",3,market_calibrated_advanced,0.75,True,False,200.0
2024-07-01 18:17:56,2024-07-01,geopolitical_tension,Trade negotiations impact Caspian Region energy imports,high,3,0.956,117.3,Trade policy uncertainty affects flows,"[np.str_('Global'), np.str_('Middle East')]",11,market_calibrated_advanced,0.98,True,False,200.0
2024-07-02 16:48:22,2024-07-02,infrastructure,Port congestion delays 41 tankers at Ras Tanura,high,3,0.945,75.3,Logistical bottleneck affecting deliveries,"[np.str_('US Gulf Coast'), np.str_('Middle East'), np.str_('North Sea')]",1,market_calibrated_advanced,0.82,False,False,200.0
2024-07-03 14:38:05,2024-07-03,military_conflict,Military escalation near North Sea oil facilities,extreme,5,1.0,373.1,Threatens regional production and transit,"[np.str_('North Africa'), np.str_('Middle East'), np.str_('Strait of Hormuz')]",18,market_calibrated_advanced,0.72,True,False,200.0
2024-07-04 05:01:14,2024-07-04,inventory_report,EIA reports lower crude inventory of 176M barrels,moderate,2,0.597,21.9,Weekly fundamental data point,"[np.str_('US Gulf Coast'), np.str_('Global')]",1,market_calibrated_advanced,0.79,True,False,200.0
2024-07-04 22:54:18,2024-07-04,production_policy,Libya output disrupted by weather at Zuluf,critical,4,1.0,145.7,Temporary supply reduction,"[np.str_('Middle East'), np.str_('Global')]",9,market_calibrated_advanced,0.87,True,False,200.0
2024-07-05 01:03:53,2024-07-05,infrastructure,Major pipeline maintenance reduces Strait of Hormuz flows by 611,moderate,2,0.911,137.2,Temporary but planned supply reduction,"[np.str_('Middle East'), np.str_('North Sea'), np.str_('US Gulf Coast')]",2,market_calibrated_advanced,0.85,True,False,200.0
2024-07-05 01:24:44,2024-07-05,geopolitical_tension,Trade negotiations impact North Sea energy imports,high,3,0.989,215.9,Trade policy uncertainty affects flows,"[np.str_('Asia Pacific'), np.str_('Global'), np.str_('Middle East')]",8,market_calibrated_advanced,0.87,True,False,200.0
2024-07-06 00:05:50,2024-07-06,production_policy,Venezuela output disrupted by technical issues at Burgan,high,3,0.7,194.4,Temporary supply reduction,"[np.str_('Middle East'), np.str_('Global')]",39,market_calibrated_advanced,0.88,True,True,160.0
2024-07-06 02:21:53,2024-07-06,geopolitical_tension,Diplomatic tensions escalate between China and Iran,critical,4,0.926,207.2,Risk premium increases on supply disruption fears,"[np.str_('Global'), np.str_('Middle East'), np.str_('Asia Pacific')]",40,market_calibrated_advanced,0.93,True,False,200.0
2024-07-06 20:42:49,2024-07-06,geopolitical_tension,Diplomatic tensions escalate between Nigeria and Kuwait,critical,4,0.94,213.0,Risk premium increases on supply disruption fears,[np.str_('Asia Pacific')],36,market_calibrated_advanced,0.82,True,False,200.0
2024-07-06 22:35:14,2024-07-06,production_policy,Libya output disrupted by power outage at Burgan,critical,4,1.0,269.2,Temporary supply reduction,"[np.str_('Global'), np.str_('Middle East')]",39,market_calibrated_advanced,0.91,True,False,200.0
2024-07-08 17:50:33,2024-07-08,trade_flow_disruption,Shipping lane disruption near Suez Canal,critical,4,0.5383,99.7,"Forces rerouting, increases transit times","[np.str_('Red Sea'), np.str_('Strait of Hormuz'), np.str_('South China Sea')]",17,market_calibrated_advanced,0.91,False,True,158.0
2024-07-08 18:41:08,2024-07-08,trade_flow_disruption,Shipping lane disruption near Suez Canal,critical,4,1.0,80.4,"Forces rerouting, increases transit times","[np.str_('Red Sea'), np.str_('South China Sea'), np.str_('Strait of Hormuz')]",3,market_calibrated_advanced,0.89,False,False,198.0
2024-07-09 04:39:20,2024-07-09,inventory_report,Cushing storage levels approach operational minimum,high,3,0.673,30.3,Delivery point concerns for WTI contract,"[np.str_('Global'), np.str_('US Gulf Coast')]",1,market_calibrated_advanced,0.94,True,False,200.0
2024-07-09 09:06:39,2024-07-09,trade_flow_disruption,Tanker tracking shows higher flows to India,high,3,1.0,269.0,Indicates trade pattern shifts,"[np.str_('South China Sea'), np.str_('Strait of Hormuz')]",13,market_calibrated_advanced,0.78,False,False,200.0
2024-07-10 04:05:23,2024-07-10,military_conflict,Naval incident near Malacca Strait shipping lane,extreme,5,1.0,731.9,Risk to major transit chokepoint,"[np.str_('Middle East'), np.str_('North Africa'), np.str_('Strait of Hormuz')]",18,market_calibrated_advanced,0.94,True,False,200.0
2024-07-10 15:58:22,2024-07-10,geopolitical_tension,Diplomatic tensions escalate between Iran and USA,critical,4,1.0,153.9,Risk premium increases on supply disruption fears,"[np.str_('Asia Pacific'), np.str_('Middle East'), np.str_('Global')]",33,market_calibrated_advanced,0.96,True,False,200.0
2024-07-12 08:12:05,2024-07-12,inventory_report,Cushing storage levels approach operational minimum,high,3,0.548,63.0,Delivery point concerns for WTI contract,[np.str_('Global')],2,market_calibrated_advanced,0.84,True,False,200.0
2024-07-14 00:23:10,2024-07-14,production_policy,OPEC+ agrees to adjust production by 805 kb/d,high,3,0.693,74.3,Direct impact on global supply-demand balance,"[np.str_('Middle East'), np.str_('Global')]",14,market_calibrated_advanced,0.74,True,True,160.0
2024-07-14 09:11:34,2024-07-14,inventory_report,China crude inventories show lower trend,moderate,2,0.39479999999999993,43.5,Indicates demand trajectory in largest importer,"[np.str_('Global'), np.str_('US Gulf Coast')]",3,market_calibrated_advanced,0.87,True,True,160.0
2024-07-14 10:45:24,2024-07-14,inventory_report,Cushing storage levels approach operational minimum,high,3,0.524,37.7,Delivery point concerns for WTI contract,"[np.str_('Global'), np.str_('US Gulf Coast')]",2,market_calibrated_advanced,0.95,False,False,200.0
2024-07-14 17:18:09,2024-07-14,production_policy,India output disrupted by power outage at Ghawar,critical,4,1.0,88.1,Temporary supply reduction,"[np.str_('Global'), np.str_('Middle East')]",56,market_calibrated_advanced,0.71,True,False,200.0
2024-07-15 03:07:08,2024-07-15,sanctions,US imposes new sanctions on USA oil sector,critical,4,1.0,247.5,"Tightens global supply, redirects trade flows",[np.str_('Middle East')],31,market_calibrated_advanced,0.78,True,False,200.0
2024-07-15 17:23:21,2024-07-15,trade_flow_disruption,Port restrictions impact Russia crude exports,critical,4,1.0,293.1,Physical supply bottleneck,"[np.str_('South China Sea'), np.str_('Red Sea'), np.str_('Strait of Hormuz')]",7,market_calibrated_advanced,0.74,True,False,200.0
2024-07-16 13:27:06,2024-07-16,inventory_report,EIA reports lower crude inventory of 1396M barrels,moderate,2,0.599,35.2,Weekly fundamental data point,"[np.str_('Global'), np.str_('US Gulf Coast')]",4,market_calibrated_advanced,0.9,True,False,200.0
2024-07-16 19:36:53,2024-07-16,infrastructure,Port congestion delays 23 tankers at Houston,high,3,0.928,42.5,Logistical bottleneck affecting deliveries,[np.str_('US Gulf Coast')],1,market_calibrated_advanced,0.84,True,False,200.0
2024-07-17 11:55:35,2024-07-17,sanctions,Sanctions waiver negotiations for India oil exports,critical,4,1.0,348.9,Potential for supply increase if granted,[np.str_('Caspian Region')],65,market_calibrated_advanced,0.93,True,False,200.0
2024-07-17 18:18:12,2024-07-17,production_policy,India announces voluntary production cut extension,critical,4,1.0,272.7,Tightens supply outlook,[np.str_('Middle East')],55,market_calibrated_advanced,0.75,True,False,200.0
2024-07-18 02:55:11,2024-07-18,inventory_report,Cushing storage levels approach operational minimum,high,3,0.543,97.6,Delivery point concerns for WTI contract,"[np.str_('US Gulf Coast'), np.str_('Global')]",3,market_calibrated_advanced,0.85,True,False,200.0
2024-07-18 16:24:05,2024-07-18,production_policy,OPEC+ agrees to adjust production by 1535 kb/d,critical,4,1.0,97.4,Direct impact on global supply-demand balance,[np.str_('Global')],11,market_calibrated_advanced,0.91,True,False,200.0
2024-07-19 09:24:15,2024-07-19,production_policy,OPEC+ agrees to adjust production by 1310 kb/d,critical,4,1.0,228.6,Direct impact on global supply-demand balance,"[np.str_('Global'), np.str_('Middle East')]",25,market_calibrated_advanced,0.94,True,False,200.0
2024-07-21 15:38:26,2024-07-21,inventory_report,China crude inventories show higher trend,high,3,0.599,28.7,Indicates demand trajectory in largest importer,"[np.str_('US Gulf Coast'), np.str_('Global')]",4,market_calibrated_advanced,0.99,False,False,200.0
2024-07-21 17:43:37,2024-07-21,inventory_report,Floating storage levels higher off Strait of Hormuz,moderate,2,0.28979999999999995,46.8,Signal of market contango/backwardation,[np.str_('US Gulf Coast')],2,market_calibrated_advanced,0.88,True,True,160.0
2024-07-22 05:23:06,2024-07-22,inventory_report,China crude inventories show unchanged trend,high,3,0.584,50.1,Indicates demand trajectory in largest importer,[np.str_('US Gulf Coast')],1,market_calibrated_advanced,0.79,True,False,200.0
2024-07-22 14:55:31,2024-07-22,geopolitical_tension,Strategic reserve release coordinated by {alliance},critical,4,0.962,104.9,Temporary supply increase to calm markets,[np.str_('Middle East')],16,market_calibrated_advanced,0.99,True,False,200.0
2024-07-22 21:49:45,2024-07-22,geopolitical_tension,Diplomatic tensions escalate between Venezuela and Iran,high,3,0.5859,78.3,Risk premium increases on supply disruption fears,"[np.str_('Asia Pacific'), np.str_('Global')]",33,market_calibrated_advanced,0.77,True,True,160.0
2024-07-24 16:26:49,2024-07-24,military_conflict,Drone attack targets Saudi Arabia oil infrastructure,extreme,5,1.0,214.1,"Immediate supply risk, insurance premiums spike",[np.str_('North Africa')],23,market_calibrated_advanced,0.72,True,False,200.0
2024-07-24 22:55:24,2024-07-24,military_conflict,Drone attack targets Russia oil infrastructure,critical,4,0.7,402.7,"Immediate supply risk, insurance premiums spike","[np.str_('Strait of Hormuz'), np.str_('North Africa')]",13,market_calibrated_advanced,0.99,True,True,160.0
2024-07-28 15:06:56,2024-07-28,infrastructure,Major pipeline maintenance reduces Caspian Region flows by 297,low,1,0.864,146.7,Temporary but planned supply reduction,"[np.str_('Middle East'), np.str_('North Sea'), np.str_('US Gulf Coast')]",8,market_calibrated_advanced,0.76,True,False,196.0
2024-07-29 13:49:02,2024-07-29,production_policy,India announces voluntary production cut extension,high,3,0.6740999999999999,108.6,Tightens supply outlook,"[np.str_('Middle East'), np.str_('Global')]",14,market_calibrated_advanced,0.86,True,True,160.0
2024-07-29 14:48:20,2024-07-29,inventory_report,Cushing storage levels approach operational minimum,high,3,0.655,86.6,Delivery point concerns for WTI contract,[np.str_('US Gulf Coast')],3,market_calibrated_advanced,0.93,True,False,200.0
2024-07-29 17:03:49,2024-07-29,production_policy,Non-OPEC production growth revised lower,high,3,1.0,82.3,Shifts market share expectations,"[np.str_('Middle East'), np.str_('Global')]",10,market_calibrated_advanced,0.96,True,False,200.0
2024-07-29 17:09:35,2024-07-29,inventory_report,Cushing storage levels approach operational minimum,moderate,2,0.39479999999999993,54.4,Delivery point concerns for WTI contract,"[np.str_('Global'), np.str_('US Gulf Coast')]",2,market_calibrated_advanced,0.79,True,True,160.0
2024-07-29 21:33:37,2024-07-29,inventory_report,Floating storage levels lower off Caspian Region,high,3,0.608,52.6,Signal of market contango/backwardation,"[np.str_('US Gulf Coast'), np.str_('Global')]",1,market_calibrated_advanced,0.82,True,False,200.0
2024-07-30 02:45:48,2024-07-30,infrastructure,Major pipeline maintenance reduces Global flows by 1977,moderate,2,0.835,51.4,Temporary but planned supply reduction,"[np.str_('Middle East'), np.str_('North Sea')]",4,market_calibrated_advanced,0.82,True,False,200.0
2024-07-30 09:49:37,2024-07-30,geopolitical_tension,Trade negotiations impact Strait of Hormuz energy imports,high,3,1.0,149.3,Trade policy uncertainty affects flows,[np.str_('Global')],6,market_calibrated_advanced,0.86,True,False,200.0
2024-07-30 16:45:36,2024-07-30,trade_flow_disruption,Shipping lane disruption near Bab el-Mandeb,extreme,5,1.0,73.5,"Forces rerouting, increases transit times","[np.str_('Strait of Hormuz'), np.str_('South China Sea'), np.str_('Red Sea')]",17,market_calibrated_advanced,0.81,True,False,200.0
2024-08-01 12:05:27,2024-08-01,geopolitical_tension,Diplomatic tensions escalate between Russia and Venezuela,critical,4,0.983,73.3,Risk premium increases on supply disruption fears,[np.str_('Global')],36,market_calibrated_advanced,0.74,True,False,200.0
2024-08-01 22:18:32,2024-08-01,inventory_report,China crude inventories show higher trend,high,3,0.577,35.8,Indicates demand trajectory in largest importer,"[np.str_('Global'), np.str_('US Gulf Coast')]",2,market_calibrated_advanced,0.9,True,False,200.0
2024-08-07 00:43:12,2024-08-07,inventory_report,Floating storage levels unchanged off North Africa,moderate,2,0.535,78.4,Signal of market contango/backwardation,"[np.str_('US Gulf Coast'), np.str_('Global')]",2,market_calibrated_advanced,0.89,True,False,199.0
2024-08-08 18:09:55,2024-08-08,trade_flow_disruption,Shipping lane disruption near Malacca Strait,extreme,5,1.0,137.1,"Forces rerouting, increases transit times","[np.str_('South China Sea'), np.str_('Strait of Hormuz')]",13,market_calibrated_advanced,0.91,True,False,200.0
2024-08-09 17:53:15,2024-08-09,trade_flow_disruption,Shipping lane disruption near Suez Canal,extreme,5,1.0,259.7,"Forces rerouting, increases transit times","[np.str_('Red Sea'), np.str_('Strait of Hormuz'), np.str_('South China Sea')]",11,market_calibrated_advanced,0.88,True,False,200.0
2024-08-10 19:31:06,2024-08-10,trade_flow_disruption,Shipping lane disruption near Strait of Hormuz,extreme,5,1.0,86.9,"Forces rerouting, increases transit times","[np.str_('Red Sea'), np.str_('South China Sea'), np.str_('Strait of Hormuz')]",9,market_calibrated_advanced,0.96,False,False,200.0
2024-08-11 11:29:18,2024-08-11,inventory_report,China crude inventories show lower trend,high,3,0.676,76.9,Indicates demand trajectory in largest importer,"[np.str_('US Gulf Coast'), np.str_('Global')]",3,market_calibrated_advanced,0.84,False,False,200.0
2024-08-11 22:11:12,2024-08-11,inventory_report,Floating storage levels lower off Latin America,moderate,2,0.3227,38.4,Signal of market contango/backwardation,"[np.str_('US Gulf Coast'), np.str_('Global')]",1,market_calibrated_advanced,0.72,True,True,160.0
2024-08-12 09:34:57,2024-08-12,trade_flow_disruption,Insurance premiums surge for West Africa tanker transits,high,3,0.6054999999999999,232.7,"Increases shipping costs, may deter voyages","[np.str_('South China Sea'), np.str_('Red Sea')]",18,market_calibrated_advanced,0.87,True,True,160.0
2024-08-12 14:27:22,2024-08-12,trade_flow_disruption,Tanker tracking shows lower flows to Iraq,high,3,1.0,183.0,Indicates trade pattern shifts,"[np.str_('Strait of Hormuz'), np.str_('Red Sea'), np.str_('South China Sea')]",5,market_calibrated_advanced,0.92,True,False,200.0
2024-08-13 04:42:06,2024-08-13,production_policy,Kuwait output disrupted by technical issues at Burgan,critical,4,1.0,136.8,Temporary supply reduction,"[np.str_('Global'), np.str_('Middle East')]",8,market_calibrated_advanced,0.83,True,False,200.0
2024-08-13 04:51:17,2024-08-13,inventory_report,Floating storage levels unchanged off South China Sea,high,3,0.676,23.9,Signal of market contango/backwardation,"[np.str_('Global'), np.str_('US Gulf Coast')]",1,market_calibrated_advanced,0.87,True,False,200.0
2024-08-13 05:58:17,2024-08-13,trade_flow_disruption,Insurance premiums surge for Red Sea tanker transits,critical,4,1.0,90.5,"Increases shipping costs, may deter voyages","[np.str_('South China Sea'), np.str_('Red Sea'), np.str_('Strait of Hormuz')]",12,market_calibrated_advanced,0.75,True,False,200.0
2024-08-13 18:40:18,2024-08-13,infrastructure,Major pipeline maintenance reduces North Africa flows by 646,low,1,0.5166,49.4,Temporary but planned supply reduction,"[np.str_('US Gulf Coast'), np.str_('North Sea'), np.str_('Middle East')]",11,market_calibrated_advanced,0.84,True,True,160.0
2024-08-13 20:50:35,2024-08-13,infrastructure,Refinery outage reduces crude demand in Global,high,3,0.844,66.6,Reduces crude intake temporarily,"[np.str_('Middle East'), np.str_('North Sea'), np.str_('US Gulf Coast')]",9,market_calibrated_advanced,0.73,True,False,200.0
2024-08-14 11:56:44,2024-08-14,inventory_report,EIA reports unchanged crude inventory of 225M barrels,moderate,2,0.546,23.6,Weekly fundamental data point,[np.str_('US Gulf Coast')],4,market_calibrated_advanced,0.91,True,False,200.0
2024-08-14 18:22:47,2024-08-14,inventory_report,Floating storage levels lower off North Africa,high,3,0.534,95.8,Signal of market contango/backwardation,"[np.str_('US Gulf Coast'), np.str_('Global')]",4,market_calibrated_advanced,0.71,True,False,200.0
2024-08-17 08:25:44,2024-08-17,military_conflict,Naval incident near Malacca Strait shipping lane,extreme,5,1.0,594.0,Risk to major transit chokepoint,[np.str_('North Africa')],20,market_calibrated_advanced,0.73,True,False,200.0
2024-08-18 11:26:06,2024-08-18,trade_flow_disruption,Shipping lane disruption near Suez Canal,extreme,5,1.0,276.2,"Forces rerouting, increases transit times","[np.str_('Strait of Hormuz'), np.str_('Red Sea')]",14,market_calibrated_advanced,0.71,True,False,200.0
2024-08-19 14:27:24,2024-08-19,trade_flow_disruption,Shipping lane disruption near Suez Canal,critical,4,0.5474,129.1,"Forces rerouting, increases transit times","[np.str_('Red Sea'), np.str_('South China Sea')]",11,market_calibrated_advanced,0.72,True,True,160.0
2024-08-19 22:16:31,2024-08-19,trade_flow_disruption,Tanker tracking shows unchanged flows to Libya,high,3,1.0,169.8,Indicates trade pattern shifts,"[np.str_('South China Sea'), np.str_('Red Sea'), np.str_('Strait of Hormuz')]",7,market_calibrated_advanced,0.96,True,False,200.0
2024-08-20 00:56:33,2024-08-20,production_policy,Non-OPEC production growth revised unchanged,high,3,1.0,95.2,Shifts market share expectations,[np.str_('Global')],54,market_calibrated_advanced,0.94,True,False,200.0
2024-08-20 04:20:03,2024-08-20,inventory_report,China crude inventories show higher trend,high,3,0.624,24.4,Indicates demand trajectory in largest importer,"[np.str_('Global'), np.str_('US Gulf Coast')]",3,market_calibrated_advanced,0.87,True,False,200.0
2024-08-20 05:28:53,2024-08-20,geopolitical_tension,Diplomatic tensions escalate between Russia and Venezuela,critical,4,1.0,223.2,Risk premium increases on supply disruption fears,[np.str_('Middle East')],14,market_calibrated_advanced,0.8,True,False,200.0
2024-08-20 08:43:32,2024-08-20,geopolitical_tension,Diplomatic tensions escalate between Libya and Russia,high,3,0.5341,35.7,Risk premium increases on supply disruption fears,"[np.str_('Global'), np.str_('Asia Pacific')]",30,market_calibrated_advanced,0.98,True,True,160.0
2024-08-20 13:47:39,2024-08-20,sanctions,US imposes new sanctions on India oil sector,critical,4,1.0,145.3,"Tightens global supply, redirects trade flows",[np.str_('Global')],30,market_calibrated_advanced,0.91,True,False,200.0
2024-08-20 16:57:08,2024-08-20,inventory_report,Floating storage levels higher off Latin America,high,3,0.555,89.7,Signal of market contango/backwardation,"[np.str_('Global'), np.str_('US Gulf Coast')]",4,market_calibrated_advanced,0.74,True,False,200.0
2024-08-21 00:42:03,2024-08-21,infrastructure,New pipeline capacity comes online in Caspian Region,moderate,2,0.882,23.5,Improves supply chain efficiency,"[np.str_('US Gulf Coast'), np.str_('North Sea')]",10,market_calibrated_advanced,0.84,True,False,200.0
2024-08-21 02:45:21,2024-08-21,military_conflict,Missile attack on UAE port facility,extreme,5,1.0,953.2,Direct damage to export infrastructure,"[np.str_('North Africa'), np.str_('Middle East'), np.str_('Strait of Hormuz')]",20,market_calibrated_advanced,0.96,True,False,200.0
2024-08-21 20:48:53,2024-08-21,infrastructure,New pipeline capacity comes online in West Africa,low,1,0.5124,19.6,Improves supply chain efficiency,"[np.str_('North Sea'), np.str_('US Gulf Coast')]",3,market_calibrated_advanced,0.76,True,True,160.0
2024-08-22 04:47:28,2024-08-22,sanctions,OFAC issues new compliance guidance for oil transactions,high,3,1.0,332.7,Increases compliance costs and due diligence,[np.str_('Middle East')],47,market_calibrated_advanced,0.98,False,False,200.0
2024-08-22 14:29:32,2024-08-22,military_conflict,Military escalation near Red Sea oil facilities,extreme,5,1.0,971.2,Threatens regional production and transit,"[np.str_('North Africa'), np.str_('Middle East')]",24,market_calibrated_advanced,0.85,True,False,200.0
2024-08-22 17:09:49,2024-08-22,production_policy,Non-OPEC production growth revised unchanged,high,3,1.0,287.3,Shifts market share expectations,[np.str_('Global')],55,market_calibrated_advanced,0.8,False,False,200.0
2024-08-26 13:16:53,2024-08-26,inventory_report,China crude inventories show unchanged trend,moderate,2,0.622,45.8,Indicates demand trajectory in largest importer,"[np.str_('Global'), np.str_('US Gulf Coast')]",3,market_calibrated_advanced,0.73,True,False,200.0
2024-08-27 06:31:20,2024-08-27,geopolitical_tension,Trade negotiations impact US Gulf Coast energy imports,high,3,1.0,48.0,Trade policy uncertainty affects flows,"[np.str_('Global'), np.str_('Middle East')]",27,market_calibrated_advanced,0.93,True,False,200.0
2024-08-27 17:04:31,2024-08-27,inventory_report,Floating storage levels lower off North Africa,high,3,0.699,95.0,Signal of market contango/backwardation,"[np.str_('Global'), np.str_('US Gulf Coast')]",1,market_calibrated_advanced,0.89,True,False,200.0
2024-08-28 00:36:25,2024-08-28,geopolitical_tension,Diplomatic tensions escalate between Saudi Arabia and European Union,critical,4,1.0,193.6,Risk premium increases on supply disruption fears,[np.str_('Global')],8,market_calibrated_advanced,0.86,True,False,200.0
2024-08-28 11:49:33,2024-08-28,geopolitical_tension,Trade negotiations impact Middle East energy imports,moderate,2,0.5088999999999999,159.1,Trade policy uncertainty affects flows,"[np.str_('Middle East'), np.str_('Asia Pacific')]",26,market_calibrated_advanced,0.74,True,True,160.0
2024-08-29 17:46:42,2024-08-29,inventory_report,Cushing storage levels approach operational minimum,high,3,0.65,61.9,Delivery point concerns for WTI contract,"[np.str_('Global'), np.str_('US Gulf Coast')]",3,market_calibrated_advanced,0.97,True,False,200.0
2024-08-30 14:42:23,2024-08-30,production_policy,Non-OPEC production growth revised higher,high,3,1.0,275.0,Shifts market share expectations,"[np.str_('Middle East'), np.str_('Global')]",24,market_calibrated_advanced,0.72,True,False,200.0
2024-08-30 17:17:50,2024-08-30,inventory_report,Floating storage levels higher off Red Sea,high,3,0.649,77.0,Signal of market contango/backwardation,"[np.str_('US Gulf Coast'), np.str_('Global')]",3,market_calibrated_advanced,0.88,False,False,200.0
2024-09-01 16:30:44,2024-09-01,geopolitical_tension,Trade negotiations impact Middle East energy imports,moderate,2,0.905,90.9,Trade policy uncertainty affects flows,"[np.str_('Asia Pacific'), np.str_('Middle East'), np.str_('Global')]",17,market_calibrated_advanced,0.86,True,False,200.0
2024-09-02 09:26:38,2024-09-02,infrastructure,New pipeline capacity comes online in Caspian Region,moderate,2,0.869,118.8,Improves supply chain efficiency,"[np.str_('US Gulf Coast'), np.str_('North Sea'), np.str_('Middle East')]",9,market_calibrated_advanced,0.85,True,False,200.0
2024-09-03 08:21:09,2024-09-03,sanctions,Sanctions waiver negotiations for Venezuela oil exports,critical,4,1.0,254.1,Potential for supply increase if granted,"[np.str_('Middle East'), np.str_('Global'), np.str_('Caspian Region')]",38,market_calibrated_advanced,0.88,True,False,200.0
2024-09-04 01:12:15,2024-09-04,military_conflict,Drone attack targets Russia oil infrastructure,extreme,5,1.0,437.8,"Immediate supply risk, insurance premiums spike","[np.str_('North Africa'), np.str_('Strait of Hormuz'), np.str_('Middle East')]",23,market_calibrated_advanced,0.89,True,False,200.0
2024-09-04 21:11:56,2024-09-04,inventory_report,China crude inventories show lower trend,high,3,0.543,66.7,Indicates demand trajectory in largest importer,[np.str_('Global')],4,market_calibrated_advanced,0.83,True,False,200.0
2024-09-05 03:47:09,2024-09-05,infrastructure,New pipeline capacity comes online in Caspian Region,moderate,2,0.986,103.7,Improves supply chain efficiency,[np.str_('North Sea')],9,market_calibrated_advanced,0.84,True,False,200.0
2024-09-08 21:36:40,2024-09-08,inventory_report,Floating storage levels unchanged off Strait of Hormuz,moderate,2,0.553,22.8,Signal of market contango/backwardation,"[np.str_('Global'), np.str_('US Gulf Coast')]",1,market_calibrated_advanced,0.95,True,False,199.0
2024-09-10 04:32:43,2024-09-10,inventory_report,China crude inventories show lower trend,moderate,2,0.3892,45.4,Indicates demand trajectory in largest importer,"[np.str_('US Gulf Coast'), np.str_('Global')]",3,market_calibrated_advanced,0.83,True,True,160.0
2024-09-10 21:29:08,2024-09-10,inventory_report,Floating storage levels unchanged off Latin America,moderate,2,0.504,62.2,Signal of market contango/backwardation,"[np.str_('Global'), np.str_('US Gulf Coast')]",3,market_calibrated_advanced,0.97,True,False,200.0
2024-09-12 22:15:56,2024-09-12,geopolitical_tension,Diplomatic tensions escalate between European Union and Saudi Arabia,high,3,0.977,150.1,Risk premium increases on supply disruption fears,"[np.str_('Middle East'), np.str_('Global')]",7,market_calibrated_advanced,0.93,True,False,199.0
2024-09-13 10:10:47,2024-09-13,inventory_report,EIA reports higher crude inventory of 403M barrels,moderate,2,0.671,90.6,Weekly fundamental data point,[np.str_('US Gulf Coast')],2,market_calibrated_advanced,0.73,True,False,200.0
2024-09-14 16:02:29,2024-09-14,military_conflict,Missile attack on Saudi Arabia port facility,extreme,5,0.7,597.2,Direct damage to export infrastructure,"[np.str_('North Africa'), np.str_('Middle East'), np.str_('Strait of Hormuz')]",6,market_calibrated_advanced,0.74,True,True,160.0
2024-09-14 20:38:24,2024-09-14,military_conflict,Military escalation near Strait of Hormuz oil facilities,extreme,5,1.0,957.0,Threatens regional production and transit,"[np.str_('North Africa'), np.str_('Middle East')]",8,market_calibrated_advanced,0.94,True,False,200.0
2024-09-15 20:55:12,2024-09-15,geopolitical_tension,Energy security summit addresses Red Sea supply concerns,high,3,1.0,217.2,Coordinated response to supply risks,"[np.str_('Middle East'), np.str_('Global')]",17,market_calibrated_advanced,0.93,True,False,200.0
2024-09-17 06:46:29,2024-09-17,infrastructure,Refinery outage reduces crude demand in North Africa,moderate,2,0.848,153.0,Reduces crude intake temporarily,[np.str_('North Sea')],13,market_calibrated_advanced,0.9,True,False,199.0
2024-09-17 22:58:16,2024-09-17,military_conflict,Military escalation near Caspian Region oil facilities,critical,4,1.0,564.6,Threatens regional production and transit,"[np.str_('Strait of Hormuz'), np.str_('North Africa'), np.str_('Middle East')]",28,market_calibrated_advanced,0.77,True,False,199.0
2024-09-18 01:14:43,2024-09-18,military_conflict,Drone attack targets OPEC+ oil infrastructure,extreme,5,1.0,958.7,"Immediate supply risk, insurance premiums spike","[np.str_('Middle East'), np.str_('Strait of Hormuz'), np.str_('North Africa')]",4,market_calibrated_advanced,0.74,True,False,200.0
2024-09-19 00:30:39,2024-09-19,geopolitical_tension,Diplomatic tensions escalate between Russia and Saudi Arabia,critical,4,1.0,47.9,Risk premium increases on supply disruption fears,[np.str_('Global')],9,market_calibrated_advanced,0.93,True,False,200.0
2024-09-19 15:00:10,2024-09-19,inventory_report,EIA reports lower crude inventory of 565M barrels,moderate,2,0.552,70.8,Weekly fundamental data point,"[np.str_('Global'), np.str_('US Gulf Coast')]",2,market_calibrated_advanced,0.9,True,False,200.0
2024-09-20 06:43:34,2024-09-20,inventory_report,China crude inventories show lower trend,high,3,0.677,94.2,Indicates demand trajectory in largest importer,[np.str_('Global')],4,market_calibrated_advanced,0.84,True,False,200.0
2024-09-20 06:50:26,2024-09-20,geopolitical_tension,Diplomatic tensions escalate between China and UAE,critical,4,0.922,86.8,Risk premium increases on supply disruption fears,[np.str_('Middle East')],19,market_calibrated_advanced,0.86,True,False,200.0
2024-09-20 15:17:58,2024-09-20,inventory_report,Floating storage levels unchanged off North Africa,high,3,0.653,37.8,Signal of market contango/backwardation,"[np.str_('Global'), np.str_('US Gulf Coast')]",3,market_calibrated_advanced,0.9,True,False,200.0
2024-09-21 07:57:23,2024-09-21,infrastructure,Major pipeline maintenance reduces North Sea flows by 923,moderate,2,0.833,142.4,Temporary but planned supply reduction,[np.str_('North Sea')],13,market_calibrated_advanced,0.73,True,False,200.0
2024-09-22 09:09:15,2024-09-22,sanctions,EU extends sanctions framework on UAE energy exports,critical,4,1.0,369.6,Reduces available supply to European markets,"[np.str_('Middle East'), np.str_('Caspian Region')]",52,market_calibrated_advanced,0.72,True,False,200.0
2024-09-22 13:36:54,2024-09-22,inventory_report,China crude inventories show unchanged trend,high,3,0.696,88.9,Indicates demand trajectory in largest importer,"[np.str_('US Gulf Coast'), np.str_('Global')]",2,market_calibrated_advanced,0.99,True,False,200.0
2024-09-22 19:43:42,2024-09-22,inventory_report,EIA reports higher crude inventory of 1564M barrels,low,1,0.357,69.4,Weekly fundamental data point,"[np.str_('US Gulf Coast'), np.str_('Global')]",3,market_calibrated_advanced,0.93,True,True,160.0
2024-09-23 15:11:56,2024-09-23,inventory_report,EIA reports unchanged crude inventory of 1721M barrels,moderate,2,0.667,28.8,Weekly fundamental data point,[np.str_('Global')],2,market_calibrated_advanced,0.8,True,False,200.0
2024-09-23 17:09:46,2024-09-23,inventory_report,EIA reports higher crude inventory of 794M barrels,moderate,2,0.618,90.7,Weekly fundamental data point,"[np.str_('Global'), np.str_('US Gulf Coast')]",4,market_calibrated_advanced,0.7,True,False,200.0
2024-09-23 22:05:56,2024-09-23,inventory_report,Cushing storage levels approach operational minimum,moderate,2,0.3906,61.4,Delivery point concerns for WTI contract,[np.str_('Global')],2,market_calibrated_advanced,0.98,True,True,160.0
2024-09-24 01:38:49,2024-09-24,geopolitical_tension,Trade negotiations impact North Sea energy imports,moderate,2,0.6279,181.8,Trade policy uncertainty affects flows,"[np.str_('Asia Pacific'), np.str_('Middle East'), np.str_('Global')]",14,market_calibrated_advanced,0.98,True,True,160.0
2024-09-24 05:35:09,2024-09-24,inventory_report,EIA reports lower crude inventory of 816M barrels,moderate,2,0.533,30.3,Weekly fundamental data point,"[np.str_('Global'), np.str_('US Gulf Coast')]",1,market_calibrated_advanced,0.8,True,False,200.0
2024-09-24 05:39:27,2024-09-24,inventory_report,Floating storage levels higher off Red Sea,moderate,2,0.3745,16.6,Signal of market contango/backwardation,"[np.str_('US Gulf Coast'), np.str_('Global')]",1,market_calibrated_advanced,0.75,True,True,160.0
2024-09-24 06:21:19,2024-09-24,geopolitical_tension,Diplomatic tensions escalate between European Union and Saudi Arabia,critical,4,1.0,200.9,Risk premium increases on supply disruption fears,"[np.str_('Asia Pacific'), np.str_('Global'), np.str_('Middle East')]",31,market_calibrated_advanced,0.96,True,False,200.0
2024-09-24 13:09:23,2024-09-24,geopolitical_tension,Diplomatic tensions escalate between India and Nigeria,critical,4,1.0,231.1,Risk premium increases on supply disruption fears,"[np.str_('Middle East'), np.str_('Asia Pacific'), np.str_('Global')]",40,market_calibrated_advanced,0.99,True,False,200.0
2024-09-26 00:01:48,2024-09-26,trade_flow_disruption,Port restrictions impact Kuwait crude exports,high,3,0.6096999999999999,191.4,Physical supply bottleneck,[np.str_('Strait of Hormuz')],6,market_calibrated_advanced,0.71,True,True,160.0
2024-09-26 15:36:26,2024-09-26,trade_flow_disruption,Shipping lane disruption near Strait of Hormuz,extreme,5,1.0,216.3,"Forces rerouting, increases transit times",[np.str_('Red Sea')],18,market_calibrated_advanced,0.94,True,False,200.0
2024-09-26 18:53:05,2024-09-26,military_conflict,Drone attack targets China oil infrastructure,extreme,5,1.0,883.3,"Immediate supply risk, insurance premiums spike","[np.str_('North Africa'), np.str_('Middle East'), np.str_('Strait of Hormuz')]",26,market_calibrated_advanced,0.83,True,False,200.0
2024-09-26 20:04:27,2024-09-26,sanctions,Sanctions waiver negotiations for Iraq oil exports,critical,4,1.0,389.6,Potential for supply increase if granted,[np.str_('Global')],62,market_calibrated_advanced,0.95,True,False,200.0
2024-09-27 08:12:42,2024-09-27,infrastructure,New pipeline capacity comes online in West Africa,moderate,2,0.971,78.2,Improves supply chain efficiency,"[np.str_('North Sea'), np.str_('US Gulf Coast')]",5,market_calibrated_advanced,0.93,True,False,200.0
2024-09-27 09:02:10,2024-09-27,inventory_report,EIA reports higher crude inventory of 1040M barrels,moderate,2,0.682,23.7,Weekly fundamental data point,"[np.str_('US Gulf Coast'), np.str_('Global')]",2,market_calibrated_advanced,0.72,True,False,200.0
2024-09-28 06:40:46,2024-09-28,inventory_report,Cushing storage levels approach operational minimum,moderate,2,0.2835,22.4,Delivery point concerns for WTI contract,"[np.str_('US Gulf Coast'), np.str_('Global')]",3,market_calibrated_advanced,0.83,True,True,160.0
2024-09-28 10:41:15,2024-09-28,inventory_report,Cushing storage levels approach operational minimum,high,3,0.64,28.7,Delivery point concerns for WTI contract,"[np.str_('US Gulf Coast'), np.str_('Global')]",1,market_calibrated_advanced,0.95,False,False,200.0
2024-09-29 06:20:00,2024-09-29,infrastructure,Major pipeline maintenance reduces Red Sea flows by 1632,moderate,2,0.853,113.7,Temporary but planned supply reduction,[np.str_('US Gulf Coast')],13,market_calibrated_advanced,0.82,True,False,200.0
2024-09-29 18:17:49,2024-09-29,infrastructure,Port congestion delays 5 tankers at Ras Tanura,high,3,0.942,134.1,Logistical bottleneck affecting deliveries,"[np.str_('US Gulf Coast'), np.str_('North Sea'), np.str_('Middle East')]",2,market_calibrated_advanced,0.79,True,False,200.0
2024-09-29 19:26:16,2024-09-29,infrastructure,New pipeline capacity comes online in Red Sea,low,1,0.43889999999999996,71.3,Improves supply chain efficiency,[np.str_('Middle East')],11,market_calibrated_advanced,0.81,True,True,160.0
2024-09-30 08:38:03,2024-09-30,production_policy,Iran output disrupted by weather at Ghawar,critical,4,1.0,253.4,Temporary supply reduction,"[np.str_('Global'), np.str_('Middle East')]",23,market_calibrated_advanced,0.91,True,False,200.0
2024-09-30 17:51:04,2024-09-30,sanctions,OFAC issues new compliance guidance for oil transactions,high,3,1.0,133.0,Increases compliance costs and due diligence,"[np.str_('Middle East'), np.str_('Caspian Region')]",25,market_calibrated_advanced,0.94,True,False,200.0
2024-10-01 03:28:48,2024-10-01,inventory_report,Floating storage levels unchanged off South China Sea,high,3,0.678,84.5,Signal of market contango/backwardation,"[np.str_('Global'), np.str_('US Gulf Coast')]",1,market_calibrated_advanced,0.99,True,False,200.0
2024-10-01 13:07:28,2024-10-01,inventory_report,China crude inventories show lower trend,moderate,2,0.38780000000000003,44.8,Indicates demand trajectory in largest importer,"[np.str_('US Gulf Coast'), np.str_('Global')]",1,market_calibrated_advanced,0.7,True,True,160.0
2024-10-01 17:58:32,2024-10-01,inventory_report,Cushing storage levels approach operational minimum,high,3,0.661,98.7,Delivery point concerns for WTI contract,"[np.str_('US Gulf Coast'), np.str_('Global')]",4,market_calibrated_advanced,0.9,True,False,200.0
2024-10-02 09:44:28,2024-10-02,geopolitical_tension,Strategic reserve release coordinated by {alliance},critical,4,0.954,121.5,Temporary supply increase to calm markets,"[np.str_('Middle East'), np.str_('Asia Pacific'), np.str_('Global')]",7,market_calibrated_advanced,0.86,False,False,200.0
2024-10-02 19:35:12,2024-10-02,trade_flow_disruption,Tanker tracking shows unchanged flows to Russia,high,3,1.0,252.1,Indicates trade pattern shifts,"[np.str_('South China Sea'), np.str_('Strait of Hormuz')]",10,market_calibrated_advanced,0.77,True,False,200.0
2024-10-03 21:42:18,2024-10-03,production_policy,Non-OPEC production growth revised higher,high,3,1.0,296.2,Shifts market share expectations,"[np.str_('Global'), np.str_('Middle East')]",18,market_calibrated_advanced,0.97,False,False,200.0
2024-10-03 22:55:52,2024-10-03,infrastructure,Refinery outage reduces crude demand in Middle East,high,3,0.947,92.5,Reduces crude intake temporarily,"[np.str_('North Sea'), np.str_('US Gulf Coast'), np.str_('Middle East')]",8,market_calibrated_advanced,0.84,True,False,200.0
2024-10-04 01:29:31,2024-10-04,inventory_report,China crude inventories show higher trend,moderate,2,0.38780000000000003,30.6,Indicates demand trajectory in largest importer,"[np.str_('US Gulf Coast'), np.str_('Global')]",2,market_calibrated_advanced,0.74,False,True,160.0
2024-10-04 08:47:40,2024-10-04,inventory_report,EIA reports unchanged crude inventory of 1512M barrels,moderate,2,0.604,54.7,Weekly fundamental data point,[np.str_('US Gulf Coast')],2,market_calibrated_advanced,0.74,True,False,200.0
2024-10-05 05:35:40,2024-10-05,trade_flow_disruption,Tanker tracking shows unchanged flows to Libya,high,3,1.0,69.8,Indicates trade pattern shifts,"[np.str_('Strait of Hormuz'), np.str_('South China Sea')]",17,market_calibrated_advanced,0.99,True,False,200.0
2024-10-06 18:50:42,2024-10-06,inventory_report,China crude inventories show unchanged trend,high,3,0.606,30.4,Indicates demand trajectory in largest importer,[np.str_('Global')],3,market_calibrated_advanced,0.7,True,False,200.0
2024-10-08 00:47:38,2024-10-08,inventory_report,Cushing storage levels approach operational minimum,high,3,0.58,29.6,Delivery point concerns for WTI contract,[np.str_('Global')],3,market_calibrated_advanced,0.9,True,False,200.0
2024-10-08 16:15:58,2024-10-08,inventory_report,EIA reports unchanged crude inventory of 1201M barrels,low,1,0.3689,27.7,Weekly fundamental data point,[np.str_('Global')],2,market_calibrated_advanced,0.83,True,True,160.0
2024-10-10 04:55:43,2024-10-10,inventory_report,China crude inventories show lower trend,high,3,0.614,33.3,Indicates demand trajectory in largest importer,[np.str_('Global')],1,market_calibrated_advanced,0.78,True,False,200.0
2024-10-12 17:43:04,2024-10-12,inventory_report,Floating storage levels higher off Caspian Region,high,3,0.556,81.0,Signal of market contango/backwardation,"[np.str_('Global'), np.str_('US Gulf Coast')]",4,market_calibrated_advanced,0.84,False,False,200.0
2024-10-12 21:47:36,2024-10-12,inventory_report,EIA reports lower crude inventory of 971M barrels,moderate,2,0.638,63.7,Weekly fundamental data point,[np.str_('Global')],1,market_calibrated_advanced,0.97,True,False,200.0
2024-10-14 03:32:49,2024-10-14,geopolitical_tension,Trade negotiations impact South China Sea energy imports,moderate,2,0.5186999999999999,123.9,Trade policy uncertainty affects flows,"[np.str_('Middle East'), np.str_('Asia Pacific'), np.str_('Global')]",26,market_calibrated_advanced,0.96,True,True,160.0
2024-10-14 06:03:44,2024-10-14,production_policy,Non-OPEC production growth revised higher,moderate,2,1.0,230.8,Shifts market share expectations,"[np.str_('Global'), np.str_('Middle East')]",23,market_calibrated_advanced,0.8,True,False,199.0
2024-10-14 11:09:23,2024-10-14,geopolitical_tension,Trade negotiations impact US Gulf Coast energy imports,moderate,2,1.0,149.7,Trade policy uncertainty affects flows,"[np.str_('Asia Pacific'), np.str_('Middle East'), np.str_('Global')]",23,market_calibrated_advanced,0.89,False,False,199.0
2024-10-14 12:25:39,2024-10-14,geopolitical_tension,Strategic reserve release coordinated by {alliance},high,3,0.913,124.0,Temporary supply increase to calm markets,"[np.str_('Asia Pacific'), np.str_('Global')]",36,market_calibrated_advanced,1.0,True,False,199.0
2024-10-14 14:06:47,2024-10-14,production_policy,OPEC+ agrees to adjust production by 1315 kb/d,high,3,0.6678,133.9,Direct impact on global supply-demand balance,[np.str_('Global')],55,market_calibrated_advanced,0.83,True,True,160.0
2024-10-15 02:51:17,2024-10-15,geopolitical_tension,Energy security summit addresses West Africa supply concerns,high,3,0.967,119.5,Coordinated response to supply risks,"[np.str_('Asia Pacific'), np.str_('Middle East'), np.str_('Global')]",26,market_calibrated_advanced,0.93,True,False,200.0
2024-10-15 08:17:37,2024-10-15,production_policy,Venezuela announces voluntary production cut extension,critical,4,1.0,145.8,Tightens supply outlook,"[np.str_('Middle East'), np.str_('Global')]",42,market_calibrated_advanced,0.94,True,False,200.0
2024-10-16 10:45:58,2024-10-16,inventory_report,Cushing storage levels approach operational minimum,high,3,0.568,36.4,Delivery point concerns for WTI contract,[np.str_('Global')],3,market_calibrated_advanced,0.91,True,False,200.0
2024-10-17 21:32:10,2024-10-17,geopolitical_tension,Strategic reserve release coordinated by {alliance},critical,4,1.0,200.7,Temporary supply increase to calm markets,"[np.str_('Asia Pacific'), np.str_('Middle East')]",27,market_calibrated_advanced,0.8,True,False,200.0
2024-10-19 02:50:55,2024-10-19,production_policy,UAE announces voluntary production cut extension,high,3,1.0,158.2,Tightens supply outlook,[np.str_('Global')],47,market_calibrated_advanced,0.89,True,False,197.0
2024-10-19 08:17:21,2024-10-19,sanctions,US imposes new sanctions on Saudi Arabia oil sector,high,3,1.0,368.7,"Tightens global supply, redirects trade flows",[np.str_('Caspian Region')],66,market_calibrated_advanced,0.84,True,False,197.0
2024-10-20 18:04:55,2024-10-20,geopolitical_tension,Strategic reserve release coordinated by {alliance},critical,4,1.0,238.4,Temporary supply increase to calm markets,"[np.str_('Asia Pacific'), np.str_('Middle East'), np.str_('Global')]",23,market_calibrated_advanced,0.89,True,False,200.0
2024-10-20 20:22:12,2024-10-20,infrastructure,Refinery outage reduces crude demand in Middle East,high,3,0.825,154.4,Reduces crude intake temporarily,[np.str_('Middle East')],10,market_calibrated_advanced,0.73,True,False,200.0
2024-10-22 02:54:30,2024-10-22,sanctions,US imposes new sanctions on Iraq oil sector,critical,4,1.0,222.8,"Tightens global supply, redirects trade flows",[np.str_('Caspian Region')],42,market_calibrated_advanced,0.97,True,False,200.0
2024-10-22 21:38:18,2024-10-22,sanctions,Secondary sanctions threatened for Venezuela oil traders,critical,4,0.7,88.0,Disrupts payment systems and shipping insurance,"[np.str_('Global'), np.str_('Middle East')]",58,market_calibrated_advanced,0.88,True,True,160.0
2024-10-24 09:55:44,2024-10-24,inventory_report,China crude inventories show higher trend,high,3,0.673,24.2,Indicates demand trajectory in largest importer,"[np.str_('US Gulf Coast'), np.str_('Global')]",3,market_calibrated_advanced,0.91,True,False,200.0
2024-10-24 17:51:13,2024-10-24,inventory_report,EIA reports higher crude inventory of 1576M barrels,low,1,0.3171,37.7,Weekly fundamental data point,"[np.str_('Global'), np.str_('US Gulf Coast')]",2,market_calibrated_advanced,0.89,True,True,160.0
2024-10-25 08:43:55,2024-10-25,production_policy,European Union announces voluntary production cut extension,critical,4,1.0,240.3,Tightens supply outlook,[np.str_('Middle East')],32,market_calibrated_advanced,0.8,True,False,200.0
2024-10-26 07:28:22,2024-10-26,geopolitical_tension,Energy security summit addresses West Africa supply concerns,moderate,2,0.5859,152.0,Coordinated response to supply risks,[np.str_('Middle East')],44,market_calibrated_advanced,0.93,True,True,160.0
2024-10-26 09:51:05,2024-10-26,inventory_report,EIA reports unchanged crude inventory of 556M barrels,low,1,0.3633,48.8,Weekly fundamental data point,[np.str_('US Gulf Coast')],4,market_calibrated_advanced,0.76,True,True,160.0
2024-10-26 10:46:37,2024-10-26,inventory_report,China crude inventories show unchanged trend,high,3,0.555,72.2,Indicates demand trajectory in largest importer,[np.str_('Global')],4,market_calibrated_advanced,0.9,True,False,200.0
2024-10-26 14:14:53,2024-10-26,geopolitical_tension,Energy security summit addresses South China Sea supply concerns,high,3,0.969,108.6,Coordinated response to supply risks,"[np.str_('Asia Pacific'), np.str_('Middle East'), np.str_('Global')]",22,market_calibrated_advanced,0.87,True,False,200.0
2024-10-26 14:45:08,2024-10-26,infrastructure,Major pipeline maintenance reduces Latin America flows by 1928,moderate,2,0.957,88.0,Temporary but planned supply reduction,[np.str_('North Sea')],2,market_calibrated_advanced,0.89,True,False,200.0
2024-10-29 09:38:08,2024-10-29,trade_flow_disruption,Tanker tracking shows higher flows to Russia,moderate,2,0.6145999999999999,58.1,Indicates trade pattern shifts,[np.str_('Red Sea')],17,market_calibrated_advanced,0.87,True,True,157.0
2024-10-29 16:43:55,2024-10-29,trade_flow_disruption,Port restrictions impact Venezuela crude exports,high,3,1.0,189.4,Physical supply bottleneck,[np.str_('Strait of Hormuz')],6,market_calibrated_advanced,0.71,True,False,196.0
2024-10-29 17:39:43,2024-10-29,production_policy,Iraq announces voluntary production cut extension,high,3,0.6971999999999999,81.5,Tightens supply outlook,"[np.str_('Global'), np.str_('Middle East')]",47,market_calibrated_advanced,0.9,True,True,157.0
2024-10-29 21:28:45,2024-10-29,production_policy,India output disrupted by technical issues at Burgan,high,3,1.0,238.0,Temporary supply reduction,"[np.str_('Global'), np.str_('Middle East')]",44,market_calibrated_advanced,0.74,True,False,196.0
2024-10-30 07:06:35,2024-10-30,trade_flow_disruption,Insurance premiums surge for West Africa tanker transits,critical,4,1.0,188.0,"Increases shipping costs, may deter voyages","[np.str_('Strait of Hormuz'), np.str_('Red Sea'), np.str_('South China Sea')]",5,market_calibrated_advanced,0.87,False,False,200.0
2024-10-30 16:45:14,2024-10-30,geopolitical_tension,Strategic reserve release coordinated by {alliance},critical,4,0.919,156.3,Temporary supply increase to calm markets,[np.str_('Global')],18,market_calibrated_advanced,0.85,True,False,200.0
2024-10-31 13:31:08,2024-10-31,infrastructure,Major pipeline maintenance reduces US Gulf Coast flows by 848,low,1,0.4795,118.7,Temporary but planned supply reduction,[np.str_('US Gulf Coast')],4,market_calibrated_advanced,0.91,True,True,160.0
2024-10-31 16:08:01,2024-10-31,infrastructure,Port congestion delays 39 tankers at Houston,high,3,0.981,97.3,Logistical bottleneck affecting deliveries,"[np.str_('Middle East'), np.str_('North Sea'), np.str_('US Gulf Coast')]",6,market_calibrated_advanced,1.0,True,False,200.0
2024-11-02 22:13:18,2024-11-02,inventory_report,Floating storage levels unchanged off Strait of Hormuz,high,3,0.646,58.9,Signal of market contango/backwardation,"[np.str_('Global'), np.str_('US Gulf Coast')]",1,market_calibrated_advanced,0.98,True,False,200.0
2024-11-04 16:40:25,2024-11-04,trade_flow_disruption,Tanker tracking shows unchanged flows to Libya,moderate,2,1.0,131.4,Indicates trade pattern shifts,[np.str_('Red Sea')],11,market_calibrated_advanced,0.98,True,False,200.0
2024-11-06 21:46:35,2024-11-06,inventory_report,Cushing storage levels approach operational minimum,moderate,2,0.653,25.5,Delivery point concerns for WTI contract,[np.str_('US Gulf Coast')],3,market_calibrated_advanced,0.92,True,False,197.0
2024-11-06 22:09:53,2024-11-06,production_policy,Libya announces voluntary production cut extension,high,3,1.0,103.1,Tightens supply outlook,"[np.str_('Middle East'), np.str_('Global')]",8,market_calibrated_advanced,0.81,True,False,197.0
2024-11-07 00:18:30,2024-11-07,geopolitical_tension,Strategic reserve release coordinated by {alliance},critical,4,0.907,156.0,Temporary supply increase to calm markets,"[np.str_('Global'), np.str_('Asia Pacific'), np.str_('Middle East')]",26,market_calibrated_advanced,0.82,True,False,200.0
2024-11-07 07:22:06,2024-11-07,trade_flow_disruption,Shipping lane disruption near Malacca Strait,critical,4,0.6391,64.1,"Forces rerouting, increases transit times","[np.str_('South China Sea'), np.str_('Strait of Hormuz')]",6,market_calibrated_advanced,0.76,True,True,160.0
2024-11-07 18:29:40,2024-11-07,trade_flow_disruption,Shipping lane disruption near Strait of Hormuz,extreme,5,1.0,241.1,"Forces rerouting, increases transit times","[np.str_('Red Sea'), np.str_('Strait of Hormuz')]",3,market_calibrated_advanced,0.8,True,False,200.0
2024-11-08 14:35:51,2024-11-08,inventory_report,Floating storage levels lower off US Gulf Coast,moderate,2,0.378,55.5,Signal of market contango/backwardation,[np.str_('US Gulf Coast')],3,market_calibrated_advanced,0.97,True,True,160.0
2024-11-08 14:39:17,2024-11-08,inventory_report,EIA reports higher crude inventory of 691M barrels,moderate,2,0.628,91.7,Weekly fundamental data point,"[np.str_('Global'), np.str_('US Gulf Coast')]",1,market_calibrated_advanced,0.71,True,False,200.0
2024-11-09 19:53:05,2024-11-09,inventory_report,China crude inventories show unchanged trend,high,3,0.508,93.9,Indicates demand trajectory in largest importer,[np.str_('US Gulf Coast')],2,market_calibrated_advanced,0.93,True,False,200.0
2024-11-09 21:46:16,2024-11-09,inventory_report,Floating storage levels lower off Middle East,moderate,2,0.35,50.5,Signal of market contango/backwardation,[np.str_('Global')],2,market_calibrated_advanced,0.79,True,True,160.0
2024-11-10 02:23:11,2024-11-10,inventory_report,Floating storage levels higher off North Sea,high,3,0.592,90.3,Signal of market contango/backwardation,"[np.str_('US Gulf Coast'), np.str_('Global')]",3,market_calibrated_advanced,0.72,True,False,200.0
2024-11-10 20:55:53,2024-11-10,inventory_report,EIA reports lower crude inventory of 1454M barrels,low,1,0.38430000000000003,79.9,Weekly fundamental data point,[np.str_('Global')],1,market_calibrated_advanced,0.99,True,True,160.0
2024-11-11 02:26:10,2024-11-11,infrastructure,Major pipeline maintenance reduces South China Sea flows by 752,moderate,2,0.804,66.4,Temporary but planned supply reduction,"[np.str_('US Gulf Coast'), np.str_('Middle East')]",5,market_calibrated_advanced,0.9,True,False,200.0
2024-11-11 03:15:17,2024-11-11,inventory_report,China crude inventories show higher trend,high,3,0.61,62.7,Indicates demand trajectory in largest importer,"[np.str_('US Gulf Coast'), np.str_('Global')]",4,market_calibrated_advanced,0.72,True,False,200.0
2024-11-13 06:40:43,2024-11-13,geopolitical_tension,Energy security summit addresses North Africa supply concerns,moderate,2,0.911,97.4,Coordinated response to supply risks,"[np.str_('Asia Pacific'), np.str_('Global'), np.str_('Middle East')]",8,market_calibrated_advanced,0.78,True,False,197.0
2024-11-13 09:37:54,2024-11-13,geopolitical_tension,Strategic reserve release coordinated by {alliance},high,3,0.9,153.6,Temporary supply increase to calm markets,"[np.str_('Asia Pacific'), np.str_('Global')]",6,market_calibrated_advanced,0.76,True,False,197.0
2024-11-15 05:23:54,2024-11-15,inventory_report,Cushing storage levels approach operational minimum,moderate,2,0.559,76.1,Delivery point concerns for WTI contract,"[np.str_('US Gulf Coast'), np.str_('Global')]",1,market_calibrated_advanced,0.9,True,False,196.0
2024-11-15 09:56:53,2024-11-15,inventory_report,China crude inventories show unchanged trend,moderate,2,0.527,51.1,Indicates demand trajectory in largest importer,[np.str_('Global')],1,market_calibrated_advanced,0.7,False,False,196.0
2024-11-15 11:15:17,2024-11-15,infrastructure,New pipeline capacity comes online in West Africa,low,1,0.818,57.0,Improves supply chain efficiency,"[np.str_('North Sea'), np.str_('Middle East')]",4,market_calibrated_advanced,0.81,True,False,196.0
2024-11-17 00:23:11,2024-11-17,sanctions,EU extends sanctions framework on Russia energy exports,critical,4,1.0,372.4,Reduces available supply to European markets,"[np.str_('Middle East'), np.str_('Caspian Region')]",49,market_calibrated_advanced,0.7,True,False,200.0
2024-11-17 05:00:56,2024-11-17,military_conflict,Missile attack on India port facility,extreme,5,1.0,810.3,Direct damage to export infrastructure,"[np.str_('Strait of Hormuz'), np.str_('North Africa')]",29,market_calibrated_advanced,0.88,True,False,200.0
2024-11-18 07:04:48,2024-11-18,sanctions,EU extends sanctions framework on Nigeria energy exports,critical,4,1.0,395.6,Reduces available supply to European markets,[np.str_('Middle East')],27,market_calibrated_advanced,0.74,True,False,200.0
2024-11-19 05:31:37,2024-11-19,military_conflict,Military escalation near Middle East oil facilities,extreme,5,1.0,462.7,Threatens regional production and transit,[np.str_('North Africa')],11,market_calibrated_advanced,0.71,True,False,200.0
2024-11-20 12:23:16,2024-11-20,trade_flow_disruption,Insurance premiums surge for North Africa tanker transits,high,3,0.5599999999999999,232.4,"Increases shipping costs, may deter voyages",[np.str_('Red Sea')],3,market_calibrated_advanced,0.78,True,True,160.0
2024-11-20 15:43:51,2024-11-20,trade_flow_disruption,Insurance premiums surge for South China Sea tanker transits,critical,4,1.0,268.3,"Increases shipping costs, may deter voyages","[np.str_('Red Sea'), np.str_('Strait of Hormuz'), np.str_('South China Sea')]",14,market_calibrated_advanced,0.72,False,False,200.0
2024-11-21 01:05:43,2024-11-21,trade_flow_disruption,Insurance premiums surge for Strait of Hormuz tanker transits,critical,4,1.0,250.5,"Increases shipping costs, may deter voyages",[np.str_('Red Sea')],7,market_calibrated_advanced,0.73,True,False,200.0
2024-11-21 03:05:53,2024-11-21,geopolitical_tension,Trade negotiations impact Global energy imports,moderate,2,0.5768,126.7,Trade policy uncertainty affects flows,"[np.str_('Asia Pacific'), np.str_('Global'), np.str_('Middle East')]",10,market_calibrated_advanced,0.89,True,True,160.0
2024-11-21 16:41:43,2024-11-21,inventory_report,China crude inventories show unchanged trend,high,3,0.542,94.8,Indicates demand trajectory in largest importer,[np.str_('US Gulf Coast')],2,market_calibrated_advanced,0.92,True,False,200.0
2024-11-21 18:57:25,2024-11-21,inventory_report,Floating storage levels unchanged off Caspian Region,high,3,0.69,25.1,Signal of market contango/backwardation,[np.str_('Global')],1,market_calibrated_advanced,0.8,False,False,200.0
2024-11-21 22:43:01,2024-11-21,geopolitical_tension,Diplomatic tensions escalate between China and China,critical,4,0.959,120.9,Risk premium increases on supply disruption fears,[np.str_('Middle East')],7,market_calibrated_advanced,0.77,True,False,200.0
2024-11-23 11:58:08,2024-11-23,inventory_report,EIA reports higher crude inventory of 838M barrels,moderate,2,0.516,58.8,Weekly fundamental data point,[np.str_('Global')],2,market_calibrated_advanced,0.73,True,False,200.0
2024-11-24 08:07:19,2024-11-24,production_policy,Iran output disrupted by pipeline rupture at Khurais,critical,4,1.0,83.7,Temporary supply reduction,"[np.str_('Global'), np.str_('Middle East')]",30,market_calibrated_advanced,0.82,True,False,200.0
2024-11-25 09:41:56,2024-11-25,geopolitical_tension,Energy security summit addresses Asia Pacific supply concerns,moderate,2,0.6202,80.1,Coordinated response to supply risks,"[np.str_('Asia Pacific'), np.str_('Middle East'), np.str_('Global')]",15,market_calibrated_advanced,0.98,True,True,160.0
2024-11-25 19:05:36,2024-11-25,inventory_report,Cushing storage levels approach operational minimum,high,3,0.502,54.8,Delivery point concerns for WTI contract,"[np.str_('Global'), np.str_('US Gulf Coast')]",4,market_calibrated_advanced,0.77,True,False,200.0
2024-11-25 22:18:31,2024-11-25,geopolitical_tension,Diplomatic tensions escalate between OPEC+ and USA,critical,4,0.954,201.2,Risk premium increases on supply disruption fears,"[np.str_('Middle East'), np.str_('Asia Pacific'), np.str_('Global')]",14,market_calibrated_advanced,0.84,True,False,200.0
2024-11-26 04:43:02,2024-11-26,inventory_report,China crude inventories show lower trend,high,3,0.674,67.6,Indicates demand trajectory in largest importer,"[np.str_('Global'), np.str_('US Gulf Coast')]",3,market_calibrated_advanced,0.8,True,False,200.0
2024-11-27 01:18:11,2024-11-27,inventory_report,Cushing storage levels approach operational minimum,high,3,0.692,76.0,Delivery point concerns for WTI contract,[np.str_('US Gulf Coast')],4,market_calibrated_advanced,0.96,True,False,200.0
2024-11-28 02:43:14,2024-11-28,inventory_report,China crude inventories show unchanged trend,high,3,0.635,32.7,Indicates demand trajectory in largest importer,"[np.str_('Global'), np.str_('US Gulf Coast')]",4,market_calibrated_advanced,0.85,True,False,200.0
2024-11-28 08:51:41,2024-11-28,trade_flow_disruption,Shipping lane disruption near Suez Canal,extreme,5,1.0,247.7,"Forces rerouting, increases transit times","[np.str_('Strait of Hormuz'), np.str_('South China Sea'), np.str_('Red Sea')]",16,market_calibrated_advanced,0.74,True,False,200.0
2024-12-01 07:12:05,2024-12-01,production_policy,Nigeria output disrupted by pipeline rupture at Khurais,high,3,0.7,208.2,Temporary supply reduction,"[np.str_('Middle East'), np.str_('Global')]",45,market_calibrated_advanced,0.87,True,True,158.0
2024-12-01 11:57:52,2024-12-01,production_policy,Venezuela announces voluntary production cut extension,high,3,1.0,267.7,Tightens supply outlook,[np.str_('Middle East')],48,market_calibrated_advanced,0.83,True,False,198.0
2024-12-01 20:30:15,2024-12-01,infrastructure,Port congestion delays 6 tankers at Houston,moderate,2,0.942,140.1,Logistical bottleneck affecting deliveries,"[np.str_('Middle East'), np.str_('US Gulf Coast')]",13,market_calibrated_advanced,0.76,True,False,198.0
2024-12-02 21:38:49,2024-12-02,geopolitical_tension,Trade negotiations impact Middle East energy imports,high,3,0.995,110.3,Trade policy uncertainty affects flows,[np.str_('Global')],31,market_calibrated_advanced,0.83,True,False,200.0
2024-12-05 03:17:14,2024-12-05,sanctions,EU extends sanctions framework on European Union energy exports,high,3,0.7,267.1,Reduces available supply to European markets,"[np.str_('Middle East'), np.str_('Caspian Region')]",39,market_calibrated_advanced,0.87,True,True,160.0
2024-12-05 04:10:08,2024-12-05,trade_flow_disruption,Tanker tracking shows unchanged flows to Iraq,high,3,1.0,152.9,Indicates trade pattern shifts,"[np.str_('South China Sea'), np.str_('Strait of Hormuz'), np.str_('Red Sea')]",7,market_calibrated_advanced,0.97,True,False,200.0
2024-12-05 06:35:35,2024-12-05,sanctions,Sanctions waiver negotiations for OPEC+ oil exports,critical,4,1.0,257.4,Potential for supply increase if granted,"[np.str_('Global'), np.str_('Caspian Region'), np.str_('Middle East')]",79,market_calibrated_advanced,0.8,True,False,200.0
2024-12-05 06:45:57,2024-12-05,military_conflict,Naval incident near Strait of Hormuz shipping lane,extreme,5,1.0,935.8,Risk to major transit chokepoint,[np.str_('Strait of Hormuz')],29,market_calibrated_advanced,0.86,True,False,200.0
2024-12-05 15:19:41,2024-12-05,inventory_report,Cushing storage levels approach operational minimum,high,3,0.557,23.5,Delivery point concerns for WTI contract,"[np.str_('Global'), np.str_('US Gulf Coast')]",4,market_calibrated_advanced,0.89,True,False,200.0
2024-12-05 20:37:24,2024-12-05,sanctions,Secondary sanctions threatened for Russia oil traders,extreme,5,1.0,351.0,Disrupts payment systems and shipping insurance,"[np.str_('Middle East'), np.str_('Caspian Region'), np.str_('Global')]",34,market_calibrated_advanced,0.73,True,False,200.0
2024-12-06 06:28:30,2024-12-06,inventory_report,Cushing storage levels approach operational minimum,high,3,0.661,50.2,Delivery point concerns for WTI contract,[np.str_('Global')],1,market_calibrated_advanced,0.92,False,False,200.0
2024-12-06 07:01:17,2024-12-06,inventory_report,China crude inventories show unchanged trend,moderate,2,0.3787,65.5,Indicates demand trajectory in largest importer,"[np.str_('US Gulf Coast'), np.str_('Global')]",4,market_calibrated_advanced,0.79,True,True,160.0
2024-12-06 14:27:36,2024-12-06,infrastructure,New pipeline capacity comes online in North Sea,moderate,2,0.853,87.9,Improves supply chain efficiency,"[np.str_('US Gulf Coast'), np.str_('North Sea')]",9,market_calibrated_advanced,0.79,True,False,200.0
2024-12-07 13:10:14,2024-12-07,production_policy,OPEC+ output disrupted by pipeline rupture at Khurais,critical,4,1.0,199.0,Temporary supply reduction,"[np.str_('Middle East'), np.str_('Global')]",44,market_calibrated_advanced,0.81,True,False,200.0
2024-12-07 22:54:04,2024-12-07,production_policy,Non-OPEC production growth revised lower,moderate,2,0.7,156.5,Shifts market share expectations,"[np.str_('Global'), np.str_('Middle East')]",41,market_calibrated_advanced,0.79,True,True,160.0
2024-12-09 01:08:43,2024-12-09,inventory_report,Floating storage levels lower off Red Sea,high,3,0.632,47.3,Signal of market contango/backwardation,"[np.str_('US Gulf Coast'), np.str_('Global')]",1,market_calibrated_advanced,0.81,True,False,200.0
2024-12-09 10:22:54,2024-12-09,sanctions,Sanctions waiver negotiations for India oil exports,critical,4,1.0,221.2,Potential for supply increase if granted,"[np.str_('Global'), np.str_('Caspian Region')]",24,market_calibrated_advanced,0.85,True,False,200.0
2024-12-09 18:29:24,2024-12-09,sanctions,OFAC issues new compliance guidance for oil transactions,moderate,2,0.7,282.4,Increases compliance costs and due diligence,"[np.str_('Global'), np.str_('Caspian Region'), np.str_('Middle East')]",32,market_calibrated_advanced,0.79,True,True,160.0
2024-12-10 05:08:49,2024-12-10,inventory_report,EIA reports lower crude inventory of 100M barrels,moderate,2,0.54,56.3,Weekly fundamental data point,"[np.str_('Global'), np.str_('US Gulf Coast')]",2,market_calibrated_advanced,0.82,True,False,200.0
2024-12-10 07:41:54,2024-12-10,trade_flow_disruption,Shipping lane disruption near Bab el-Mandeb,extreme,5,1.0,85.1,"Forces rerouting, increases transit times","[np.str_('South China Sea'), np.str_('Strait of Hormuz'), np.str_('Red Sea')]",4,market_calibrated_advanced,0.75,True,False,200.0
2024-12-10 09:02:08,2024-12-10,inventory_report,Cushing storage levels approach operational minimum,moderate,2,0.2884,43.8,Delivery point concerns for WTI contract,"[np.str_('US Gulf Coast'), np.str_('Global')]",4,market_calibrated_advanced,0.87,True,True,160.0
2024-12-11 07:41:24,2024-12-11,geopolitical_tension,Energy security summit addresses Latin America supply concerns,high,3,0.923,90.6,Coordinated response to supply risks,[np.str_('Global')],39,market_calibrated_advanced,0.95,True,False,200.0
2024-12-12 01:17:13,2024-12-12,inventory_report,EIA reports higher crude inventory of 290M barrels,moderate,2,0.607,61.9,Weekly fundamental data point,"[np.str_('Global'), np.str_('US Gulf Coast')]",4,market_calibrated_advanced,0.98,True,False,200.0
2024-12-14 00:38:05,2024-12-14,inventory_report,China crude inventories show lower trend,high,3,0.606,56.9,Indicates demand trajectory in largest importer,"[np.str_('US Gulf Coast'), np.str_('Global')]",3,market_calibrated_advanced,0.88,True,False,200.0
2024-12-17 01:22:43,2024-12-17,geopolitical_tension,Strategic reserve release coordinated by {alliance},high,3,0.967,203.4,Temporary supply increase to calm markets,"[np.str_('Global'), np.str_('Middle East')]",20,market_calibrated_advanced,0.74,True,False,194.0
2024-12-17 08:48:20,2024-12-17,inventory_report,Floating storage levels higher off Global,moderate,2,0.641,82.7,Signal of market contango/backwardation,[np.str_('Global')],3,market_calibrated_advanced,0.86,True,False,194.0
2024-12-18 17:47:10,2024-12-18,inventory_report,Floating storage levels higher off South China Sea,high,3,0.554,45.8,Signal of market contango/backwardation,[np.str_('Global')],2,market_calibrated_advanced,0.84,True,False,200.0
2024-12-20 09:23:46,2024-12-20,inventory_report,China crude inventories show higher trend,moderate,2,0.529,34.9,Indicates demand trajectory in largest importer,"[np.str_('Global'), np.str_('US Gulf Coast')]",1,market_calibrated_advanced,0.94,True,False,199.0
2024-12-20 19:48:18,2024-12-20,inventory_report,Floating storage levels lower off Latin America,moderate,2,0.642,67.9,Signal of market contango/backwardation,[np.str_('Global')],4,market_calibrated_advanced,0.99,True,False,199.0
2024-12-21 07:41:38,2024-12-21,geopolitical_tension,Energy security summit addresses Strait of Hormuz supply concerns,high,3,0.995,188.6,Coordinated response to supply risks,[np.str_('Middle East')],7,market_calibrated_advanced,0.95,True,False,200.0
2024-12-22 08:18:21,2024-12-22,infrastructure,Major pipeline maintenance reduces Strait of Hormuz flows by 1444,moderate,2,0.93,76.0,Temporary but planned supply reduction,[np.str_('North Sea')],4,market_calibrated_advanced,0.74,True,False,200.0
2024-12-22 12:49:40,2024-12-22,sanctions,OFAC issues new compliance guidance for oil transactions,moderate,2,0.7,292.0,Increases compliance costs and due diligence,"[np.str_('Global'), np.str_('Middle East')]",54,market_calibrated_advanced,0.94,True,True,160.0
2024-12-22 13:25:46,2024-12-22,sanctions,US imposes new sanctions on OPEC+ oil sector,critical,4,1.0,236.2,"Tightens global supply, redirects trade flows","[np.str_('Middle East'), np.str_('Global')]",16,market_calibrated_advanced,0.84,True,False,200.0
2024-12-23 16:09:48,2024-12-23,sanctions,OFAC issues new compliance guidance for oil transactions,high,3,1.0,282.1,Increases compliance costs and due diligence,"[np.str_('Middle East'), np.str_('Global')]",66,market_calibrated_advanced,0.91,True,False,200.0
2024-12-23 18:07:34,2024-12-23,trade_flow_disruption,Insurance premiums surge for North Africa tanker transits,critical,4,1.0,126.6,"Increases shipping costs, may deter voyages",[np.str_('South China Sea')],6,market_calibrated_advanced,0.96,True,False,200.0
2024-12-25 14:56:00,2024-12-25,production_policy,OPEC+ output disrupted by weather at Zuluf,critical,4,1.0,238.0,Temporary supply reduction,[np.str_('Global')],43,market_calibrated_advanced,0.89,True,False,200.0
2024-12-28 06:34:05,2024-12-28,inventory_report,Floating storage levels higher off Red Sea,high,3,0.522,59.9,Signal of market contango/backwardation,"[np.str_('Global'), np.str_('US Gulf Coast')]",3,market_calibrated_advanced,0.86,True,False,200.0
2024-12-28 11:18:56,2024-12-28,inventory_report,Floating storage levels lower off North Africa,high,3,0.621,36.1,Signal of market contango/backwardation,"[np.str_('US Gulf Coast'), np.str_('Global')]",4,market_calibrated_advanced,0.88,True,False,200.0
2024-12-28 20:15:55,2024-12-28,production_policy,OPEC+ announces voluntary production cut extension,critical,4,1.0,248.8,Tightens supply outlook,"[np.str_('Middle East'), np.str_('Global')]",35,market_calibrated_advanced,0.87,True,False,200.0
2024-12-30 12:40:47,2024-12-30,production_policy,Nigeria announces voluntary production cut extension,critical,4,1.0,205.4,Tightens supply outlook,[np.str_('Middle East')],32,market_calibrated_advanced,0.86,True,False,200.0
2025-01-03 16:37:18,2025-01-03,inventory_report,China crude inventories show unchanged trend,high,3,0.534,73.1,Indicates demand trajectory in largest importer,[np.str_('US Gulf Coast')],4,market_calibrated_advanced,0.78,True,False,200.0
2025-01-04 01:24:21,2025-01-04,inventory_report,EIA reports higher crude inventory of 863M barrels,moderate,2,0.535,72.3,Weekly fundamental data point,"[np.str_('US Gulf Coast'), np.str_('Global')]",4,market_calibrated_advanced,0.83,True,False,200.0
2025-01-04 08:44:41,2025-01-04,inventory_report,EIA reports higher crude inventory of 1052M barrels,moderate,2,0.556,64.9,Weekly fundamental data point,"[np.str_('US Gulf Coast'), np.str_('Global')]",1,market_calibrated_advanced,0.77,True,False,200.0
2025-01-05 10:09:28,2025-01-05,infrastructure,Port congestion delays 33 tankers at Novorossiysk,moderate,2,0.4711,57.1,Logistical bottleneck affecting deliveries,"[np.str_('North Sea'), np.str_('US Gulf Coast')]",11,market_calibrated_advanced,0.74,True,True,160.0
2025-01-05 22:32:53,2025-01-05,infrastructure,Refinery outage reduces crude demand in West Africa,high,3,0.862,150.2,Reduces crude intake temporarily,[np.str_('North Sea')],7,market_calibrated_advanced,0.85,True,False,200.0
2025-01-06 13:06:56,2025-01-06,inventory_report,Floating storage levels unchanged off Caspian Region,high,3,0.641,30.8,Signal of market contango/backwardation,"[np.str_('Global'), np.str_('US Gulf Coast')]",4,market_calibrated_advanced,0.89,True,False,200.0
2025-01-06 15:54:54,2025-01-06,inventory_report,Floating storage levels higher off North Africa,high,3,0.694,79.0,Signal of market contango/backwardation,[np.str_('US Gulf Coast')],4,market_calibrated_advanced,0.87,True,False,200.0
2025-01-06 19:09:00,2025-01-06,inventory_report,Cushing storage levels approach operational minimum,moderate,2,0.39829999999999993,59.6,Delivery point concerns for WTI contract,"[np.str_('Global'), np.str_('US Gulf Coast')]",2,market_calibrated_advanced,0.91,False,True,160.0
2025-01-07 02:17:06,2025-01-07,inventory_report,EIA reports unchanged crude inventory of 1196M barrels,low,1,0.3283,43.2,Weekly fundamental data point,"[np.str_('US Gulf Coast'), np.str_('Global')]",3,market_calibrated_advanced,0.72,False,True,160.0
2025-01-07 10:51:50,2025-01-07,inventory_report,Floating storage levels lower off South China Sea,moderate,2,0.3745,49.6,Signal of market contango/backwardation,[np.str_('US Gulf Coast')],3,market_calibrated_advanced,0.94,True,True,160.0
2025-01-07 17:38:41,2025-01-07,inventory_report,Cushing storage levels approach operational minimum,high,3,0.52,71.6,Delivery point concerns for WTI contract,"[np.str_('Global'), np.str_('US Gulf Coast')]",4,market_calibrated_advanced,0.8,True,False,200.0
2025-01-07 17:46:00,2025-01-07,inventory_report,EIA reports lower crude inventory of 1705M barrels,moderate,2,0.596,81.8,Weekly fundamental data point,"[np.str_('US Gulf Coast'), np.str_('Global')]",1,market_calibrated_advanced,0.87,True,False,200.0
2025-01-09 00:35:22,2025-01-09,sanctions,OFAC issues new compliance guidance for oil transactions,high,3,1.0,101.7,Increases compliance costs and due diligence,"[np.str_('Global'), np.str_('Caspian Region'), np.str_('Middle East')]",69,market_calibrated_advanced,0.91,True,False,200.0
2025-01-09 10:19:30,2025-01-09,production_policy,OPEC+ output disrupted by pipeline rupture at Ghawar,critical,4,1.0,142.9,Temporary supply reduction,"[np.str_('Global'), np.str_('Middle East')]",22,market_calibrated_advanced,0.9,True,False,200.0
2025-01-10 01:26:44,2025-01-10,inventory_report,EIA reports unchanged crude inventory of 676M barrels,moderate,2,0.501,50.3,Weekly fundamental data point,"[np.str_('US Gulf Coast'), np.str_('Global')]",4,market_calibrated_advanced,0.97,True,False,200.0
2025-01-11 02:30:29,2025-01-11,production_policy,OPEC+ agrees to adjust production by 229 kb/d,critical,4,1.0,194.9,Direct impact on global supply-demand balance,"[np.str_('Global'), np.str_('Middle East')]",44,market_calibrated_advanced,0.92,True,False,200.0
2025-01-11 07:09:33,2025-01-11,infrastructure,Refinery outage reduces crude demand in Red Sea,high,3,0.823,96.7,Reduces crude intake temporarily,"[np.str_('North Sea'), np.str_('Middle East'), np.str_('US Gulf Coast')]",4,market_calibrated_advanced,0.83,True,False,200.0
2025-01-11 07:34:52,2025-01-11,production_policy,Iraq output disrupted by weather at Ghawar,high,3,0.7,172.8,Temporary supply reduction,[np.str_('Global')],25,market_calibrated_advanced,0.76,True,True,160.0
2025-01-12 04:20:30,2025-01-12,inventory_report,Cushing storage levels approach operational minimum,high,3,0.634,55.8,Delivery point concerns for WTI contract,"[np.str_('US Gulf Coast'), np.str_('Global')]",1,market_calibrated_advanced,0.89,True,False,200.0
2025-01-12 11:37:15,2025-01-12,inventory_report,Floating storage levels higher off Latin America,moderate,2,0.3864,79.5,Signal of market contango/backwardation,"[np.str_('Global'), np.str_('US Gulf Coast')]",3,market_calibrated_advanced,0.84,True,True,160.0
2025-01-13 11:12:43,2025-01-13,inventory_report,China crude inventories show unchanged trend,high,3,0.559,40.9,Indicates demand trajectory in largest importer,"[np.str_('Global'), np.str_('US Gulf Coast')]",4,market_calibrated_advanced,0.89,True,False,200.0
2025-01-15 02:43:04,2025-01-15,trade_flow_disruption,Insurance premiums surge for Global tanker transits,high,3,0.6054999999999999,61.1,"Increases shipping costs, may deter voyages",[np.str_('Strait of Hormuz')],7,market_calibrated_advanced,0.93,True,True,160.0
2025-01-15 08:13:20,2025-01-15,inventory_report,EIA reports unchanged crude inventory of 1982M barrels,moderate,2,0.61,84.5,Weekly fundamental data point,[np.str_('Global')],2,market_calibrated_advanced,0.96,True,False,200.0
2025-01-15 12:18:35,2025-01-15,trade_flow_disruption,Shipping lane disruption near Bab el-Mandeb,extreme,5,1.0,117.2,"Forces rerouting, increases transit times","[np.str_('South China Sea'), np.str_('Red Sea')]",14,market_calibrated_advanced,0.83,True,False,200.0
2025-01-17 01:58:43,2025-01-17,infrastructure,Port congestion delays 34 tankers at Houston,moderate,2,0.81,120.2,Logistical bottleneck affecting deliveries,"[np.str_('North Sea'), np.str_('US Gulf Coast')]",1,market_calibrated_advanced,0.93,True,False,199.0
2025-01-18 05:01:37,2025-01-18,production_policy,China output disrupted by power outage at Zuluf,critical,4,1.0,125.6,Temporary supply reduction,"[np.str_('Global'), np.str_('Middle East')]",58,market_calibrated_advanced,0.92,True,False,200.0
2025-01-19 01:50:23,2025-01-19,production_policy,OPEC+ announces voluntary production cut extension,critical,4,1.0,250.7,Tightens supply outlook,[np.str_('Middle East')],54,market_calibrated_advanced,0.87,True,False,200.0
2025-01-20 04:41:57,2025-01-20,inventory_report,EIA reports lower crude inventory of 1822M barrels,moderate,2,0.557,37.9,Weekly fundamental data point,[np.str_('US Gulf Coast')],2,market_calibrated_advanced,0.95,True,False,200.0
2025-01-20 08:17:01,2025-01-20,inventory_report,Floating storage levels higher off West Africa,high,3,0.629,90.0,Signal of market contango/backwardation,"[np.str_('US Gulf Coast'), np.str_('Global')]",2,market_calibrated_advanced,0.79,True,False,200.0
2025-01-27 18:52:31,2025-01-27,inventory_report,EIA reports lower crude inventory of 976M barrels,low,1,0.654,54.4,Weekly fundamental data point,"[np.str_('Global'), np.str_('US Gulf Coast')]",4,market_calibrated_advanced,0.72,True,False,193.0
2025-01-29 00:36:24,2025-01-29,inventory_report,EIA reports lower crude inventory of 618M barrels,low,1,0.691,54.8,Weekly fundamental data point,"[np.str_('US Gulf Coast'), np.str_('Global')]",2,market_calibrated_advanced,0.96,True,False,200.0
2025-01-29 07:18:06,2025-01-29,trade_flow_disruption,Insurance premiums surge for South China Sea tanker transits,high,3,1.0,268.7,"Increases shipping costs, may deter voyages","[np.str_('South China Sea'), np.str_('Red Sea')]",3,market_calibrated_advanced,0.86,True,False,200.0
2025-01-30 08:01:57,2025-01-30,inventory_report,EIA reports unchanged crude inventory of 438M barrels,moderate,2,0.525,99.7,Weekly fundamental data point,"[np.str_('US Gulf Coast'), np.str_('Global')]",4,market_calibrated_advanced,0.75,True,False,200.0
2025-02-01 03:06:22,2025-02-01,sanctions,Sanctions waiver negotiations for OPEC+ oil exports,high,3,1.0,103.5,Potential for supply increase if granted,"[np.str_('Global'), np.str_('Caspian Region')]",45,market_calibrated_advanced,0.95,False,False,199.0
2025-02-01 20:14:50,2025-02-01,geopolitical_tension,Strategic reserve release coordinated by {alliance},high,3,1.0,43.8,Temporary supply increase to calm markets,"[np.str_('Global'), np.str_('Asia Pacific'), np.str_('Middle East')]",30,market_calibrated_advanced,0.86,True,False,199.0
2025-02-03 07:41:16,2025-02-03,infrastructure,Major pipeline maintenance reduces Asia Pacific flows by 1878,moderate,2,0.85,137.8,Temporary but planned supply reduction,"[np.str_('Middle East'), np.str_('North Sea')]",9,market_calibrated_advanced,0.77,True,False,200.0
2025-02-03 14:13:26,2025-02-03,infrastructure,Major pipeline maintenance reduces Middle East flows by 431,moderate,2,0.992,80.3,Temporary but planned supply reduction,"[np.str_('North Sea'), np.str_('Middle East')]",2,market_calibrated_advanced,0.89,True,False,200.0
2025-02-04 09:58:57,2025-02-04,geopolitical_tension,Trade negotiations impact South China Sea energy imports,high,3,1.0,68.0,Trade policy uncertainty affects flows,"[np.str_('Asia Pacific'), np.str_('Middle East'), np.str_('Global')]",24,market_calibrated_advanced,0.83,True,False,200.0
2025-02-05 18:20:38,2025-02-05,trade_flow_disruption,Tanker tracking shows higher flows to Saudi Arabia,high,3,1.0,252.8,Indicates trade pattern shifts,"[np.str_('South China Sea'), np.str_('Strait of Hormuz'), np.str_('Red Sea')]",10,market_calibrated_advanced,0.75,True,False,200.0
2025-02-07 20:31:56,2025-02-07,geopolitical_tension,Diplomatic tensions escalate between Russia and Kuwait,high,3,0.909,209.2,Risk premium increases on supply disruption fears,[np.str_('Middle East')],16,market_calibrated_advanced,0.71,True,False,197.0
2025-02-10 06:43:16,2025-02-10,inventory_report,EIA reports lower crude inventory of 1324M barrels,moderate,2,0.561,86.2,Weekly fundamental data point,"[np.str_('Global'), np.str_('US Gulf Coast')]",1,market_calibrated_advanced,0.95,True,False,200.0
2025-02-13 10:21:40,2025-02-13,inventory_report,Cushing storage levels approach operational minimum,high,3,0.657,78.8,Delivery point concerns for WTI contract,[np.str_('Global')],2,market_calibrated_advanced,0.81,True,False,200.0
2025-02-16 20:28:29,2025-02-16,geopolitical_tension,Trade negotiations impact Asia Pacific energy imports,moderate,2,0.91,212.0,Trade policy uncertainty affects flows,"[np.str_('Global'), np.str_('Asia Pacific')]",5,market_calibrated_advanced,0.71,True,False,198.0
2025-02-17 09:57:42,2025-02-17,trade_flow_disruption,Insurance premiums surge for South China Sea tanker transits,critical,4,1.0,224.9,"Increases shipping costs, may deter voyages","[np.str_('Red Sea'), np.str_('Strait of Hormuz'), np.str_('South China Sea')]",13,market_calibrated_advanced,0.77,False,False,200.0
2025-02-18 15:53:19,2025-02-18,military_conflict,Military escalation near Strait of Hormuz oil facilities,extreme,5,1.0,796.1,Threatens regional production and transit,"[np.str_('Strait of Hormuz'), np.str_('North Africa'), np.str_('Middle East')]",23,market_calibrated_advanced,0.76,True,False,200.0
2025-02-18 20:53:10,2025-02-18,military_conflict,Drone attack targets Nigeria oil infrastructure,extreme,5,1.0,607.8,"Immediate supply risk, insurance premiums spike","[np.str_('North Africa'), np.str_('Strait of Hormuz')]",13,market_calibrated_advanced,0.83,True,False,200.0
2025-02-21 02:54:21,2025-02-21,sanctions,Secondary sanctions threatened for Libya oil traders,extreme,5,1.0,334.5,Disrupts payment systems and shipping insurance,"[np.str_('Middle East'), np.str_('Global'), np.str_('Caspian Region')]",70,market_calibrated_advanced,0.86,True,False,200.0
2025-02-21 15:17:18,2025-02-21,military_conflict,Naval incident near Strait of Hormuz shipping lane,extreme,5,1.0,602.1,Risk to major transit chokepoint,"[np.str_('Strait of Hormuz'), np.str_('North Africa'), np.str_('Middle East')]",19,market_calibrated_advanced,1.0,True,False,200.0
2025-02-21 20:29:47,2025-02-21,inventory_report,Cushing storage levels approach operational minimum,high,3,0.538,99.4,Delivery point concerns for WTI contract,"[np.str_('US Gulf Coast'), np.str_('Global')]",1,market_calibrated_advanced,0.87,True,False,200.0
2025-02-22 10:38:27,2025-02-22,military_conflict,Missile attack on USA port facility,extreme,5,1.0,683.7,Direct damage to export infrastructure,"[np.str_('Strait of Hormuz'), np.str_('North Africa')]",13,market_calibrated_advanced,0.91,True,False,200.0
2025-02-23 15:38:57,2025-02-23,geopolitical_tension,Energy security summit addresses Caspian Region supply concerns,high,3,0.917,171.4,Coordinated response to supply risks,[np.str_('Middle East')],24,market_calibrated_advanced,0.75,True,False,200.0
2025-02-24 18:50:20,2025-02-24,geopolitical_tension,Strategic reserve release coordinated by {alliance},critical,4,1.0,226.3,Temporary supply increase to calm markets,"[np.str_('Global'), np.str_('Asia Pacific')]",17,market_calibrated_advanced,0.84,True,False,200.0
2025-02-25 10:55:52,2025-02-25,sanctions,EU extends sanctions framework on Kuwait energy exports,critical,4,1.0,274.5,Reduces available supply to European markets,[np.str_('Global')],44,market_calibrated_advanced,0.89,True,False,200.0
2025-02-25 20:31:33,2025-02-25,sanctions,Secondary sanctions threatened for Russia oil traders,critical,4,0.7,196.5,Disrupts payment systems and shipping insurance,"[np.str_('Caspian Region'), np.str_('Middle East'), np.str_('Global')]",22,market_calibrated_advanced,0.98,True,True,160.0
2025-02-26 19:03:02,2025-02-26,inventory_report,Cushing storage levels approach operational minimum,high,3,0.641,91.7,Delivery point concerns for WTI contract,[np.str_('US Gulf Coast')],4,market_calibrated_advanced,0.9,True,False,200.0
2025-02-27 14:32:04,2025-02-27,geopolitical_tension,Trade negotiations impact North Sea energy imports,high,3,0.914,123.9,Trade policy uncertainty affects flows,[np.str_('Global')],12,market_calibrated_advanced,0.73,True,False,200.0
2025-03-02 00:56:19,2025-03-02,sanctions,EU extends sanctions framework on Nigeria energy exports,high,3,1.0,365.5,Reduces available supply to European markets,[np.str_('Caspian Region')],83,market_calibrated_advanced,0.83,True,False,199.0
2025-03-02 10:05:14,2025-03-02,sanctions,EU extends sanctions framework on Kuwait energy exports,high,3,0.7,173.1,Reduces available supply to European markets,"[np.str_('Global'), np.str_('Middle East'), np.str_('Caspian Region')]",51,market_calibrated_advanced,0.9,True,True,159.0
2025-03-02 17:03:24,2025-03-02,geopolitical_tension,Trade negotiations impact Middle East energy imports,moderate,2,0.9,215.0,Trade policy uncertainty affects flows,[np.str_('Middle East')],27,market_calibrated_advanced,0.83,True,False,199.0
2025-03-03 01:43:11,2025-03-03,production_policy,OPEC+ agrees to adjust production by 1249 kb/d,high,3,0.7,221.3,Direct impact on global supply-demand balance,"[np.str_('Middle East'), np.str_('Global')]",48,market_calibrated_advanced,0.84,True,True,160.0
2025-03-03 08:29:36,2025-03-03,geopolitical_tension,Strategic reserve release coordinated by {alliance},critical,4,0.991,113.8,Temporary supply increase to calm markets,"[np.str_('Middle East'), np.str_('Asia Pacific')]",36,market_calibrated_advanced,0.89,True,False,200.0
2025-03-03 08:36:47,2025-03-03,infrastructure,Refinery outage reduces crude demand in West Africa,high,3,0.809,70.7,Reduces crude intake temporarily,"[np.str_('US Gulf Coast'), np.str_('Middle East'), np.str_('North Sea')]",4,market_calibrated_advanced,0.83,False,False,200.0
2025-03-03 10:14:18,2025-03-03,production_policy,Non-OPEC production growth revised unchanged,high,3,1.0,184.8,Shifts market share expectations,[np.str_('Global')],21,market_calibrated_advanced,0.7,True,False,200.0
2025-03-03 18:48:22,2025-03-03,infrastructure,New pipeline capacity comes online in North Sea,low,1,0.5166,41.9,Improves supply chain efficiency,"[np.str_('US Gulf Coast'), np.str_('Middle East')]",1,market_calibrated_advanced,0.78,True,True,160.0
2025-03-04 04:45:28,2025-03-04,inventory_report,EIA reports higher crude inventory of 1878M barrels,moderate,2,0.524,44.9,Weekly fundamental data point,"[np.str_('US Gulf Coast'), np.str_('Global')]",3,market_calibrated_advanced,0.84,True,False,200.0
2025-03-04 11:28:03,2025-03-04,inventory_report,EIA reports lower crude inventory of 1067M barrels,moderate,2,0.533,98.8,Weekly fundamental data point,[np.str_('US Gulf Coast')],4,market_calibrated_advanced,0.74,True,False,200.0
2025-03-04 18:06:05,2025-03-04,inventory_report,Floating storage levels higher off Middle East,moderate,2,0.39969999999999994,23.7,Signal of market contango/backwardation,[np.str_('US Gulf Coast')],1,market_calibrated_advanced,0.97,False,True,160.0
2025-03-04 18:13:18,2025-03-04,sanctions,Secondary sanctions threatened for USA oil traders,extreme,5,1.0,112.8,Disrupts payment systems and shipping insurance,"[np.str_('Middle East'), np.str_('Global')]",18,market_calibrated_advanced,0.83,True,False,200.0
2025-03-05 07:57:26,2025-03-05,inventory_report,China crude inventories show higher trend,high,3,0.517,71.3,Indicates demand trajectory in largest importer,"[np.str_('US Gulf Coast'), np.str_('Global')]",3,market_calibrated_advanced,0.85,True,False,200.0
2025-03-08 20:37:14,2025-03-08,geopolitical_tension,Strategic reserve release coordinated by {alliance},high,3,1.0,142.0,Temporary supply increase to calm markets,"[np.str_('Middle East'), np.str_('Global'), np.str_('Asia Pacific')]",17,market_calibrated_advanced,0.86,False,False,200.0
2025-03-09 13:12:28,2025-03-09,production_policy,OPEC+ agrees to adjust production by 1715 kb/d,critical,4,1.0,288.5,Direct impact on global supply-demand balance,"[np.str_('Global'), np.str_('Middle East')]",10,market_calibrated_advanced,0.76,True,False,200.0
2025-03-10 12:44:55,2025-03-10,trade_flow_disruption,Insurance premiums surge for West Africa tanker transits,critical,4,1.0,186.5,"Increases shipping costs, may deter voyages",[np.str_('Red Sea')],17,market_calibrated_advanced,0.91,True,False,200.0
2025-03-11 06:32:49,2025-03-11,inventory_report,Cushing storage levels approach operational minimum,high,3,0.656,23.4,Delivery point concerns for WTI contract,"[np.str_('Global'), np.str_('US Gulf Coast')]",1,market_calibrated_advanced,1.0,True,False,200.0
2025-03-11 11:12:21,2025-03-11,geopolitical_tension,Strategic reserve release coordinated by {alliance},critical,4,1.0,177.6,Temporary supply increase to calm markets,[np.str_('Middle East')],7,market_calibrated_advanced,0.73,True,False,200.0
2025-03-12 10:13:35,2025-03-12,inventory_report,Floating storage levels lower off North Sea,high,3,0.523,99.2,Signal of market contango/backwardation,"[np.str_('Global'), np.str_('US Gulf Coast')]",4,market_calibrated_advanced,0.87,True,False,200.0
2025-03-12 14:50:56,2025-03-12,geopolitical_tension,Strategic reserve release coordinated by {alliance},high,3,0.5313,52.4,Temporary supply increase to calm markets,"[np.str_('Global'), np.str_('Middle East'), np.str_('Asia Pacific')]",20,market_calibrated_advanced,0.87,False,True,160.0
2025-03-12 16:13:21,2025-03-12,geopolitical_tension,Energy security summit addresses Global supply concerns,high,3,0.916,82.3,Coordinated response to supply risks,[np.str_('Global')],21,market_calibrated_advanced,0.92,False,False,200.0
2025-03-12 18:42:43,2025-03-12,inventory_report,Cushing storage levels approach operational minimum,high,3,0.587,29.0,Delivery point concerns for WTI contract,"[np.str_('Global'), np.str_('US Gulf Coast')]",3,market_calibrated_advanced,0.95,True,False,200.0
2025-03-13 09:14:57,2025-03-13,sanctions,Sanctions waiver negotiations for OPEC+ oil exports,critical,4,1.0,267.9,Potential for supply increase if granted,[np.str_('Global')],83,market_calibrated_advanced,0.87,True,False,200.0
2025-03-14 07:21:38,2025-03-14,military_conflict,Naval incident near Malacca Strait shipping lane,extreme,5,1.0,532.3,Risk to major transit chokepoint,"[np.str_('North Africa'), np.str_('Middle East'), np.str_('Strait of Hormuz')]",8,market_calibrated_advanced,0.79,True,False,200.0
2025-03-15 21:09:50,2025-03-15,inventory_report,Floating storage levels higher off Global,high,3,0.523,49.0,Signal of market contango/backwardation,[np.str_('US Gulf Coast')],1,market_calibrated_advanced,0.82,True,False,200.0
2025-03-16 03:02:56,2025-03-16,production_policy,OPEC+ agrees to adjust production by 408 kb/d,critical,4,1.0,128.2,Direct impact on global supply-demand balance,[np.str_('Global')],22,market_calibrated_advanced,0.93,False,False,200.0
2025-03-17 09:48:14,2025-03-17,trade_flow_disruption,Shipping lane disruption near Suez Canal,extreme,5,1.0,197.1,"Forces rerouting, increases transit times",[np.str_('South China Sea')],12,market_calibrated_advanced,0.95,True,False,200.0
2025-03-18 04:00:52,2025-03-18,trade_flow_disruption,Shipping lane disruption near Bab el-Mandeb,extreme,5,1.0,161.5,"Forces rerouting, increases transit times","[np.str_('Strait of Hormuz'), np.str_('Red Sea'), np.str_('South China Sea')]",17,market_calibrated_advanced,0.9,True,False,200.0
2025-03-18 13:35:09,2025-03-18,trade_flow_disruption,Tanker tracking shows higher flows to Russia,moderate,2,0.5502,110.8,Indicates trade pattern shifts,"[np.str_('Red Sea'), np.str_('South China Sea')]",9,market_calibrated_advanced,0.87,True,True,160.0
2025-03-18 18:33:15,2025-03-18,trade_flow_disruption,Port restrictions impact Russia crude exports,critical,4,1.0,115.2,Physical supply bottleneck,"[np.str_('Strait of Hormuz'), np.str_('South China Sea'), np.str_('Red Sea')]",15,market_calibrated_advanced,0.89,True,False,200.0
2025-03-18 20:53:51,2025-03-18,trade_flow_disruption,Shipping lane disruption near Suez Canal,critical,4,0.5914999999999999,102.9,"Forces rerouting, increases transit times",[np.str_('Strait of Hormuz')],8,market_calibrated_advanced,0.72,True,True,160.0
2025-03-20 13:38:58,2025-03-20,geopolitical_tension,Diplomatic tensions escalate between India and India,critical,4,0.962,193.2,Risk premium increases on supply disruption fears,"[np.str_('Global'), np.str_('Middle East'), np.str_('Asia Pacific')]",28,market_calibrated_advanced,0.93,True,False,200.0
2025-03-20 16:57:52,2025-03-20,production_policy,Non-OPEC production growth revised lower,high,3,1.0,82.3,Shifts market share expectations,"[np.str_('Middle East'), np.str_('Global')]",8,market_calibrated_advanced,0.87,True,False,200.0
2025-03-22 01:11:23,2025-03-22,sanctions,OFAC issues new compliance guidance for oil transactions,moderate,2,1.0,285.3,Increases compliance costs and due diligence,"[np.str_('Global'), np.str_('Caspian Region')]",70,market_calibrated_advanced,0.91,True,False,199.0
2025-03-23 00:52:15,2025-03-23,trade_flow_disruption,Insurance premiums surge for US Gulf Coast tanker transits,high,3,0.6048,94.5,"Increases shipping costs, may deter voyages","[np.str_('South China Sea'), np.str_('Red Sea'), np.str_('Strait of Hormuz')]",12,market_calibrated_advanced,0.8,False,True,160.0
2025-03-23 01:37:21,2025-03-23,military_conflict,Naval incident near Strait of Hormuz shipping lane,extreme,5,1.0,777.0,Risk to major transit chokepoint,[np.str_('Middle East')],7,market_calibrated_advanced,0.79,True,False,200.0
2025-03-23 08:18:21,2025-03-23,geopolitical_tension,Energy security summit addresses North Africa supply concerns,high,3,1.0,133.1,Coordinated response to supply risks,"[np.str_('Asia Pacific'), np.str_('Middle East')]",41,market_calibrated_advanced,0.93,False,False,200.0
2025-03-23 18:33:09,2025-03-23,trade_flow_disruption,Insurance premiums surge for US Gulf Coast tanker transits,critical,4,1.0,164.8,"Increases shipping costs, may deter voyages",[np.str_('Red Sea')],4,market_calibrated_advanced,0.78,True,False,200.0
2025-03-24 07:37:19,2025-03-24,geopolitical_tension,Strategic reserve release coordinated by {alliance},critical,4,1.0,44.0,Temporary supply increase to calm markets,[np.str_('Asia Pacific')],23,market_calibrated_advanced,0.7,True,False,200.0
2025-03-24 12:46:30,2025-03-24,geopolitical_tension,Diplomatic tensions escalate between Kuwait and Kuwait,high,3,0.5397,72.4,Risk premium increases on supply disruption fears,"[np.str_('Global'), np.str_('Middle East')]",42,market_calibrated_advanced,0.85,True,True,160.0
2025-03-25 00:37:04,2025-03-25,production_policy,Non-OPEC production growth revised unchanged,high,3,1.0,259.3,Shifts market share expectations,[np.str_('Global')],33,market_calibrated_advanced,0.92,True,False,200.0
2025-03-25 02:55:53,2025-03-25,inventory_report,EIA reports lower crude inventory of 405M barrels,moderate,2,0.563,51.3,Weekly fundamental data point,"[np.str_('US Gulf Coast'), np.str_('Global')]",3,market_calibrated_advanced,0.74,True,False,200.0
2025-03-25 14:28:00,2025-03-25,inventory_report,China crude inventories show unchanged trend,high,3,0.608,75.8,Indicates demand trajectory in largest importer,"[np.str_('US Gulf Coast'), np.str_('Global')]",1,market_calibrated_advanced,0.89,True,False,200.0
2025-03-25 14:43:01,2025-03-25,trade_flow_disruption,Shipping lane disruption near Strait of Hormuz,extreme,5,1.0,218.7,"Forces rerouting, increases transit times","[np.str_('Red Sea'), np.str_('Strait of Hormuz'), np.str_('South China Sea')]",19,market_calibrated_advanced,0.9,True,False,200.0
2025-03-25 18:31:51,2025-03-25,inventory_report,Floating storage levels unchanged off North Sea,moderate,2,0.40249999999999997,42.2,Signal of market contango/backwardation,"[np.str_('Global'), np.str_('US Gulf Coast')]",4,market_calibrated_advanced,0.75,True,True,160.0
2025-03-25 21:01:10,2025-03-25,production_policy,Kuwait output disrupted by weather at Khurais,high,3,0.7,210.7,Temporary supply reduction,"[np.str_('Global'), np.str_('Middle East')]",14,market_calibrated_advanced,0.76,True,True,160.0
2025-03-26 02:39:46,2025-03-26,production_policy,Iraq announces voluntary production cut extension,high,3,0.7,223.1,Tightens supply outlook,"[np.str_('Middle East'), np.str_('Global')]",48,market_calibrated_advanced,0.97,False,True,160.0
2025-03-26 06:43:40,2025-03-26,production_policy,Non-OPEC production growth revised higher,high,3,1.0,282.0,Shifts market share expectations,[np.str_('Middle East')],19,market_calibrated_advanced,0.98,True,False,200.0
2025-03-27 01:29:50,2025-03-27,geopolitical_tension,Energy security summit addresses Asia Pacific supply concerns,high,3,0.973,141.4,Coordinated response to supply risks,[np.str_('Asia Pacific')],28,market_calibrated_advanced,0.8,True,False,200.0
2025-03-28 02:12:48,2025-03-28,geopolitical_tension,Trade negotiations impact US Gulf Coast energy imports,high,3,1.0,173.1,Trade policy uncertainty affects flows,"[np.str_('Asia Pacific'), np.str_('Global')]",7,market_calibrated_advanced,0.92,True,False,200.0
2025-03-29 19:17:23,2025-03-29,infrastructure,New pipeline capacity comes online in Red Sea,moderate,2,0.849,117.3,Improves supply chain efficiency,"[np.str_('North Sea'), np.str_('US Gulf Coast'), np.str_('Middle East')]",6,market_calibrated_advanced,0.75,True,False,200.0
2025-03-29 19:23:28,2025-03-29,military_conflict,Missile attack on Nigeria port facility,extreme,5,1.0,858.9,Direct damage to export infrastructure,[np.str_('North Africa')],10,market_calibrated_advanced,0.93,True,False,200.0
2025-03-31 03:20:09,2025-03-31,inventory_report,Floating storage levels unchanged off West Africa,high,3,0.563,68.5,Signal of market contango/backwardation,"[np.str_('Global'), np.str_('US Gulf Coast')]",1,market_calibrated_advanced,0.71,True,False,200.0
2025-03-31 15:37:39,2025-03-31,inventory_report,China crude inventories show lower trend,high,3,0.673,86.1,Indicates demand trajectory in largest importer,[np.str_('Global')],3,market_calibrated_advanced,0.73,True,False,200.0
2025-04-01 00:28:23,2025-04-01,inventory_report,Cushing storage levels approach operational minimum,moderate,2,0.3549,59.0,Delivery point concerns for WTI contract,"[np.str_('Global'), np.str_('US Gulf Coast')]",3,market_calibrated_advanced,0.8,True,True,160.0
2025-04-01 01:10:15,2025-04-01,inventory_report,EIA reports lower crude inventory of 1146M barrels,moderate,2,0.511,46.5,Weekly fundamental data point,[np.str_('Global')],3,market_calibrated_advanced,0.78,True,False,200.0
2025-04-01 10:32:48,2025-04-01,inventory_report,China crude inventories show higher trend,high,3,0.658,53.4,Indicates demand trajectory in largest importer,"[np.str_('Global'), np.str_('US Gulf Coast')]",3,market_calibrated_advanced,0.72,True,False,200.0
2025-04-01 10:52:11,2025-04-01,inventory_report,Cushing storage levels approach operational minimum,moderate,2,0.2751,62.2,Delivery point concerns for WTI contract,"[np.str_('US Gulf Coast'), np.str_('Global')]",4,market_calibrated_advanced,0.84,False,True,160.0
2025-04-03 04:32:23,2025-04-03,military_conflict,Naval incident near Bab el-Mandeb shipping lane,extreme,5,1.0,515.1,Risk to major transit chokepoint,"[np.str_('North Africa'), np.str_('Strait of Hormuz'), np.str_('Middle East')]",8,market_calibrated_advanced,0.7,True,False,198.0
2025-04-03 20:00:29,2025-04-03,inventory_report,China crude inventories show unchanged trend,moderate,2,0.596,45.0,Indicates demand trajectory in largest importer,"[np.str_('Global'), np.str_('US Gulf Coast')]",1,market_calibrated_advanced,0.98,True,False,198.0
2025-04-03 20:54:14,2025-04-03,military_conflict,Missile attack on OPEC+ port facility,extreme,5,0.7,694.2,Direct damage to export infrastructure,"[np.str_('Strait of Hormuz'), np.str_('North Africa')]",21,market_calibrated_advanced,0.92,True,True,159.0
2025-04-04 03:55:23,2025-04-04,inventory_report,EIA reports unchanged crude inventory of 1229M barrels,moderate,2,0.619,67.4,Weekly fundamental data point,[np.str_('Global')],2,market_calibrated_advanced,0.74,True,False,200.0
2025-04-04 04:29:04,2025-04-04,trade_flow_disruption,Shipping lane disruption near Bab el-Mandeb,critical,4,0.6628999999999999,203.8,"Forces rerouting, increases transit times",[np.str_('Strait of Hormuz')],6,market_calibrated_advanced,0.73,True,True,160.0
2025-04-04 14:04:52,2025-04-04,trade_flow_disruption,Tanker tracking shows higher flows to Kuwait,high,3,1.0,61.9,Indicates trade pattern shifts,"[np.str_('Strait of Hormuz'), np.str_('South China Sea'), np.str_('Red Sea')]",9,market_calibrated_advanced,0.76,True,False,200.0
2025-04-04 14:26:34,2025-04-04,trade_flow_disruption,Insurance premiums surge for US Gulf Coast tanker transits,critical,4,1.0,82.4,"Increases shipping costs, may deter voyages","[np.str_('Red Sea'), np.str_('South China Sea'), np.str_('Strait of Hormuz')]",3,market_calibrated_advanced,0.91,True,False,200.0
2025-04-05 01:05:14,2025-04-05,geopolitical_tension,Diplomatic tensions escalate between Venezuela and Kuwait,critical,4,0.91,103.8,Risk premium increases on supply disruption fears,[np.str_('Asia Pacific')],32,market_calibrated_advanced,0.88,True,False,200.0
2025-04-05 20:49:32,2025-04-05,inventory_report,China crude inventories show lower trend,high,3,0.654,82.2,Indicates demand trajectory in largest importer,"[np.str_('Global'), np.str_('US Gulf Coast')]",1,market_calibrated_advanced,0.79,True,False,200.0
2025-04-06 14:49:54,2025-04-06,inventory_report,China crude inventories show unchanged trend,high,3,0.596,37.8,Indicates demand trajectory in largest importer,"[np.str_('Global'), np.str_('US Gulf Coast')]",1,market_calibrated_advanced,0.98,True,False,200.0
2025-04-06 16:19:18,2025-04-06,inventory_report,EIA reports unchanged crude inventory of 1269M barrels,moderate,2,0.676,26.8,Weekly fundamental data point,"[np.str_('US Gulf Coast'), np.str_('Global')]",4,market_calibrated_advanced,0.74,True,False,200.0
2025-04-06 20:32:43,2025-04-06,inventory_report,China crude inventories show lower trend,moderate,2,0.33949999999999997,66.0,Indicates demand trajectory in largest importer,"[np.str_('Global'), np.str_('US Gulf Coast')]",2,market_calibrated_advanced,0.97,True,True,160.0
2025-04-09 13:04:11,2025-04-09,trade_flow_disruption,Insurance premiums surge for Caspian Region tanker transits,critical,4,1.0,275.2,"Increases shipping costs, may deter voyages","[np.str_('Strait of Hormuz'), np.str_('South China Sea')]",13,market_calibrated_advanced,0.97,True,False,200.0
2025-04-10 09:05:02,2025-04-10,inventory_report,EIA reports unchanged crude inventory of 878M barrels,moderate,2,0.616,42.0,Weekly fundamental data point,"[np.str_('US Gulf Coast'), np.str_('Global')]",4,market_calibrated_advanced,0.99,True,False,200.0
2025-04-10 10:23:23,2025-04-10,geopolitical_tension,Diplomatic tensions escalate between UAE and Kuwait,critical,4,0.936,88.4,Risk premium increases on supply disruption fears,"[np.str_('Middle East'), np.str_('Asia Pacific'), np.str_('Global')]",29,market_calibrated_advanced,0.9,True,False,200.0
2025-04-10 22:03:56,2025-04-10,inventory_report,Cushing storage levels approach operational minimum,high,3,0.589,99.1,Delivery point concerns for WTI contract,[np.str_('US Gulf Coast')],4,market_calibrated_advanced,0.92,True,False,200.0
2025-04-11 02:33:52,2025-04-11,inventory_report,China crude inventories show lower trend,high,3,0.563,52.3,Indicates demand trajectory in largest importer,"[np.str_('US Gulf Coast'), np.str_('Global')]",1,market_calibrated_advanced,0.95,True,False,200.0
2025-04-11 15:37:02,2025-04-11,military_conflict,Missile attack on Kuwait port facility,extreme,5,1.0,450.4,Direct damage to export infrastructure,"[np.str_('Middle East'), np.str_('Strait of Hormuz')]",5,market_calibrated_advanced,0.81,False,False,200.0
2025-04-13 09:53:20,2025-04-13,sanctions,Secondary sanctions threatened for China oil traders,critical,4,1.0,341.2,Disrupts payment systems and shipping insurance,"[np.str_('Global'), np.str_('Middle East')]",56,market_calibrated_advanced,0.97,True,False,197.0
2025-04-13 10:35:40,2025-04-13,sanctions,EU extends sanctions framework on Saudi Arabia energy exports,high,3,0.7,128.4,Reduces available supply to European markets,"[np.str_('Middle East'), np.str_('Global')]",18,market_calibrated_advanced,0.86,True,True,158.0
2025-04-13 15:43:45,2025-04-13,geopolitical_tension,Strategic reserve release coordinated by {alliance},high,3,0.962,162.0,Temporary supply increase to calm markets,[np.str_('Middle East')],25,market_calibrated_advanced,0.94,True,False,197.0
2025-04-15 01:26:49,2025-04-15,inventory_report,China crude inventories show unchanged trend,high,3,0.631,80.3,Indicates demand trajectory in largest importer,"[np.str_('Global'), np.str_('US Gulf Coast')]",2,market_calibrated_advanced,0.93,True,False,200.0
2025-04-16 02:03:43,2025-04-16,inventory_report,Floating storage levels higher off Asia Pacific,high,3,0.562,94.6,Signal of market contango/backwardation,"[np.str_('Global'), np.str_('US Gulf Coast')]",3,market_calibrated_advanced,0.89,True,False,200.0
2025-04-16 02:15:48,2025-04-16,sanctions,US imposes new sanctions on European Union oil sector,critical,4,1.0,126.0,"Tightens global supply, redirects trade flows",[np.str_('Global')],59,market_calibrated_advanced,0.92,True,False,200.0
2025-04-16 15:53:02,2025-04-16,inventory_report,EIA reports lower crude inventory of 1170M barrels,moderate,2,0.625,44.9,Weekly fundamental data point,[np.str_('US Gulf Coast')],1,market_calibrated_advanced,0.73,True,False,200.0
2025-04-16 20:31:24,2025-04-16,sanctions,Secondary sanctions threatened for OPEC+ oil traders,critical,4,0.7,305.6,Disrupts payment systems and shipping insurance,[np.str_('Caspian Region')],61,market_calibrated_advanced,0.85,True,True,160.0
2025-04-18 14:04:55,2025-04-18,infrastructure,Refinery outage reduces crude demand in Caspian Region,moderate,2,0.878,61.1,Reduces crude intake temporarily,[np.str_('Middle East')],1,market_calibrated_advanced,0.77,True,False,199.0
2025-04-19 00:12:21,2025-04-19,inventory_report,Cushing storage levels approach operational minimum,high,3,0.552,53.1,Delivery point concerns for WTI contract,[np.str_('Global')],4,market_calibrated_advanced,0.99,False,False,200.0
2025-04-21 11:24:05,2025-04-21,military_conflict,Naval incident near Strait of Hormuz shipping lane,extreme,5,1.0,344.1,Risk to major transit chokepoint,[np.str_('Strait of Hormuz')],20,market_calibrated_advanced,0.87,False,False,199.0
2025-04-22 03:28:04,2025-04-22,military_conflict,Drone attack targets UAE oil infrastructure,extreme,5,1.0,787.9,"Immediate supply risk, insurance premiums spike","[np.str_('Strait of Hormuz'), np.str_('Middle East'), np.str_('North Africa')]",13,market_calibrated_advanced,0.74,True,False,200.0
2025-04-22 08:30:23,2025-04-22,military_conflict,Naval incident near Strait of Hormuz shipping lane,extreme,5,0.7,519.6,Risk to major transit chokepoint,"[np.str_('North Africa'), np.str_('Middle East'), np.str_('Strait of Hormuz')]",16,market_calibrated_advanced,0.9,True,True,160.0
2025-04-23 05:51:25,2025-04-23,inventory_report,Floating storage levels higher off North Sea,high,3,0.693,85.5,Signal of market contango/backwardation,"[np.str_('Global'), np.str_('US Gulf Coast')]",1,market_calibrated_advanced,0.81,True,False,200.0
2025-04-24 02:46:14,2025-04-24,infrastructure,Port congestion delays 35 tankers at Houston,high,3,0.871,86.7,Logistical bottleneck affecting deliveries,[np.str_('North Sea')],5,market_calibrated_advanced,0.99,True,False,200.0
2025-04-25 00:28:57,2025-04-25,production_policy,Non-OPEC production growth revised higher,high,3,1.0,271.7,Shifts market share expectations,[np.str_('Global')],27,market_calibrated_advanced,0.88,True,False,200.0
2025-04-25 01:12:39,2025-04-25,infrastructure,Port congestion delays 39 tankers at Novorossiysk,high,3,0.871,121.7,Logistical bottleneck affecting deliveries,"[np.str_('Middle East'), np.str_('US Gulf Coast'), np.str_('North Sea')]",4,market_calibrated_advanced,0.95,True,False,200.0
2025-04-25 01:41:01,2025-04-25,trade_flow_disruption,Shipping lane disruption near Bab el-Mandeb,extreme,5,1.0,290.8,"Forces rerouting, increases transit times","[np.str_('Strait of Hormuz'), np.str_('South China Sea'), np.str_('Red Sea')]",11,market_calibrated_advanced,0.84,True,False,200.0
2025-04-25 13:55:33,2025-04-25,production_policy,Iran announces voluntary production cut extension,high,3,0.7,219.7,Tightens supply outlook,"[np.str_('Global'), np.str_('Middle East')]",58,market_calibrated_advanced,0.76,True,True,160.0
2025-04-26 08:35:49,2025-04-26,geopolitical_tension,Diplomatic tensions escalate between Iran and OPEC+,critical,4,0.994,219.2,Risk premium increases on supply disruption fears,[np.str_('Middle East')],41,market_calibrated_advanced,0.77,True,False,200.0
2025-04-27 02:16:24,2025-04-27,sanctions,OFAC issues new compliance guidance for oil transactions,high,3,1.0,101.6,Increases compliance costs and due diligence,[np.str_('Caspian Region')],28,market_calibrated_advanced,0.95,True,False,200.0
2025-04-27 08:40:58,2025-04-27,inventory_report,Floating storage levels lower off Strait of Hormuz,high,3,0.632,68.5,Signal of market contango/backwardation,"[np.str_('US Gulf Coast'), np.str_('Global')]",1,market_calibrated_advanced,0.97,True,False,200.0
2025-04-27 15:52:51,2025-04-27,inventory_report,Cushing storage levels approach operational minimum,high,3,0.511,40.3,Delivery point concerns for WTI contract,"[np.str_('Global'), np.str_('US Gulf Coast')]",4,market_calibrated_advanced,0.82,True,False,200.0
2025-04-30 04:25:02,2025-04-30,inventory_report,Floating storage levels higher off Caspian Region,high,3,0.533,76.6,Signal of market contango/backwardation,"[np.str_('Global'), np.str_('US Gulf Coast')]",2,market_calibrated_advanced,0.77,True,False,200.0
2025-04-30 05:58:15,2025-04-30,inventory_report,China crude inventories show higher trend,moderate,2,0.2723,61.4,Indicates demand trajectory in largest importer,"[np.str_('US Gulf Coast'), np.str_('Global')]",3,market_calibrated_advanced,0.89,True,True,160.0
2025-05-01 08:19:48,2025-05-01,infrastructure,Refinery outage reduces crude demand in South China Sea,high,3,0.886,68.8,Reduces crude intake temporarily,"[np.str_('North Sea'), np.str_('Middle East')]",13,market_calibrated_advanced,0.9,True,False,200.0
2025-05-01 09:01:44,2025-05-01,infrastructure,Port congestion delays 47 tankers at Houston,high,3,0.8,38.6,Logistical bottleneck affecting deliveries,"[np.str_('US Gulf Coast'), np.str_('Middle East')]",9,market_calibrated_advanced,0.95,True,False,200.0
2025-05-02 22:32:37,2025-05-02,inventory_report,EIA reports higher crude inventory of 1376M barrels,moderate,2,0.604,31.6,Weekly fundamental data point,[np.str_('US Gulf Coast')],3,market_calibrated_advanced,0.87,True,False,200.0
2025-05-03 05:14:14,2025-05-03,production_policy,Iran announces voluntary production cut extension,critical,4,1.0,295.9,Tightens supply outlook,[np.str_('Middle East')],36,market_calibrated_advanced,0.97,True,False,200.0
2025-05-03 22:32:32,2025-05-03,inventory_report,China crude inventories show lower trend,high,3,0.578,53.1,Indicates demand trajectory in largest importer,[np.str_('Global')],2,market_calibrated_advanced,0.81,True,False,200.0
2025-05-04 07:12:04,2025-05-04,military_conflict,Naval incident near Suez Canal shipping lane,extreme,5,0.7,741.1,Risk to major transit chokepoint,"[np.str_('Middle East'), np.str_('North Africa'), np.str_('Strait of Hormuz')]",19,market_calibrated_advanced,1.0,True,True,160.0
2025-05-04 17:41:42,2025-05-04,military_conflict,Military escalation near Global oil facilities,extreme,5,1.0,866.7,Threatens regional production and transit,[np.str_('North Africa')],25,market_calibrated_advanced,0.97,True,False,200.0
2025-05-04 18:17:00,2025-05-04,inventory_report,China crude inventories show unchanged trend,high,3,0.51,59.0,Indicates demand trajectory in largest importer,"[np.str_('Global'), np.str_('US Gulf Coast')]",1,market_calibrated_advanced,0.83,False,False,200.0
2025-05-05 10:09:56,2025-05-05,inventory_report,EIA reports higher crude inventory of 1367M barrels,moderate,2,0.638,25.2,Weekly fundamental data point,[np.str_('Global')],1,market_calibrated_advanced,0.93,True,False,200.0
2025-05-07 10:08:56,2025-05-07,sanctions,Secondary sanctions threatened for Iran oil traders,extreme,5,1.0,300.9,Disrupts payment systems and shipping insurance,"[np.str_('Middle East'), np.str_('Caspian Region')]",36,market_calibrated_advanced,0.75,True,False,200.0
2025-05-07 21:31:43,2025-05-07,trade_flow_disruption,Shipping lane disruption near Suez Canal,extreme,5,1.0,136.6,"Forces rerouting, increases transit times","[np.str_('South China Sea'), np.str_('Red Sea')]",4,market_calibrated_advanced,0.72,True,False,200.0
2025-05-08 12:44:03,2025-05-08,geopolitical_tension,Energy security summit addresses Asia Pacific supply concerns,high,3,1.0,216.9,Coordinated response to supply risks,"[np.str_('Global'), np.str_('Middle East')]",29,market_calibrated_advanced,0.7,True,False,200.0
2025-05-08 20:57:35,2025-05-08,geopolitical_tension,Diplomatic tensions escalate between Libya and Iraq,high,3,0.6194999999999999,50.6,Risk premium increases on supply disruption fears,"[np.str_('Global'), np.str_('Middle East')]",18,market_calibrated_advanced,0.87,True,True,160.0
2025-05-09 08:18:07,2025-05-09,infrastructure,Refinery outage reduces crude demand in Strait of Hormuz,high,3,0.961,131.4,Reduces crude intake temporarily,"[np.str_('North Sea'), np.str_('US Gulf Coast')]",5,market_calibrated_advanced,0.88,True,False,200.0
2025-05-09 18:31:29,2025-05-09,infrastructure,New pipeline capacity comes online in Asia Pacific,moderate,2,0.887,111.5,Improves supply chain efficiency,"[np.str_('Middle East'), np.str_('US Gulf Coast')]",7,market_calibrated_advanced,0.99,True,False,200.0
2025-05-10 06:43:04,2025-05-10,inventory_report,Cushing storage levels approach operational minimum,high,3,0.519,31.6,Delivery point concerns for WTI contract,"[np.str_('US Gulf Coast'), np.str_('Global')]",4,market_calibrated_advanced,0.85,True,False,200.0
2025-05-10 07:16:05,2025-05-10,inventory_report,Cushing storage levels approach operational minimum,moderate,2,0.3129,70.3,Delivery point concerns for WTI contract,"[np.str_('US Gulf Coast'), np.str_('Global')]",1,market_calibrated_advanced,0.82,True,True,160.0
2025-05-10 10:48:00,2025-05-10,sanctions,US imposes new sanctions on Saudi Arabia oil sector,high,3,0.7,197.6,"Tightens global supply, redirects trade flows","[np.str_('Caspian Region'), np.str_('Global'), np.str_('Middle East')]",68,market_calibrated_advanced,0.72,True,True,160.0
2025-05-10 19:27:30,2025-05-10,sanctions,EU extends sanctions framework on UAE energy exports,critical,4,1.0,330.1,Reduces available supply to European markets,"[np.str_('Caspian Region'), np.str_('Global')]",67,market_calibrated_advanced,0.73,True,False,200.0
2025-05-11 12:06:17,2025-05-11,geopolitical_tension,Strategic reserve release coordinated by {alliance},critical,4,0.953,124.3,Temporary supply increase to calm markets,"[np.str_('Middle East'), np.str_('Asia Pacific'), np.str_('Global')]",42,market_calibrated_advanced,0.73,True,False,200.0
2025-05-11 13:30:22,2025-05-11,sanctions,Sanctions waiver negotiations for Venezuela oil exports,critical,4,1.0,379.5,Potential for supply increase if granted,"[np.str_('Global'), np.str_('Caspian Region')]",15,market_calibrated_advanced,0.97,True,False,200.0
2025-05-11 20:31:17,2025-05-11,inventory_report,Floating storage levels higher off South China Sea,high,3,0.635,57.6,Signal of market contango/backwardation,"[np.str_('US Gulf Coast'), np.str_('Global')]",4,market_calibrated_advanced,0.9,True,False,200.0
2025-05-12 21:23:02,2025-05-12,infrastructure,Major pipeline maintenance reduces North Sea flows by 1483,moderate,2,0.804,122.3,Temporary but planned supply reduction,[np.str_('Middle East')],2,market_calibrated_advanced,0.87,True,False,200.0
2025-05-12 21:55:55,2025-05-12,trade_flow_disruption,Shipping lane disruption near Suez Canal,extreme,5,1.0,269.0,"Forces rerouting, increases transit times",[np.str_('Strait of Hormuz')],10,market_calibrated_advanced,0.71,True,False,200.0
2025-05-13 04:54:47,2025-05-13,inventory_report,China crude inventories show unchanged trend,high,3,0.622,90.0,Indicates demand trajectory in largest importer,"[np.str_('US Gulf Coast'), np.str_('Global')]",1,market_calibrated_advanced,0.92,True,False,200.0
2025-05-14 03:05:09,2025-05-14,trade_flow_disruption,Insurance premiums surge for Caspian Region tanker transits,critical,4,1.0,135.1,"Increases shipping costs, may deter voyages","[np.str_('Strait of Hormuz'), np.str_('South China Sea'), np.str_('Red Sea')]",9,market_calibrated_advanced,0.99,True,False,200.0
2025-05-14 07:14:05,2025-05-14,trade_flow_disruption,Shipping lane disruption near Bab el-Mandeb,critical,4,0.6839,124.6,"Forces rerouting, increases transit times",[np.str_('Strait of Hormuz')],6,market_calibrated_advanced,0.91,True,True,160.0
2025-05-14 15:17:40,2025-05-14,geopolitical_tension,Diplomatic tensions escalate between Saudi Arabia and OPEC+,critical,4,1.0,91.7,Risk premium increases on supply disruption fears,"[np.str_('Global'), np.str_('Asia Pacific'), np.str_('Middle East')]",13,market_calibrated_advanced,0.77,True,False,200.0
2025-05-14 16:19:01,2025-05-14,production_policy,OPEC+ agrees to adjust production by 775 kb/d,critical,4,1.0,233.5,Direct impact on global supply-demand balance,"[np.str_('Middle East'), np.str_('Global')]",43,market_calibrated_advanced,0.78,True,False,200.0
2025-05-15 02:45:45,2025-05-15,geopolitical_tension,Trade negotiations impact Latin America energy imports,high,3,0.966,60.1,Trade policy uncertainty affects flows,"[np.str_('Middle East'), np.str_('Asia Pacific'), np.str_('Global')]",43,market_calibrated_advanced,0.79,True,False,200.0
2025-05-15 16:50:00,2025-05-15,inventory_report,EIA reports unchanged crude inventory of 1900M barrels,moderate,2,0.579,40.9,Weekly fundamental data point,"[np.str_('Global'), np.str_('US Gulf Coast')]",1,market_calibrated_advanced,0.87,True,False,200.0
2025-05-16 18:06:48,2025-05-16,inventory_report,EIA reports unchanged crude inventory of 1536M barrels,moderate,2,0.515,24.4,Weekly fundamental data point,"[np.str_('Global'), np.str_('US Gulf Coast')]",4,market_calibrated_advanced,0.88,True,False,200.0
2025-05-17 19:25:11,2025-05-17,infrastructure,New pipeline capacity comes online in Middle East,moderate,2,0.878,72.8,Improves supply chain efficiency,"[np.str_('US Gulf Coast'), np.str_('Middle East')]",1,market_calibrated_advanced,0.89,True,False,200.0
2025-05-17 19:36:14,2025-05-17,trade_flow_disruption,Shipping lane disruption near Bab el-Mandeb,extreme,5,1.0,234.6,"Forces rerouting, increases transit times",[np.str_('Strait of Hormuz')],10,market_calibrated_advanced,0.9,True,False,200.0
2025-05-18 14:43:42,2025-05-18,geopolitical_tension,Energy security summit addresses Caspian Region supply concerns,high,3,0.976,148.5,Coordinated response to supply risks,"[np.str_('Global'), np.str_('Middle East'), np.str_('Asia Pacific')]",9,market_calibrated_advanced,0.74,True,False,200.0
2025-05-20 02:48:31,2025-05-20,infrastructure,New pipeline capacity comes online in Red Sea,moderate,2,0.853,122.8,Improves supply chain efficiency,[np.str_('Middle East')],6,market_calibrated_advanced,0.74,False,False,200.0
2025-05-20 18:05:03,2025-05-20,inventory_report,Cushing storage levels approach operational minimum,high,3,0.649,77.2,Delivery point concerns for WTI contract,"[np.str_('Global'), np.str_('US Gulf Coast')]",3,market_calibrated_advanced,0.79,True,False,200.0
2025-05-20 18:28:57,2025-05-20,inventory_report,Floating storage levels unchanged off Latin America,high,3,0.615,82.9,Signal of market contango/backwardation,"[np.str_('US Gulf Coast'), np.str_('Global')]",2,market_calibrated_advanced,0.96,True,False,200.0
2025-05-20 20:09:50,2025-05-20,infrastructure,Major pipeline maintenance reduces Strait of Hormuz flows by 1306,low,1,0.4634,36.5,Temporary but planned supply reduction,[np.str_('US Gulf Coast')],4,market_calibrated_advanced,0.85,True,True,160.0
2025-05-21 00:43:04,2025-05-21,geopolitical_tension,Strategic reserve release coordinated by {alliance},critical,4,0.917,71.7,Temporary supply increase to calm markets,"[np.str_('Global'), np.str_('Asia Pacific'), np.str_('Middle East')]",6,market_calibrated_advanced,0.94,True,False,200.0
2025-05-21 05:35:22,2025-05-21,trade_flow_disruption,Tanker tracking shows unchanged flows to India,high,3,1.0,232.2,Indicates trade pattern shifts,"[np.str_('Strait of Hormuz'), np.str_('Red Sea')]",10,market_calibrated_advanced,0.72,True,False,200.0
2025-05-22 11:26:05,2025-05-22,infrastructure,Major pipeline maintenance reduces North Sea flows by 733,moderate,2,0.863,73.7,Temporary but planned supply reduction,"[np.str_('North Sea'), np.str_('US Gulf Coast')]",1,market_calibrated_advanced,0.94,True,False,200.0
2025-05-22 17:43:25,2025-05-22,inventory_report,Floating storage levels higher off North Sea,high,3,0.63,66.9,Signal of market contango/backwardation,[np.str_('US Gulf Coast')],2,market_calibrated_advanced,0.74,True,False,200.0
2025-05-22 19:02:02,2025-05-22,inventory_report,Cushing storage levels approach operational minimum,high,3,0.652,32.9,Delivery point concerns for WTI contract,"[np.str_('Global'), np.str_('US Gulf Coast')]",4,market_calibrated_advanced,0.91,True,False,200.0
2025-05-23 03:07:56,2025-05-23,production_policy,Non-OPEC production growth revised lower,high,3,1.0,75.8,Shifts market share expectations,"[np.str_('Global'), np.str_('Middle East')]",50,market_calibrated_advanced,0.75,True,False,200.0
2025-05-23 12:35:12,2025-05-23,inventory_report,EIA reports higher crude inventory of 797M barrels,moderate,2,0.557,29.8,Weekly fundamental data point,"[np.str_('US Gulf Coast'), np.str_('Global')]",4,market_calibrated_advanced,0.94,True,False,200.0
2025-05-23 12:58:08,2025-05-23,inventory_report,EIA reports unchanged crude inventory of 1649M barrels,low,1,0.385,33.4,Weekly fundamental data point,"[np.str_('Global'), np.str_('US Gulf Coast')]",2,market_calibrated_advanced,0.93,True,True,160.0
2025-05-25 13:28:40,2025-05-25,geopolitical_tension,Diplomatic tensions escalate between Nigeria and Nigeria,high,3,0.49489999999999995,98.1,Risk premium increases on supply disruption fears,[np.str_('Asia Pacific')],26,market_calibrated_advanced,0.73,True,True,160.0
2025-05-25 15:32:23,2025-05-25,geopolitical_tension,Energy security summit addresses North Sea supply concerns,moderate,2,1.0,133.8,Coordinated response to supply risks,[np.str_('Middle East')],16,market_calibrated_advanced,0.74,True,False,200.0
2025-05-29 05:43:40,2025-05-29,infrastructure,Refinery outage reduces crude demand in Red Sea,high,3,0.861,151.4,Reduces crude intake temporarily,"[np.str_('US Gulf Coast'), np.str_('North Sea')]",4,market_calibrated_advanced,0.92,True,False,200.0
2025-05-30 03:56:24,2025-05-30,inventory_report,China crude inventories show lower trend,high,3,0.505,54.4,Indicates demand trajectory in largest importer,"[np.str_('US Gulf Coast'), np.str_('Global')]",4,market_calibrated_advanced,0.87,True,False,200.0
2025-05-31 04:29:14,2025-05-31,infrastructure,Port congestion delays 41 tankers at Ras Tanura,high,3,0.99,95.9,Logistical bottleneck affecting deliveries,"[np.str_('North Sea'), np.str_('Middle East')]",7,market_calibrated_advanced,0.89,True,False,200.0
2025-05-31 10:20:34,2025-05-31,inventory_report,EIA reports unchanged crude inventory of 1207M barrels,moderate,2,0.611,25.2,Weekly fundamental data point,[np.str_('Global')],3,market_calibrated_advanced,0.85,True,False,200.0
2025-05-31 11:19:29,2025-05-31,infrastructure,Major pipeline maintenance reduces Global flows by 1342,low,1,0.5509,108.4,Temporary but planned supply reduction,[np.str_('US Gulf Coast')],9,market_calibrated_advanced,0.71,True,True,160.0
2025-05-31 17:26:12,2025-05-31,inventory_report,China crude inventories show higher trend,moderate,2,0.36819999999999997,29.7,Indicates demand trajectory in largest importer,"[np.str_('US Gulf Coast'), np.str_('Global')]",3,market_calibrated_advanced,0.93,True,True,160.0
2025-05-31 19:28:34,2025-05-31,sanctions,Sanctions waiver negotiations for USA oil exports,high,3,0.7,171.6,Potential for supply increase if granted,[np.str_('Middle East')],46,market_calibrated_advanced,0.76,True,True,160.0
2025-05-31 21:53:18,2025-05-31,sanctions,Secondary sanctions threatened for Venezuela oil traders,extreme,5,1.0,291.2,Disrupts payment systems and shipping insurance,[np.str_('Middle East')],20,market_calibrated_advanced,0.73,True,False,200.0
2025-06-01 07:40:27,2025-06-01,inventory_report,China crude inventories show higher trend,moderate,2,0.3717,58.2,Indicates demand trajectory in largest importer,"[np.str_('US Gulf Coast'), np.str_('Global')]",1,market_calibrated_advanced,0.86,True,True,160.0
2025-06-01 16:46:26,2025-06-01,inventory_report,EIA reports higher crude inventory of 608M barrels,moderate,2,0.593,79.7,Weekly fundamental data point,"[np.str_('Global'), np.str_('US Gulf Coast')]",2,market_calibrated_advanced,0.74,True,False,200.0
2025-06-01 19:06:11,2025-06-01,inventory_report,EIA reports lower crude inventory of 1577M barrels,moderate,2,0.639,74.3,Weekly fundamental data point,[np.str_('Global')],4,market_calibrated_advanced,0.76,True,False,200.0
2025-06-01 22:18:24,2025-06-01,inventory_report,Cushing storage levels approach operational minimum,moderate,2,0.3892,19.0,Delivery point concerns for WTI contract,"[np.str_('US Gulf Coast'), np.str_('Global')]",1,market_calibrated_advanced,0.83,True,True,160.0
2025-06-02 12:06:57,2025-06-02,geopolitical_tension,Trade negotiations impact West Africa energy imports,high,3,0.953,149.0,Trade policy uncertainty affects flows,"[np.str_('Asia Pacific'), np.str_('Middle East')]",20,market_calibrated_advanced,0.78,True,False,200.0
2025-06-03 02:15:07,2025-06-03,trade_flow_disruption,Shipping lane disruption near Malacca Strait,extreme,5,1.0,69.5,"Forces rerouting, increases transit times",[np.str_('Strait of Hormuz')],9,market_calibrated_advanced,0.94,True,False,200.0
2025-06-04 10:45:00,2025-06-04,inventory_report,Cushing storage levels approach operational minimum,high,3,0.506,22.4,Delivery point concerns for WTI contract,"[np.str_('US Gulf Coast'), np.str_('Global')]",2,market_calibrated_advanced,0.84,False,False,200.0
2025-06-06 15:29:37,2025-06-06,inventory_report,EIA reports unchanged crude inventory of 1055M barrels,low,1,0.632,72.9,Weekly fundamental data point,"[np.str_('US Gulf Coast'), np.str_('Global')]",4,market_calibrated_advanced,0.99,False,False,199.0
2025-06-07 01:14:03,2025-06-07,infrastructure,Refinery outage reduces crude demand in Red Sea,high,3,0.838,90.1,Reduces crude intake temporarily,[np.str_('US Gulf Coast')],11,market_calibrated_advanced,0.93,True,False,200.0
2025-06-07 01:19:13,2025-06-07,inventory_report,Floating storage levels lower off Caspian Region,moderate,2,0.3633,67.0,Signal of market contango/backwardation,[np.str_('Global')],2,market_calibrated_advanced,0.95,True,True,160.0
2025-06-07 04:42:32,2025-06-07,infrastructure,Major pipeline maintenance reduces US Gulf Coast flows by 1685,low,1,0.5509,52.5,Temporary but planned supply reduction,"[np.str_('North Sea'), np.str_('US Gulf Coast')]",11,market_calibrated_advanced,0.76,True,True,160.0
2025-06-07 05:54:50,2025-06-07,military_conflict,Drone attack targets European Union oil infrastructure,extreme,5,1.0,210.7,"Immediate supply risk, insurance premiums spike","[np.str_('Middle East'), np.str_('North Africa')]",28,market_calibrated_advanced,0.73,True,False,200.0
2025-06-07 09:06:33,2025-06-07,inventory_report,Floating storage levels lower off Asia Pacific,high,3,0.647,51.9,Signal of market contango/backwardation,"[np.str_('US Gulf Coast'), np.str_('Global')]",4,market_calibrated_advanced,0.96,True,False,200.0
2025-06-08 10:49:42,2025-06-08,sanctions,EU extends sanctions framework on OPEC+ energy exports,critical,4,1.0,390.0,Reduces available supply to European markets,"[np.str_('Middle East'), np.str_('Global'), np.str_('Caspian Region')]",28,market_calibrated_advanced,0.91,True,False,200.0
2025-06-09 01:35:26,2025-06-09,geopolitical_tension,Diplomatic tensions escalate between USA and UAE,critical,4,1.0,178.9,Risk premium increases on supply disruption fears,[np.str_('Middle East')],44,market_calibrated_advanced,0.81,True,False,200.0
2025-06-12 07:09:36,2025-06-12,trade_flow_disruption,Tanker tracking shows lower flows to Saudi Arabia,moderate,2,1.0,191.9,Indicates trade pattern shifts,[np.str_('South China Sea')],9,market_calibrated_advanced,0.74,False,False,200.0
2025-06-13 04:54:48,2025-06-13,inventory_report,Cushing storage levels approach operational minimum,high,3,0.624,44.8,Delivery point concerns for WTI contract,"[np.str_('US Gulf Coast'), np.str_('Global')]",3,market_calibrated_advanced,0.77,True,False,200.0
2025-06-13 07:57:40,2025-06-13,geopolitical_tension,Strategic reserve release coordinated by {alliance},critical,4,0.966,86.3,Temporary supply increase to calm markets,[np.str_('Asia Pacific')],31,market_calibrated_advanced,0.88,True,False,200.0
2025-06-15 11:40:57,2025-06-15,trade_flow_disruption,Port restrictions impact Iraq crude exports,high,3,1.0,275.0,Physical supply bottleneck,[np.str_('Strait of Hormuz')],9,market_calibrated_advanced,0.94,True,False,199.0
2025-06-16 03:38:53,2025-06-16,infrastructure,Refinery outage reduces crude demand in North Africa,high,3,0.842,71.5,Reduces crude intake temporarily,"[np.str_('Middle East'), np.str_('North Sea'), np.str_('US Gulf Coast')]",8,market_calibrated_advanced,0.89,True,False,200.0
2025-06-16 09:37:17,2025-06-16,sanctions,Sanctions waiver negotiations for China oil exports,critical,4,1.0,197.5,Potential for supply increase if granted,"[np.str_('Middle East'), np.str_('Global')]",62,market_calibrated_advanced,0.96,True,False,200.0
2025-06-20 04:42:55,2025-06-20,trade_flow_disruption,Port restrictions impact Saudi Arabia crude exports,high,3,1.0,148.7,Physical supply bottleneck,"[np.str_('Strait of Hormuz'), np.str_('South China Sea'), np.str_('Red Sea')]",8,market_calibrated_advanced,0.75,True,False,198.0
2025-06-20 19:35:55,2025-06-20,inventory_report,Floating storage levels unchanged off Asia Pacific,moderate,2,0.592,94.1,Signal of market contango/backwardation,"[np.str_('US Gulf Coast'), np.str_('Global')]",4,market_calibrated_advanced,0.95,False,False,198.0
2025-06-21 01:45:40,2025-06-21,trade_flow_disruption,Shipping lane disruption near Bab el-Mandeb,critical,4,0.5901,215.1,"Forces rerouting, increases transit times","[np.str_('South China Sea'), np.str_('Red Sea')]",15,market_calibrated_advanced,0.93,False,True,160.0
2025-06-21 06:42:42,2025-06-21,trade_flow_disruption,Insurance premiums surge for Red Sea tanker transits,critical,4,1.0,218.1,"Increases shipping costs, may deter voyages",[np.str_('South China Sea')],14,market_calibrated_advanced,0.97,True,False,200.0
2025-06-21 16:33:25,2025-06-21,infrastructure,Port congestion delays 33 tankers at Ras Tanura,high,3,0.812,94.5,Logistical bottleneck affecting deliveries,"[np.str_('US Gulf Coast'), np.str_('North Sea'), np.str_('Middle East')]",2,market_calibrated_advanced,0.86,True,False,200.0
2025-06-23 02:36:48,2025-06-23,inventory_report,Cushing storage levels approach operational minimum,moderate,2,0.604,46.2,Delivery point concerns for WTI contract,"[np.str_('US Gulf Coast'), np.str_('Global')]",2,market_calibrated_advanced,0.7,False,False,196.0
2025-06-23 18:27:30,2025-06-23,inventory_report,EIA reports higher crude inventory of 314M barrels,low,1,0.3801,52.7,Weekly fundamental data point,[np.str_('US Gulf Coast')],2,market_calibrated_advanced,0.88,True,True,157.0
2025-06-24 03:02:29,2025-06-24,geopolitical_tension,Diplomatic tensions escalate between USA and Libya,critical,4,1.0,136.6,Risk premium increases on supply disruption fears,[np.str_('Asia Pacific')],27,market_calibrated_advanced,0.77,False,False,200.0
2025-06-24 15:17:44,2025-06-24,inventory_report,Cushing storage levels approach operational minimum,high,3,0.508,27.9,Delivery point concerns for WTI contract,[np.str_('Global')],4,market_calibrated_advanced,0.9,True,False,200.0
2025-06-24 15:37:04,2025-06-24,geopolitical_tension,Trade negotiations impact South China Sea energy imports,high,3,0.99,235.3,Trade policy uncertainty affects flows,[np.str_('Middle East')],39,market_calibrated_advanced,0.72,False,False,200.0
2025-06-26 00:26:22,2025-06-26,infrastructure,Major pipeline maintenance reduces Asia Pacific flows by 1358,low,1,0.954,66.8,Temporary but planned supply reduction,"[np.str_('North Sea'), np.str_('US Gulf Coast')]",10,market_calibrated_advanced,0.71,True,False,200.0
2025-06-26 04:19:07,2025-06-26,geopolitical_tension,Energy security summit addresses US Gulf Coast supply concerns,moderate,2,1.0,181.6,Coordinated response to supply risks,[np.str_('Asia Pacific')],22,market_calibrated_advanced,0.73,True,False,200.0
2025-06-26 06:30:00,2025-06-26,inventory_report,EIA reports lower crude inventory of 822M barrels,low,1,0.594,32.9,Weekly fundamental data point,"[np.str_('US Gulf Coast'), np.str_('Global')]",1,market_calibrated_advanced,0.92,True,False,200.0
2025-06-26 10:53:40,2025-06-26,inventory_report,Cushing storage levels approach operational minimum,moderate,2,0.552,26.2,Delivery point concerns for WTI contract,[np.str_('US Gulf Coast')],3,market_calibrated_advanced,0.71,True,False,200.0
2025-06-27 00:00:47,2025-06-27,sanctions,EU extends sanctions framework on China energy exports,critical,4,1.0,266.6,Reduces available supply to European markets,[np.str_('Global')],39,market_calibrated_advanced,0.85,True,False,200.0
2025-06-27 03:20:08,2025-06-27,inventory_report,EIA reports lower crude inventory of 1754M barrels,moderate,2,0.55,89.8,Weekly fundamental data point,"[np.str_('Global'), np.str_('US Gulf Coast')]",2,market_calibrated_advanced,0.9,True,False,200.0
2025-06-27 06:38:16,2025-06-27,inventory_report,China crude inventories show lower trend,high,3,0.63,97.2,Indicates demand trajectory in largest importer,[np.str_('US Gulf Coast')],4,market_calibrated_advanced,0.86,True,False,200.0
2025-06-27 09:45:50,2025-06-27,sanctions,EU extends sanctions framework on China energy exports,high,3,0.7,280.3,Reduces available supply to European markets,"[np.str_('Global'), np.str_('Middle East'), np.str_('Caspian Region')]",37,market_calibrated_advanced,0.93,False,True,160.0
2025-06-27 09:48:06,2025-06-27,inventory_report,Cushing storage levels approach operational minimum,high,3,0.613,81.8,Delivery point concerns for WTI contract,"[np.str_('Global'), np.str_('US Gulf Coast')]",1,market_calibrated_advanced,0.85,True,False,200.0
2025-06-28 00:58:53,2025-06-28,infrastructure,Major pipeline maintenance reduces West Africa flows by 193,moderate,2,0.981,29.4,Temporary but planned supply reduction,"[np.str_('US Gulf Coast'), np.str_('North Sea')]",13,market_calibrated_advanced,0.85,True,False,200.0
2025-06-29 18:03:48,2025-06-29,geopolitical_tension,Diplomatic tensions escalate between UAE and OPEC+,critical,4,1.0,239.0,Risk premium increases on supply disruption fears,"[np.str_('Asia Pacific'), np.str_('Middle East'), np.str_('Global')]",43,market_calibrated_advanced,0.9,True,False,200.0
2025-06-30 03:03:13,2025-06-30,geopolitical_tension,Trade negotiations impact North Africa energy imports,high,3,0.966,223.7,Trade policy uncertainty affects flows,"[np.str_('Asia Pacific'), np.str_('Middle East'), np.str_('Global')]",40,market_calibrated_advanced,0.9,False,False,200.0
2025-06-30 13:40:57,2025-06-30,inventory_report,Floating storage levels lower off Latin America,high,3,0.514,44.3,Signal of market contango/backwardation,[np.str_('Global')],1,market_calibrated_advanced,0.85,False,False,200.0
2025-06-30 18:51:58,2025-06-30,geopolitical_tension,Strategic reserve release coordinated by {alliance},high,3,0.5334,60.3,Temporary supply increase to calm markets,"[np.str_('Middle East'), np.str_('Global')]",17,market_calibrated_advanced,0.85,True,True,160.0
2025-07-02 01:33:19,2025-07-02,geopolitical_tension,Strategic reserve release coordinated by {alliance},high,3,0.6083,188.6,Temporary supply increase to calm markets,"[np.str_('Global'), np.str_('Middle East'), np.str_('Asia Pacific')]",34,market_calibrated_advanced,0.92,True,True,160.0
2025-07-02 06:00:39,2025-07-02,geopolitical_tension,Trade negotiations impact US Gulf Coast energy imports,high,3,1.0,181.6,Trade policy uncertainty affects flows,"[np.str_('Middle East'), np.str_('Global'), np.str_('Asia Pacific')]",43,market_calibrated_advanced,0.87,True,False,200.0
2025-07-02 20:20:47,2025-07-02,sanctions,OFAC issues new compliance guidance for oil transactions,high,3,1.0,269.1,Increases compliance costs and due diligence,[np.str_('Global')],80,market_calibrated_advanced,0.85,True,False,200.0
2025-07-03 16:14:22,2025-07-03,trade_flow_disruption,Insurance premiums surge for Strait of Hormuz tanker transits,critical,4,1.0,95.1,"Increases shipping costs, may deter voyages",[np.str_('South China Sea')],4,market_calibrated_advanced,0.8,True,False,200.0
2025-07-03 21:39:51,2025-07-03,infrastructure,Port congestion delays 22 tankers at Ras Tanura,high,3,0.88,84.0,Logistical bottleneck affecting deliveries,"[np.str_('Middle East'), np.str_('North Sea')]",2,market_calibrated_advanced,0.89,True,False,200.0
2025-07-04 03:37:45,2025-07-04,inventory_report,EIA reports unchanged crude inventory of 1197M barrels,moderate,2,0.69,64.2,Weekly fundamental data point,"[np.str_('US Gulf Coast'), np.str_('Global')]",4,market_calibrated_advanced,0.84,True,False,200.0
2025-07-04 06:12:34,2025-07-04,geopolitical_tension,Trade negotiations impact West Africa energy imports,high,3,0.978,179.7,Trade policy uncertainty affects flows,[np.str_('Middle East')],37,market_calibrated_advanced,0.82,False,False,200.0
2025-07-04 13:39:08,2025-07-04,production_policy,European Union announces voluntary production cut extension,critical,4,1.0,137.9,Tightens supply outlook,"[np.str_('Middle East'), np.str_('Global')]",33,market_calibrated_advanced,0.95,True,False,200.0
2025-07-06 10:48:19,2025-07-06,inventory_report,Cushing storage levels approach operational minimum,high,3,0.54,98.7,Delivery point concerns for WTI contract,"[np.str_('Global'), np.str_('US Gulf Coast')]",1,market_calibrated_advanced,0.77,True,False,200.0
2025-07-07 04:43:36,2025-07-07,infrastructure,Port congestion delays 13 tankers at Ras Tanura,high,3,0.805,32.3,Logistical bottleneck affecting deliveries,"[np.str_('North Sea'), np.str_('Middle East')]",1,market_calibrated_advanced,0.73,True,False,200.0
2025-07-07 10:17:23,2025-07-07,geopolitical_tension,Strategic reserve release coordinated by {alliance},high,3,0.49909999999999993,48.4,Temporary supply increase to calm markets,"[np.str_('Global'), np.str_('Middle East'), np.str_('Asia Pacific')]",13,market_calibrated_advanced,0.96,True,True,160.0
2025-07-07 21:54:34,2025-07-07,geopolitical_tension,Diplomatic tensions escalate between USA and Libya,critical,4,1.0,98.3,Risk premium increases on supply disruption fears,"[np.str_('Asia Pacific'), np.str_('Global'), np.str_('Middle East')]",7,market_calibrated_advanced,0.7,True,False,200.0
2025-07-08 21:30:14,2025-07-08,trade_flow_disruption,Shipping lane disruption near Strait of Hormuz,extreme,5,1.0,100.8,"Forces rerouting, increases transit times","[np.str_('Strait of Hormuz'), np.str_('Red Sea'), np.str_('South China Sea')]",12,market_calibrated_advanced,0.83,True,False,200.0
2025-07-09 00:15:09,2025-07-09,production_policy,OPEC+ agrees to adjust production by 1623 kb/d,critical,4,1.0,237.2,Direct impact on global supply-demand balance,"[np.str_('Global'), np.str_('Middle East')]",21,market_calibrated_advanced,0.81,True,False,200.0
2025-07-09 02:03:03,2025-07-09,trade_flow_disruption,Insurance premiums surge for Caspian Region tanker transits,critical,4,1.0,68.8,"Increases shipping costs, may deter voyages",[np.str_('South China Sea')],11,market_calibrated_advanced,0.86,True,False,200.0
2025-07-10 04:32:36,2025-07-10,inventory_report,EIA reports higher crude inventory of 1317M barrels,moderate,2,0.533,87.7,Weekly fundamental data point,"[np.str_('US Gulf Coast'), np.str_('Global')]",4,market_calibrated_advanced,0.98,True,False,200.0
2025-07-11 15:15:06,2025-07-11,inventory_report,China crude inventories show unchanged trend,high,3,0.579,98.7,Indicates demand trajectory in largest importer,"[np.str_('US Gulf Coast'), np.str_('Global')]",3,market_calibrated_advanced,0.99,True,False,200.0
2025-07-12 05:11:38,2025-07-12,infrastructure,Refinery outage reduces crude demand in Strait of Hormuz,high,3,0.955,121.6,Reduces crude intake temporarily,[np.str_('Middle East')],11,market_calibrated_advanced,0.93,True,False,200.0
2025-07-12 13:58:01,2025-07-12,sanctions,Sanctions waiver negotiations for Russia oil exports,critical,4,1.0,361.0,Potential for supply increase if granted,"[np.str_('Caspian Region'), np.str_('Global')]",36,market_calibrated_advanced,0.9,True,False,200.0
2025-07-13 01:11:10,2025-07-13,production_policy,Non-OPEC production growth revised lower,high,3,1.0,234.6,Shifts market share expectations,"[np.str_('Global'), np.str_('Middle East')]",42,market_calibrated_advanced,0.96,True,False,200.0
2025-07-13 02:46:17,2025-07-13,infrastructure,New pipeline capacity comes online in Asia Pacific,moderate,2,0.825,155.9,Improves supply chain efficiency,"[np.str_('Middle East'), np.str_('US Gulf Coast'), np.str_('North Sea')]",7,market_calibrated_advanced,0.74,True,False,200.0
2025-07-13 07:28:29,2025-07-13,infrastructure,Port congestion delays 40 tankers at Novorossiysk,high,3,0.94,122.4,Logistical bottleneck affecting deliveries,"[np.str_('US Gulf Coast'), np.str_('Middle East')]",7,market_calibrated_advanced,0.82,False,False,200.0
2025-07-16 04:24:42,2025-07-16,inventory_report,EIA reports unchanged crude inventory of 1428M barrels,low,1,0.677,28.4,Weekly fundamental data point,"[np.str_('US Gulf Coast'), np.str_('Global')]",2,market_calibrated_advanced,0.86,True,False,199.0
2025-07-16 11:01:42,2025-07-16,inventory_report,China crude inventories show unchanged trend,moderate,2,0.3668,48.7,Indicates demand trajectory in largest importer,"[np.str_('Global'), np.str_('US Gulf Coast')]",1,market_calibrated_advanced,0.79,True,True,159.0
2025-07-16 12:13:30,2025-07-16,inventory_report,EIA reports unchanged crude inventory of 717M barrels,low,1,0.2716,20.5,Weekly fundamental data point,"[np.str_('US Gulf Coast'), np.str_('Global')]",4,market_calibrated_advanced,0.96,True,True,159.0
2025-07-16 14:35:17,2025-07-16,inventory_report,Cushing storage levels approach operational minimum,moderate,2,0.559,67.7,Delivery point concerns for WTI contract,"[np.str_('US Gulf Coast'), np.str_('Global')]",2,market_calibrated_advanced,0.97,True,False,199.0
2025-07-16 17:48:00,2025-07-16,inventory_report,China crude inventories show higher trend,moderate,2,0.589,50.0,Indicates demand trajectory in largest importer,"[np.str_('US Gulf Coast'), np.str_('Global')]",2,market_calibrated_advanced,0.99,True,False,199.0
2025-07-17 02:04:21,2025-07-17,inventory_report,China crude inventories show lower trend,moderate,2,0.3836,29.3,Indicates demand trajectory in largest importer,"[np.str_('Global'), np.str_('US Gulf Coast')]",1,market_calibrated_advanced,0.78,True,True,160.0
2025-07-17 08:04:20,2025-07-17,inventory_report,EIA reports higher crude inventory of 771M barrels,moderate,2,0.513,65.6,Weekly fundamental data point,[np.str_('Global')],3,market_calibrated_advanced,0.99,True,False,200.0
2025-07-17 16:47:36,2025-07-17,trade_flow_disruption,Insurance premiums surge for South China Sea tanker transits,critical,4,1.0,287.6,"Increases shipping costs, may deter voyages","[np.str_('Strait of Hormuz'), np.str_('Red Sea')]",3,market_calibrated_advanced,0.81,True,False,200.0
2025-07-18 02:40:15,2025-07-18,inventory_report,EIA reports higher crude inventory of 321M barrels,moderate,2,0.506,58.1,Weekly fundamental data point,"[np.str_('US Gulf Coast'), np.str_('Global')]",1,market_calibrated_advanced,0.77,True,False,200.0
2025-07-19 06:14:07,2025-07-19,geopolitical_tension,Diplomatic tensions escalate between Nigeria and Nigeria,critical,4,1.0,219.3,Risk premium increases on supply disruption fears,[np.str_('Middle East')],14,market_calibrated_advanced,0.85,True,False,200.0
2025-07-20 09:08:01,2025-07-20,infrastructure,Refinery outage reduces crude demand in Caspian Region,high,3,0.825,75.0,Reduces crude intake temporarily,[np.str_('US Gulf Coast')],8,market_calibrated_advanced,0.75,True,False,200.0
2025-07-21 08:02:18,2025-07-21,military_conflict,Missile attack on Libya port facility,extreme,5,1.0,308.4,Direct damage to export infrastructure,[np.str_('Strait of Hormuz')],21,market_calibrated_advanced,0.94,True,False,200.0
2025-07-22 00:50:14,2025-07-22,production_policy,Non-OPEC production growth revised lower,high,3,1.0,193.1,Shifts market share expectations,"[np.str_('Global'), np.str_('Middle East')]",45,market_calibrated_advanced,0.92,False,False,200.0
2025-07-26 03:07:08,2025-07-26,infrastructure,Refinery outage reduces crude demand in US Gulf Coast,moderate,2,0.849,67.8,Reduces crude intake temporarily,"[np.str_('US Gulf Coast'), np.str_('Middle East')]",12,market_calibrated_advanced,0.74,True,False,197.0
2025-07-27 02:52:42,2025-07-27,geopolitical_tension,Energy security summit addresses US Gulf Coast supply concerns,moderate,2,0.6272,98.0,Coordinated response to supply risks,"[np.str_('Global'), np.str_('Asia Pacific')]",22,market_calibrated_advanced,0.99,True,True,160.0
2025-07-27 09:34:25,2025-07-27,geopolitical_tension,Strategic reserve release coordinated by {alliance},critical,4,0.992,159.0,Temporary supply increase to calm markets,"[np.str_('Asia Pacific'), np.str_('Middle East')]",34,market_calibrated_advanced,0.85,True,False,200.0
2025-07-27 11:33:04,2025-07-27,production_policy,UAE output disrupted by power outage at Zuluf,critical,4,1.0,224.6,Temporary supply reduction,[np.str_('Middle East')],23,market_calibrated_advanced,0.99,True,False,200.0
2025-07-28 03:21:55,2025-07-28,inventory_report,Cushing storage levels approach operational minimum,moderate,2,0.39899999999999997,73.0,Delivery point concerns for WTI contract,"[np.str_('Global'), np.str_('US Gulf Coast')]",2,market_calibrated_advanced,0.99,True,True,160.0
2025-07-28 05:33:45,2025-07-28,inventory_report,China crude inventories show lower trend,high,3,0.66,82.2,Indicates demand trajectory in largest importer,"[np.str_('Global'), np.str_('US Gulf Coast')]",4,market_calibrated_advanced,0.99,True,False,200.0
2025-07-28 14:44:35,2025-07-28,production_policy,Non-OPEC production growth revised higher,high,3,1.0,275.7,Shifts market share expectations,"[np.str_('Middle East'), np.str_('Global')]",44,market_calibrated_advanced,0.81,True,False,200.0
2025-07-29 04:30:06,2025-07-29,geopolitical_tension,Trade negotiations impact Red Sea energy imports,high,3,0.931,131.5,Trade policy uncertainty affects flows,[np.str_('Middle East')],18,market_calibrated_advanced,0.8,True,False,200.0
2025-07-29 11:24:21,2025-07-29,production_policy,Iran announces voluntary production cut extension,critical,4,1.0,167.5,Tightens supply outlook,[np.str_('Middle East')],36,market_calibrated_advanced,0.89,True,False,200.0
2025-07-29 19:55:54,2025-07-29,geopolitical_tension,Trade negotiations impact North Sea energy imports,high,3,0.933,224.3,Trade policy uncertainty affects flows,"[np.str_('Asia Pacific'), np.str_('Global')]",18,market_calibrated_advanced,0.72,True,False,200.0
2025-07-30 00:32:28,2025-07-30,inventory_report,Floating storage levels higher off North Sea,high,3,0.588,79.2,Signal of market contango/backwardation,[np.str_('Global')],2,market_calibrated_advanced,0.9,True,False,200.0
2025-07-30 13:26:27,2025-07-30,inventory_report,Cushing storage levels approach operational minimum,high,3,0.537,64.3,Delivery point concerns for WTI contract,[np.str_('Global')],2,market_calibrated_advanced,0.88,False,False,200.0
2025-07-30 13:56:44,2025-07-30,geopolitical_tension,Diplomatic tensions escalate between USA and USA,critical,4,1.0,161.7,Risk premium increases on supply disruption fears,"[np.str_('Global'), np.str_('Asia Pacific')]",20,market_calibrated_advanced,0.71,True,False,200.0
2025-07-30 14:14:05,2025-07-30,inventory_report,EIA reports lower crude inventory of 1540M barrels,low,1,0.3822,67.0,Weekly fundamental data point,[np.str_('Global')],3,market_calibrated_advanced,0.75,True,True,160.0
2025-07-31 15:40:33,2025-07-31,trade_flow_disruption,Shipping lane disruption near Bab el-Mandeb,extreme,5,1.0,189.9,"Forces rerouting, increases transit times","[np.str_('South China Sea'), np.str_('Red Sea'), np.str_('Strait of Hormuz')]",10,market_calibrated_advanced,0.87,False,False,200.0
2025-07-31 18:27:37,2025-07-31,production_policy,OPEC+ agrees to adjust production by 244 kb/d,critical,4,1.0,214.2,Direct impact on global supply-demand balance,[np.str_('Global')],40,market_calibrated_advanced,0.73,True,False,200.0
2025-08-03 09:33:45,2025-08-03,inventory_report,EIA reports lower crude inventory of 1913M barrels,low,1,0.583,47.4,Weekly fundamental data point,[np.str_('Global')],1,market_calibrated_advanced,0.7,True,False,200.0
2025-08-03 17:40:33,2025-08-03,inventory_report,Cushing storage levels approach operational minimum,moderate,2,0.633,26.2,Delivery point concerns for WTI contract,"[np.str_('US Gulf Coast'), np.str_('Global')]",2,market_calibrated_advanced,0.84,True,False,200.0
2025-08-04 01:29:24,2025-08-04,geopolitical_tension,Strategic reserve release coordinated by {alliance},critical,4,1.0,111.6,Temporary supply increase to calm markets,"[np.str_('Middle East'), np.str_('Asia Pacific'), np.str_('Global')]",10,market_calibrated_advanced,0.88,True,False,200.0
2025-08-04 03:46:27,2025-08-04,military_conflict,Drone attack targets OPEC+ oil infrastructure,critical,4,0.7,576.0,"Immediate supply risk, insurance premiums spike",[np.str_('Strait of Hormuz')],24,market_calibrated_advanced,0.86,True,True,160.0
2025-08-04 18:04:57,2025-08-04,geopolitical_tension,Strategic reserve release coordinated by {alliance},high,3,0.6181,125.7,Temporary supply increase to calm markets,"[np.str_('Asia Pacific'), np.str_('Global')]",36,market_calibrated_advanced,0.89,True,True,160.0
2025-08-04 19:57:43,2025-08-04,military_conflict,Drone attack targets UAE oil infrastructure,extreme,5,1.0,745.1,"Immediate supply risk, insurance premiums spike","[np.str_('Middle East'), np.str_('Strait of Hormuz'), np.str_('North Africa')]",11,market_calibrated_advanced,0.93,True,False,200.0
2025-08-04 21:14:34,2025-08-04,inventory_report,Cushing storage levels approach operational minimum,high,3,0.572,59.1,Delivery point concerns for WTI contract,[np.str_('Global')],3,market_calibrated_advanced,0.71,True,False,200.0
2025-08-05 07:47:29,2025-08-05,inventory_report,Floating storage levels lower off Global,high,3,0.561,79.7,Signal of market contango/backwardation,[np.str_('US Gulf Coast')],2,market_calibrated_advanced,0.74,True,False,200.0
2025-08-05 12:09:09,2025-08-05,inventory_report,EIA reports higher crude inventory of 946M barrels,moderate,2,0.574,50.7,Weekly fundamental data point,[np.str_('US Gulf Coast')],2,market_calibrated_advanced,0.77,True,False,200.0
2025-08-06 09:14:34,2025-08-06,inventory_report,EIA reports higher crude inventory of 229M barrels,moderate,2,0.684,89.6,Weekly fundamental data point,"[np.str_('US Gulf Coast'), np.str_('Global')]",2,market_calibrated_advanced,0.82,True,False,200.0
2025-08-06 13:23:46,2025-08-06,inventory_report,China crude inventories show higher trend,high,3,0.532,25.7,Indicates demand trajectory in largest importer,"[np.str_('US Gulf Coast'), np.str_('Global')]",1,market_calibrated_advanced,0.9,True,False,200.0
2025-08-08 05:19:51,2025-08-08,geopolitical_tension,Strategic reserve release coordinated by {alliance},critical,4,1.0,183.0,Temporary supply increase to calm markets,[np.str_('Global')],13,market_calibrated_advanced,0.95,True,False,200.0
2025-08-08 19:20:08,2025-08-08,production_policy,Non-OPEC production growth revised lower,high,3,1.0,149.3,Shifts market share expectations,"[np.str_('Middle East'), np.str_('Global')]",18,market_calibrated_advanced,0.79,True,False,200.0
2025-08-09 08:58:32,2025-08-09,geopolitical_tension,Energy security summit addresses North Sea supply concerns,moderate,2,0.5306,98.7,Coordinated response to supply risks,[np.str_('Global')],11,market_calibrated_advanced,0.73,True,True,160.0
2025-08-09 12:33:04,2025-08-09,geopolitical_tension,Strategic reserve release coordinated by {alliance},critical,4,1.0,60.7,Temporary supply increase to calm markets,[np.str_('Asia Pacific')],10,market_calibrated_advanced,1.0,True,False,200.0
2025-08-09 22:49:55,2025-08-09,military_conflict,Naval incident near Strait of Hormuz shipping lane,extreme,5,1.0,260.7,Risk to major transit chokepoint,"[np.str_('Strait of Hormuz'), np.str_('North Africa')]",17,market_calibrated_advanced,0.73,True,False,200.0
2025-08-12 00:31:17,2025-08-12,inventory_report,Cushing storage levels approach operational minimum,moderate,2,0.3563,77.3,Delivery point concerns for WTI contract,"[np.str_('Global'), np.str_('US Gulf Coast')]",4,market_calibrated_advanced,0.84,True,True,160.0
2025-08-12 07:58:10,2025-08-12,inventory_report,China crude inventories show higher trend,moderate,2,0.608,46.3,Indicates demand trajectory in largest importer,"[np.str_('US Gulf Coast'), np.str_('Global')]",1,market_calibrated_advanced,0.97,True,False,200.0
2025-08-12 18:50:25,2025-08-12,infrastructure,Refinery outage reduces crude demand in South China Sea,moderate,2,0.855,60.0,Reduces crude intake temporarily,[np.str_('US Gulf Coast')],5,market_calibrated_advanced,0.97,False,False,200.0
2025-08-12 19:58:21,2025-08-12,inventory_report,China crude inventories show lower trend,moderate,2,0.517,61.4,Indicates demand trajectory in largest importer,"[np.str_('US Gulf Coast'), np.str_('Global')]",3,market_calibrated_advanced,0.92,True,False,200.0
2025-08-12 22:22:34,2025-08-12,inventory_report,EIA reports unchanged crude inventory of 1717M barrels,low,1,0.615,45.0,Weekly fundamental data point,[np.str_('Global')],1,market_calibrated_advanced,0.89,True,False,200.0
2025-08-13 02:14:03,2025-08-13,inventory_report,EIA reports unchanged crude inventory of 1086M barrels,moderate,2,0.518,74.6,Weekly fundamental data point,"[np.str_('US Gulf Coast'), np.str_('Global')]",4,market_calibrated_advanced,0.91,True,False,200.0
2025-08-13 15:46:44,2025-08-13,infrastructure,Refinery outage reduces crude demand in West Africa,high,3,0.91,76.3,Reduces crude intake temporarily,"[np.str_('US Gulf Coast'), np.str_('Middle East')]",9,market_calibrated_advanced,0.73,True,False,200.0
2025-08-13 17:02:54,2025-08-13,inventory_report,Floating storage levels higher off Strait of Hormuz,moderate,2,0.3745,78.5,Signal of market contango/backwardation,"[np.str_('US Gulf Coast'), np.str_('Global')]",3,market_calibrated_advanced,0.73,True,True,160.0
2025-08-14 07:08:35,2025-08-14,infrastructure,Refinery outage reduces crude demand in North Africa,moderate,2,0.5593,114.3,Reduces crude intake temporarily,"[np.str_('Middle East'), np.str_('US Gulf Coast')]",8,market_calibrated_advanced,0.77,True,True,160.0
2025-08-14 13:35:46,2025-08-14,infrastructure,Refinery outage reduces crude demand in Caspian Region,high,3,0.91,125.1,Reduces crude intake temporarily,"[np.str_('US Gulf Coast'), np.str_('Middle East'), np.str_('North Sea')]",6,market_calibrated_advanced,0.85,True,False,200.0
2025-08-16 15:29:54,2025-08-16,inventory_report,Floating storage levels higher off Red Sea,moderate,2,0.671,81.8,Signal of market contango/backwardation,[np.str_('US Gulf Coast')],2,market_calibrated_advanced,0.91,True,False,198.0
2025-08-19 06:02:25,2025-08-19,inventory_report,Floating storage levels higher off US Gulf Coast,moderate,2,0.538,26.7,Signal of market contango/backwardation,[np.str_('US Gulf Coast')],3,market_calibrated_advanced,0.86,True,False,198.0
2025-08-19 12:50:58,2025-08-19,inventory_report,China crude inventories show higher trend,moderate,2,0.638,92.1,Indicates demand trajectory in largest importer,"[np.str_('Global'), np.str_('US Gulf Coast')]",4,market_calibrated_advanced,0.93,True,False,198.0
2025-08-19 16:50:34,2025-08-19,inventory_report,Cushing storage levels approach operational minimum,moderate,2,0.39899999999999997,66.8,Delivery point concerns for WTI contract,"[np.str_('Global'), np.str_('US Gulf Coast')]",4,market_calibrated_advanced,0.75,False,True,158.0
2025-08-20 08:48:43,2025-08-20,military_conflict,Military escalation near South China Sea oil facilities,extreme,5,1.0,826.4,Threatens regional production and transit,[np.str_('North Africa')],19,market_calibrated_advanced,0.86,True,False,200.0
2025-08-21 19:45:14,2025-08-21,inventory_report,Floating storage levels unchanged off North Sea,high,3,0.555,76.1,Signal of market contango/backwardation,[np.str_('Global')],4,market_calibrated_advanced,0.88,True,False,200.0
2025-08-22 10:53:21,2025-08-22,inventory_report,EIA reports higher crude inventory of 349M barrels,moderate,2,0.688,84.5,Weekly fundamental data point,"[np.str_('Global'), np.str_('US Gulf Coast')]",1,market_calibrated_advanced,0.75,True,False,200.0
2025-08-22 13:47:47,2025-08-22,geopolitical_tension,Trade negotiations impact Red Sea energy imports,high,3,0.903,185.3,Trade policy uncertainty affects flows,"[np.str_('Asia Pacific'), np.str_('Global')]",31,market_calibrated_advanced,0.9,True,False,200.0
2025-08-22 21:14:33,2025-08-22,trade_flow_disruption,Shipping lane disruption near Suez Canal,extreme,5,1.0,64.6,"Forces rerouting, increases transit times",[np.str_('South China Sea')],7,market_calibrated_advanced,0.79,True,False,200.0
2025-08-23 01:32:25,2025-08-23,inventory_report,Floating storage levels unchanged off West Africa,high,3,0.618,73.5,Signal of market contango/backwardation,[np.str_('US Gulf Coast')],4,market_calibrated_advanced,0.91,True,False,200.0
2025-08-23 04:28:58,2025-08-23,infrastructure,Refinery outage reduces crude demand in West Africa,high,3,0.935,76.9,Reduces crude intake temporarily,"[np.str_('Middle East'), np.str_('US Gulf Coast'), np.str_('North Sea')]",11,market_calibrated_advanced,0.8,True,False,200.0
2025-08-23 06:28:02,2025-08-23,geopolitical_tension,Trade negotiations impact Red Sea energy imports,high,3,0.979,179.3,Trade policy uncertainty affects flows,[np.str_('Global')],42,market_calibrated_advanced,0.98,True,False,200.0
2025-08-23 16:44:33,2025-08-23,geopolitical_tension,Trade negotiations impact Caspian Region energy imports,high,3,1.0,179.2,Trade policy uncertainty affects flows,"[np.str_('Asia Pacific'), np.str_('Middle East')]",5,market_calibrated_advanced,0.71,True,False,200.0
2025-08-24 08:45:57,2025-08-24,inventory_report,Floating storage levels unchanged off Global,high,3,0.676,74.8,Signal of market contango/backwardation,"[np.str_('US Gulf Coast'), np.str_('Global')]",2,market_calibrated_advanced,0.72,True,False,200.0
2025-08-26 07:54:35,2025-08-26,inventory_report,Cushing storage levels approach operational minimum,high,3,0.654,28.3,Delivery point concerns for WTI contract,"[np.str_('Global'), np.str_('US Gulf Coast')]",4,market_calibrated_advanced,0.72,False,False,200.0
2025-08-26 17:08:24,2025-08-26,production_policy,Kuwait announces voluntary production cut extension,critical,4,1.0,276.7,Tightens supply outlook,"[np.str_('Global'), np.str_('Middle East')]",35,market_calibrated_advanced,0.89,True,False,200.0
2025-08-26 22:38:29,2025-08-26,geopolitical_tension,Energy security summit addresses North Sea supply concerns,high,3,1.0,207.7,Coordinated response to supply risks,"[np.str_('Asia Pacific'), np.str_('Middle East')]",19,market_calibrated_advanced,0.74,True,False,200.0
2025-08-27 21:24:36,2025-08-27,inventory_report,Cushing storage levels approach operational minimum,high,3,0.528,46.4,Delivery point concerns for WTI contract,[np.str_('US Gulf Coast')],1,market_calibrated_advanced,0.82,True,False,200.0
2025-08-28 01:57:52,2025-08-28,inventory_report,China crude inventories show higher trend,high,3,0.544,65.0,Indicates demand trajectory in largest importer,"[np.str_('Global'), np.str_('US Gulf Coast')]",4,market_calibrated_advanced,0.81,True,False,200.0
2025-08-28 11:06:47,2025-08-28,geopolitical_tension,Diplomatic tensions escalate between UAE and China,critical,4,1.0,155.2,Risk premium increases on supply disruption fears,"[np.str_('Asia Pacific'), np.str_('Global')]",19,market_calibrated_advanced,0.89,True,False,200.0
2025-08-31 06:34:44,2025-08-31,inventory_report,EIA reports lower crude inventory of 1790M barrels,moderate,2,0.64,23.9,Weekly fundamental data point,"[np.str_('US Gulf Coast'), np.str_('Global')]",3,market_calibrated_advanced,0.83,True,False,200.0
2025-08-31 12:11:16,2025-08-31,inventory_report,EIA reports lower crude inventory of 960M barrels,low,1,0.31429999999999997,57.4,Weekly fundamental data point,"[np.str_('Global'), np.str_('US Gulf Coast')]",2,market_calibrated_advanced,0.94,True,True,160.0
2025-09-01 15:41:34,2025-09-01,geopolitical_tension,Energy security summit addresses Middle East supply concerns,high,3,1.0,121.8,Coordinated response to supply risks,[np.str_('Middle East')],40,market_calibrated_advanced,0.71,True,False,200.0
2025-09-02 04:40:56,2025-09-02,inventory_report,Floating storage levels lower off Caspian Region,high,3,0.585,99.4,Signal of market contango/backwardation,"[np.str_('Global'), np.str_('US Gulf Coast')]",2,market_calibrated_advanced,0.79,True,False,200.0
2025-09-02 22:11:08,2025-09-02,military_conflict,Missile attack on Iran port facility,extreme,5,1.0,529.0,Direct damage to export infrastructure,[np.str_('Strait of Hormuz')],7,market_calibrated_advanced,0.9,True,False,200.0
2025-09-03 03:50:39,2025-09-03,sanctions,OFAC issues new compliance guidance for oil transactions,high,3,1.0,300.4,Increases compliance costs and due diligence,"[np.str_('Caspian Region'), np.str_('Global'), np.str_('Middle East')]",72,market_calibrated_advanced,0.73,True,False,200.0
2025-09-03 09:07:01,2025-09-03,inventory_report,EIA reports unchanged crude inventory of 1687M barrels,moderate,2,0.528,24.2,Weekly fundamental data point,"[np.str_('US Gulf Coast'), np.str_('Global')]",4,market_calibrated_advanced,0.72,True,False,200.0
2025-09-04 01:57:06,2025-09-04,trade_flow_disruption,Shipping lane disruption near Malacca Strait,extreme,5,1.0,284.7,"Forces rerouting, increases transit times","[np.str_('South China Sea'), np.str_('Strait of Hormuz'), np.str_('Red Sea')]",15,market_calibrated_advanced,0.86,True,False,200.0
2025-09-04 07:13:45,2025-09-04,military_conflict,Military escalation near North Africa oil facilities,extreme,5,1.0,993.9,Threatens regional production and transit,"[np.str_('Middle East'), np.str_('North Africa'), np.str_('Strait of Hormuz')]",15,market_calibrated_advanced,0.73,False,False,200.0
2025-09-04 16:29:48,2025-09-04,military_conflict,Naval incident near Suez Canal shipping lane,extreme,5,0.7,509.4,Risk to major transit chokepoint,"[np.str_('North Africa'), np.str_('Strait of Hormuz'), np.str_('Middle East')]",25,market_calibrated_advanced,0.9,True,True,160.0
2025-09-05 00:52:11,2025-09-05,inventory_report,Floating storage levels unchanged off South China Sea,high,3,0.662,94.4,Signal of market contango/backwardation,"[np.str_('US Gulf Coast'), np.str_('Global')]",4,market_calibrated_advanced,0.84,True,False,200.0
2025-09-05 04:05:53,2025-09-05,inventory_report,China crude inventories show unchanged trend,high,3,0.643,55.3,Indicates demand trajectory in largest importer,"[np.str_('Global'), np.str_('US Gulf Coast')]",1,market_calibrated_advanced,0.81,True,False,200.0
2025-09-06 00:40:24,2025-09-06,inventory_report,EIA reports unchanged crude inventory of 1176M barrels,low,1,0.3584,52.7,Weekly fundamental data point,[np.str_('US Gulf Coast')],4,market_calibrated_advanced,0.78,True,True,160.0
2025-09-06 02:26:17,2025-09-06,inventory_report,China crude inventories show unchanged trend,moderate,2,0.378,23.6,Indicates demand trajectory in largest importer,[np.str_('US Gulf Coast')],3,market_calibrated_advanced,0.82,True,True,160.0
2025-09-06 11:43:38,2025-09-06,inventory_report,Floating storage levels higher off Asia Pacific,high,3,0.581,70.8,Signal of market contango/backwardation,"[np.str_('US Gulf Coast'), np.str_('Global')]",2,market_calibrated_advanced,0.99,True,False,200.0
2025-09-06 14:12:08,2025-09-06,inventory_report,EIA reports unchanged crude inventory of 409M barrels,moderate,2,0.569,89.6,Weekly fundamental data point,[np.str_('US Gulf Coast')],1,market_calibrated_advanced,0.87,True,False,200.0
2025-09-06 20:43:47,2025-09-06,geopolitical_tension,Trade negotiations impact Latin America energy imports,high,3,1.0,103.1,Trade policy uncertainty affects flows,"[np.str_('Middle East'), np.str_('Asia Pacific')]",27,market_calibrated_advanced,0.9,True,False,200.0
2025-09-07 03:27:28,2025-09-07,inventory_report,Cushing storage levels approach operational minimum,high,3,0.535,56.2,Delivery point concerns for WTI contract,"[np.str_('US Gulf Coast'), np.str_('Global')]",1,market_calibrated_advanced,0.77,True,False,200.0
2025-09-08 09:28:07,2025-09-08,infrastructure,Refinery outage reduces crude demand in North Africa,high,3,0.99,83.5,Reduces crude intake temporarily,"[np.str_('North Sea'), np.str_('Middle East')]",4,market_calibrated_advanced,0.98,True,False,200.0
2025-09-09 01:58:09,2025-09-09,inventory_report,EIA reports higher crude inventory of 541M barrels,moderate,2,0.59,66.1,Weekly fundamental data point,[np.str_('US Gulf Coast')],3,market_calibrated_advanced,0.86,True,False,200.0
2025-09-12 05:19:20,2025-09-12,infrastructure,Port congestion delays 14 tankers at Rotterdam,high,3,0.821,81.6,Logistical bottleneck affecting deliveries,"[np.str_('US Gulf Coast'), np.str_('Middle East'), np.str_('North Sea')]",8,market_calibrated_advanced,0.73,True,False,200.0
2025-09-13 08:17:32,2025-09-13,production_policy,Iraq announces voluntary production cut extension,critical,4,1.0,249.8,Tightens supply outlook,[np.str_('Global')],15,market_calibrated_advanced,0.78,True,False,200.0
2025-09-16 01:11:03,2025-09-16,inventory_report,EIA reports higher crude inventory of 1759M barrels,moderate,2,0.528,66.5,Weekly fundamental data point,"[np.str_('Global'), np.str_('US Gulf Coast')]",1,market_calibrated_advanced,0.87,True,False,200.0
2025-09-16 09:26:18,2025-09-16,inventory_report,EIA reports higher crude inventory of 492M barrels,moderate,2,0.637,31.3,Weekly fundamental data point,"[np.str_('Global'), np.str_('US Gulf Coast')]",4,market_calibrated_advanced,0.8,True,False,200.0
2025-09-16 09:37:31,2025-09-16,production_policy,India output disrupted by weather at Burgan,critical,4,1.0,291.1,Temporary supply reduction,"[np.str_('Global'), np.str_('Middle East')]",40,market_calibrated_advanced,0.81,True,False,200.0
2025-09-20 14:44:11,2025-09-20,military_conflict,Missile attack on Kuwait port facility,extreme,5,1.0,729.0,Direct damage to export infrastructure,"[np.str_('Strait of Hormuz'), np.str_('North Africa'), np.str_('Middle East')]",21,market_calibrated_advanced,0.96,True,False,197.0
2025-09-20 17:44:40,2025-09-20,infrastructure,Refinery outage reduces crude demand in Middle East,moderate,2,0.979,36.4,Reduces crude intake temporarily,"[np.str_('Middle East'), np.str_('US Gulf Coast'), np.str_('North Sea')]",11,market_calibrated_advanced,0.74,True,False,197.0
2025-09-20 21:23:03,2025-09-20,infrastructure,Port congestion delays 48 tankers at Novorossiysk,moderate,2,0.869,33.4,Logistical bottleneck affecting deliveries,"[np.str_('Middle East'), np.str_('US Gulf Coast'), np.str_('North Sea')]",2,market_calibrated_advanced,0.75,True,False,197.0
2025-09-21 09:40:26,2025-09-21,trade_flow_disruption,Insurance premiums surge for US Gulf Coast tanker transits,critical,4,1.0,77.2,"Increases shipping costs, may deter voyages","[np.str_('Red Sea'), np.str_('South China Sea')]",6,market_calibrated_advanced,1.0,True,False,200.0
2025-09-22 05:06:45,2025-09-22,sanctions,EU extends sanctions framework on Nigeria energy exports,critical,4,1.0,366.6,Reduces available supply to European markets,"[np.str_('Middle East'), np.str_('Global'), np.str_('Caspian Region')]",84,market_calibrated_advanced,0.99,True,False,200.0
2025-09-23 08:17:22,2025-09-23,military_conflict,Missile attack on Russia port facility,extreme,5,1.0,689.3,Direct damage to export infrastructure,"[np.str_('Strait of Hormuz'), np.str_('North Africa'), np.str_('Middle East')]",26,market_calibrated_advanced,0.8,True,False,200.0
2025-09-23 15:03:22,2025-09-23,infrastructure,Port congestion delays 40 tankers at Rotterdam,high,3,0.814,35.1,Logistical bottleneck affecting deliveries,[np.str_('Middle East')],3,market_calibrated_advanced,0.76,True,False,200.0
2025-09-26 02:02:30,2025-09-26,production_policy,OPEC+ agrees to adjust production by 1439 kb/d,critical,4,1.0,216.6,Direct impact on global supply-demand balance,[np.str_('Middle East')],13,market_calibrated_advanced,0.73,True,False,200.0
2025-09-29 03:24:22,2025-09-29,infrastructure,New pipeline capacity comes online in South China Sea,low,1,0.912,79.9,Improves supply chain efficiency,[np.str_('North Sea')],6,market_calibrated_advanced,0.73,True,False,198.0
2025-10-01 00:24:09,2025-10-01,infrastructure,New pipeline capacity comes online in North Sea,moderate,2,0.975,115.2,Improves supply chain efficiency,"[np.str_('US Gulf Coast'), np.str_('North Sea'), np.str_('Middle East')]",2,market_calibrated_advanced,0.82,True,False,200.0
2025-10-01 22:27:26,2025-10-01,infrastructure,Port congestion delays 48 tankers at Novorossiysk,high,3,0.937,52.5,Logistical bottleneck affecting deliveries,"[np.str_('North Sea'), np.str_('US Gulf Coast')]",6,market_calibrated_advanced,0.82,True,False,200.0
2025-10-04 04:04:05,2025-10-04,production_policy,Nigeria output disrupted by power outage at Burgan,high,3,1.0,80.9,Temporary supply reduction,"[np.str_('Middle East'), np.str_('Global')]",56,market_calibrated_advanced,0.75,True,False,196.0
2025-10-05 10:31:39,2025-10-05,inventory_report,EIA reports higher crude inventory of 340M barrels,moderate,2,0.635,36.0,Weekly fundamental data point,"[np.str_('Global'), np.str_('US Gulf Coast')]",3,market_calibrated_advanced,0.85,True,False,200.0
2025-10-07 17:35:05,2025-10-07,sanctions,Secondary sanctions threatened for Russia oil traders,critical,4,1.0,291.7,Disrupts payment systems and shipping insurance,"[np.str_('Middle East'), np.str_('Caspian Region')]",55,market_calibrated_advanced,0.86,True,False,199.0
2025-10-08 12:12:55,2025-10-08,inventory_report,EIA reports lower crude inventory of 972M barrels,moderate,2,0.596,71.6,Weekly fundamental data point,[np.str_('Global')],4,market_calibrated_advanced,0.95,True,False,200.0
2025-10-08 14:17:48,2025-10-08,inventory_report,Cushing storage levels approach operational minimum,high,3,0.525,59.8,Delivery point concerns for WTI contract,"[np.str_('Global'), np.str_('US Gulf Coast')]",3,market_calibrated_advanced,0.87,True,False,200.0
2025-10-08 18:44:34,2025-10-08,inventory_report,China crude inventories show unchanged trend,moderate,2,0.30029999999999996,47.5,Indicates demand trajectory in largest importer,"[np.str_('US Gulf Coast'), np.str_('Global')]",1,market_calibrated_advanced,0.95,True,True,160.0
2025-10-09 19:04:22,2025-10-09,inventory_report,EIA reports higher crude inventory of 200M barrels,moderate,2,0.646,90.0,Weekly fundamental data point,"[np.str_('Global'), np.str_('US Gulf Coast')]",1,market_calibrated_advanced,1.0,True,False,200.0
2025-10-10 03:26:00,2025-10-10,inventory_report,EIA reports unchanged crude inventory of 1248M barrels,low,1,0.2737,36.3,Weekly fundamental data point,[np.str_('US Gulf Coast')],2,market_calibrated_advanced,0.73,True,True,160.0
2025-10-10 07:39:54,2025-10-10,production_policy,OPEC+ agrees to adjust production by 1297 kb/d,critical,4,1.0,279.2,Direct impact on global supply-demand balance,"[np.str_('Global'), np.str_('Middle East')]",33,market_calibrated_advanced,0.94,True,False,200.0
2025-10-10 21:04:41,2025-10-10,inventory_report,EIA reports unchanged crude inventory of 1612M barrels,moderate,2,0.59,52.2,Weekly fundamental data point,"[np.str_('Global'), np.str_('US Gulf Coast')]",3,market_calibrated_advanced,0.97,True,False,200.0
2025-10-13 07:54:46,2025-10-13,trade_flow_disruption,Tanker tracking shows unchanged flows to Nigeria,high,3,1.0,293.9,Indicates trade pattern shifts,"[np.str_('Strait of Hormuz'), np.str_('South China Sea')]",18,market_calibrated_advanced,1.0,True,False,200.0
2025-10-13 07:58:05,2025-10-13,trade_flow_disruption,Insurance premiums surge for South China Sea tanker transits,high,3,0.5768,110.9,"Increases shipping costs, may deter voyages","[np.str_('South China Sea'), np.str_('Strait of Hormuz'), np.str_('Red Sea')]",17,market_calibrated_advanced,0.98,True,True,160.0
2025-10-13 16:30:41,2025-10-13,inventory_report,Floating storage levels higher off North Sea,high,3,0.635,36.1,Signal of market contango/backwardation,"[np.str_('Global'), np.str_('US Gulf Coast')]",4,market_calibrated_advanced,0.78,False,False,200.0
2025-10-14 07:03:31,2025-10-14,production_policy,India announces voluntary production cut extension,critical,4,1.0,174.2,Tightens supply outlook,[np.str_('Middle East')],42,market_calibrated_advanced,0.88,True,False,200.0
2025-10-14 12:11:55,2025-10-14,inventory_report,EIA reports unchanged crude inventory of 661M barrels,moderate,2,0.645,30.4,Weekly fundamental data point,[np.str_('US Gulf Coast')],2,market_calibrated_advanced,0.85,True,False,200.0
2025-10-14 16:51:18,2025-10-14,production_policy,Non-OPEC production growth revised higher,moderate,2,0.6663999999999999,177.5,Shifts market share expectations,"[np.str_('Global'), np.str_('Middle East')]",48,market_calibrated_advanced,0.84,True,True,160.0
2025-10-14 22:24:35,2025-10-14,inventory_report,Floating storage levels unchanged off North Sea,moderate,2,0.3185,46.8,Signal of market contango/backwardation,[np.str_('US Gulf Coast')],1,market_calibrated_advanced,0.92,True,True,160.0
2025-10-15 15:39:43,2025-10-15,infrastructure,Major pipeline maintenance reduces Caspian Region flows by 791,low,1,0.5732999999999999,28.6,Temporary but planned supply reduction,"[np.str_('US Gulf Coast'), np.str_('North Sea'), np.str_('Middle East')]",5,market_calibrated_advanced,1.0,True,True,160.0
2025-10-15 16:20:11,2025-10-15,infrastructure,Refinery outage reduces crude demand in Asia Pacific,high,3,0.889,155.0,Reduces crude intake temporarily,"[np.str_('Middle East'), np.str_('North Sea'), np.str_('US Gulf Coast')]",4,market_calibrated_advanced,0.84,True,False,200.0
2025-10-16 00:58:06,2025-10-16,geopolitical_tension,Energy security summit addresses South China Sea supply concerns,high,3,0.993,201.7,Coordinated response to supply risks,"[np.str_('Asia Pacific'), np.str_('Global')]",30,market_calibrated_advanced,0.9,False,False,200.0
2025-10-16 06:57:44,2025-10-16,inventory_report,EIA reports higher crude inventory of 880M barrels,low,1,0.3801,41.6,Weekly fundamental data point,"[np.str_('US Gulf Coast'), np.str_('Global')]",3,market_calibrated_advanced,0.98,True,True,160.0
2025-10-16 10:37:14,2025-10-16,inventory_report,EIA reports higher crude inventory of 1965M barrels,moderate,2,0.64,43.1,Weekly fundamental data point,[np.str_('US Gulf Coast')],3,market_calibrated_advanced,0.84,True,False,200.0
2025-10-16 12:21:16,2025-10-16,geopolitical_tension,Strategic reserve release coordinated by {alliance},high,3,0.5774999999999999,90.4,Temporary supply increase to calm markets,[np.str_('Middle East')],35,market_calibrated_advanced,0.95,False,True,160.0
2025-10-16 14:24:43,2025-10-16,production_policy,Non-OPEC production growth revised higher,high,3,1.0,289.0,Shifts market share expectations,"[np.str_('Global'), np.str_('Middle East')]",42,market_calibrated_advanced,0.72,False,False,200.0
2025-10-16 15:12:49,2025-10-16,geopolitical_tension,Energy security summit addresses Red Sea supply concerns,moderate,2,0.5334,99.6,Coordinated response to supply risks,[np.str_('Middle East')],22,market_calibrated_advanced,1.0,True,True,160.0
2025-10-16 15:43:50,2025-10-16,inventory_report,Cushing storage levels approach operational minimum,high,3,0.558,46.5,Delivery point concerns for WTI contract,"[np.str_('US Gulf Coast'), np.str_('Global')]",2,market_calibrated_advanced,0.88,False,False,200.0
2025-10-16 19:28:14,2025-10-16,geopolitical_tension,Strategic reserve release coordinated by {alliance},critical,4,1.0,151.6,Temporary supply increase to calm markets,"[np.str_('Global'), np.str_('Middle East'), np.str_('Asia Pacific')]",27,market_calibrated_advanced,0.89,True,False,200.0
2025-10-17 02:28:32,2025-10-17,military_conflict,Drone attack targets USA oil infrastructure,extreme,5,1.0,225.1,"Immediate supply risk, insurance premiums spike",[np.str_('Strait of Hormuz')],3,market_calibrated_advanced,0.86,True,False,200.0
2025-10-17 09:49:13,2025-10-17,sanctions,EU extends sanctions framework on Libya energy exports,critical,4,1.0,327.2,Reduces available supply to European markets,[np.str_('Caspian Region')],48,market_calibrated_advanced,0.97,True,False,200.0
2025-10-17 21:31:28,2025-10-17,production_policy,Non-OPEC production growth revised lower,high,3,1.0,70.6,Shifts market share expectations,[np.str_('Middle East')],7,market_calibrated_advanced,0.99,True,False,200.0
2025-10-18 06:27:25,2025-10-18,geopolitical_tension,Trade negotiations impact Caspian Region energy imports,high,3,0.931,93.3,Trade policy uncertainty affects flows,"[np.str_('Asia Pacific'), np.str_('Middle East')]",41,market_calibrated_advanced,0.96,False,False,200.0
2025-10-21 00:34:53,2025-10-21,geopolitical_tension,Trade negotiations impact South China Sea energy imports,moderate,2,1.0,170.1,Trade policy uncertainty affects flows,"[np.str_('Global'), np.str_('Asia Pacific'), np.str_('Middle East')]",19,market_calibrated_advanced,0.8,True,False,197.0
2025-10-21 10:22:56,2025-10-21,geopolitical_tension,Strategic reserve release coordinated by {alliance},high,3,0.985,48.6,Temporary supply increase to calm markets,"[np.str_('Asia Pacific'), np.str_('Global')]",21,market_calibrated_advanced,0.99,True,False,197.0
2025-10-24 07:13:45,2025-10-24,inventory_report,Floating storage levels higher off West Africa,high,3,0.59,92.9,Signal of market contango/backwardation,[np.str_('Global')],4,market_calibrated_advanced,0.9,True,False,200.0
2025-10-24 17:26:11,2025-10-24,infrastructure,New pipeline capacity comes online in North Africa,moderate,2,0.866,97.1,Improves supply chain efficiency,[np.str_('Middle East')],13,market_calibrated_advanced,0.73,True,False,200.0
2025-10-25 08:50:08,2025-10-25,sanctions,OFAC issues new compliance guidance for oil transactions,high,3,1.0,163.8,Increases compliance costs and due diligence,"[np.str_('Middle East'), np.str_('Global')]",64,market_calibrated_advanced,0.81,True,False,200.0
2025-10-28 00:29:48,2025-10-28,production_policy,China announces voluntary production cut extension,high,3,1.0,66.3,Tightens supply outlook,"[np.str_('Global'), np.str_('Middle East')]",18,market_calibrated_advanced,0.81,True,False,198.0
2025-10-28 12:45:58,2025-10-28,inventory_report,Cushing storage levels approach operational minimum,moderate,2,0.662,46.2,Delivery point concerns for WTI contract,"[np.str_('Global'), np.str_('US Gulf Coast')]",3,market_calibrated_advanced,0.89,True,False,198.0
2025-10-28 17:48:35,2025-10-28,inventory_report,Floating storage levels unchanged off Latin America,moderate,2,0.587,38.3,Signal of market contango/backwardation,"[np.str_('US Gulf Coast'), np.str_('Global')]",1,market_calibrated_advanced,0.86,True,False,198.0
2025-10-29 20:25:13,2025-10-29,sanctions,EU extends sanctions framework on India energy exports,critical,4,1.0,208.1,Reduces available supply to European markets,"[np.str_('Caspian Region'), np.str_('Global'), np.str_('Middle East')]",53,market_calibrated_advanced,0.95,True,False,200.0
2025-10-30 04:36:13,2025-10-30,infrastructure,Major pipeline maintenance reduces Middle East flows by 1967,moderate,2,0.936,60.8,Temporary but planned supply reduction,"[np.str_('US Gulf Coast'), np.str_('Middle East')]",3,market_calibrated_advanced,0.76,True,False,200.0
2025-10-30 10:10:06,2025-10-30,infrastructure,Refinery outage reduces crude demand in North Sea,moderate,2,0.48929999999999996,105.1,Reduces crude intake temporarily,"[np.str_('North Sea'), np.str_('US Gulf Coast')]",11,market_calibrated_advanced,0.93,True,True,160.0
2025-10-30 16:25:35,2025-10-30,inventory_report,EIA reports higher crude inventory of 1468M barrels,moderate,2,0.677,67.0,Weekly fundamental data point,"[np.str_('Global'), np.str_('US Gulf Coast')]",3,market_calibrated_advanced,0.96,True,False,200.0
2025-11-01 04:27:58,2025-11-01,inventory_report,China crude inventories show higher trend,moderate,2,0.601,66.6,Indicates demand trajectory in largest importer,"[np.str_('US Gulf Coast'), np.str_('Global')]",3,market_calibrated_advanced,0.84,True,False,198.0
2025-11-01 11:56:30,2025-11-01,infrastructure,Refinery outage reduces crude demand in Caspian Region,moderate,2,0.518,115.8,Reduces crude intake temporarily,"[np.str_('North Sea'), np.str_('Middle East')]",9,market_calibrated_advanced,0.78,True,True,158.0
2025-11-01 18:15:20,2025-11-01,infrastructure,New pipeline capacity comes online in South China Sea,low,1,0.822,36.9,Improves supply chain efficiency,[np.str_('North Sea')],10,market_calibrated_advanced,0.85,True,False,198.0
2025-11-02 18:29:11,2025-11-02,sanctions,Sanctions waiver negotiations for USA oil exports,critical,4,1.0,390.3,Potential for supply increase if granted,"[np.str_('Caspian Region'), np.str_('Global')]",89,market_calibrated_advanced,0.87,True,False,200.0
2025-11-03 18:01:27,2025-11-03,sanctions,US imposes new sanctions on Russia oil sector,critical,4,1.0,136.9,"Tightens global supply, redirects trade flows","[np.str_('Middle East'), np.str_('Global'), np.str_('Caspian Region')]",62,market_calibrated_advanced,0.75,True,False,200.0
2025-11-04 16:50:23,2025-11-04,trade_flow_disruption,Tanker tracking shows lower flows to Russia,high,3,1.0,193.9,Indicates trade pattern shifts,"[np.str_('Strait of Hormuz'), np.str_('South China Sea')]",19,market_calibrated_advanced,0.76,False,False,200.0
2025-11-05 16:09:55,2025-11-05,military_conflict,Naval incident near Bab el-Mandeb shipping lane,extreme,5,1.0,689.9,Risk to major transit chokepoint,[np.str_('North Africa')],13,market_calibrated_advanced,0.77,False,False,200.0
2025-11-07 06:22:06,2025-11-07,inventory_report,Cushing storage levels approach operational minimum,high,3,0.63,50.7,Delivery point concerns for WTI contract,[np.str_('Global')],4,market_calibrated_advanced,1.0,True,False,200.0
2025-11-07 18:32:44,2025-11-07,inventory_report,Floating storage levels unchanged off North Africa,moderate,2,0.2667,43.3,Signal of market contango/backwardation,[np.str_('US Gulf Coast')],2,market_calibrated_advanced,0.93,True,True,160.0
2025-11-08 21:37:04,2025-11-08,inventory_report,Floating storage levels unchanged off Caspian Region,high,3,0.695,84.8,Signal of market contango/backwardation,[np.str_('US Gulf Coast')],1,market_calibrated_advanced,0.75,True,False,200.0
2025-11-10 01:08:17,2025-11-10,geopolitical_tension,Diplomatic tensions escalate between Russia and Libya,high,3,0.965,116.5,Risk premium increases on supply disruption fears,"[np.str_('Global'), np.str_('Middle East')]",23,market_calibrated_advanced,0.99,True,False,197.0
2025-11-10 09:33:46,2025-11-10,production_policy,India output disrupted by pipeline rupture at Rumaila,high,3,1.0,292.0,Temporary supply reduction,[np.str_('Global')],27,market_calibrated_advanced,0.71,False,False,197.0
2025-11-10 18:49:19,2025-11-10,geopolitical_tension,Energy security summit addresses South China Sea supply concerns,moderate,2,0.6202,59.6,Coordinated response to supply risks,"[np.str_('Middle East'), np.str_('Asia Pacific')]",15,market_calibrated_advanced,0.71,True,True,158.0
2025-11-10 18:56:15,2025-11-10,production_policy,OPEC+ agrees to adjust production by 119 kb/d,high,3,0.7,221.9,Direct impact on global supply-demand balance,"[np.str_('Middle East'), np.str_('Global')]",51,market_calibrated_advanced,0.91,True,True,158.0
2025-11-12 06:00:04,2025-11-12,trade_flow_disruption,Shipping lane disruption near Bab el-Mandeb,critical,4,1.0,143.5,"Forces rerouting, increases transit times",[np.str_('Red Sea')],5,market_calibrated_advanced,0.71,True,False,199.0
2025-11-12 08:20:29,2025-11-12,trade_flow_disruption,Tanker tracking shows higher flows to Iran,moderate,2,0.616,211.8,Indicates trade pattern shifts,[np.str_('South China Sea')],7,market_calibrated_advanced,0.74,True,True,159.0
2025-11-13 02:26:24,2025-11-13,inventory_report,Floating storage levels unchanged off Latin America,high,3,0.557,62.4,Signal of market contango/backwardation,"[np.str_('US Gulf Coast'), np.str_('Global')]",1,market_calibrated_advanced,0.8,True,False,200.0
2025-11-13 05:47:07,2025-11-13,geopolitical_tension,Diplomatic tensions escalate between Saudi Arabia and Iraq,critical,4,1.0,149.2,Risk premium increases on supply disruption fears,"[np.str_('Asia Pacific'), np.str_('Global'), np.str_('Middle East')]",8,market_calibrated_advanced,0.71,True,False,200.0
2025-11-13 07:26:35,2025-11-13,inventory_report,China crude inventories show lower trend,high,3,0.513,79.1,Indicates demand trajectory in largest importer,"[np.str_('Global'), np.str_('US Gulf Coast')]",4,market_calibrated_advanced,0.79,True,False,200.0
2025-11-14 06:28:54,2025-11-14,inventory_report,Cushing storage levels approach operational minimum,moderate,2,0.28769999999999996,53.1,Delivery point concerns for WTI contract,"[np.str_('US Gulf Coast'), np.str_('Global')]",4,market_calibrated_advanced,0.89,True,True,160.0
2025-11-14 11:25:32,2025-11-14,inventory_report,Cushing storage levels approach operational minimum,high,3,0.658,24.3,Delivery point concerns for WTI contract,[np.str_('US Gulf Coast')],4,market_calibrated_advanced,0.89,True,False,200.0
2025-11-14 15:12:45,2025-11-14,sanctions,Sanctions waiver negotiations for UAE oil exports,high,3,0.7,144.0,Potential for supply increase if granted,"[np.str_('Middle East'), np.str_('Global'), np.str_('Caspian Region')]",67,market_calibrated_advanced,0.98,True,True,160.0
2025-11-14 22:20:25,2025-11-14,infrastructure,New pipeline capacity comes online in North Sea,moderate,2,0.803,35.5,Improves supply chain efficiency,"[np.str_('North Sea'), np.str_('Middle East')]",13,market_calibrated_advanced,0.98,True,False,200.0
2025-11-14 22:55:51,2025-11-14,sanctions,US imposes new sanctions on Nigeria oil sector,critical,4,1.0,379.6,"Tightens global supply, redirects trade flows","[np.str_('Global'), np.str_('Middle East'), np.str_('Caspian Region')]",77,market_calibrated_advanced,0.83,False,False,200.0
2025-11-16 02:34:04,2025-11-16,geopolitical_tension,Diplomatic tensions escalate between Kuwait and Venezuela,high,3,1.0,186.8,Risk premium increases on supply disruption fears,"[np.str_('Middle East'), np.str_('Global')]",42,market_calibrated_advanced,0.86,True,False,196.0
2025-11-16 11:52:43,2025-11-16,infrastructure,Port congestion delays 21 tankers at Houston,moderate,2,0.5271,60.0,Logistical bottleneck affecting deliveries,"[np.str_('US Gulf Coast'), np.str_('North Sea'), np.str_('Middle East')]",1,market_calibrated_advanced,0.79,True,True,157.0
2025-11-16 19:48:28,2025-11-16,infrastructure,Refinery outage reduces crude demand in North Africa,moderate,2,0.89,147.4,Reduces crude intake temporarily,"[np.str_('North Sea'), np.str_('US Gulf Coast'), np.str_('Middle East')]",5,market_calibrated_advanced,0.76,True,False,196.0
2025-11-16 20:14:23,2025-11-16,geopolitical_tension,Trade negotiations impact US Gulf Coast energy imports,moderate,2,0.5684,165.8,Trade policy uncertainty affects flows,"[np.str_('Middle East'), np.str_('Global'), np.str_('Asia Pacific')]",12,market_calibrated_advanced,0.95,False,True,157.0
2025-11-17 04:05:05,2025-11-17,inventory_report,Cushing storage levels approach operational minimum,high,3,0.573,53.7,Delivery point concerns for WTI contract,"[np.str_('Global'), np.str_('US Gulf Coast')]",1,market_calibrated_advanced,0.73,False,False,200.0
2025-11-17 09:33:41,2025-11-17,inventory_report,China crude inventories show higher trend,moderate,2,0.3353,49.9,Indicates demand trajectory in largest importer,[np.str_('US Gulf Coast')],2,market_calibrated_advanced,0.77,True,True,160.0
2025-11-18 15:55:35,2025-11-18,inventory_report,EIA reports unchanged crude inventory of 895M barrels,moderate,2,0.68,28.2,Weekly fundamental data point,"[np.str_('Global'), np.str_('US Gulf Coast')]",2,market_calibrated_advanced,0.74,True,False,200.0
2025-11-19 00:31:44,2025-11-19,geopolitical_tension,Strategic reserve release coordinated by {alliance},critical,4,1.0,113.0,Temporary supply increase to calm markets,"[np.str_('Middle East'), np.str_('Asia Pacific'), np.str_('Global')]",32,market_calibrated_advanced,0.84,False,False,200.0
2025-11-19 02:45:38,2025-11-19,inventory_report,EIA reports lower crude inventory of 1299M barrels,moderate,2,0.618,80.5,Weekly fundamental data point,"[np.str_('US Gulf Coast'), np.str_('Global')]",1,market_calibrated_advanced,0.78,False,False,200.0
2025-11-19 05:26:24,2025-11-19,geopolitical_tension,Diplomatic tensions escalate between India and Libya,high,3,0.5768,176.2,Risk premium increases on supply disruption fears,"[np.str_('Global'), np.str_('Asia Pacific'), np.str_('Middle East')]",30,market_calibrated_advanced,0.91,True,True,160.0
2025-11-19 07:17:04,2025-11-19,inventory_report,Floating storage levels unchanged off North Sea,high,3,0.505,22.4,Signal of market contango/backwardation,"[np.str_('Global'), np.str_('US Gulf Coast')]",3,market_calibrated_advanced,0.93,True,False,200.0
2025-11-19 12:32:04,2025-11-19,infrastructure,New pipeline capacity comes online in Asia Pacific,moderate,2,1.0,78.6,Improves supply chain efficiency,"[np.str_('Middle East'), np.str_('US Gulf Coast'), np.str_('North Sea')]",8,market_calibrated_advanced,0.82,True,False,200.0
2025-11-20 15:07:57,2025-11-20,inventory_report,Cushing storage levels approach operational minimum,high,3,0.676,28.1,Delivery point concerns for WTI contract,[np.str_('US Gulf Coast')],2,market_calibrated_advanced,0.97,False,False,200.0
2025-11-21 05:33:01,2025-11-21,sanctions,US imposes new sanctions on Saudi Arabia oil sector,critical,4,1.0,305.0,"Tightens global supply, redirects trade flows","[np.str_('Caspian Region'), np.str_('Global')]",83,market_calibrated_advanced,0.99,True,False,200.0
2025-11-22 09:52:12,2025-11-22,inventory_report,Floating storage levels unchanged off US Gulf Coast,high,3,0.538,72.5,Signal of market contango/backwardation,"[np.str_('US Gulf Coast'), np.str_('Global')]",2,market_calibrated_advanced,0.77,False,False,200.0
2025-11-23 14:26:57,2025-11-23,production_policy,OPEC+ agrees to adjust production by 1702 kb/d,critical,4,1.0,70.6,Direct impact on global supply-demand balance,"[np.str_('Global'), np.str_('Middle East')]",30,market_calibrated_advanced,0.81,True,False,200.0
2025-11-24 22:04:24,2025-11-24,infrastructure,Port congestion delays 25 tankers at Novorossiysk,high,3,0.879,103.1,Logistical bottleneck affecting deliveries,"[np.str_('US Gulf Coast'), np.str_('Middle East'), np.str_('North Sea')]",13,market_calibrated_advanced,0.96,True,False,200.0
2025-11-27 18:17:57,2025-11-27,production_policy,Non-OPEC production growth revised lower,high,3,1.0,299.1,Shifts market share expectations,"[np.str_('Global'), np.str_('Middle East')]",10,market_calibrated_advanced,0.78,True,False,200.0
2025-11-29 07:34:50,2025-11-29,infrastructure,Port congestion delays 45 tankers at Ras Tanura,high,3,0.847,43.3,Logistical bottleneck affecting deliveries,[np.str_('US Gulf Coast')],6,market_calibrated_advanced,0.9,True,False,200.0
2025-11-29 11:28:57,2025-11-29,infrastructure,Port congestion delays 21 tankers at Novorossiysk,moderate,2,0.4592,29.3,Logistical bottleneck affecting deliveries,"[np.str_('US Gulf Coast'), np.str_('Middle East'), np.str_('North Sea')]",7,market_calibrated_advanced,0.81,True,True,160.0
2025-12-01 08:27:32,2025-12-01,inventory_report,China crude inventories show lower trend,moderate,2,0.629,60.4,Indicates demand trajectory in largest importer,"[np.str_('Global'), np.str_('US Gulf Coast')]",3,market_calibrated_advanced,0.8,True,False,199.0
2025-12-01 11:08:43,2025-12-01,geopolitical_tension,Energy security summit addresses Caspian Region supply concerns,moderate,2,0.98,154.7,Coordinated response to supply risks,"[np.str_('Middle East'), np.str_('Asia Pacific'), np.str_('Global')]",15,market_calibrated_advanced,0.74,True,False,199.0
2025-12-01 14:12:23,2025-12-01,geopolitical_tension,Strategic reserve release coordinated by {alliance},high,3,0.5397,109.6,Temporary supply increase to calm markets,[np.str_('Middle East')],20,market_calibrated_advanced,0.83,True,True,159.0
2025-12-03 09:03:15,2025-12-03,inventory_report,EIA reports unchanged crude inventory of 603M barrels,moderate,2,0.676,21.2,Weekly fundamental data point,[np.str_('US Gulf Coast')],4,market_calibrated_advanced,0.92,True,False,200.0
2025-12-05 12:21:48,2025-12-05,trade_flow_disruption,Insurance premiums surge for Middle East tanker transits,critical,4,1.0,155.9,"Increases shipping costs, may deter voyages",[np.str_('Strait of Hormuz')],15,market_calibrated_advanced,0.87,True,False,200.0
2025-12-05 16:53:03,2025-12-05,military_conflict,Naval incident near Malacca Strait shipping lane,extreme,5,1.0,325.6,Risk to major transit chokepoint,[np.str_('Middle East')],4,market_calibrated_advanced,0.83,True,False,200.0
2025-12-06 16:36:05,2025-12-06,geopolitical_tension,Strategic reserve release coordinated by {alliance},critical,4,0.989,171.7,Temporary supply increase to calm markets,"[np.str_('Middle East'), np.str_('Global')]",41,market_calibrated_advanced,0.77,True,False,200.0
2025-12-07 04:57:26,2025-12-07,inventory_report,EIA reports lower crude inventory of 590M barrels,moderate,2,0.643,93.8,Weekly fundamental data point,[np.str_('Global')],3,market_calibrated_advanced,0.74,True,False,200.0
2025-12-07 14:22:39,2025-12-07,inventory_report,EIA reports higher crude inventory of 576M barrels,low,1,0.28629999999999994,29.5,Weekly fundamental data point,[np.str_('Global')],3,market_calibrated_advanced,0.99,True,True,160.0
2025-12-08 01:50:28,2025-12-08,geopolitical_tension,Diplomatic tensions escalate between Iraq and Iraq,critical,4,1.0,177.4,Risk premium increases on supply disruption fears,"[np.str_('Global'), np.str_('Middle East'), np.str_('Asia Pacific')]",31,market_calibrated_advanced,0.74,True,False,200.0
2025-12-09 02:05:21,2025-12-09,trade_flow_disruption,Insurance premiums surge for Caspian Region tanker transits,critical,4,1.0,280.4,"Increases shipping costs, may deter voyages","[np.str_('Strait of Hormuz'), np.str_('South China Sea'), np.str_('Red Sea')]",19,market_calibrated_advanced,0.86,True,False,200.0
2025-12-09 18:40:37,2025-12-09,trade_flow_disruption,Shipping lane disruption near Bab el-Mandeb,extreme,5,1.0,166.7,"Forces rerouting, increases transit times",[np.str_('Red Sea')],16,market_calibrated_advanced,0.96,False,False,200.0
2025-12-10 17:27:49,2025-12-10,infrastructure,Refinery outage reduces crude demand in North Sea,moderate,2,0.4704,59.7,Reduces crude intake temporarily,"[np.str_('US Gulf Coast'), np.str_('Middle East')]",4,market_calibrated_advanced,0.93,True,True,160.0
2025-12-10 18:17:25,2025-12-10,infrastructure,Major pipeline maintenance reduces Global flows by 988,moderate,2,0.956,126.7,Temporary but planned supply reduction,"[np.str_('North Sea'), np.str_('US Gulf Coast')]",11,market_calibrated_advanced,0.71,True,False,200.0
2025-12-10 18:32:25,2025-12-10,inventory_report,China crude inventories show lower trend,high,3,0.604,93.2,Indicates demand trajectory in largest importer,"[np.str_('Global'), np.str_('US Gulf Coast')]",2,market_calibrated_advanced,0.85,True,False,200.0
2025-12-11 13:13:52,2025-12-11,geopolitical_tension,Trade negotiations impact North Sea energy imports,high,3,0.908,117.8,Trade policy uncertainty affects flows,"[np.str_('Asia Pacific'), np.str_('Middle East')]",5,market_calibrated_advanced,0.8,True,False,200.0
2025-12-12 08:44:26,2025-12-12,infrastructure,Major pipeline maintenance reduces Asia Pacific flows by 1448,moderate,2,0.879,67.6,Temporary but planned supply reduction,"[np.str_('US Gulf Coast'), np.str_('North Sea')]",1,market_calibrated_advanced,0.82,True,False,200.0
2025-12-13 00:36:30,2025-12-13,military_conflict,Military escalation near Asia Pacific oil facilities,critical,4,0.7,700.4,Threatens regional production and transit,"[np.str_('Middle East'), np.str_('North Africa'), np.str_('Strait of Hormuz')]",28,market_calibrated_advanced,0.94,True,True,160.0
2025-12-13 00:52:17,2025-12-13,military_conflict,Missile attack on Kuwait port facility,extreme,5,1.0,848.4,Direct damage to export infrastructure,"[np.str_('Middle East'), np.str_('North Africa'), np.str_('Strait of Hormuz')]",10,market_calibrated_advanced,0.9,True,False,200.0
2025-12-13 04:23:07,2025-12-13,trade_flow_disruption,Shipping lane disruption near Strait of Hormuz,extreme,5,1.0,105.7,"Forces rerouting, increases transit times",[np.str_('Red Sea')],14,market_calibrated_advanced,0.97,True,False,200.0
2025-12-13 15:07:08,2025-12-13,inventory_report,EIA reports higher crude inventory of 457M barrels,moderate,2,0.673,52.1,Weekly fundamental data point,"[np.str_('US Gulf Coast'), np.str_('Global')]",3,market_calibrated_advanced,0.92,True,False,200.0
2025-12-13 18:02:23,2025-12-13,trade_flow_disruption,Shipping lane disruption near Malacca Strait,critical,4,0.6391,209.5,"Forces rerouting, increases transit times","[np.str_('Strait of Hormuz'), np.str_('Red Sea')]",17,market_calibrated_advanced,0.94,True,True,160.0
2025-12-14 07:15:11,2025-12-14,trade_flow_disruption,Port restrictions impact China crude exports,high,3,0.6048,114.5,Physical supply bottleneck,"[np.str_('Red Sea'), np.str_('South China Sea'), np.str_('Strait of Hormuz')]",11,market_calibrated_advanced,0.93,True,True,160.0
2025-12-14 08:54:08,2025-12-14,inventory_report,EIA reports lower crude inventory of 266M barrels,moderate,2,0.668,69.6,Weekly fundamental data point,"[np.str_('Global'), np.str_('US Gulf Coast')]",3,market_calibrated_advanced,0.86,True,False,200.0
2025-12-14 19:57:37,2025-12-14,trade_flow_disruption,Insurance premiums surge for US Gulf Coast tanker transits,critical,4,1.0,186.5,"Increases shipping costs, may deter voyages",[np.str_('Red Sea')],18,market_calibrated_advanced,0.96,True,False,200.0
2025-12-16 01:56:47,2025-12-16,inventory_report,Cushing storage levels approach operational minimum,moderate,2,0.3801,64.6,Delivery point concerns for WTI contract,[np.str_('US Gulf Coast')],1,market_calibrated_advanced,0.97,True,True,160.0
2025-12-16 02:58:38,2025-12-16,inventory_report,Floating storage levels lower off Latin America,high,3,0.627,26.7,Signal of market contango/backwardation,[np.str_('US Gulf Coast')],1,market_calibrated_advanced,0.9,True,False,200.0
2025-12-16 08:45:31,2025-12-16,production_policy,Non-OPEC production growth revised lower,high,3,1.0,206.7,Shifts market share expectations,"[np.str_('Middle East'), np.str_('Global')]",27,market_calibrated_advanced,0.92,True,False,200.0
2025-12-17 14:38:14,2025-12-17,geopolitical_tension,Energy security summit addresses Red Sea supply concerns,high,3,1.0,185.8,Coordinated response to supply risks,"[np.str_('Global'), np.str_('Asia Pacific'), np.str_('Middle East')]",32,market_calibrated_advanced,0.76,True,False,200.0
2025-12-18 05:44:40,2025-12-18,geopolitical_tension,Strategic reserve release coordinated by {alliance},critical,4,1.0,184.1,Temporary supply increase to calm markets,"[np.str_('Asia Pacific'), np.str_('Global'), np.str_('Middle East')]",21,market_calibrated_advanced,0.88,True,False,200.0
2025-12-18 11:00:19,2025-12-18,geopolitical_tension,Energy security summit addresses North Africa supply concerns,moderate,2,0.6054999999999999,95.7,Coordinated response to supply risks,"[np.str_('Middle East'), np.str_('Asia Pacific'), np.str_('Global')]",9,market_calibrated_advanced,0.96,True,True,160.0
2025-12-18 11:10:46,2025-12-18,inventory_report,Cushing storage levels approach operational minimum,moderate,2,0.3157,22.8,Delivery point concerns for WTI contract,[np.str_('US Gulf Coast')],1,market_calibrated_advanced,0.88,True,True,160.0
2025-12-18 13:05:06,2025-12-18,inventory_report,China crude inventories show lower trend,high,3,0.646,93.5,Indicates demand trajectory in largest importer,[np.str_('Global')],4,market_calibrated_advanced,0.78,False,False,200.0
2025-12-19 01:27:15,2025-12-19,production_policy,European Union output disrupted by power outage at Burgan,critical,4,1.0,114.4,Temporary supply reduction,"[np.str_('Middle East'), np.str_('Global')]",8,market_calibrated_advanced,0.92,True,False,200.0
2025-12-19 06:06:34,2025-12-19,production_policy,India announces voluntary production cut extension,high,3,0.6895,221.4,Tightens supply outlook,"[np.str_('Middle East'), np.str_('Global')]",33,market_calibrated_advanced,0.84,True,True,160.0
2025-12-20 09:48:00,2025-12-20,infrastructure,Port congestion delays 34 tankers at Novorossiysk,high,3,0.976,39.6,Logistical bottleneck affecting deliveries,[np.str_('North Sea')],7,market_calibrated_advanced,0.97,True,False,200.0
2025-12-20 17:13:36,2025-12-20,geopolitical_tension,Diplomatic tensions escalate between UAE and European Union,critical,4,1.0,76.9,Risk premium increases on supply disruption fears,"[np.str_('Asia Pacific'), np.str_('Middle East')]",15,market_calibrated_advanced,0.7,True,False,200.0
2025-12-20 20:03:02,2025-12-20,trade_flow_disruption,Shipping lane disruption near Bab el-Mandeb,critical,4,0.6545,50.3,"Forces rerouting, increases transit times","[np.str_('Red Sea'), np.str_('South China Sea')]",6,market_calibrated_advanced,0.88,True,True,160.0
2025-12-20 20:45:46,2025-12-20,trade_flow_disruption,Shipping lane disruption near Malacca Strait,extreme,5,1.0,111.9,"Forces rerouting, increases transit times","[np.str_('Strait of Hormuz'), np.str_('South China Sea')]",11,market_calibrated_advanced,0.77,True,False,200.0
2025-12-20 22:30:43,2025-12-20,infrastructure,Port congestion delays 42 tankers at Houston,high,3,0.955,29.9,Logistical bottleneck affecting deliveries,"[np.str_('Middle East'), np.str_('US Gulf Coast')]",12,market_calibrated_advanced,0.99,True,False,200.0
2025-12-21 03:47:42,2025-12-21,inventory_report,EIA reports higher crude inventory of 328M barrels,moderate,2,0.527,76.1,Weekly fundamental data point,"[np.str_('Global'), np.str_('US Gulf Coast')]",1,market_calibrated_advanced,0.79,True,False,200.0
2025-12-21 11:40:25,2025-12-21,production_policy,European Union announces voluntary production cut extension,critical,4,1.0,115.5,Tightens supply outlook,"[np.str_('Middle East'), np.str_('Global')]",17,market_calibrated_advanced,0.93,True,False,200.0
2025-12-22 07:31:10,2025-12-22,infrastructure,Port congestion delays 18 tankers at Novorossiysk,high,3,0.877,140.5,Logistical bottleneck affecting deliveries,[np.str_('North Sea')],12,market_calibrated_advanced,0.94,True,False,200.0
2025-12-23 02:50:37,2025-12-23,geopolitical_tension,Trade negotiations impact North Sea energy imports,high,3,0.933,221.7,Trade policy uncertainty affects flows,"[np.str_('Global'), np.str_('Asia Pacific'), np.str_('Middle East')]",30,market_calibrated_advanced,0.73,True,False,200.0
2025-12-25 12:54:33,2025-12-25,inventory_report,Floating storage levels higher off Strait of Hormuz,moderate,2,0.509,96.4,Signal of market contango/backwardation,"[np.str_('US Gulf Coast'), np.str_('Global')]",3,market_calibrated_advanced,0.76,True,False,198.0
2025-12-26 06:29:35,2025-12-26,infrastructure,Refinery outage reduces crude demand in Latin America,high,3,0.929,98.8,Reduces crude intake temporarily,"[np.str_('US Gulf Coast'), np.str_('Middle East'), np.str_('North Sea')]",6,market_calibrated_advanced,0.93,True,False,200.0
2025-12-26 08:01:52,2025-12-26,infrastructure,New pipeline capacity comes online in North Africa,moderate,2,0.909,116.6,Improves supply chain efficiency,"[np.str_('Middle East'), np.str_('US Gulf Coast')]",1,market_calibrated_advanced,0.72,True,False,200.0
2025-12-29 20:37:34,2025-12-29,inventory_report,EIA reports unchanged crude inventory of 470M barrels,moderate,2,0.645,49.3,Weekly fundamental data point,[np.str_('US Gulf Coast')],4,market_calibrated_advanced,0.78,True,False,200.0
2025-12-30 11:10:31,2025-12-30,production_policy,Non-OPEC production growth revised lower,high,3,1.0,237.5,Shifts market share expectations,"[np.str_('Global'), np.str_('Middle East')]",12,market_calibrated_advanced,0.92,True,False,200.0
2025-12-31 19:14:23,2025-12-31,infrastructure,Refinery outage reduces crude demand in West Africa,high,3,0.923,134.1,Reduces crude intake temporarily,"[np.str_('Middle East'), np.str_('North Sea'), np.str_('US Gulf Coast')]",9,market_calibrated_advanced,0.88,True,False,200.0
2026-01-01 03:31:52,2026-01-01,geopolitical_tension,Energy security summit addresses Middle East supply concerns,high,3,1.0,210.2,Coordinated response to supply risks,"[np.str_('Middle East'), np.str_('Asia Pacific')]",29,market_calibrated_advanced,0.81,True,False,200.0
2026-01-02 14:04:38,2026-01-02,military_conflict,Naval incident near Suez Canal shipping lane,extreme,5,1.0,345.7,Risk to major transit chokepoint,"[np.str_('North Africa'), np.str_('Middle East')]",4,market_calibrated_advanced,0.9,True,False,200.0
2026-01-03 12:46:10,2026-01-03,inventory_report,Floating storage levels lower off Middle East,moderate,2,0.3101,56.5,Signal of market contango/backwardation,"[np.str_('US Gulf Coast'), np.str_('Global')]",1,market_calibrated_advanced,0.74,True,True,160.0
2026-01-03 21:24:23,2026-01-03,inventory_report,Floating storage levels unchanged off North Africa,high,3,0.581,92.3,Signal of market contango/backwardation,"[np.str_('US Gulf Coast'), np.str_('Global')]",2,market_calibrated_advanced,0.84,True,False,200.0
2026-01-04 01:07:32,2026-01-04,production_policy,Saudi Arabia announces voluntary production cut extension,critical,4,1.0,61.7,Tightens supply outlook,"[np.str_('Global'), np.str_('Middle East')]",19,market_calibrated_advanced,0.86,True,False,200.0
2026-01-04 06:57:55,2026-01-04,production_policy,OPEC+ output disrupted by power outage at Zuluf,critical,4,1.0,248.6,Temporary supply reduction,"[np.str_('Middle East'), np.str_('Global')]",47,market_calibrated_advanced,0.72,True,False,200.0
2026-01-06 10:38:58,2026-01-06,sanctions,Sanctions waiver negotiations for India oil exports,high,3,0.7,310.0,Potential for supply increase if granted,[np.str_('Middle East')],34,market_calibrated_advanced,0.99,True,True,160.0
2026-01-06 17:29:32,2026-01-06,sanctions,US imposes new sanctions on Russia oil sector,critical,4,1.0,124.4,"Tightens global supply, redirects trade flows","[np.str_('Middle East'), np.str_('Global')]",77,market_calibrated_advanced,0.79,False,False,200.0
2026-01-07 00:18:26,2026-01-07,geopolitical_tension,Strategic reserve release coordinated by {alliance},critical,4,0.902,191.7,Temporary supply increase to calm markets,"[np.str_('Global'), np.str_('Middle East'), np.str_('Asia Pacific')]",14,market_calibrated_advanced,0.85,True,False,200.0
2026-01-07 01:46:45,2026-01-07,inventory_report,China crude inventories show lower trend,high,3,0.617,86.5,Indicates demand trajectory in largest importer,[np.str_('US Gulf Coast')],1,market_calibrated_advanced,0.81,True,False,200.0
2026-01-07 05:29:01,2026-01-07,sanctions,EU extends sanctions framework on India energy exports,critical,4,1.0,326.9,Reduces available supply to European markets,"[np.str_('Global'), np.str_('Middle East')]",19,market_calibrated_advanced,0.75,True,False,200.0
2026-01-07 19:02:21,2026-01-07,geopolitical_tension,Trade negotiations impact Red Sea energy imports,moderate,2,0.5698,96.4,Trade policy uncertainty affects flows,"[np.str_('Middle East'), np.str_('Asia Pacific'), np.str_('Global')]",11,market_calibrated_advanced,0.85,True,True,160.0
2026-01-08 00:08:21,2026-01-08,military_conflict,Military escalation near Global oil facilities,extreme,5,1.0,811.5,Threatens regional production and transit,"[np.str_('Strait of Hormuz'), np.str_('North Africa'), np.str_('Middle East')]",3,market_calibrated_advanced,0.94,True,False,200.0
2026-01-11 09:17:29,2026-01-11,geopolitical_tension,Energy security summit addresses Asia Pacific supply concerns,moderate,2,0.981,131.6,Coordinated response to supply risks,"[np.str_('Global'), np.str_('Middle East'), np.str_('Asia Pacific')]",22,market_calibrated_advanced,0.72,True,False,198.0
2026-01-11 19:20:46,2026-01-11,inventory_report,Cushing storage levels approach operational minimum,moderate,2,0.677,29.1,Delivery point concerns for WTI contract,[np.str_('Global')],3,market_calibrated_advanced,0.76,True,False,198.0
2026-01-13 14:41:21,2026-01-13,inventory_report,Cushing storage levels approach operational minimum,moderate,2,0.504,36.2,Delivery point concerns for WTI contract,"[np.str_('Global'), np.str_('US Gulf Coast')]",3,market_calibrated_advanced,0.77,True,False,200.0
2026-01-14 15:28:33,2026-01-14,geopolitical_tension,Strategic reserve release coordinated by {alliance},critical,4,0.96,84.3,Temporary supply increase to calm markets,"[np.str_('Global'), np.str_('Asia Pacific'), np.str_('Middle East')]",33,market_calibrated_advanced,0.86,True,False,200.0
2026-01-14 18:46:49,2026-01-14,geopolitical_tension,Energy security summit addresses Red Sea supply concerns,moderate,2,0.5194,66.4,Coordinated response to supply risks,"[np.str_('Asia Pacific'), np.str_('Middle East')]",37,market_calibrated_advanced,0.91,False,True,160.0
2026-01-15 02:06:05,2026-01-15,inventory_report,Floating storage levels lower off Caspian Region,high,3,0.543,79.4,Signal of market contango/backwardation,[np.str_('US Gulf Coast')],2,market_calibrated_advanced,0.94,True,False,200.0
2026-01-15 22:10:28,2026-01-15,inventory_report,EIA reports lower crude inventory of 681M barrels,moderate,2,0.696,71.7,Weekly fundamental data point,"[np.str_('US Gulf Coast'), np.str_('Global')]",1,market_calibrated_advanced,0.93,True,False,200.0
2026-01-16 05:57:51,2026-01-16,inventory_report,EIA reports unchanged crude inventory of 294M barrels,moderate,2,0.544,32.6,Weekly fundamental data point,[np.str_('US Gulf Coast')],2,market_calibrated_advanced,0.75,True,False,200.0
2026-01-16 07:39:49,2026-01-16,inventory_report,China crude inventories show lower trend,moderate,2,0.3115,37.5,Indicates demand trajectory in largest importer,[np.str_('Global')],4,market_calibrated_advanced,0.71,True,True,160.0
2026-01-16 08:04:55,2026-01-16,inventory_report,Cushing storage levels approach operational minimum,high,3,0.568,22.0,Delivery point concerns for WTI contract,[np.str_('US Gulf Coast')],4,market_calibrated_advanced,0.96,True,False,200.0
2026-01-16 17:15:01,2026-01-16,geopolitical_tension,Trade negotiations impact Strait of Hormuz energy imports,high,3,1.0,86.5,Trade policy uncertainty affects flows,"[np.str_('Asia Pacific'), np.str_('Middle East')]",5,market_calibrated_advanced,0.74,True,False,200.0
2026-01-17 00:22:31,2026-01-17,geopolitical_tension,Trade negotiations impact US Gulf Coast energy imports,high,3,1.0,107.0,Trade policy uncertainty affects flows,[np.str_('Global')],8,market_calibrated_advanced,0.88,True,False,200.0
2026-01-17 13:10:15,2026-01-17,infrastructure,Refinery outage reduces crude demand in Latin America,high,3,0.972,39.9,Reduces crude intake temporarily,[np.str_('US Gulf Coast')],6,market_calibrated_advanced,0.83,True,False,200.0
2026-01-20 01:11:25,2026-01-20,sanctions,US imposes new sanctions on USA oil sector,critical,4,1.0,184.1,"Tightens global supply, redirects trade flows",[np.str_('Middle East')],49,market_calibrated_advanced,0.74,True,False,200.0
2026-01-20 11:06:54,2026-01-20,sanctions,Sanctions waiver negotiations for OPEC+ oil exports,high,3,0.7,222.3,Potential for supply increase if granted,"[np.str_('Global'), np.str_('Caspian Region')]",56,market_calibrated_advanced,0.76,False,True,160.0
2026-01-21 05:28:50,2026-01-21,inventory_report,Floating storage levels unchanged off US Gulf Coast,high,3,0.601,56.9,Signal of market contango/backwardation,[np.str_('Global')],1,market_calibrated_advanced,0.86,True,False,200.0
2026-01-21 12:29:39,2026-01-21,inventory_report,Cushing storage levels approach operational minimum,moderate,2,0.3801,29.6,Delivery point concerns for WTI contract,[np.str_('Global')],1,market_calibrated_advanced,0.97,True,True,160.0
2026-01-22 02:28:50,2026-01-22,geopolitical_tension,Diplomatic tensions escalate between Venezuela and OPEC+,critical,4,1.0,190.3,Risk premium increases on supply disruption fears,[np.str_('Global')],34,market_calibrated_advanced,0.9,True,False,200.0
2026-01-22 06:27:31,2026-01-22,sanctions,Secondary sanctions threatened for European Union oil traders,extreme,5,1.0,246.8,Disrupts payment systems and shipping insurance,"[np.str_('Middle East'), np.str_('Caspian Region'), np.str_('Global')]",22,market_calibrated_advanced,0.8,True,False,200.0
2026-01-22 10:05:50,2026-01-22,trade_flow_disruption,Tanker tracking shows lower flows to Iraq,high,3,1.0,270.5,Indicates trade pattern shifts,[np.str_('Strait of Hormuz')],15,market_calibrated_advanced,0.79,True,False,200.0
2026-01-22 10:29:48,2026-01-22,trade_flow_disruption,Tanker tracking shows lower flows to OPEC+,moderate,2,0.6174,129.2,Indicates trade pattern shifts,"[np.str_('South China Sea'), np.str_('Strait of Hormuz')]",6,market_calibrated_advanced,0.81,True,True,160.0
2026-01-23 06:42:44,2026-01-23,military_conflict,Drone attack targets UAE oil infrastructure,extreme,5,1.0,821.5,"Immediate supply risk, insurance premiums spike","[np.str_('Middle East'), np.str_('Strait of Hormuz')]",16,market_calibrated_advanced,0.72,True,False,200.0
2026-01-23 17:14:15,2026-01-23,sanctions,OFAC issues new compliance guidance for oil transactions,high,3,1.0,283.9,Increases compliance costs and due diligence,[np.str_('Caspian Region')],68,market_calibrated_advanced,0.76,True,False,200.0
2026-01-24 01:28:36,2026-01-24,sanctions,Secondary sanctions threatened for Nigeria oil traders,extreme,5,1.0,323.4,Disrupts payment systems and shipping insurance,"[np.str_('Middle East'), np.str_('Global'), np.str_('Caspian Region')]",45,market_calibrated_advanced,0.71,True,False,200.0
2026-01-24 01:40:49,2026-01-24,production_policy,Kuwait announces voluntary production cut extension,critical,4,1.0,274.0,Tightens supply outlook,"[np.str_('Global'), np.str_('Middle East')]",33,market_calibrated_advanced,0.87,True,False,200.0
2026-01-24 02:12:02,2026-01-24,sanctions,Secondary sanctions threatened for Venezuela oil traders,critical,4,0.7,290.4,Disrupts payment systems and shipping insurance,"[np.str_('Middle East'), np.str_('Caspian Region')]",86,market_calibrated_advanced,0.87,True,True,160.0
2026-01-24 17:36:15,2026-01-24,sanctions,Secondary sanctions threatened for Iraq oil traders,extreme,5,1.0,289.2,Disrupts payment systems and shipping insurance,"[np.str_('Middle East'), np.str_('Global'), np.str_('Caspian Region')]",35,market_calibrated_advanced,0.83,True,False,200.0
2026-01-25 11:34:20,2026-01-25,trade_flow_disruption,Tanker tracking shows higher flows to Nigeria,high,3,1.0,142.2,Indicates trade pattern shifts,[np.str_('South China Sea')],3,market_calibrated_advanced,0.96,True,False,200.0
2026-01-26 15:52:05,2026-01-26,trade_flow_disruption,Shipping lane disruption near Strait of Hormuz,extreme,5,1.0,80.7,"Forces rerouting, increases transit times",[np.str_('Red Sea')],12,market_calibrated_advanced,0.88,True,False,200.0
2026-01-27 02:35:22,2026-01-27,inventory_report,Cushing storage levels approach operational minimum,high,3,0.571,25.6,Delivery point concerns for WTI contract,"[np.str_('Global'), np.str_('US Gulf Coast')]",2,market_calibrated_advanced,0.78,True,False,200.0
2026-01-28 10:18:41,2026-01-28,geopolitical_tension,Strategic reserve release coordinated by {alliance},critical,4,1.0,124.0,Temporary supply increase to calm markets,"[np.str_('Middle East'), np.str_('Global')]",31,market_calibrated_advanced,0.73,True,False,200.0
2026-01-28 22:39:49,2026-01-28,trade_flow_disruption,Shipping lane disruption near Strait of Hormuz,extreme,5,1.0,77.5,"Forces rerouting, increases transit times","[np.str_('Strait of Hormuz'), np.str_('South China Sea')]",15,market_calibrated_advanced,0.89,True,False,200.0
2026-01-30 15:34:46,2026-01-30,production_policy,OPEC+ agrees to adjust production by 234 kb/d,high,3,1.0,202.1,Direct impact on global supply-demand balance,"[np.str_('Global'), np.str_('Middle East')]",35,market_calibrated_advanced,0.88,False,False,200.0
2026-01-31 11:15:52,2026-01-31,infrastructure,New pipeline capacity comes online in West Africa,moderate,2,0.867,93.7,Improves supply chain efficiency,[np.str_('US Gulf Coast')],11,market_calibrated_advanced,0.93,True,False,200.0
2026-01-31 12:45:53,2026-01-31,inventory_report,Floating storage levels lower off Red Sea,high,3,0.54,41.2,Signal of market contango/backwardation,"[np.str_('Global'), np.str_('US Gulf Coast')]",1,market_calibrated_advanced,0.71,True,False,200.0
2026-01-31 20:33:16,2026-01-31,inventory_report,China crude inventories show unchanged trend,high,3,0.574,47.4,Indicates demand trajectory in largest importer,[np.str_('US Gulf Coast')],1,market_calibrated_advanced,0.97,True,False,200.0
2026-02-01 10:38:24,2026-02-01,inventory_report,China crude inventories show unchanged trend,high,3,0.568,51.8,Indicates demand trajectory in largest importer,"[np.str_('US Gulf Coast'), np.str_('Global')]",4,market_calibrated_advanced,0.77,True,False,200.0
2026-02-01 13:02:56,2026-02-01,inventory_report,China crude inventories show lower trend,moderate,2,0.27999999999999997,31.3,Indicates demand trajectory in largest importer,"[np.str_('Global'), np.str_('US Gulf Coast')]",1,market_calibrated_advanced,0.88,True,True,160.0
2026-02-02 08:28:02,2026-02-02,inventory_report,Floating storage levels unchanged off Asia Pacific,moderate,2,0.40459999999999996,79.0,Signal of market contango/backwardation,"[np.str_('Global'), np.str_('US Gulf Coast')]",4,market_calibrated_advanced,0.9,True,True,160.0
2026-02-02 08:49:48,2026-02-02,inventory_report,Cushing storage levels approach operational minimum,high,3,0.519,46.4,Delivery point concerns for WTI contract,[np.str_('Global')],3,market_calibrated_advanced,0.98,True,False,200.0
2026-02-02 20:46:11,2026-02-02,infrastructure,New pipeline capacity comes online in Caspian Region,moderate,2,0.946,152.3,Improves supply chain efficiency,"[np.str_('US Gulf Coast'), np.str_('North Sea')]",6,market_calibrated_advanced,0.78,False,False,200.0
2026-02-04 09:27:05,2026-02-04,geopolitical_tension,Trade negotiations impact Latin America energy imports,moderate,2,1.0,226.8,Trade policy uncertainty affects flows,"[np.str_('Asia Pacific'), np.str_('Middle East')]",13,market_calibrated_advanced,0.78,True,False,196.0
2026-02-06 19:25:38,2026-02-06,trade_flow_disruption,Shipping lane disruption near Strait of Hormuz,critical,4,1.0,255.1,"Forces rerouting, increases transit times",[np.str_('Strait of Hormuz')],3,market_calibrated_advanced,0.92,True,False,197.0
2026-02-07 11:12:20,2026-02-07,infrastructure,Port congestion delays 8 tankers at Basra,moderate,2,0.567,66.1,Logistical bottleneck affecting deliveries,[np.str_('North Sea')],4,market_calibrated_advanced,0.73,True,True,160.0
2026-02-07 13:58:13,2026-02-07,geopolitical_tension,Strategic reserve release coordinated by {alliance},critical,4,0.932,202.2,Temporary supply increase to calm markets,[np.str_('Global')],23,market_calibrated_advanced,0.79,True,False,200.0
2026-02-07 14:07:29,2026-02-07,infrastructure,Major pipeline maintenance reduces West Africa flows by 1652,moderate,2,0.839,28.1,Temporary but planned supply reduction,"[np.str_('US Gulf Coast'), np.str_('North Sea'), np.str_('Middle East')]",7,market_calibrated_advanced,0.84,True,False,200.0
2026-02-07 19:46:57,2026-02-07,infrastructure,New pipeline capacity comes online in South China Sea,moderate,2,0.998,54.3,Improves supply chain efficiency,[np.str_('US Gulf Coast')],4,market_calibrated_advanced,0.84,False,False,200.0
2026-02-08 07:18:25,2026-02-08,infrastructure,Port congestion delays 38 tankers at Ras Tanura,high,3,0.824,53.5,Logistical bottleneck affecting deliveries,"[np.str_('US Gulf Coast'), np.str_('North Sea')]",8,market_calibrated_advanced,0.99,True,False,200.0
2026-02-08 07:52:01,2026-02-08,production_policy,India announces voluntary production cut extension,critical,4,1.0,82.0,Tightens supply outlook,"[np.str_('Middle East'), np.str_('Global')]",52,market_calibrated_advanced,0.88,True,False,200.0
2026-02-08 17:54:28,2026-02-08,infrastructure,Port congestion delays 13 tankers at Rotterdam,moderate,2,0.4452,68.8,Logistical bottleneck affecting deliveries,"[np.str_('Middle East'), np.str_('North Sea'), np.str_('US Gulf Coast')]",8,market_calibrated_advanced,0.96,True,True,160.0
2026-02-10 17:44:31,2026-02-10,inventory_report,China crude inventories show higher trend,moderate,2,0.636,60.4,Indicates demand trajectory in largest importer,[np.str_('US Gulf Coast')],4,market_calibrated_advanced,0.82,True,False,200.0
2026-02-13 04:10:45,2026-02-13,geopolitical_tension,Trade negotiations impact Middle East energy imports,moderate,2,0.98,64.0,Trade policy uncertainty affects flows,"[np.str_('Global'), np.str_('Middle East')]",22,market_calibrated_advanced,0.76,True,False,199.0
2026-02-13 16:50:43,2026-02-13,inventory_report,Floating storage levels unchanged off Caspian Region,moderate,2,0.576,33.1,Signal of market contango/backwardation,[np.str_('Global')],2,market_calibrated_advanced,0.74,True,False,199.0
2026-02-14 16:46:36,2026-02-14,inventory_report,Cushing storage levels approach operational minimum,high,3,0.579,78.9,Delivery point concerns for WTI contract,"[np.str_('US Gulf Coast'), np.str_('Global')]",3,market_calibrated_advanced,0.74,True,False,200.0
2026-02-15 04:20:12,2026-02-15,infrastructure,New pipeline capacity comes online in North Sea,low,1,0.4725,20.1,Improves supply chain efficiency,"[np.str_('Middle East'), np.str_('US Gulf Coast')]",4,market_calibrated_advanced,0.87,True,True,160.0
2026-02-15 19:30:18,2026-02-15,infrastructure,Major pipeline maintenance reduces Global flows by 1009,moderate,2,0.837,139.7,Temporary but planned supply reduction,"[np.str_('US Gulf Coast'), np.str_('Middle East')]",3,market_calibrated_advanced,0.81,True,False,200.0
2026-02-17 09:32:11,2026-02-17,infrastructure,Port congestion delays 42 tankers at Rotterdam,moderate,2,0.923,154.9,Logistical bottleneck affecting deliveries,[np.str_('Middle East')],8,market_calibrated_advanced,0.97,False,False,196.0
2026-02-18 17:39:57,2026-02-18,geopolitical_tension,Energy security summit addresses Latin America supply concerns,high,3,1.0,75.2,Coordinated response to supply risks,[np.str_('Middle East')],33,market_calibrated_advanced,0.98,True,False,200.0
2026-02-19 00:56:16,2026-02-19,inventory_report,EIA reports lower crude inventory of 669M barrels,moderate,2,0.616,50.4,Weekly fundamental data point,"[np.str_('Global'), np.str_('US Gulf Coast')]",2,market_calibrated_advanced,0.78,True,False,200.0
2026-02-19 01:17:15,2026-02-19,sanctions,Secondary sanctions threatened for Nigeria oil traders,extreme,5,1.0,301.9,Disrupts payment systems and shipping insurance,"[np.str_('Global'), np.str_('Caspian Region')]",73,market_calibrated_advanced,0.96,True,False,200.0
2026-02-22 04:57:54,2026-02-22,production_policy,Kuwait output disrupted by technical issues at Zuluf,high,3,1.0,93.9,Temporary supply reduction,[np.str_('Global')],15,market_calibrated_advanced,0.8,True,False,198.0
2026-02-23 07:45:37,2026-02-23,geopolitical_tension,Strategic reserve release coordinated by {alliance},critical,4,0.904,90.7,Temporary supply increase to calm markets,[np.str_('Asia Pacific')],16,market_calibrated_advanced,0.89,True,False,200.0
2026-02-24 12:25:04,2026-02-24,geopolitical_tension,Trade negotiations impact Asia Pacific energy imports,high,3,0.92,217.6,Trade policy uncertainty affects flows,"[np.str_('Asia Pacific'), np.str_('Global')]",8,market_calibrated_advanced,0.74,True,False,200.0
2026-02-25 12:43:43,2026-02-25,military_conflict,Missile attack on Russia port facility,extreme,5,1.0,548.7,Direct damage to export infrastructure,[np.str_('Strait of Hormuz')],29,market_calibrated_advanced,0.97,True,False,200.0
2026-02-26 17:13:32,2026-02-26,military_conflict,Missile attack on Saudi Arabia port facility,extreme,5,1.0,807.0,Direct damage to export infrastructure,"[np.str_('Strait of Hormuz'), np.str_('North Africa')]",23,market_calibrated_advanced,0.98,False,False,200.0
2026-02-27 11:22:39,2026-02-27,geopolitical_tension,Diplomatic tensions escalate between OPEC+ and UAE,high,3,0.5438999999999999,56.8,Risk premium increases on supply disruption fears,"[np.str_('Asia Pacific'), np.str_('Middle East'), np.str_('Global')]",25,market_calibrated_advanced,0.87,True,True,160.0
2026-02-27 22:49:31,2026-02-27,geopolitical_tension,Strategic reserve release coordinated by {alliance},critical,4,0.945,147.3,Temporary supply increase to calm markets,[np.str_('Middle East')],15,market_calibrated_advanced,0.9,True,False,200.0
2026-03-01 10:15:58,2026-03-01,geopolitical_tension,Trade negotiations impact US Gulf Coast energy imports,high,3,0.971,192.7,Trade policy uncertainty affects flows,"[np.str_('Middle East'), np.str_('Global'), np.str_('Asia Pacific')]",37,market_calibrated_advanced,0.8,True,False,200.0
2026-03-01 13:06:02,2026-03-01,production_policy,Iraq announces voluntary production cut extension,critical,4,1.0,255.3,Tightens supply outlook,[np.str_('Middle East')],27,market_calibrated_advanced,0.7,True,False,200.0
2026-03-02 10:47:48,2026-03-02,trade_flow_disruption,Shipping lane disruption near Strait of Hormuz,extreme,5,1.0,96.2,"Forces rerouting, increases transit times","[np.str_('Red Sea'), np.str_('South China Sea')]",16,market_calibrated_advanced,0.73,True,False,200.0
2026-03-03 13:37:41,2026-03-03,production_policy,OPEC+ agrees to adjust production by 1945 kb/d,critical,4,1.0,214.9,Direct impact on global supply-demand balance,[np.str_('Global')],56,market_calibrated_advanced,1.0,True,False,200.0
2026-03-03 14:01:15,2026-03-03,military_conflict,Military escalation near Middle East oil facilities,extreme,5,1.0,798.2,Threatens regional production and transit,"[np.str_('North Africa'), np.str_('Middle East'), np.str_('Strait of Hormuz')]",7,market_calibrated_advanced,0.73,True,False,200.0
2026-03-03 16:50:13,2026-03-03,inventory_report,Cushing storage levels approach operational minimum,high,3,0.696,44.1,Delivery point concerns for WTI contract,[np.str_('Global')],4,market_calibrated_advanced,0.77,True,False,200.0
2026-03-04 15:07:58,2026-03-04,geopolitical_tension,Trade negotiations impact South China Sea energy imports,high,3,1.0,100.9,Trade policy uncertainty affects flows,[np.str_('Middle East')],16,market_calibrated_advanced,0.86,False,False,200.0
2026-03-04 17:11:16,2026-03-04,geopolitical_tension,Strategic reserve release coordinated by {alliance},high,3,0.5271,155.7,Temporary supply increase to calm markets,[np.str_('Asia Pacific')],31,market_calibrated_advanced,0.71,True,True,160.0
2026-03-05 10:32:13,2026-03-05,military_conflict,Drone attack targets Nigeria oil infrastructure,extreme,5,1.0,280.1,"Immediate supply risk, insurance premiums spike","[np.str_('Strait of Hormuz'), np.str_('Middle East')]",4,market_calibrated_advanced,0.98,True,False,200.0
2026-03-05 13:40:23,2026-03-05,production_policy,Saudi Arabia output disrupted by pipeline rupture at Khurais,critical,4,1.0,226.0,Temporary supply reduction,"[np.str_('Middle East'), np.str_('Global')]",39,market_calibrated_advanced,0.8,True,False,200.0
2026-03-06 08:24:27,2026-03-06,inventory_report,Cushing storage levels approach operational minimum,high,3,0.629,25.9,Delivery point concerns for WTI contract,"[np.str_('Global'), np.str_('US Gulf Coast')]",2,market_calibrated_advanced,0.99,True,False,200.0
2026-03-06 09:45:37,2026-03-06,inventory_report,EIA reports higher crude inventory of 1582M barrels,moderate,2,0.6,26.4,Weekly fundamental data point,"[np.str_('US Gulf Coast'), np.str_('Global')]",1,market_calibrated_advanced,0.76,True,False,200.0
2026-03-06 12:47:52,2026-03-06,infrastructure,Port congestion delays 35 tankers at Rotterdam,high,3,0.987,37.4,Logistical bottleneck affecting deliveries,"[np.str_('US Gulf Coast'), np.str_('North Sea'), np.str_('Middle East')]",9,market_calibrated_advanced,0.74,True,False,200.0
2026-03-08 10:03:50,2026-03-08,infrastructure,Refinery outage reduces crude demand in Global,moderate,2,0.49349999999999994,117.2,Reduces crude intake temporarily,"[np.str_('North Sea'), np.str_('Middle East'), np.str_('US Gulf Coast')]",6,market_calibrated_advanced,0.72,True,True,159.0
2026-03-08 11:34:36,2026-03-08,infrastructure,New pipeline capacity comes online in West Africa,low,1,0.942,122.7,Improves supply chain efficiency,"[np.str_('North Sea'), np.str_('US Gulf Coast')]",6,market_calibrated_advanced,0.85,True,False,199.0
2026-03-09 04:33:37,2026-03-09,inventory_report,Floating storage levels unchanged off Latin America,high,3,0.591,31.6,Signal of market contango/backwardation,[np.str_('Global')],1,market_calibrated_advanced,0.72,False,False,200.0
2026-03-09 08:27:28,2026-03-09,trade_flow_disruption,Port restrictions impact USA crude exports,high,3,0.5599999999999999,115.0,Physical supply bottleneck,"[np.str_('Red Sea'), np.str_('Strait of Hormuz'), np.str_('South China Sea')]",9,market_calibrated_advanced,0.87,True,True,160.0
2026-03-09 08:57:42,2026-03-09,inventory_report,EIA reports unchanged crude inventory of 395M barrels,low,1,0.39969999999999994,52.6,Weekly fundamental data point,"[np.str_('Global'), np.str_('US Gulf Coast')]",1,market_calibrated_advanced,0.7,True,True,160.0
2026-03-09 19:13:46,2026-03-09,trade_flow_disruption,Shipping lane disruption near Suez Canal,extreme,5,1.0,272.8,"Forces rerouting, increases transit times","[np.str_('Strait of Hormuz'), np.str_('Red Sea'), np.str_('South China Sea')]",18,market_calibrated_advanced,0.87,True,False,200.0
2026-03-12 21:26:20,2026-03-12,geopolitical_tension,Strategic reserve release coordinated by {alliance},high,3,0.923,164.2,Temporary supply increase to calm markets,"[np.str_('Global'), np.str_('Middle East')]",39,market_calibrated_advanced,0.81,True,False,199.0
2026-03-13 07:41:42,2026-03-13,sanctions,EU extends sanctions framework on European Union energy exports,critical,4,1.0,187.5,Reduces available supply to European markets,"[np.str_('Middle East'), np.str_('Caspian Region'), np.str_('Global')]",51,market_calibrated_advanced,0.72,True,False,200.0
2026-03-13 10:56:11,2026-03-13,production_policy,UAE announces voluntary production cut extension,high,3,0.7,131.3,Tightens supply outlook,"[np.str_('Global'), np.str_('Middle East')]",51,market_calibrated_advanced,0.89,True,True,160.0
2026-03-13 11:50:20,2026-03-13,trade_flow_disruption,Insurance premiums surge for South China Sea tanker transits,critical,4,1.0,110.7,"Increases shipping costs, may deter voyages",[np.str_('South China Sea')],4,market_calibrated_advanced,0.82,True,False,200.0
2026-03-13 13:05:42,2026-03-13,inventory_report,Cushing storage levels approach operational minimum,high,3,0.625,56.9,Delivery point concerns for WTI contract,"[np.str_('Global'), np.str_('US Gulf Coast')]",2,market_calibrated_advanced,0.87,True,False,200.0
2026-03-13 15:20:36,2026-03-13,sanctions,Secondary sanctions threatened for Iraq oil traders,critical,4,0.7,169.2,Disrupts payment systems and shipping insurance,"[np.str_('Middle East'), np.str_('Caspian Region'), np.str_('Global')]",63,market_calibrated_advanced,0.89,True,True,160.0
2026-03-13 16:33:54,2026-03-13,infrastructure,Major pipeline maintenance reduces South China Sea flows by 777,moderate,2,0.855,64.5,Temporary but planned supply reduction,[np.str_('Middle East')],1,market_calibrated_advanced,0.85,True,False,200.0
2026-03-13 21:15:32,2026-03-13,production_policy,OPEC+ agrees to adjust production by 788 kb/d,critical,4,1.0,118.1,Direct impact on global supply-demand balance,[np.str_('Global')],19,market_calibrated_advanced,0.71,True,False,200.0
2026-03-13 22:22:22,2026-03-13,sanctions,EU extends sanctions framework on Russia energy exports,critical,4,1.0,222.5,Reduces available supply to European markets,[np.str_('Global')],82,market_calibrated_advanced,0.92,True,False,200.0
2026-03-14 04:09:09,2026-03-14,inventory_report,Cushing storage levels approach operational minimum,moderate,2,0.39899999999999997,51.5,Delivery point concerns for WTI contract,"[np.str_('Global'), np.str_('US Gulf Coast')]",1,market_calibrated_advanced,0.97,False,True,160.0
2026-03-14 05:58:02,2026-03-14,inventory_report,Cushing storage levels approach operational minimum,moderate,2,0.385,36.1,Delivery point concerns for WTI contract,[np.str_('Global')],3,market_calibrated_advanced,0.75,True,True,160.0
2026-03-14 09:30:07,2026-03-14,inventory_report,EIA reports higher crude inventory of 706M barrels,moderate,2,0.673,63.0,Weekly fundamental data point,[np.str_('US Gulf Coast')],3,market_calibrated_advanced,0.83,True,False,200.0
2026-03-14 20:57:20,2026-03-14,production_policy,Nigeria announces voluntary production cut extension,critical,4,1.0,202.4,Tightens supply outlook,"[np.str_('Global'), np.str_('Middle East')]",33,market_calibrated_advanced,0.97,True,False,200.0
2026-03-14 21:29:14,2026-03-14,inventory_report,Floating storage levels lower off Caspian Region,high,3,0.557,94.3,Signal of market contango/backwardation,"[np.str_('US Gulf Coast'), np.str_('Global')]",2,market_calibrated_advanced,0.73,True,False,200.0
2026-03-15 12:18:27,2026-03-15,production_policy,USA output disrupted by power outage at Ghawar,critical,4,1.0,246.2,Temporary supply reduction,[np.str_('Middle East')],44,market_calibrated_advanced,0.9,True,False,200.0
2026-03-15 14:32:43,2026-03-15,production_policy,OPEC+ agrees to adjust production by 198 kb/d,critical,4,1.0,209.5,Direct impact on global supply-demand balance,"[np.str_('Global'), np.str_('Middle East')]",48,market_calibrated_advanced,0.99,True,False,200.0
2026-03-16 01:22:39,2026-03-16,infrastructure,New pipeline capacity comes online in North Sea,moderate,2,0.896,124.9,Improves supply chain efficiency,"[np.str_('North Sea'), np.str_('US Gulf Coast')]",11,market_calibrated_advanced,0.81,False,False,200.0
2026-03-16 13:12:54,2026-03-16,geopolitical_tension,Diplomatic tensions escalate between Saudi Arabia and Iraq,critical,4,1.0,141.0,Risk premium increases on supply disruption fears,"[np.str_('Global'), np.str_('Middle East')]",6,market_calibrated_advanced,0.9,True,False,200.0
2026-03-16 17:09:19,2026-03-16,inventory_report,Cushing storage levels approach operational minimum,high,3,0.662,92.9,Delivery point concerns for WTI contract,"[np.str_('US Gulf Coast'), np.str_('Global')]",2,market_calibrated_advanced,0.75,True,False,200.0
2026-03-17 01:33:41,2026-03-17,inventory_report,China crude inventories show lower trend,high,3,0.612,46.2,Indicates demand trajectory in largest importer,[np.str_('US Gulf Coast')],4,market_calibrated_advanced,0.98,True,False,200.0
2026-03-17 12:01:21,2026-03-17,sanctions,Sanctions waiver negotiations for Russia oil exports,critical,4,1.0,340.6,Potential for supply increase if granted,[np.str_('Global')],68,market_calibrated_advanced,0.94,True,False,200.0
2026-03-17 16:00:13,2026-03-17,infrastructure,New pipeline capacity comes online in Global,moderate,2,0.971,32.5,Improves supply chain efficiency,"[np.str_('Middle East'), np.str_('North Sea')]",1,market_calibrated_advanced,0.91,False,False,200.0
2026-03-17 18:34:45,2026-03-17,production_policy,Non-OPEC production growth revised unchanged,high,3,1.0,195.9,Shifts market share expectations,[np.str_('Middle East')],54,market_calibrated_advanced,0.91,True,False,200.0
2026-03-18 07:17:38,2026-03-18,military_conflict,Military escalation near Asia Pacific oil facilities,extreme,5,1.0,839.0,Threatens regional production and transit,[np.str_('North Africa')],5,market_calibrated_advanced,0.94,True,False,200.0
2026-03-21 04:45:36,2026-03-21,sanctions,Secondary sanctions threatened for Saudi Arabia oil traders,extreme,5,1.0,222.3,Disrupts payment systems and shipping insurance,[np.str_('Global')],62,market_calibrated_advanced,0.88,True,False,200.0
2026-03-21 07:08:33,2026-03-21,geopolitical_tension,Strategic reserve release coordinated by {alliance},critical,4,1.0,222.4,Temporary supply increase to calm markets,"[np.str_('Middle East'), np.str_('Asia Pacific'), np.str_('Global')]",43,market_calibrated_advanced,0.88,True,False,200.0
2026-03-21 08:32:24,2026-03-21,trade_flow_disruption,Tanker tracking shows unchanged flows to Russia,high,3,1.0,273.8,Indicates trade pattern shifts,"[np.str_('Strait of Hormuz'), np.str_('South China Sea'), np.str_('Red Sea')]",14,market_calibrated_advanced,0.86,True,False,200.0
2026-03-21 11:54:46,2026-03-21,trade_flow_disruption,Port restrictions impact Russia crude exports,high,3,0.6642999999999999,201.4,Physical supply bottleneck,[np.str_('Red Sea')],19,market_calibrated_advanced,0.9,True,True,160.0
2026-03-21 17:09:46,2026-03-21,inventory_report,Cushing storage levels approach operational minimum,high,3,0.589,28.5,Delivery point concerns for WTI contract,[np.str_('US Gulf Coast')],1,market_calibrated_advanced,0.93,True,False,200.0
2026-03-21 18:20:48,2026-03-21,geopolitical_tension,Trade negotiations impact Global energy imports,moderate,2,0.6188,153.5,Trade policy uncertainty affects flows,"[np.str_('Global'), np.str_('Asia Pacific')]",14,market_calibrated_advanced,0.8,True,True,160.0
2026-03-22 08:54:37,2026-03-22,production_policy,OPEC+ agrees to adjust production by 1837 kb/d,high,3,0.693,201.0,Direct impact on global supply-demand balance,"[np.str_('Middle East'), np.str_('Global')]",40,market_calibrated_advanced,0.93,True,True,160.0
2026-03-22 17:27:01,2026-03-22,production_policy,Nigeria output disrupted by pipeline rupture at Ghawar,critical,4,1.0,110.2,Temporary supply reduction,"[np.str_('Global'), np.str_('Middle East')]",46,market_calibrated_advanced,0.81,True,False,200.0
2026-03-23 02:24:54,2026-03-23,trade_flow_disruption,Insurance premiums surge for Middle East tanker transits,critical,4,1.0,188.2,"Increases shipping costs, may deter voyages","[np.str_('Strait of Hormuz'), np.str_('South China Sea')]",10,market_calibrated_advanced,0.93,True,False,200.0
2026-03-24 09:17:20,2026-03-24,inventory_report,Floating storage levels unchanged off North Africa,high,3,0.545,51.0,Signal of market contango/backwardation,"[np.str_('Global'), np.str_('US Gulf Coast')]",2,market_calibrated_advanced,0.8,True,False,200.0
2026-03-24 15:54:46,2026-03-24,inventory_report,China crude inventories show lower trend,high,3,0.693,81.9,Indicates demand trajectory in largest importer,[np.str_('Global')],4,market_calibrated_advanced,0.94,True,False,200.0
2026-03-25 12:54:46,2026-03-25,sanctions,EU extends sanctions framework on USA energy exports,critical,4,1.0,253.3,Reduces available supply to European markets,[np.str_('Caspian Region')],66,market_calibrated_advanced,0.71,True,False,200.0
2026-03-26 06:32:04,2026-03-26,geopolitical_tension,Strategic reserve release coordinated by {alliance},critical,4,1.0,198.8,Temporary supply increase to calm markets,"[np.str_('Middle East'), np.str_('Asia Pacific'), np.str_('Global')]",44,market_calibrated_advanced,0.73,True,False,200.0
2026-03-26 15:49:56,2026-03-26,production_policy,Non-OPEC production growth revised lower,high,3,1.0,75.2,Shifts market share expectations,[np.str_('Middle East')],16,market_calibrated_advanced,0.98,True,False,200.0
2026-03-27 05:04:36,2026-03-27,inventory_report,Cushing storage levels approach operational minimum,high,3,0.63,74.2,Delivery point concerns for WTI contract,"[np.str_('Global'), np.str_('US Gulf Coast')]",2,market_calibrated_advanced,0.88,True,False,200.0
2026-03-27 08:48:16,2026-03-27,geopolitical_tension,Trade negotiations impact Red Sea energy imports,high,3,1.0,52.6,Trade policy uncertainty affects flows,[np.str_('Middle East')],18,market_calibrated_advanced,0.85,True,False,200.0
2026-03-27 10:54:08,2026-03-27,production_policy,OPEC+ announces voluntary production cut extension,critical,4,1.0,157.6,Tightens supply outlook,"[np.str_('Middle East'), np.str_('Global')]",34,market_calibrated_advanced,0.71,True,False,200.0
2026-03-28 02:45:03,2026-03-28,geopolitical_tension,Diplomatic tensions escalate between India and UAE,critical,4,1.0,111.1,Risk premium increases on supply disruption fears,"[np.str_('Middle East'), np.str_('Global')]",8,market_calibrated_advanced,0.72,True,False,200.0
2026-03-30 03:35:02,2026-03-30,inventory_report,Floating storage levels lower off Global,high,3,0.662,44.3,Signal of market contango/backwardation,"[np.str_('Global'), np.str_('US Gulf Coast')]",3,market_calibrated_advanced,0.84,True,False,200.0
2026-03-30 04:00:01,2026-03-30,inventory_report,Cushing storage levels approach operational minimum,moderate,2,0.39409999999999995,44.3,Delivery point concerns for WTI contract,"[np.str_('US Gulf Coast'), np.str_('Global')]",1,market_calibrated_advanced,0.74,False,True,160.0
2026-03-30 09:46:40,2026-03-30,infrastructure,Port congestion delays 25 tankers at Ras Tanura,high,3,0.893,98.8,Logistical bottleneck affecting deliveries,[np.str_('Middle East')],1,market_calibrated_advanced,0.84,True,False,200.0
2026-03-31 01:42:03,2026-03-31,sanctions,US imposes new sanctions on China oil sector,high,3,0.7,245.8,"Tightens global supply, redirects trade flows",[np.str_('Caspian Region')],63,market_calibrated_advanced,0.88,True,True,160.0
2026-03-31 05:07:07,2026-03-31,geopolitical_tension,Trade negotiations impact South China Sea energy imports,high,3,0.95,176.2,Trade policy uncertainty affects flows,[np.str_('Global')],25,market_calibrated_advanced,0.8,True,False,200.0
2026-03-31 12:48:37,2026-03-31,sanctions,EU extends sanctions framework on China energy exports,critical,4,1.0,160.1,Reduces available supply to European markets,"[np.str_('Global'), np.str_('Caspian Region')]",44,market_calibrated_advanced,0.92,False,False,200.0
2026-04-02 06:03:24,2026-04-02,infrastructure,New pipeline capacity comes online in North Africa,moderate,2,0.894,141.9,Improves supply chain efficiency,"[np.str_('US Gulf Coast'), np.str_('North Sea'), np.str_('Middle East')]",1,market_calibrated_advanced,0.72,True,False,200.0
2026-04-02 06:10:50,2026-04-02,inventory_report,Cushing storage levels approach operational minimum,high,3,0.526,95.0,Delivery point concerns for WTI contract,[np.str_('Global')],4,market_calibrated_advanced,0.87,True,False,200.0
2026-04-02 07:03:26,2026-04-02,inventory_report,Cushing storage levels approach operational minimum,moderate,2,0.3703,28.1,Delivery point concerns for WTI contract,"[np.str_('Global'), np.str_('US Gulf Coast')]",1,market_calibrated_advanced,0.89,True,True,160.0
2026-04-02 22:29:32,2026-04-02,infrastructure,New pipeline capacity comes online in Global,moderate,2,0.811,88.1,Improves supply chain efficiency,[np.str_('Middle East')],2,market_calibrated_advanced,0.84,True,False,200.0
2026-04-04 10:27:45,2026-04-04,sanctions,OFAC issues new compliance guidance for oil transactions,high,3,1.0,125.5,Increases compliance costs and due diligence,[np.str_('Caspian Region')],48,market_calibrated_advanced,0.78,True,False,200.0
2026-04-05 06:58:51,2026-04-05,sanctions,Sanctions waiver negotiations for Nigeria oil exports,critical,4,1.0,338.4,Potential for supply increase if granted,"[np.str_('Caspian Region'), np.str_('Global'), np.str_('Middle East')]",38,market_calibrated_advanced,0.83,True,False,200.0
2026-04-05 08:29:06,2026-04-05,inventory_report,EIA reports lower crude inventory of 132M barrels,moderate,2,0.604,99.0,Weekly fundamental data point,"[np.str_('US Gulf Coast'), np.str_('Global')]",2,market_calibrated_advanced,0.8,True,False,200.0
2026-04-07 06:39:44,2026-04-07,inventory_report,Floating storage levels higher off Latin America,moderate,2,0.677,90.6,Signal of market contango/backwardation,[np.str_('US Gulf Coast')],2,market_calibrated_advanced,0.8,False,False,198.0
2026-04-08 06:17:14,2026-04-08,geopolitical_tension,Energy security summit addresses Middle East supply concerns,high,3,1.0,234.4,Coordinated response to supply risks,[np.str_('Middle East')],29,market_calibrated_advanced,0.86,False,False,200.0
2026-04-08 09:34:00,2026-04-08,inventory_report,China crude inventories show higher trend,moderate,2,0.3493,44.2,Indicates demand trajectory in largest importer,"[np.str_('Global'), np.str_('US Gulf Coast')]",3,market_calibrated_advanced,0.99,True,True,160.0
2026-04-08 10:30:38,2026-04-08,geopolitical_tension,Diplomatic tensions escalate between OPEC+ and OPEC+,high,3,0.5704999999999999,33.6,Risk premium increases on supply disruption fears,"[np.str_('Asia Pacific'), np.str_('Global')]",10,market_calibrated_advanced,0.86,True,True,160.0
2026-04-08 11:56:20,2026-04-08,inventory_report,China crude inventories show higher trend,high,3,0.62,20.4,Indicates demand trajectory in largest importer,"[np.str_('US Gulf Coast'), np.str_('Global')]",4,market_calibrated_advanced,1.0,True,False,200.0
2026-04-09 08:54:30,2026-04-09,inventory_report,China crude inventories show higher trend,high,3,0.567,66.3,Indicates demand trajectory in largest importer,"[np.str_('US Gulf Coast'), np.str_('Global')]",3,market_calibrated_advanced,0.76,True,False,200.0
2026-04-11 06:51:51,2026-04-11,inventory_report,EIA reports unchanged crude inventory of 1124M barrels,low,1,0.598,57.8,Weekly fundamental data point,"[np.str_('Global'), np.str_('US Gulf Coast')]",2,market_calibrated_advanced,0.86,True,False,198.0
2026-04-11 12:26:25,2026-04-11,sanctions,Secondary sanctions threatened for Iran oil traders,critical,4,1.0,193.2,Disrupts payment systems and shipping insurance,[np.str_('Middle East')],58,market_calibrated_advanced,0.72,True,False,198.0
2026-04-11 13:05:08,2026-04-11,trade_flow_disruption,Shipping lane disruption near Strait of Hormuz,critical,4,1.0,74.9,"Forces rerouting, increases transit times",[np.str_('Red Sea')],16,market_calibrated_advanced,0.95,True,False,198.0
2026-04-20 02:02:13,2026-04-20,military_conflict,Drone attack targets European Union oil infrastructure,critical,4,1.0,475.5,"Immediate supply risk, insurance premiums spike",[np.str_('Strait of Hormuz')],11,market_calibrated_advanced,0.81,True,False,196.0
2026-04-20 12:53:48,2026-04-20,trade_flow_disruption,Tanker tracking shows higher flows to Venezuela,moderate,2,1.0,147.9,Indicates trade pattern shifts,"[np.str_('South China Sea'), np.str_('Red Sea')]",17,market_calibrated_advanced,0.78,True,False,196.0
2026-04-22 09:53:49,2026-04-22,inventory_report,China crude inventories show higher trend,moderate,2,0.599,59.4,Indicates demand trajectory in largest importer,[np.str_('US Gulf Coast')],2,market_calibrated_advanced,0.78,False,False,199.0
2026-04-22 19:12:23,2026-04-22,inventory_report,Cushing storage levels approach operational minimum,moderate,2,0.57,31.7,Delivery point concerns for WTI contract,"[np.str_('US Gulf Coast'), np.str_('Global')]",4,market_calibrated_advanced,0.79,True,False,199.0
2026-04-22 21:52:03,2026-04-22,geopolitical_tension,Diplomatic tensions escalate between Iran and Iran,high,3,0.914,108.4,Risk premium increases on supply disruption fears,"[np.str_('Middle East'), np.str_('Global'), np.str_('Asia Pacific')]",14,market_calibrated_advanced,0.95,True,False,199.0
2026-04-23 00:41:08,2026-04-23,inventory_report,Floating storage levels higher off Global,high,3,0.597,49.7,Signal of market contango/backwardation,"[np.str_('Global'), np.str_('US Gulf Coast')]",2,market_calibrated_advanced,0.77,True,False,200.0
2026-04-23 05:47:30,2026-04-23,infrastructure,New pipeline capacity comes online in North Sea,moderate,2,0.941,110.6,Improves supply chain efficiency,[np.str_('US Gulf Coast')],8,market_calibrated_advanced,0.94,True,False,200.0
2026-04-24 14:43:06,2026-04-24,inventory_report,China crude inventories show lower trend,high,3,0.521,34.8,Indicates demand trajectory in largest importer,"[np.str_('Global'), np.str_('US Gulf Coast')]",1,market_calibrated_advanced,0.72,False,False,200.0
2026-04-24 17:33:20,2026-04-24,production_policy,India output disrupted by technical issues at Burgan,critical,4,1.0,267.3,Temporary supply reduction,[np.str_('Global')],48,market_calibrated_advanced,0.88,False,False,200.0
2026-04-25 02:14:17,2026-04-25,production_policy,Iraq output disrupted by power outage at Ghawar,critical,4,1.0,293.9,Temporary supply reduction,"[np.str_('Global'), np.str_('Middle East')]",17,market_calibrated_advanced,0.86,True,False,200.0
2026-04-25 13:55:11,2026-04-25,inventory_report,China crude inventories show higher trend,high,3,0.617,89.1,Indicates demand trajectory in largest importer,"[np.str_('Global'), np.str_('US Gulf Coast')]",3,market_calibrated_advanced,0.91,True,False,200.0
2026-04-27 11:48:15,2026-04-27,infrastructure,Refinery outage reduces crude demand in Middle East,high,3,0.953,82.7,Reduces crude intake temporarily,"[np.str_('Middle East'), np.str_('US Gulf Coast'), np.str_('North Sea')]",1,market_calibrated_advanced,0.97,True,False,200.0
2026-04-27 21:06:01,2026-04-27,military_conflict,Military escalation near Strait of Hormuz oil facilities,extreme,5,1.0,665.1,Threatens regional production and transit,"[np.str_('Middle East'), np.str_('Strait of Hormuz')]",17,market_calibrated_advanced,0.72,True,False,200.0
2026-05-01 10:00:43,2026-05-01,geopolitical_tension,Diplomatic tensions escalate between Saudi Arabia and UAE,high,3,1.0,163.4,Risk premium increases on supply disruption fears,"[np.str_('Middle East'), np.str_('Asia Pacific')]",30,market_calibrated_advanced,0.82,True,False,196.0
2026-05-01 19:53:15,2026-05-01,production_policy,OPEC+ agrees to adjust production by 1205 kb/d,high,3,1.0,280.0,Direct impact on global supply-demand balance,[np.str_('Middle East')],15,market_calibrated_advanced,0.96,False,False,196.0
2026-05-02 05:45:45,2026-05-02,geopolitical_tension,Trade negotiations impact Caspian Region energy imports,high,3,1.0,230.1,Trade policy uncertainty affects flows,"[np.str_('Middle East'), np.str_('Asia Pacific')]",13,market_calibrated_advanced,0.97,True,False,200.0
2026-05-04 12:45:08,2026-05-04,inventory_report,EIA reports higher crude inventory of 335M barrels,low,1,0.663,84.0,Weekly fundamental data point,"[np.str_('US Gulf Coast'), np.str_('Global')]",1,market_calibrated_advanced,0.79,False,False,197.0
2026-05-04 13:09:40,2026-05-04,infrastructure,New pipeline capacity comes online in Asia Pacific,low,1,0.942,156.1,Improves supply chain efficiency,"[np.str_('Middle East'), np.str_('North Sea'), np.str_('US Gulf Coast')]",11,market_calibrated_advanced,0.91,True,False,197.0
2026-05-06 14:37:10,2026-05-06,military_conflict,Missile attack on USA port facility,extreme,5,1.0,641.3,Direct damage to export infrastructure,"[np.str_('North Africa'), np.str_('Strait of Hormuz'), np.str_('Middle East')]",16,market_calibrated_advanced,0.9,True,False,200.0
2026-05-07 07:58:07,2026-05-07,inventory_report,China crude inventories show unchanged trend,high,3,0.505,20.7,Indicates demand trajectory in largest importer,"[np.str_('Global'), np.str_('US Gulf Coast')]",1,market_calibrated_advanced,0.76,True,False,200.0
2026-05-10 00:12:01,2026-05-10,geopolitical_tension,Trade negotiations impact Global energy imports,high,3,1.0,70.4,Trade policy uncertainty affects flows,[np.str_('Asia Pacific')],44,market_calibrated_advanced,0.71,True,False,200.0
2026-05-10 11:30:26,2026-05-10,geopolitical_tension,Diplomatic tensions escalate between Iraq and Saudi Arabia,critical,4,0.946,165.1,Risk premium increases on supply disruption fears,"[np.str_('Middle East'), np.str_('Asia Pacific'), np.str_('Global')]",5,market_calibrated_advanced,0.83,True,False,200.0
2026-05-11 21:34:41,2026-05-11,military_conflict,Naval incident near Malacca Strait shipping lane,extreme,5,1.0,592.1,Risk to major transit chokepoint,"[np.str_('North Africa'), np.str_('Middle East'), np.str_('Strait of Hormuz')]",11,market_calibrated_advanced,0.98,True,False,200.0
2026-05-12 00:53:03,2026-05-12,geopolitical_tension,Diplomatic tensions escalate between Nigeria and Iran,critical,4,0.995,148.0,Risk premium increases on supply disruption fears,[np.str_('Middle East')],37,market_calibrated_advanced,0.98,True,False,200.0
2026-05-13 08:23:56,2026-05-13,inventory_report,EIA reports higher crude inventory of 1863M barrels,moderate,2,0.628,83.9,Weekly fundamental data point,[np.str_('Global')],1,market_calibrated_advanced,0.89,True,False,200.0
2026-05-13 11:04:37,2026-05-13,trade_flow_disruption,Tanker tracking shows lower flows to Kuwait,high,3,1.0,60.5,Indicates trade pattern shifts,"[np.str_('Red Sea'), np.str_('Strait of Hormuz'), np.str_('South China Sea')]",18,market_calibrated_advanced,0.82,True,False,200.0
2026-05-14 11:04:49,2026-05-14,geopolitical_tension,Diplomatic tensions escalate between Iraq and USA,critical,4,0.955,110.0,Risk premium increases on supply disruption fears,[np.str_('Asia Pacific')],19,market_calibrated_advanced,0.91,True,False,200.0
2026-05-14 17:06:45,2026-05-14,geopolitical_tension,Strategic reserve release coordinated by {alliance},high,3,0.6132,181.3,Temporary supply increase to calm markets,[np.str_('Global')],27,market_calibrated_advanced,0.76,True,True,160.0
2026-05-15 07:23:14,2026-05-15,military_conflict,Military escalation near Middle East oil facilities,extreme,5,1.0,512.7,Threatens regional production and transit,"[np.str_('Middle East'), np.str_('North Africa'), np.str_('Strait of Hormuz')]",12,market_calibrated_advanced,0.89,False,False,200.0
2026-05-15 08:42:10,2026-05-15,military_conflict,Drone attack targets Nigeria oil infrastructure,critical,4,0.7,399.5,"Immediate supply risk, insurance premiums spike",[np.str_('Middle East')],17,market_calibrated_advanced,0.72,True,True,160.0
2026-05-15 21:39:04,2026-05-15,inventory_report,EIA reports lower crude inventory of 1584M barrels,moderate,2,0.545,58.1,Weekly fundamental data point,"[np.str_('US Gulf Coast'), np.str_('Global')]",1,market_calibrated_advanced,0.77,True,False,200.0
2026-05-16 04:21:36,2026-05-16,trade_flow_disruption,Port restrictions impact Iraq crude exports,critical,4,1.0,266.8,Physical supply bottleneck,"[np.str_('South China Sea'), np.str_('Strait of Hormuz')]",13,market_calibrated_advanced,0.8,True,False,200.0
2026-05-16 11:11:03,2026-05-16,production_policy,UAE announces voluntary production cut extension,critical,4,1.0,293.2,Tightens supply outlook,[np.str_('Middle East')],23,market_calibrated_advanced,0.82,True,False,200.0
2026-05-16 20:35:50,2026-05-16,inventory_report,EIA reports higher crude inventory of 1175M barrels,moderate,2,0.696,60.2,Weekly fundamental data point,[np.str_('US Gulf Coast')],2,market_calibrated_advanced,0.97,True,False,200.0
2026-05-17 02:27:44,2026-05-17,production_policy,Saudi Arabia output disrupted by weather at Rumaila,critical,4,1.0,274.0,Temporary supply reduction,"[np.str_('Global'), np.str_('Middle East')]",26,market_calibrated_advanced,0.74,False,False,200.0
2026-05-17 07:14:27,2026-05-17,trade_flow_disruption,Tanker tracking shows higher flows to Iraq,high,3,1.0,133.4,Indicates trade pattern shifts,[np.str_('Red Sea')],13,market_calibrated_advanced,0.9,False,False,200.0
2026-05-17 08:00:42,2026-05-17,military_conflict,Missile attack on OPEC+ port facility,extreme,5,1.0,511.9,Direct damage to export infrastructure,[np.str_('Middle East')],9,market_calibrated_advanced,0.72,True,False,200.0
2026-05-17 08:33:34,2026-05-17,trade_flow_disruption,Port restrictions impact Kuwait crude exports,high,3,0.6607999999999999,197.0,Physical supply bottleneck,"[np.str_('Strait of Hormuz'), np.str_('Red Sea'), np.str_('South China Sea')]",11,market_calibrated_advanced,0.79,True,True,160.0
2026-05-18 03:15:57,2026-05-18,geopolitical_tension,Diplomatic tensions escalate between OPEC+ and Nigeria,critical,4,0.996,179.0,Risk premium increases on supply disruption fears,"[np.str_('Asia Pacific'), np.str_('Global')]",44,market_calibrated_advanced,0.96,True,False,200.0
2026-05-19 09:18:01,2026-05-19,inventory_report,EIA reports lower crude inventory of 729M barrels,moderate,2,0.569,46.9,Weekly fundamental data point,"[np.str_('US Gulf Coast'), np.str_('Global')]",1,market_calibrated_advanced,0.75,True,False,200.0
2026-05-19 16:02:54,2026-05-19,inventory_report,Cushing storage levels approach operational minimum,moderate,2,0.28909999999999997,37.5,Delivery point concerns for WTI contract,"[np.str_('US Gulf Coast'), np.str_('Global')]",2,market_calibrated_advanced,0.83,True,True,160.0
2026-05-20 06:11:29,2026-05-20,inventory_report,Floating storage levels lower off North Africa,moderate,2,0.3857,79.9,Signal of market contango/backwardation,"[np.str_('US Gulf Coast'), np.str_('Global')]",1,market_calibrated_advanced,0.86,True,True,160.0
2026-05-20 13:39:07,2026-05-20,inventory_report,China crude inventories show higher trend,high,3,0.579,22.5,Indicates demand trajectory in largest importer,"[np.str_('Global'), np.str_('US Gulf Coast')]",3,market_calibrated_advanced,0.76,False,False,200.0
2026-05-21 08:45:58,2026-05-21,geopolitical_tension,Energy security summit addresses South China Sea supply concerns,high,3,0.929,94.6,Coordinated response to supply risks,"[np.str_('Asia Pacific'), np.str_('Middle East')]",39,market_calibrated_advanced,0.96,True,False,200.0
2026-05-23 08:40:29,2026-05-23,geopolitical_tension,Diplomatic tensions escalate between European Union and OPEC+,critical,4,1.0,239.8,Risk premium increases on supply disruption fears,"[np.str_('Global'), np.str_('Asia Pacific')]",25,market_calibrated_advanced,0.94,True,False,200.0
2026-05-23 20:12:44,2026-05-23,geopolitical_tension,Trade negotiations impact Caspian Region energy imports,moderate,2,0.5823999999999999,76.2,Trade policy uncertainty affects flows,[np.str_('Asia Pacific')],22,market_calibrated_advanced,0.96,True,True,160.0
2026-05-26 04:16:03,2026-05-26,production_policy,USA announces voluntary production cut extension,high,3,1.0,101.3,Tightens supply outlook,"[np.str_('Middle East'), np.str_('Global')]",49,market_calibrated_advanced,0.81,True,False,199.0
2026-05-26 21:26:51,2026-05-26,geopolitical_tension,Strategic reserve release coordinated by {alliance},high,3,1.0,109.3,Temporary supply increase to calm markets,[np.str_('Middle East')],31,market_calibrated_advanced,0.87,False,False,199.0
2026-06-01 04:20:54,2026-06-01,infrastructure,New pipeline capacity comes online in Global,low,1,0.857,48.7,Improves supply chain efficiency,[np.str_('North Sea')],1,market_calibrated_advanced,0.79,True,False,200.0
2026-06-02 05:31:20,2026-06-02,sanctions,Secondary sanctions threatened for Iran oil traders,extreme,5,1.0,144.8,Disrupts payment systems and shipping insurance,"[np.str_('Caspian Region'), np.str_('Middle East'), np.str_('Global')]",83,market_calibrated_advanced,0.8,True,False,200.0
2026-06-02 12:55:40,2026-06-02,inventory_report,Cushing storage levels approach operational minimum,high,3,0.639,36.5,Delivery point concerns for WTI contract,[np.str_('Global')],4,market_calibrated_advanced,0.74,True,False,200.0
2026-06-02 19:36:42,2026-06-02,inventory_report,EIA reports unchanged crude inventory of 515M barrels,moderate,2,0.635,99.8,Weekly fundamental data point,"[np.str_('US Gulf Coast'), np.str_('Global')]",2,market_calibrated_advanced,0.93,True,False,200.0
2026-06-02 22:34:34,2026-06-02,geopolitical_tension,Strategic reserve release coordinated by {alliance},critical,4,1.0,235.6,Temporary supply increase to calm markets,"[np.str_('Global'), np.str_('Middle East'), np.str_('Asia Pacific')]",21,market_calibrated_advanced,0.74,False,False,200.0
2026-06-02 22:58:47,2026-06-02,inventory_report,EIA reports unchanged crude inventory of 1692M barrels,moderate,2,0.558,83.5,Weekly fundamental data point,"[np.str_('US Gulf Coast'), np.str_('Global')]",3,market_calibrated_advanced,0.99,True,False,200.0
2026-06-04 10:17:40,2026-06-04,infrastructure,New pipeline capacity comes online in Middle East,moderate,2,0.848,105.5,Improves supply chain efficiency,"[np.str_('Middle East'), np.str_('North Sea')]",9,market_calibrated_advanced,0.79,True,False,200.0
2026-06-05 08:01:05,2026-06-05,military_conflict,Military escalation near Strait of Hormuz oil facilities,extreme,5,1.0,678.1,Threatens regional production and transit,"[np.str_('North Africa'), np.str_('Strait of Hormuz'), np.str_('Middle East')]",6,market_calibrated_advanced,0.87,True,False,200.0
2026-06-05 20:05:21,2026-06-05,geopolitical_tension,Strategic reserve release coordinated by {alliance},critical,4,0.979,89.1,Temporary supply increase to calm markets,[np.str_('Middle East')],43,market_calibrated_advanced,0.97,True,False,200.0
2026-06-06 17:58:21,2026-06-06,military_conflict,Drone attack targets China oil infrastructure,extreme,5,1.0,949.5,"Immediate supply risk, insurance premiums spike",[np.str_('Strait of Hormuz')],29,market_calibrated_advanced,0.92,True,False,200.0
2026-06-07 10:42:11,2026-06-07,inventory_report,EIA reports unchanged crude inventory of 1645M barrels,low,1,0.27299999999999996,30.3,Weekly fundamental data point,"[np.str_('Global'), np.str_('US Gulf Coast')]",4,market_calibrated_advanced,0.93,True,True,160.0
2026-06-07 14:38:04,2026-06-07,inventory_report,EIA reports higher crude inventory of 1992M barrels,moderate,2,0.599,22.7,Weekly fundamental data point,[np.str_('Global')],2,market_calibrated_advanced,0.86,True,False,200.0
2026-06-08 00:41:25,2026-06-08,trade_flow_disruption,Tanker tracking shows unchanged flows to Venezuela,high,3,1.0,227.5,Indicates trade pattern shifts,[np.str_('Strait of Hormuz')],16,market_calibrated_advanced,0.71,True,False,200.0
2026-06-08 14:29:10,2026-06-08,inventory_report,EIA reports unchanged crude inventory of 764M barrels,low,1,0.4038999999999999,27.6,Weekly fundamental data point,[np.str_('Global')],3,market_calibrated_advanced,0.83,True,True,160.0
2026-06-08 20:53:18,2026-06-08,inventory_report,Cushing storage levels approach operational minimum,high,3,0.523,75.0,Delivery point concerns for WTI contract,"[np.str_('US Gulf Coast'), np.str_('Global')]",4,market_calibrated_advanced,0.74,False,False,200.0
2026-06-14 05:03:57,2026-06-14,inventory_report,China crude inventories show higher trend,moderate,2,0.514,61.5,Indicates demand trajectory in largest importer,"[np.str_('Global'), np.str_('US Gulf Coast')]",4,market_calibrated_advanced,0.81,True,False,197.0
2026-06-15 03:00:33,2026-06-15,inventory_report,China crude inventories show unchanged trend,high,3,0.59,50.3,Indicates demand trajectory in largest importer,[np.str_('Global')],4,market_calibrated_advanced,0.75,True,False,200.0
2026-06-15 12:04:21,2026-06-15,infrastructure,Refinery outage reduces crude demand in North Sea,high,3,0.985,87.7,Reduces crude intake temporarily,"[np.str_('North Sea'), np.str_('Middle East'), np.str_('US Gulf Coast')]",10,market_calibrated_advanced,0.71,True,False,200.0
2026-06-17 04:26:04,2026-06-17,trade_flow_disruption,Port restrictions impact OPEC+ crude exports,critical,4,1.0,74.0,Physical supply bottleneck,[np.str_('Red Sea')],4,market_calibrated_advanced,0.85,True,False,200.0
2026-06-18 09:38:44,2026-06-18,infrastructure,Major pipeline maintenance reduces Caspian Region flows by 1069,moderate,2,0.892,61.0,Temporary but planned supply reduction,[np.str_('North Sea')],9,market_calibrated_advanced,0.74,True,False,200.0
2026-06-26 00:08:45,2026-06-26,inventory_report,Floating storage levels unchanged off Asia Pacific,moderate,2,0.661,97.9,Signal of market contango/backwardation,"[np.str_('Global'), np.str_('US Gulf Coast')]",3,market_calibrated_advanced,0.9,True,False,197.0
2026-06-27 18:58:23,2026-06-27,inventory_report,Cushing storage levels approach operational minimum,high,3,0.651,87.6,Delivery point concerns for WTI contract,"[np.str_('Global'), np.str_('US Gulf Coast')]",4,market_calibrated_advanced,0.9,True,False,200.0
2026-06-30 07:21:49,2026-06-30,infrastructure,New pipeline capacity comes online in Global,low,1,0.85,67.9,Improves supply chain efficiency,"[np.str_('North Sea'), np.str_('Middle East')]",6,market_calibrated_advanced,0.78,True,False,198.0
2026-07-06 02:54:32,2026-07-06,inventory_report,EIA reports higher crude inventory of 147M barrels,low,1,0.521,33.9,Weekly fundamental data point,[np.str_('US Gulf Coast')],1,market_calibrated_advanced,0.76,True,False,193.0
2026-07-06 21:02:14,2026-07-06,trade_flow_disruption,Port restrictions impact China crude exports,high,3,1.0,105.9,Physical supply bottleneck,"[np.str_('Red Sea'), np.str_('South China Sea')]",16,market_calibrated_advanced,0.94,True,False,193.0
2026-07-07 12:05:58,2026-07-07,inventory_report,Floating storage levels unchanged off Red Sea,high,3,0.589,41.0,Signal of market contango/backwardation,"[np.str_('Global'), np.str_('US Gulf Coast')]",3,market_calibrated_advanced,0.76,True,False,200.0
2026-07-10 14:15:54,2026-07-10,infrastructure,Port congestion delays 48 tankers at Rotterdam,high,3,0.929,20.2,Logistical bottleneck affecting deliveries,"[np.str_('North Sea'), np.str_('US Gulf Coast')]",10,market_calibrated_advanced,0.75,True,False,200.0
2026-07-11 09:55:52,2026-07-11,inventory_report,Cushing storage levels approach operational minimum,high,3,0.681,78.7,Delivery point concerns for WTI contract,[np.str_('US Gulf Coast')],4,market_calibrated_advanced,0.79,True,False,200.0
2026-07-12 21:08:21,2026-07-12,inventory_report,Cushing storage levels approach operational minimum,high,3,0.651,56.2,Delivery point concerns for WTI contract,[np.str_('US Gulf Coast')],2,market_calibrated_advanced,0.79,True,False,200.0
2026-07-13 17:11:43,2026-07-13,inventory_report,China crude inventories show unchanged trend,high,3,0.583,88.9,Indicates demand trajectory in largest importer,"[np.str_('US Gulf Coast'), np.str_('Global')]",2,market_calibrated_advanced,0.9,True,False,200.0
2026-07-14 20:11:07,2026-07-14,infrastructure,New pipeline capacity comes online in Latin America,moderate,2,0.826,148.1,Improves supply chain efficiency,[np.str_('Middle East')],10,market_calibrated_advanced,0.9,True,False,200.0
2026-07-14 22:12:38,2026-07-14,production_policy,European Union output disrupted by technical issues at Burgan,critical,4,1.0,119.3,Temporary supply reduction,"[np.str_('Global'), np.str_('Middle East')]",31,market_calibrated_advanced,0.96,True,False,200.0
2026-07-16 04:48:58,2026-07-16,geopolitical_tension,Trade negotiations impact Asia Pacific energy imports,high,3,1.0,55.4,Trade policy uncertainty affects flows,"[np.str_('Asia Pacific'), np.str_('Global')]",10,market_calibrated_advanced,0.74,True,False,200.0
2026-07-17 09:33:30,2026-07-17,geopolitical_tension,Diplomatic tensions escalate between China and Saudi Arabia,critical,4,0.958,105.8,Risk premium increases on supply disruption fears,"[np.str_('Global'), np.str_('Middle East'), np.str_('Asia Pacific')]",22,market_calibrated_advanced,0.83,False,False,200.0
2026-07-18 04:32:47,2026-07-18,infrastructure,Major pipeline maintenance reduces West Africa flows by 1979,moderate,2,0.803,36.9,Temporary but planned supply reduction,[np.str_('Middle East')],6,market_calibrated_advanced,0.9,True,False,200.0
2026-07-18 07:47:11,2026-07-18,infrastructure,Port congestion delays 18 tankers at Novorossiysk,moderate,2,0.5285,20.3,Logistical bottleneck affecting deliveries,"[np.str_('US Gulf Coast'), np.str_('Middle East'), np.str_('North Sea')]",6,market_calibrated_advanced,0.85,True,True,160.0
2026-07-18 15:11:13,2026-07-18,production_policy,OPEC+ agrees to adjust production by 1326 kb/d,high,3,0.7,164.9,Direct impact on global supply-demand balance,"[np.str_('Middle East'), np.str_('Global')]",53,market_calibrated_advanced,0.85,True,True,160.0
2026-07-18 18:29:22,2026-07-18,production_policy,Non-OPEC production growth revised unchanged,high,3,1.0,176.3,Shifts market share expectations,[np.str_('Middle East')],15,market_calibrated_advanced,0.94,True,False,200.0
2026-07-20 00:42:11,2026-07-20,inventory_report,EIA reports unchanged crude inventory of 1665M barrels,moderate,2,0.646,99.4,Weekly fundamental data point,[np.str_('US Gulf Coast')],3,market_calibrated_advanced,0.92,True,False,200.0
2026-07-21 09:28:46,2026-07-21,inventory_report,Floating storage levels higher off US Gulf Coast,high,3,0.644,68.2,Signal of market contango/backwardation,"[np.str_('Global'), np.str_('US Gulf Coast')]",1,market_calibrated_advanced,0.74,True,False,200.0
2026-07-21 09:44:30,2026-07-21,inventory_report,Cushing storage levels approach operational minimum,moderate,2,0.3269,71.4,Delivery point concerns for WTI contract,"[np.str_('US Gulf Coast'), np.str_('Global')]",1,market_calibrated_advanced,0.98,True,True,160.0
2026-07-21 12:00:18,2026-07-21,infrastructure,New pipeline capacity comes online in West Africa,moderate,2,0.961,154.7,Improves supply chain efficiency,"[np.str_('North Sea'), np.str_('US Gulf Coast')]",2,market_calibrated_advanced,0.86,True,False,200.0
2026-07-22 12:26:24,2026-07-22,inventory_report,China crude inventories show lower trend,high,3,0.677,76.9,Indicates demand trajectory in largest importer,"[np.str_('Global'), np.str_('US Gulf Coast')]",4,market_calibrated_advanced,0.87,True,False,200.0
2026-07-22 16:13:38,2026-07-22,inventory_report,Floating storage levels lower off West Africa,high,3,0.593,77.2,Signal of market contango/backwardation,"[np.str_('Global'), np.str_('US Gulf Coast')]",3,market_calibrated_advanced,0.75,True,False,200.0
2026-07-23 03:38:36,2026-07-23,infrastructure,Port congestion delays 9 tankers at Rotterdam,high,3,0.851,64.4,Logistical bottleneck affecting deliveries,[np.str_('Middle East')],13,market_calibrated_advanced,0.71,True,False,200.0
2026-07-23 17:03:01,2026-07-23,inventory_report,EIA reports lower crude inventory of 344M barrels,moderate,2,0.623,98.4,Weekly fundamental data point,"[np.str_('US Gulf Coast'), np.str_('Global')]",3,market_calibrated_advanced,0.89,True,False,200.0
2026-07-23 21:31:58,2026-07-23,inventory_report,EIA reports lower crude inventory of 1318M barrels,low,1,0.39130000000000004,34.9,Weekly fundamental data point,"[np.str_('US Gulf Coast'), np.str_('Global')]",3,market_calibrated_advanced,0.85,True,True,160.0
2026-07-24 05:48:00,2026-07-24,trade_flow_disruption,Tanker tracking shows unchanged flows to Saudi Arabia,high,3,1.0,263.8,Indicates trade pattern shifts,"[np.str_('South China Sea'), np.str_('Red Sea'), np.str_('Strait of Hormuz')]",13,market_calibrated_advanced,0.9,True,False,200.0
2026-07-24 10:01:16,2026-07-24,military_conflict,Military escalation near South China Sea oil facilities,extreme,5,1.0,293.6,Threatens regional production and transit,[np.str_('Strait of Hormuz')],16,market_calibrated_advanced,0.74,True,False,200.0
2026-07-24 10:48:10,2026-07-24,sanctions,Sanctions waiver negotiations for European Union oil exports,critical,4,1.0,399.1,Potential for supply increase if granted,[np.str_('Caspian Region')],30,market_calibrated_advanced,0.84,False,False,200.0
2026-07-24 10:52:20,2026-07-24,military_conflict,Naval incident near Malacca Strait shipping lane,extreme,5,0.7,313.1,Risk to major transit chokepoint,"[np.str_('North Africa'), np.str_('Strait of Hormuz'), np.str_('Middle East')]",20,market_calibrated_advanced,0.99,True,True,160.0
2026-07-25 00:19:01,2026-07-25,geopolitical_tension,Trade negotiations impact Red Sea energy imports,high,3,0.978,104.1,Trade policy uncertainty affects flows,[np.str_('Asia Pacific')],41,market_calibrated_advanced,0.82,True,False,200.0
2026-07-25 05:19:45,2026-07-25,geopolitical_tension,Diplomatic tensions escalate between OPEC+ and India,high,3,0.5984999999999999,78.7,Risk premium increases on supply disruption fears,[np.str_('Global')],23,market_calibrated_advanced,0.82,True,True,160.0
2026-07-25 07:32:52,2026-07-25,geopolitical_tension,Diplomatic tensions escalate between USA and Kuwait,critical,4,0.993,204.5,Risk premium increases on supply disruption fears,"[np.str_('Middle East'), np.str_('Global')]",22,market_calibrated_advanced,0.97,True,False,200.0
2026-07-25 18:24:48,2026-07-25,geopolitical_tension,Diplomatic tensions escalate between China and Iraq,high,3,0.5628,107.1,Risk premium increases on supply disruption fears,[np.str_('Asia Pacific')],32,market_calibrated_advanced,0.8,True,True,160.0
2026-07-26 01:23:47,2026-07-26,geopolitical_tension,Diplomatic tensions escalate between UAE and Kuwait,high,3,0.5438999999999999,74.0,Risk premium increases on supply disruption fears,"[np.str_('Middle East'), np.str_('Asia Pacific'), np.str_('Global')]",36,market_calibrated_advanced,0.78,True,True,160.0
2026-07-26 08:08:39,2026-07-26,geopolitical_tension,Trade negotiations impact South China Sea energy imports,high,3,0.904,149.6,Trade policy uncertainty affects flows,[np.str_('Asia Pacific')],43,market_calibrated_advanced,0.74,True,False,200.0
2026-07-26 09:13:04,2026-07-26,inventory_report,Cushing storage levels approach operational minimum,high,3,0.569,38.2,Delivery point concerns for WTI contract,[np.str_('US Gulf Coast')],2,market_calibrated_advanced,1.0,True,False,200.0
2026-07-27 02:35:36,2026-07-27,geopolitical_tension,Trade negotiations impact North Sea energy imports,moderate,2,0.5963999999999999,59.7,Trade policy uncertainty affects flows,[np.str_('Asia Pacific')],34,market_calibrated_advanced,0.94,True,True,160.0
2026-07-27 13:12:55,2026-07-27,inventory_report,China crude inventories show lower trend,high,3,0.567,78.8,Indicates demand trajectory in largest importer,[np.str_('US Gulf Coast')],2,market_calibrated_advanced,0.99,True,False,200.0
2026-07-27 20:55:27,2026-07-27,geopolitical_tension,Strategic reserve release coordinated by {alliance},critical,4,1.0,76.1,Temporary supply increase to calm markets,[np.str_('Global')],9,market_calibrated_advanced,0.92,True,False,200.0
2026-07-29 02:01:46,2026-07-29,geopolitical_tension,Trade negotiations impact Latin America energy imports,moderate,2,1.0,232.2,Trade policy uncertainty affects flows,"[np.str_('Global'), np.str_('Middle East')]",35,market_calibrated_advanced,1.0,True,False,199.0
2026-07-29 02:14:53,2026-07-29,trade_flow_disruption,Tanker tracking shows higher flows to Russia,moderate,2,1.0,140.1,Indicates trade pattern shifts,"[np.str_('Strait of Hormuz'), np.str_('Red Sea')]",13,market_calibrated_advanced,0.89,True,False,199.0
2026-07-29 03:06:33,2026-07-29,trade_flow_disruption,Port restrictions impact Saudi Arabia crude exports,high,3,0.6712999999999999,96.3,Physical supply bottleneck,"[np.str_('South China Sea'), np.str_('Red Sea')]",16,market_calibrated_advanced,0.88,True,True,160.0
2026-07-29 19:00:24,2026-07-29,trade_flow_disruption,Insurance premiums surge for Asia Pacific tanker transits,high,3,1.0,99.2,"Increases shipping costs, may deter voyages","[np.str_('Strait of Hormuz'), np.str_('Red Sea'), np.str_('South China Sea')]",11,market_calibrated_advanced,0.76,True,False,199.0
2026-07-30 03:15:56,2026-07-30,inventory_report,China crude inventories show unchanged trend,high,3,0.677,30.9,Indicates demand trajectory in largest importer,"[np.str_('Global'), np.str_('US Gulf Coast')]",4,market_calibrated_advanced,0.98,True,False,200.0
2026-07-30 03:26:17,2026-07-30,trade_flow_disruption,Port restrictions impact European Union crude exports,critical,4,1.0,209.3,Physical supply bottleneck,"[np.str_('Red Sea'), np.str_('Strait of Hormuz'), np.str_('South China Sea')]",14,market_calibrated_advanced,0.89,True,False,200.0
2026-07-30 09:21:23,2026-07-30,trade_flow_disruption,Shipping lane disruption near Suez Canal,critical,4,0.6251,133.8,"Forces rerouting, increases transit times",[np.str_('Strait of Hormuz')],5,market_calibrated_advanced,0.84,True,True,160.0
2026-07-31 21:42:46,2026-07-31,trade_flow_disruption,Insurance premiums surge for North Sea tanker transits,critical,4,1.0,162.4,"Increases shipping costs, may deter voyages","[np.str_('Red Sea'), np.str_('South China Sea')]",8,market_calibrated_advanced,0.92,True,False,200.0
2026-08-01 08:12:29,2026-08-01,inventory_report,EIA reports higher crude inventory of 1232M barrels,moderate,2,0.603,50.3,Weekly fundamental data point,"[np.str_('US Gulf Coast'), np.str_('Global')]",2,market_calibrated_advanced,0.75,True,False,200.0
2026-08-02 09:55:45,2026-08-02,infrastructure,Major pipeline maintenance reduces Middle East flows by 226,moderate,2,0.945,133.9,Temporary but planned supply reduction,"[np.str_('Middle East'), np.str_('US Gulf Coast'), np.str_('North Sea')]",10,market_calibrated_advanced,0.76,True,False,200.0
2026-08-03 04:53:21,2026-08-03,infrastructure,New pipeline capacity comes online in West Africa,moderate,2,0.953,44.5,Improves supply chain efficiency,[np.str_('US Gulf Coast')],7,market_calibrated_advanced,0.99,True,False,200.0
2026-08-03 14:06:57,2026-08-03,production_policy,China announces voluntary production cut extension,high,3,0.7,84.0,Tightens supply outlook,[np.str_('Middle East')],55,market_calibrated_advanced,0.93,True,True,160.0
2026-08-03 15:03:09,2026-08-03,production_policy,Libya output disrupted by technical issues at Burgan,critical,4,1.0,214.8,Temporary supply reduction,"[np.str_('Global'), np.str_('Middle East')]",32,market_calibrated_advanced,0.85,True,False,200.0
2026-08-04 04:23:47,2026-08-04,infrastructure,Port congestion delays 48 tankers at Houston,moderate,2,0.4375,73.7,Logistical bottleneck affecting deliveries,"[np.str_('US Gulf Coast'), np.str_('North Sea')]",13,market_calibrated_advanced,0.95,True,True,160.0
2026-08-04 09:39:53,2026-08-04,infrastructure,Refinery outage reduces crude demand in Middle East,high,3,0.949,61.7,Reduces crude intake temporarily,"[np.str_('North Sea'), np.str_('Middle East'), np.str_('US Gulf Coast')]",7,market_calibrated_advanced,0.92,True,False,200.0
2026-08-05 11:27:10,2026-08-05,infrastructure,Refinery outage reduces crude demand in Strait of Hormuz,high,3,0.973,75.6,Reduces crude intake temporarily,[np.str_('North Sea')],3,market_calibrated_advanced,0.75,True,False,200.0
2026-08-05 16:08:53,2026-08-05,geopolitical_tension,Energy security summit addresses West Africa supply concerns,high,3,0.992,139.2,Coordinated response to supply risks,"[np.str_('Asia Pacific'), np.str_('Middle East')]",10,market_calibrated_advanced,0.77,True,False,200.0
2026-08-06 08:49:20,2026-08-06,inventory_report,EIA reports higher crude inventory of 1050M barrels,moderate,2,0.637,98.8,Weekly fundamental data point,"[np.str_('US Gulf Coast'), np.str_('Global')]",4,market_calibrated_advanced,0.91,True,False,200.0
2026-08-07 01:06:23,2026-08-07,inventory_report,China crude inventories show higher trend,high,3,0.579,98.0,Indicates demand trajectory in largest importer,"[np.str_('US Gulf Coast'), np.str_('Global')]",3,market_calibrated_advanced,0.96,False,False,200.0
2026-08-09 04:56:08,2026-08-09,inventory_report,Floating storage levels higher off West Africa,high,3,0.669,69.5,Signal of market contango/backwardation,"[np.str_('US Gulf Coast'), np.str_('Global')]",2,market_calibrated_advanced,0.9,False,False,200.0
2026-08-09 09:11:21,2026-08-09,inventory_report,China crude inventories show higher trend,moderate,2,0.3514,57.6,Indicates demand trajectory in largest importer,"[np.str_('Global'), np.str_('US Gulf Coast')]",1,market_calibrated_advanced,0.98,False,True,160.0
2026-08-09 21:35:22,2026-08-09,sanctions,Sanctions waiver negotiations for OPEC+ oil exports,critical,4,1.0,330.2,Potential for supply increase if granted,"[np.str_('Global'), np.str_('Middle East')]",81,market_calibrated_advanced,0.94,True,False,200.0
2026-08-10 01:56:11,2026-08-10,geopolitical_tension,Trade negotiations impact Global energy imports,high,3,1.0,139.3,Trade policy uncertainty affects flows,"[np.str_('Middle East'), np.str_('Global'), np.str_('Asia Pacific')]",33,market_calibrated_advanced,0.77,True,False,200.0
2026-08-11 00:40:21,2026-08-11,inventory_report,EIA reports unchanged crude inventory of 179M barrels,moderate,2,0.619,54.8,Weekly fundamental data point,"[np.str_('US Gulf Coast'), np.str_('Global')]",2,market_calibrated_advanced,0.75,True,False,200.0
2026-08-11 02:45:36,2026-08-11,infrastructure,Port congestion delays 32 tankers at Rotterdam,high,3,0.85,89.7,Logistical bottleneck affecting deliveries,"[np.str_('US Gulf Coast'), np.str_('North Sea')]",10,market_calibrated_advanced,0.97,True,False,200.0
2026-08-12 06:19:41,2026-08-12,trade_flow_disruption,Shipping lane disruption near Bab el-Mandeb,extreme,5,1.0,182.4,"Forces rerouting, increases transit times","[np.str_('Strait of Hormuz'), np.str_('Red Sea'), np.str_('South China Sea')]",13,market_calibrated_advanced,0.71,True,False,200.0
2026-08-17 16:13:02,2026-08-17,inventory_report,Floating storage levels lower off Red Sea,high,3,0.58,37.1,Signal of market contango/backwardation,"[np.str_('Global'), np.str_('US Gulf Coast')]",4,market_calibrated_advanced,0.92,False,False,200.0
2026-08-21 18:38:51,2026-08-21,trade_flow_disruption,Shipping lane disruption near Strait of Hormuz,critical,4,1.0,217.2,"Forces rerouting, increases transit times",[np.str_('Strait of Hormuz')],11,market_calibrated_advanced,0.87,True,False,198.0
2026-08-24 13:26:11,2026-08-24,geopolitical_tension,Energy security summit addresses Global supply concerns,high,3,1.0,59.1,Coordinated response to supply risks,[np.str_('Asia Pacific')],14,market_calibrated_advanced,0.97,True,False,200.0
2026-08-25 02:06:20,2026-08-25,production_policy,Non-OPEC production growth revised lower,high,3,1.0,228.9,Shifts market share expectations,"[np.str_('Middle East'), np.str_('Global')]",33,market_calibrated_advanced,0.97,True,False,200.0
2026-08-25 02:51:57,2026-08-25,infrastructure,Major pipeline maintenance reduces Caspian Region flows by 1621,moderate,2,0.956,157.3,Temporary but planned supply reduction,[np.str_('Middle East')],11,market_calibrated_advanced,0.83,True,False,200.0
2026-08-25 21:31:25,2026-08-25,inventory_report,Cushing storage levels approach operational minimum,high,3,0.586,44.6,Delivery point concerns for WTI contract,"[np.str_('US Gulf Coast'), np.str_('Global')]",1,market_calibrated_advanced,0.91,True,False,200.0
2026-08-26 21:20:47,2026-08-26,geopolitical_tension,Energy security summit addresses West Africa supply concerns,high,3,1.0,220.2,Coordinated response to supply risks,[np.str_('Global')],27,market_calibrated_advanced,0.73,True,False,200.0
2026-09-01 12:28:33,2026-09-01,production_policy,USA announces voluntary production cut extension,critical,4,1.0,295.7,Tightens supply outlook,"[np.str_('Global'), np.str_('Middle East')]",11,market_calibrated_advanced,0.75,False,False,200.0
2026-09-06 04:19:07,2026-09-06,trade_flow_disruption,Shipping lane disruption near Suez Canal,critical,4,1.0,283.8,"Forces rerouting, increases transit times","[np.str_('Red Sea'), np.str_('Strait of Hormuz'), np.str_('South China Sea')]",7,market_calibrated_advanced,0.92,False,False,198.0
2026-09-08 22:49:13,2026-09-08,production_policy,Venezuela announces voluntary production cut extension,high,3,1.0,246.6,Tightens supply outlook,"[np.str_('Global'), np.str_('Middle East')]",44,market_calibrated_advanced,0.74,False,False,199.0
2026-09-10 19:09:22,2026-09-10,infrastructure,Major pipeline maintenance reduces Red Sea flows by 1302,moderate,2,0.875,54.3,Temporary but planned supply reduction,"[np.str_('North Sea'), np.str_('Middle East')]",4,market_calibrated_advanced,0.91,True,False,200.0
2026-09-13 22:11:19,2026-09-13,inventory_report,China crude inventories show unchanged trend,moderate,2,0.613,47.9,Indicates demand trajectory in largest importer,"[np.str_('Global'), np.str_('US Gulf Coast')]",2,market_calibrated_advanced,0.85,True,False,198.0
2026-09-15 03:04:25,2026-09-15,sanctions,US imposes new sanctions on Venezuela oil sector,high,3,1.0,345.1,"Tightens global supply, redirects trade flows",[np.str_('Middle East')],18,market_calibrated_advanced,0.94,True,False,200.0
2026-09-15 13:37:47,2026-09-15,sanctions,Secondary sanctions threatened for China oil traders,critical,4,1.0,363.3,Disrupts payment systems and shipping insurance,[np.str_('Middle East')],64,market_calibrated_advanced,0.95,False,False,200.0
2026-09-16 16:28:56,2026-09-16,inventory_report,Floating storage levels lower off Red Sea,high,3,0.595,98.1,Signal of market contango/backwardation,"[np.str_('Global'), np.str_('US Gulf Coast')]",2,market_calibrated_advanced,0.95,True,False,200.0
2026-09-17 05:45:12,2026-09-17,sanctions,Sanctions waiver negotiations for Libya oil exports,critical,4,1.0,254.7,Potential for supply increase if granted,[np.str_('Middle East')],15,market_calibrated_advanced,0.96,True,False,200.0
2026-09-18 01:11:58,2026-09-18,inventory_report,Cushing storage levels approach operational minimum,high,3,0.584,29.2,Delivery point concerns for WTI contract,"[np.str_('US Gulf Coast'), np.str_('Global')]",1,market_calibrated_advanced,0.92,True,False,200.0
2026-09-18 03:00:19,2026-09-18,inventory_report,EIA reports higher crude inventory of 1393M barrels,moderate,2,0.671,52.9,Weekly fundamental data point,"[np.str_('Global'), np.str_('US Gulf Coast')]",2,market_calibrated_advanced,0.94,True,False,200.0
2026-09-18 11:53:22,2026-09-18,geopolitical_tension,Energy security summit addresses Red Sea supply concerns,high,3,0.984,221.0,Coordinated response to supply risks,"[np.str_('Asia Pacific'), np.str_('Global'), np.str_('Middle East')]",26,market_calibrated_advanced,0.96,True,False,200.0
2026-09-18 13:21:48,2026-09-18,geopolitical_tension,Diplomatic tensions escalate between Libya and UAE,high,3,0.5481,81.3,Risk premium increases on supply disruption fears,"[np.str_('Asia Pacific'), np.str_('Middle East')]",40,market_calibrated_advanced,0.7,True,True,160.0
2026-09-18 20:45:56,2026-09-18,inventory_report,China crude inventories show higher trend,moderate,2,0.3773,23.8,Indicates demand trajectory in largest importer,"[np.str_('Global'), np.str_('US Gulf Coast')]",1,market_calibrated_advanced,0.93,False,True,160.0
2026-09-20 10:05:58,2026-09-20,inventory_report,EIA reports higher crude inventory of 1170M barrels,moderate,2,0.638,44.2,Weekly fundamental data point,"[np.str_('US Gulf Coast'), np.str_('Global')]",1,market_calibrated_advanced,0.72,True,False,200.0
2026-09-20 10:57:22,2026-09-20,inventory_report,EIA reports lower crude inventory of 1830M barrels,low,1,0.287,62.5,Weekly fundamental data point,"[np.str_('US Gulf Coast'), np.str_('Global')]",4,market_calibrated_advanced,0.81,True,True,160.0
2026-09-21 05:33:40,2026-09-21,inventory_report,China crude inventories show unchanged trend,high,3,0.626,74.3,Indicates demand trajectory in largest importer,[np.str_('Global')],4,market_calibrated_advanced,0.95,True,False,200.0
2026-09-22 03:02:33,2026-09-22,sanctions,Secondary sanctions threatened for Iran oil traders,extreme,5,1.0,165.4,Disrupts payment systems and shipping insurance,[np.str_('Middle East')],35,market_calibrated_advanced,0.71,True,False,200.0
2026-09-22 09:36:57,2026-09-22,sanctions,OFAC issues new compliance guidance for oil transactions,moderate,2,0.7,134.9,Increases compliance costs and due diligence,"[np.str_('Middle East'), np.str_('Global')]",65,market_calibrated_advanced,0.88,True,True,160.0
2026-09-22 13:34:16,2026-09-22,trade_flow_disruption,Shipping lane disruption near Strait of Hormuz,extreme,5,1.0,225.1,"Forces rerouting, increases transit times","[np.str_('Red Sea'), np.str_('Strait of Hormuz')]",17,market_calibrated_advanced,0.95,True,False,200.0
2026-09-23 02:49:55,2026-09-23,production_policy,OPEC+ agrees to adjust production by 812 kb/d,high,3,0.7,98.9,Direct impact on global supply-demand balance,"[np.str_('Middle East'), np.str_('Global')]",46,market_calibrated_advanced,0.76,True,True,160.0
2026-09-23 03:56:47,2026-09-23,inventory_report,EIA reports lower crude inventory of 1360M barrels,moderate,2,0.609,79.3,Weekly fundamental data point,"[np.str_('Global'), np.str_('US Gulf Coast')]",4,market_calibrated_advanced,0.84,False,False,200.0
2026-09-23 04:09:29,2026-09-23,inventory_report,China crude inventories show unchanged trend,high,3,0.672,91.5,Indicates demand trajectory in largest importer,[np.str_('US Gulf Coast')],2,market_calibrated_advanced,0.76,True,False,200.0
2026-09-23 04:39:00,2026-09-23,inventory_report,Floating storage levels higher off North Africa,high,3,0.614,46.9,Signal of market contango/backwardation,[np.str_('US Gulf Coast')],2,market_calibrated_advanced,0.79,True,False,200.0
2026-09-23 08:56:19,2026-09-23,inventory_report,Floating storage levels lower off North Africa,high,3,0.626,41.2,Signal of market contango/backwardation,"[np.str_('US Gulf Coast'), np.str_('Global')]",2,market_calibrated_advanced,0.76,True,False,200.0
2026-09-23 12:09:50,2026-09-23,geopolitical_tension,Diplomatic tensions escalate between India and Kuwait,critical,4,1.0,217.3,Risk premium increases on supply disruption fears,[np.str_('Global')],37,market_calibrated_advanced,0.9,False,False,200.0
2026-09-23 22:20:13,2026-09-23,production_policy,India announces voluntary production cut extension,critical,4,1.0,91.5,Tightens supply outlook,"[np.str_('Middle East'), np.str_('Global')]",14,market_calibrated_advanced,0.71,True,False,200.0
2026-09-25 02:48:13,2026-09-25,military_conflict,Missile attack on USA port facility,extreme,5,1.0,973.1,Direct damage to export infrastructure,"[np.str_('Strait of Hormuz'), np.str_('Middle East')]",13,market_calibrated_advanced,0.77,True,False,200.0
2026-09-25 13:05:32,2026-09-25,military_conflict,Military escalation near North Sea oil facilities,critical,4,0.7,425.9,Threatens regional production and transit,"[np.str_('North Africa'), np.str_('Strait of Hormuz'), np.str_('Middle East')]",10,market_calibrated_advanced,0.83,True,True,160.0
2026-09-26 09:35:43,2026-09-26,inventory_report,Floating storage levels higher off Caspian Region,high,3,0.628,90.3,Signal of market contango/backwardation,"[np.str_('US Gulf Coast'), np.str_('Global')]",1,market_calibrated_advanced,0.91,True,False,200.0
2026-09-28 01:43:39,2026-09-28,infrastructure,Major pipeline maintenance reduces Global flows by 678,moderate,2,0.994,45.3,Temporary but planned supply reduction,"[np.str_('US Gulf Coast'), np.str_('North Sea')]",6,market_calibrated_advanced,0.98,False,False,200.0
2026-09-29 09:05:11,2026-09-29,inventory_report,China crude inventories show higher trend,high,3,0.509,84.2,Indicates demand trajectory in largest importer,[np.str_('Global')],1,market_calibrated_advanced,0.99,True,False,200.0
2026-09-29 09:26:56,2026-09-29,inventory_report,Cushing storage levels approach operational minimum,high,3,0.564,87.2,Delivery point concerns for WTI contract,[np.str_('Global')],4,market_calibrated_advanced,0.72,True,False,200.0
2026-09-30 04:53:24,2026-09-30,trade_flow_disruption,Port restrictions impact Iran crude exports,critical,4,1.0,253.1,Physical supply bottleneck,"[np.str_('South China Sea'), np.str_('Strait of Hormuz'), np.str_('Red Sea')]",11,market_calibrated_advanced,0.74,False,False,200.0
2026-09-30 14:00:34,2026-09-30,trade_flow_disruption,Shipping lane disruption near Suez Canal,extreme,5,1.0,186.0,"Forces rerouting, increases transit times","[np.str_('Red Sea'), np.str_('Strait of Hormuz'), np.str_('South China Sea')]",18,market_calibrated_advanced,0.98,True,False,200.0
2026-10-01 00:11:03,2026-10-01,geopolitical_tension,Energy security summit addresses Red Sea supply concerns,moderate,2,0.504,171.6,Coordinated response to supply risks,"[np.str_('Global'), np.str_('Asia Pacific')]",27,market_calibrated_advanced,0.85,True,True,160.0
2026-10-01 00:19:27,2026-10-01,inventory_report,China crude inventories show unchanged trend,moderate,2,0.29119999999999996,52.9,Indicates demand trajectory in largest importer,"[np.str_('US Gulf Coast'), np.str_('Global')]",1,market_calibrated_advanced,0.9,True,True,160.0
2026-10-01 11:11:49,2026-10-01,inventory_report,EIA reports lower crude inventory of 1362M barrels,low,1,0.30519999999999997,76.7,Weekly fundamental data point,"[np.str_('Global'), np.str_('US Gulf Coast')]",1,market_calibrated_advanced,0.94,True,True,160.0
2026-10-01 12:17:41,2026-10-01,inventory_report,EIA reports higher crude inventory of 1044M barrels,moderate,2,0.505,21.0,Weekly fundamental data point,"[np.str_('US Gulf Coast'), np.str_('Global')]",2,market_calibrated_advanced,0.91,True,False,200.0
2026-10-01 12:27:27,2026-10-01,geopolitical_tension,Strategic reserve release coordinated by {alliance},critical,4,0.978,151.8,Temporary supply increase to calm markets,"[np.str_('Asia Pacific'), np.str_('Middle East'), np.str_('Global')]",28,market_calibrated_advanced,0.85,True,False,200.0
2026-10-01 19:31:15,2026-10-01,inventory_report,Floating storage levels higher off Global,high,3,0.626,54.8,Signal of market contango/backwardation,[np.str_('US Gulf Coast')],1,market_calibrated_advanced,0.76,False,False,200.0
2026-10-02 17:12:21,2026-10-02,geopolitical_tension,Energy security summit addresses US Gulf Coast supply concerns,high,3,0.905,223.3,Coordinated response to supply risks,"[np.str_('Global'), np.str_('Middle East')]",17,market_calibrated_advanced,0.95,True,False,200.0
2026-10-03 02:06:56,2026-10-03,trade_flow_disruption,Port restrictions impact China crude exports,critical,4,1.0,192.5,Physical supply bottleneck,[np.str_('Red Sea')],5,market_calibrated_advanced,0.91,True,False,200.0
2026-10-03 17:44:45,2026-10-03,infrastructure,Port congestion delays 13 tankers at Rotterdam,high,3,0.996,66.3,Logistical bottleneck affecting deliveries,"[np.str_('US Gulf Coast'), np.str_('North Sea'), np.str_('Middle East')]",5,market_calibrated_advanced,0.82,True,False,200.0
2026-10-04 01:43:40,2026-10-04,trade_flow_disruption,Port restrictions impact Iran crude exports,critical,4,1.0,157.4,Physical supply bottleneck,"[np.str_('Red Sea'), np.str_('Strait of Hormuz'), np.str_('South China Sea')]",4,market_calibrated_advanced,0.72,True,False,200.0
2026-10-04 09:31:50,2026-10-04,geopolitical_tension,Diplomatic tensions escalate between China and Saudi Arabia,high,3,0.5593,115.4,Risk premium increases on supply disruption fears,"[np.str_('Asia Pacific'), np.str_('Middle East')]",9,market_calibrated_advanced,0.93,True,True,160.0
2026-10-04 19:22:00,2026-10-04,geopolitical_tension,Strategic reserve release coordinated by {alliance},critical,4,1.0,120.2,Temporary supply increase to calm markets,[np.str_('Asia Pacific')],19,market_calibrated_advanced,0.96,True,False,200.0
2026-10-05 18:23:00,2026-10-05,inventory_report,Cushing storage levels approach operational minimum,high,3,0.594,20.9,Delivery point concerns for WTI contract,"[np.str_('US Gulf Coast'), np.str_('Global')]",1,market_calibrated_advanced,0.93,True,False,200.0
2026-10-06 18:52:22,2026-10-06,inventory_report,EIA reports higher crude inventory of 1202M barrels,moderate,2,0.604,36.3,Weekly fundamental data point,"[np.str_('US Gulf Coast'), np.str_('Global')]",3,market_calibrated_advanced,0.78,True,False,200.0
2026-10-07 05:05:17,2026-10-07,geopolitical_tension,Energy security summit addresses Global supply concerns,high,3,0.918,119.5,Coordinated response to supply risks,"[np.str_('Middle East'), np.str_('Global'), np.str_('Asia Pacific')]",29,market_calibrated_advanced,0.99,False,False,200.0
2026-10-07 17:22:24,2026-10-07,infrastructure,Refinery outage reduces crude demand in Latin America,high,3,0.91,146.4,Reduces crude intake temporarily,"[np.str_('Middle East'), np.str_('US Gulf Coast')]",2,market_calibrated_advanced,0.81,True,False,200.0
2026-10-09 07:12:09,2026-10-09,infrastructure,Refinery outage reduces crude demand in Asia Pacific,moderate,2,0.889,23.0,Reduces crude intake temporarily,"[np.str_('North Sea'), np.str_('US Gulf Coast')]",3,market_calibrated_advanced,0.78,True,False,199.0
2026-10-09 16:47:53,2026-10-09,geopolitical_tension,Trade negotiations impact US Gulf Coast energy imports,moderate,2,1.0,236.1,Trade policy uncertainty affects flows,[np.str_('Asia Pacific')],13,market_calibrated_advanced,0.92,True,False,199.0
2026-10-11 15:06:35,2026-10-11,geopolitical_tension,Energy security summit addresses Red Sea supply concerns,moderate,2,0.98,62.4,Coordinated response to supply risks,"[np.str_('Asia Pacific'), np.str_('Middle East'), np.str_('Global')]",17,market_calibrated_advanced,0.99,False,False,199.0
2026-10-12 07:17:57,2026-10-12,inventory_report,Floating storage levels lower off Middle East,high,3,0.634,92.1,Signal of market contango/backwardation,"[np.str_('Global'), np.str_('US Gulf Coast')]",2,market_calibrated_advanced,0.7,True,False,200.0
2026-10-12 16:12:34,2026-10-12,inventory_report,China crude inventories show higher trend,high,3,0.645,99.5,Indicates demand trajectory in largest importer,"[np.str_('US Gulf Coast'), np.str_('Global')]",4,market_calibrated_advanced,0.88,True,False,200.0
2026-10-14 01:45:35,2026-10-14,inventory_report,China crude inventories show higher trend,moderate,2,0.681,27.0,Indicates demand trajectory in largest importer,[np.str_('Global')],2,market_calibrated_advanced,0.86,True,False,199.0
2026-10-14 09:00:52,2026-10-14,military_conflict,Naval incident near Strait of Hormuz shipping lane,extreme,5,1.0,788.7,Risk to major transit chokepoint,[np.str_('North Africa')],14,market_calibrated_advanced,0.9,True,False,199.0
2026-10-14 16:17:56,2026-10-14,military_conflict,Missile attack on Kuwait port facility,extreme,5,0.7,673.3,Direct damage to export infrastructure,"[np.str_('Strait of Hormuz'), np.str_('North Africa')]",18,market_calibrated_advanced,0.72,True,True,159.0
2026-10-15 01:29:07,2026-10-15,inventory_report,EIA reports higher crude inventory of 1623M barrels,moderate,2,0.553,64.2,Weekly fundamental data point,"[np.str_('US Gulf Coast'), np.str_('Global')]",4,market_calibrated_advanced,0.79,True,False,200.0
2026-10-17 07:24:23,2026-10-17,infrastructure,Refinery outage reduces crude demand in South China Sea,moderate,2,0.865,25.1,Reduces crude intake temporarily,[np.str_('Middle East')],8,market_calibrated_advanced,0.95,True,False,199.0
2026-10-17 07:45:18,2026-10-17,geopolitical_tension,Trade negotiations impact North Africa energy imports,moderate,2,1.0,184.9,Trade policy uncertainty affects flows,"[np.str_('Global'), np.str_('Middle East'), np.str_('Asia Pacific')]",9,market_calibrated_advanced,0.95,True,False,199.0
2026-10-17 15:30:31,2026-10-17,infrastructure,Port congestion delays 22 tankers at Basra,moderate,2,0.43329999999999996,67.9,Logistical bottleneck affecting deliveries,"[np.str_('US Gulf Coast'), np.str_('North Sea')]",8,market_calibrated_advanced,0.94,True,True,159.0
2026-10-19 02:06:22,2026-10-19,geopolitical_tension,Trade negotiations impact Strait of Hormuz energy imports,moderate,2,0.6202,147.5,Trade policy uncertainty affects flows,"[np.str_('Asia Pacific'), np.str_('Global'), np.str_('Middle East')]",27,market_calibrated_advanced,0.71,True,True,160.0
2026-10-19 02:26:48,2026-10-19,geopolitical_tension,Strategic reserve release coordinated by {alliance},critical,4,1.0,183.9,Temporary supply increase to calm markets,"[np.str_('Middle East'), np.str_('Asia Pacific'), np.str_('Global')]",10,market_calibrated_advanced,0.8,True,False,200.0
2026-10-19 04:47:51,2026-10-19,geopolitical_tension,Diplomatic tensions escalate between OPEC+ and Venezuela,critical,4,1.0,191.7,Risk premium increases on supply disruption fears,"[np.str_('Asia Pacific'), np.str_('Global')]",29,market_calibrated_advanced,0.96,False,False,200.0
2026-10-19 07:05:26,2026-10-19,production_policy,European Union output disrupted by power outage at Zuluf,high,3,0.7,181.5,Temporary supply reduction,"[np.str_('Global'), np.str_('Middle East')]",43,market_calibrated_advanced,0.74,True,True,160.0
2026-10-19 17:54:10,2026-10-19,production_policy,Non-OPEC production growth revised lower,high,3,1.0,168.4,Shifts market share expectations,"[np.str_('Middle East'), np.str_('Global')]",30,market_calibrated_advanced,0.83,True,False,200.0
2026-10-20 01:11:33,2026-10-20,inventory_report,Cushing storage levels approach operational minimum,high,3,0.666,80.8,Delivery point concerns for WTI contract,[np.str_('Global')],1,market_calibrated_advanced,0.81,False,False,200.0
2026-10-20 16:39:30,2026-10-20,inventory_report,Floating storage levels higher off Red Sea,high,3,0.545,64.9,Signal of market contango/backwardation,"[np.str_('Global'), np.str_('US Gulf Coast')]",2,market_calibrated_advanced,1.0,True,False,200.0
2026-10-21 15:01:45,2026-10-21,infrastructure,New pipeline capacity comes online in Red Sea,low,1,0.48999999999999994,72.7,Improves supply chain efficiency,"[np.str_('North Sea'), np.str_('Middle East'), np.str_('US Gulf Coast')]",13,market_calibrated_advanced,0.79,True,True,160.0
2026-10-21 21:44:07,2026-10-21,infrastructure,Port congestion delays 46 tankers at Rotterdam,high,3,0.921,84.6,Logistical bottleneck affecting deliveries,[np.str_('North Sea')],7,market_calibrated_advanced,0.85,True,False,200.0
2026-10-24 19:20:23,2026-10-24,geopolitical_tension,Trade negotiations impact Red Sea energy imports,moderate,2,0.975,43.2,Trade policy uncertainty affects flows,"[np.str_('Middle East'), np.str_('Asia Pacific'), np.str_('Global')]",9,market_calibrated_advanced,1.0,True,False,200.0
2026-10-25 03:02:04,2026-10-25,geopolitical_tension,Energy security summit addresses US Gulf Coast supply concerns,high,3,1.0,60.5,Coordinated response to supply risks,[np.str_('Middle East')],21,market_calibrated_advanced,0.99,True,False,200.0
2026-10-25 03:38:30,2026-10-25,infrastructure,Refinery outage reduces crude demand in US Gulf Coast,moderate,2,0.44939999999999997,60.3,Reduces crude intake temporarily,[np.str_('Middle East')],9,market_calibrated_advanced,0.99,True,True,160.0
2026-10-25 05:49:32,2026-10-25,geopolitical_tension,Diplomatic tensions escalate between Saudi Arabia and Russia,high,3,0.595,99.8,Risk premium increases on supply disruption fears,"[np.str_('Global'), np.str_('Asia Pacific'), np.str_('Middle East')]",42,market_calibrated_advanced,0.72,True,True,160.0
2026-10-25 15:45:42,2026-10-25,infrastructure,Major pipeline maintenance reduces South China Sea flows by 611,moderate,2,0.931,38.0,Temporary but planned supply reduction,[np.str_('North Sea')],10,market_calibrated_advanced,0.76,True,False,200.0
2026-10-27 04:30:46,2026-10-27,infrastructure,Port congestion delays 38 tankers at Ras Tanura,high,3,0.926,91.4,Logistical bottleneck affecting deliveries,"[np.str_('Middle East'), np.str_('North Sea'), np.str_('US Gulf Coast')]",6,market_calibrated_advanced,0.91,True,False,200.0
2026-10-27 09:23:19,2026-10-27,geopolitical_tension,Strategic reserve release coordinated by {alliance},high,3,0.6083,50.9,Temporary supply increase to calm markets,[np.str_('Global')],20,market_calibrated_advanced,0.91,False,True,160.0
2026-10-27 14:45:52,2026-10-27,geopolitical_tension,Diplomatic tensions escalate between USA and China,critical,4,1.0,188.7,Risk premium increases on supply disruption fears,"[np.str_('Asia Pacific'), np.str_('Global')]",9,market_calibrated_advanced,0.92,True,False,200.0
2026-10-28 13:57:58,2026-10-28,infrastructure,Major pipeline maintenance reduces Latin America flows by 171,moderate,2,0.847,113.4,Temporary but planned supply reduction,"[np.str_('North Sea'), np.str_('US Gulf Coast')]",10,market_calibrated_advanced,0.99,True,False,200.0
2026-10-28 15:08:12,2026-10-28,infrastructure,Refinery outage reduces crude demand in Middle East,high,3,0.911,30.8,Reduces crude intake temporarily,"[np.str_('North Sea'), np.str_('US Gulf Coast')]",3,market_calibrated_advanced,0.9,True,False,200.0
2026-10-28 21:29:25,2026-10-28,geopolitical_tension,Energy security summit addresses Caspian Region supply concerns,high,3,0.932,111.3,Coordinated response to supply risks,"[np.str_('Middle East'), np.str_('Asia Pacific')]",5,market_calibrated_advanced,0.87,True,False,200.0
2026-10-28 22:57:11,2026-10-28,infrastructure,New pipeline capacity comes online in Global,low,1,0.5173,111.3,Improves supply chain efficiency,"[np.str_('US Gulf Coast'), np.str_('Middle East')]",2,market_calibrated_advanced,0.84,True,True,160.0
2026-10-30 08:51:58,2026-10-30,inventory_report,EIA reports lower crude inventory of 118M barrels,moderate,2,0.557,59.1,Weekly fundamental data point,[np.str_('Global')],1,market_calibrated_advanced,0.99,True,False,200.0
2026-11-03 21:50:12,2026-11-03,geopolitical_tension,Strategic reserve release coordinated by {alliance},high,3,0.921,80.9,Temporary supply increase to calm markets,[np.str_('Global')],16,market_calibrated_advanced,0.82,True,False,196.0
2026-11-05 05:49:34,2026-11-05,infrastructure,New pipeline capacity comes online in West Africa,moderate,2,0.807,53.6,Improves supply chain efficiency,"[np.str_('Middle East'), np.str_('US Gulf Coast')]",5,market_calibrated_advanced,0.8,True,False,200.0
2026-11-05 06:11:56,2026-11-05,trade_flow_disruption,Insurance premiums surge for Asia Pacific tanker transits,critical,4,1.0,222.5,"Increases shipping costs, may deter voyages",[np.str_('Strait of Hormuz')],9,market_calibrated_advanced,0.75,True,False,200.0
2026-11-07 04:20:03,2026-11-07,sanctions,Sanctions waiver negotiations for India oil exports,high,3,1.0,254.6,Potential for supply increase if granted,[np.str_('Caspian Region')],72,market_calibrated_advanced,0.94,True,False,200.0
2026-11-07 15:15:37,2026-11-07,inventory_report,Cushing storage levels approach operational minimum,moderate,2,0.615,43.8,Delivery point concerns for WTI contract,[np.str_('US Gulf Coast')],2,market_calibrated_advanced,0.83,False,False,200.0
2026-11-08 00:37:23,2026-11-08,geopolitical_tension,Trade negotiations impact Global energy imports,high,3,0.941,146.7,Trade policy uncertainty affects flows,"[np.str_('Middle East'), np.str_('Asia Pacific')]",43,market_calibrated_advanced,0.73,True,False,200.0
2026-11-09 03:11:20,2026-11-09,infrastructure,Major pipeline maintenance reduces North Africa flows by 1376,moderate,2,0.955,78.1,Temporary but planned supply reduction,"[np.str_('US Gulf Coast'), np.str_('North Sea')]",11,market_calibrated_advanced,0.85,True,False,200.0
2026-11-10 08:51:09,2026-11-10,inventory_report,Cushing storage levels approach operational minimum,high,3,0.568,44.7,Delivery point concerns for WTI contract,[np.str_('US Gulf Coast')],1,market_calibrated_advanced,0.95,True,False,200.0
2026-11-11 00:32:43,2026-11-11,trade_flow_disruption,Insurance premiums surge for Caspian Region tanker transits,critical,4,1.0,278.4,"Increases shipping costs, may deter voyages","[np.str_('Red Sea'), np.str_('Strait of Hormuz')]",15,market_calibrated_advanced,0.79,True,False,200.0
2026-11-11 01:51:39,2026-11-11,infrastructure,New pipeline capacity comes online in Red Sea,moderate,2,0.884,46.6,Improves supply chain efficiency,"[np.str_('Middle East'), np.str_('US Gulf Coast'), np.str_('North Sea')]",13,market_calibrated_advanced,0.97,True,False,200.0
2026-11-11 13:02:43,2026-11-11,infrastructure,Refinery outage reduces crude demand in North Africa,moderate,2,0.5523,31.2,Reduces crude intake temporarily,"[np.str_('Middle East'), np.str_('US Gulf Coast')]",5,market_calibrated_advanced,0.95,False,True,160.0
2026-11-12 04:04:08,2026-11-12,infrastructure,Major pipeline maintenance reduces Global flows by 1979,low,1,0.48999999999999994,85.9,Temporary but planned supply reduction,"[np.str_('US Gulf Coast'), np.str_('Middle East'), np.str_('North Sea')]",9,market_calibrated_advanced,0.85,True,True,160.0
2026-11-12 08:55:51,2026-11-12,inventory_report,EIA reports higher crude inventory of 429M barrels,moderate,2,0.62,58.0,Weekly fundamental data point,[np.str_('Global')],2,market_calibrated_advanced,0.73,True,False,200.0
2026-11-12 16:12:15,2026-11-12,inventory_report,Cushing storage levels approach operational minimum,high,3,0.575,88.7,Delivery point concerns for WTI contract,"[np.str_('US Gulf Coast'), np.str_('Global')]",3,market_calibrated_advanced,0.93,True,False,200.0
2026-11-12 16:18:10,2026-11-12,infrastructure,Refinery outage reduces crude demand in Red Sea,high,3,0.937,88.2,Reduces crude intake temporarily,[np.str_('North Sea')],7,market_calibrated_advanced,0.93,True,False,200.0
2026-11-13 01:06:47,2026-11-13,inventory_report,Cushing storage levels approach operational minimum,moderate,2,0.40249999999999997,26.2,Delivery point concerns for WTI contract,[np.str_('Global')],3,market_calibrated_advanced,0.71,True,True,160.0
2026-11-13 14:24:56,2026-11-13,geopolitical_tension,Diplomatic tensions escalate between China and Kuwait,critical,4,0.994,77.1,Risk premium increases on supply disruption fears,"[np.str_('Asia Pacific'), np.str_('Global')]",21,market_calibrated_advanced,0.82,True,False,200.0
2026-11-13 15:38:13,2026-11-13,inventory_report,Floating storage levels lower off Latin America,high,3,0.65,47.8,Signal of market contango/backwardation,[np.str_('Global')],4,market_calibrated_advanced,0.76,True,False,200.0
2026-11-15 13:45:41,2026-11-15,inventory_report,EIA reports unchanged crude inventory of 326M barrels,low,1,0.29469999999999996,31.2,Weekly fundamental data point,[np.str_('Global')],4,market_calibrated_advanced,0.86,True,True,159.0
2026-11-15 14:33:30,2026-11-15,inventory_report,EIA reports lower crude inventory of 1690M barrels,low,1,0.66,89.0,Weekly fundamental data point,"[np.str_('Global'), np.str_('US Gulf Coast')]",4,market_calibrated_advanced,0.89,True,False,199.0
2026-11-15 21:30:05,2026-11-15,geopolitical_tension,Trade negotiations impact Middle East energy imports,moderate,2,1.0,165.8,Trade policy uncertainty affects flows,[np.str_('Asia Pacific')],35,market_calibrated_advanced,0.79,True,False,199.0
2026-11-16 07:51:01,2026-11-16,inventory_report,China crude inventories show higher trend,moderate,2,0.2954,24.3,Indicates demand trajectory in largest importer,"[np.str_('Global'), np.str_('US Gulf Coast')]",3,market_calibrated_advanced,0.95,True,True,160.0
2026-11-16 17:45:12,2026-11-16,inventory_report,EIA reports lower crude inventory of 1430M barrels,moderate,2,0.545,55.3,Weekly fundamental data point,"[np.str_('Global'), np.str_('US Gulf Coast')]",1,market_calibrated_advanced,0.85,True,False,200.0
2026-11-17 03:02:43,2026-11-17,inventory_report,Floating storage levels lower off Asia Pacific,high,3,0.685,66.5,Signal of market contango/backwardation,"[np.str_('US Gulf Coast'), np.str_('Global')]",4,market_calibrated_advanced,0.9,True,False,200.0
2026-11-17 07:22:46,2026-11-17,trade_flow_disruption,Shipping lane disruption near Bab el-Mandeb,critical,4,0.6818,199.6,"Forces rerouting, increases transit times",[np.str_('Red Sea')],11,market_calibrated_advanced,0.81,True,True,160.0
2026-11-17 11:37:58,2026-11-17,trade_flow_disruption,Insurance premiums surge for US Gulf Coast tanker transits,critical,4,1.0,249.6,"Increases shipping costs, may deter voyages","[np.str_('South China Sea'), np.str_('Red Sea'), np.str_('Strait of Hormuz')]",8,market_calibrated_advanced,0.85,True,False,200.0
2026-11-20 01:15:35,2026-11-20,military_conflict,Naval incident near Bab el-Mandeb shipping lane,extreme,5,1.0,952.1,Risk to major transit chokepoint,"[np.str_('Strait of Hormuz'), np.str_('North Africa'), np.str_('Middle East')]",12,market_calibrated_advanced,0.72,True,False,199.0
2026-11-20 04:21:18,2026-11-20,sanctions,Sanctions waiver negotiations for India oil exports,high,3,1.0,192.7,Potential for supply increase if granted,"[np.str_('Caspian Region'), np.str_('Middle East')]",51,market_calibrated_advanced,0.71,False,False,199.0
2026-11-21 10:20:13,2026-11-21,inventory_report,Cushing storage levels approach operational minimum,high,3,0.661,62.8,Delivery point concerns for WTI contract,"[np.str_('US Gulf Coast'), np.str_('Global')]",1,market_calibrated_advanced,0.87,True,False,200.0
2026-11-21 21:12:42,2026-11-21,geopolitical_tension,Diplomatic tensions escalate between USA and Venezuela,critical,4,1.0,51.4,Risk premium increases on supply disruption fears,"[np.str_('Global'), np.str_('Asia Pacific'), np.str_('Middle East')]",33,market_calibrated_advanced,0.79,True,False,200.0
2026-11-22 21:05:37,2026-11-22,infrastructure,Major pipeline maintenance reduces US Gulf Coast flows by 1567,moderate,2,0.921,124.1,Temporary but planned supply reduction,"[np.str_('Middle East'), np.str_('US Gulf Coast'), np.str_('North Sea')]",6,market_calibrated_advanced,0.84,True,False,200.0
2026-11-22 21:43:32,2026-11-22,military_conflict,Naval incident near Bab el-Mandeb shipping lane,extreme,5,1.0,735.3,Risk to major transit chokepoint,"[np.str_('North Africa'), np.str_('Strait of Hormuz')]",5,market_calibrated_advanced,0.74,True,False,200.0
2026-11-23 08:11:27,2026-11-23,geopolitical_tension,Strategic reserve release coordinated by {alliance},critical,4,0.964,172.4,Temporary supply increase to calm markets,"[np.str_('Global'), np.str_('Middle East'), np.str_('Asia Pacific')]",11,market_calibrated_advanced,0.85,True,False,200.0
2026-11-25 18:33:01,2026-11-25,inventory_report,EIA reports lower crude inventory of 1845M barrels,low,1,0.628,28.7,Weekly fundamental data point,"[np.str_('Global'), np.str_('US Gulf Coast')]",4,market_calibrated_advanced,0.9,True,False,200.0
2026-11-25 19:11:29,2026-11-25,production_policy,Saudi Arabia announces voluntary production cut extension,high,3,0.7,165.3,Tightens supply outlook,"[np.str_('Middle East'), np.str_('Global')]",47,market_calibrated_advanced,0.96,True,True,160.0
2026-11-25 21:03:39,2026-11-25,production_policy,Non-OPEC production growth revised unchanged,moderate,2,1.0,207.6,Shifts market share expectations,"[np.str_('Global'), np.str_('Middle East')]",10,market_calibrated_advanced,1.0,True,False,200.0
2026-11-26 11:52:14,2026-11-26,production_policy,Non-OPEC production growth revised higher,high,3,1.0,218.2,Shifts market share expectations,"[np.str_('Global'), np.str_('Middle East')]",9,market_calibrated_advanced,0.73,True,False,200.0
2026-11-26 13:56:45,2026-11-26,inventory_report,EIA reports unchanged crude inventory of 1942M barrels,moderate,2,0.653,42.9,Weekly fundamental data point,"[np.str_('Global'), np.str_('US Gulf Coast')]",2,market_calibrated_advanced,0.85,True,False,200.0
2026-11-27 00:17:13,2026-11-27,production_policy,China output disrupted by technical issues at Khurais,critical,4,1.0,170.8,Temporary supply reduction,[np.str_('Middle East')],37,market_calibrated_advanced,0.98,True,False,200.0
2026-11-27 04:46:01,2026-11-27,geopolitical_tension,Trade negotiations impact Middle East energy imports,high,3,1.0,92.0,Trade policy uncertainty affects flows,[np.str_('Global')],43,market_calibrated_advanced,1.0,True,False,200.0
2026-11-27 08:09:06,2026-11-27,production_policy,OPEC+ agrees to adjust production by 677 kb/d,high,3,0.6782999999999999,105.1,Direct impact on global supply-demand balance,"[np.str_('Middle East'), np.str_('Global')]",47,market_calibrated_advanced,0.75,True,True,160.0
2026-11-27 17:16:53,2026-11-27,geopolitical_tension,Strategic reserve release coordinated by {alliance},high,3,0.5067999999999999,108.1,Temporary supply increase to calm markets,[np.str_('Global')],31,market_calibrated_advanced,0.87,True,True,160.0
2026-11-28 06:30:48,2026-11-28,geopolitical_tension,Diplomatic tensions escalate between European Union and USA,high,3,0.6062,109.2,Risk premium increases on supply disruption fears,"[np.str_('Global'), np.str_('Asia Pacific')]",26,market_calibrated_advanced,0.92,True,True,160.0
2026-11-28 07:39:05,2026-11-28,geopolitical_tension,Trade negotiations impact West Africa energy imports,high,3,0.995,52.4,Trade policy uncertainty affects flows,"[np.str_('Asia Pacific'), np.str_('Middle East'), np.str_('Global')]",19,market_calibrated_advanced,0.75,True,False,200.0
2026-11-28 15:32:33,2026-11-28,geopolitical_tension,Diplomatic tensions escalate between UAE and OPEC+,high,3,0.5774999999999999,140.5,Risk premium increases on supply disruption fears,"[np.str_('Global'), np.str_('Middle East'), np.str_('Asia Pacific')]",29,market_calibrated_advanced,0.96,True,True,160.0
2026-11-28 18:30:34,2026-11-28,geopolitical_tension,Energy security summit addresses Global supply concerns,high,3,0.927,73.9,Coordinated response to supply risks,"[np.str_('Middle East'), np.str_('Asia Pacific'), np.str_('Global')]",33,market_calibrated_advanced,0.85,False,False,200.0
2026-11-29 00:35:55,2026-11-29,inventory_report,Floating storage levels higher off Middle East,moderate,2,0.39899999999999997,58.4,Signal of market contango/backwardation,"[np.str_('Global'), np.str_('US Gulf Coast')]",4,market_calibrated_advanced,0.87,True,True,160.0
2026-11-29 16:41:19,2026-11-29,military_conflict,Missile attack on India port facility,extreme,5,1.0,792.4,Direct damage to export infrastructure,[np.str_('North Africa')],17,market_calibrated_advanced,0.82,True,False,200.0
2026-11-29 17:30:26,2026-11-29,inventory_report,China crude inventories show higher trend,high,3,0.632,41.8,Indicates demand trajectory in largest importer,"[np.str_('Global'), np.str_('US Gulf Coast')]",3,market_calibrated_advanced,1.0,True,False,200.0
2026-11-29 20:29:31,2026-11-29,sanctions,EU extends sanctions framework on Nigeria energy exports,critical,4,1.0,203.9,Reduces available supply to European markets,"[np.str_('Caspian Region'), np.str_('Global'), np.str_('Middle East')]",31,market_calibrated_advanced,0.71,True,False,200.0
2026-11-30 00:16:57,2026-11-30,infrastructure,New pipeline capacity comes online in US Gulf Coast,moderate,2,0.844,109.6,Improves supply chain efficiency,"[np.str_('US Gulf Coast'), np.str_('North Sea'), np.str_('Middle East')]",9,market_calibrated_advanced,0.78,True,False,200.0
2026-12-01 11:25:05,2026-12-01,infrastructure,Refinery outage reduces crude demand in Strait of Hormuz,moderate,2,0.5124,56.8,Reduces crude intake temporarily,"[np.str_('US Gulf Coast'), np.str_('North Sea')]",5,market_calibrated_advanced,0.8,True,True,160.0
2026-12-01 17:31:41,2026-12-01,inventory_report,Cushing storage levels approach operational minimum,high,3,0.507,48.4,Delivery point concerns for WTI contract,"[np.str_('US Gulf Coast'), np.str_('Global')]",2,market_calibrated_advanced,0.94,True,False,200.0
2026-12-01 20:38:00,2026-12-01,production_policy,Nigeria announces voluntary production cut extension,critical,4,1.0,79.0,Tightens supply outlook,[np.str_('Global')],55,market_calibrated_advanced,0.98,False,False,200.0
2026-12-01 22:10:31,2026-12-01,infrastructure,Refinery outage reduces crude demand in Middle East,high,3,0.829,114.5,Reduces crude intake temporarily,"[np.str_('US Gulf Coast'), np.str_('Middle East'), np.str_('North Sea')]",2,market_calibrated_advanced,0.76,True,False,200.0
2026-12-03 13:27:04,2026-12-03,geopolitical_tension,Energy security summit addresses Global supply concerns,high,3,1.0,134.8,Coordinated response to supply risks,[np.str_('Asia Pacific')],8,market_calibrated_advanced,0.74,True,False,200.0
2026-12-05 03:38:33,2026-12-05,inventory_report,Cushing storage levels approach operational minimum,moderate,2,0.2758,74.4,Delivery point concerns for WTI contract,[np.str_('US Gulf Coast')],1,market_calibrated_advanced,0.79,True,True,159.0
2026-12-05 07:20:33,2026-12-05,inventory_report,Cushing storage levels approach operational minimum,moderate,2,0.609,20.6,Delivery point concerns for WTI contract,"[np.str_('Global'), np.str_('US Gulf Coast')]",4,market_calibrated_advanced,0.91,True,False,199.0
2026-12-05 15:45:24,2026-12-05,inventory_report,China crude inventories show lower trend,moderate,2,0.537,23.6,Indicates demand trajectory in largest importer,[np.str_('US Gulf Coast')],3,market_calibrated_advanced,0.96,False,False,199.0
2026-12-05 20:26:35,2026-12-05,infrastructure,Major pipeline maintenance reduces Caspian Region flows by 1167,low,1,0.942,38.5,Temporary but planned supply reduction,"[np.str_('Middle East'), np.str_('North Sea'), np.str_('US Gulf Coast')]",5,market_calibrated_advanced,0.76,True,False,199.0
2026-12-06 07:50:52,2026-12-06,production_policy,Non-OPEC production growth revised lower,high,3,1.0,122.4,Shifts market share expectations,[np.str_('Global')],47,market_calibrated_advanced,0.83,True,False,200.0
2026-12-06 21:30:20,2026-12-06,production_policy,Non-OPEC production growth revised unchanged,moderate,2,0.7,167.2,Shifts market share expectations,"[np.str_('Middle East'), np.str_('Global')]",20,market_calibrated_advanced,0.84,True,True,160.0
2026-12-07 11:12:35,2026-12-07,inventory_report,China crude inventories show higher trend,high,3,0.593,58.5,Indicates demand trajectory in largest importer,"[np.str_('US Gulf Coast'), np.str_('Global')]",4,market_calibrated_advanced,0.79,True,False,200.0
2026-12-08 04:58:31,2026-12-08,inventory_report,Floating storage levels lower off Caspian Region,high,3,0.637,69.5,Signal of market contango/backwardation,"[np.str_('Global'), np.str_('US Gulf Coast')]",1,market_calibrated_advanced,0.9,True,False,200.0
2026-12-10 00:10:37,2026-12-10,production_policy,OPEC+ agrees to adjust production by 1009 kb/d,critical,4,1.0,80.7,Direct impact on global supply-demand balance,"[np.str_('Middle East'), np.str_('Global')]",49,market_calibrated_advanced,0.98,True,False,200.0
2026-12-10 04:30:45,2026-12-10,trade_flow_disruption,Port restrictions impact Nigeria crude exports,critical,4,1.0,183.4,Physical supply bottleneck,[np.str_('Strait of Hormuz')],11,market_calibrated_advanced,0.82,False,False,200.0
2026-12-10 15:21:20,2026-12-10,trade_flow_disruption,Insurance premiums surge for Latin America tanker transits,high,3,0.6593999999999999,230.7,"Increases shipping costs, may deter voyages","[np.str_('Red Sea'), np.str_('Strait of Hormuz'), np.str_('South China Sea')]",14,market_calibrated_advanced,0.96,True,True,160.0
2026-12-10 18:13:53,2026-12-10,geopolitical_tension,Strategic reserve release coordinated by {alliance},critical,4,1.0,119.2,Temporary supply increase to calm markets,"[np.str_('Asia Pacific'), np.str_('Middle East')]",24,market_calibrated_advanced,0.82,True,False,200.0
2026-12-11 07:38:17,2026-12-11,production_policy,OPEC+ agrees to adjust production by 1930 kb/d,critical,4,1.0,84.0,Direct impact on global supply-demand balance,"[np.str_('Middle East'), np.str_('Global')]",15,market_calibrated_advanced,0.94,True,False,200.0
2026-12-11 16:00:11,2026-12-11,inventory_report,Cushing storage levels approach operational minimum,high,3,0.549,40.4,Delivery point concerns for WTI contract,[np.str_('US Gulf Coast')],3,market_calibrated_advanced,0.94,True,False,200.0
2026-12-13 01:11:05,2026-12-13,geopolitical_tension,Strategic reserve release coordinated by {alliance},high,3,0.5914999999999999,140.0,Temporary supply increase to calm markets,"[np.str_('Middle East'), np.str_('Asia Pacific')]",44,market_calibrated_advanced,0.9,True,True,159.0
2026-12-13 03:12:25,2026-12-13,geopolitical_tension,Trade negotiations impact South China Sea energy imports,moderate,2,1.0,50.3,Trade policy uncertainty affects flows,"[np.str_('Asia Pacific'), np.str_('Global'), np.str_('Middle East')]",17,market_calibrated_advanced,0.91,True,False,199.0
2026-12-13 14:22:01,2026-12-13,trade_flow_disruption,Insurance premiums surge for Latin America tanker transits,high,3,1.0,179.8,"Increases shipping costs, may deter voyages","[np.str_('Red Sea'), np.str_('South China Sea')]",10,market_calibrated_advanced,0.96,True,False,199.0
2026-12-14 04:51:08,2026-12-14,infrastructure,Port congestion delays 27 tankers at Houston,high,3,0.965,114.1,Logistical bottleneck affecting deliveries,"[np.str_('North Sea'), np.str_('US Gulf Coast')]",7,market_calibrated_advanced,0.99,False,False,200.0
2026-12-14 09:04:53,2026-12-14,inventory_report,EIA reports lower crude inventory of 156M barrels,moderate,2,0.527,22.3,Weekly fundamental data point,[np.str_('US Gulf Coast')],4,market_calibrated_advanced,0.82,True,False,200.0
2026-12-14 09:46:04,2026-12-14,geopolitical_tension,Strategic reserve release coordinated by {alliance},critical,4,0.922,130.3,Temporary supply increase to calm markets,[np.str_('Global')],31,market_calibrated_advanced,0.87,True,False,200.0
2026-12-14 16:12:20,2026-12-14,infrastructure,Port congestion delays 49 tankers at Ras Tanura,moderate,2,0.48789999999999994,27.0,Logistical bottleneck affecting deliveries,"[np.str_('North Sea'), np.str_('Middle East')]",11,market_calibrated_advanced,0.81,True,True,160.0
2026-12-15 02:11:02,2026-12-15,inventory_report,EIA reports higher crude inventory of 1902M barrels,moderate,2,0.692,96.0,Weekly fundamental data point,"[np.str_('US Gulf Coast'), np.str_('Global')]",3,market_calibrated_advanced,0.89,True,False,200.0
2026-12-15 12:46:02,2026-12-15,inventory_report,EIA reports unchanged crude inventory of 246M barrels,moderate,2,0.636,35.9,Weekly fundamental data point,"[np.str_('Global'), np.str_('US Gulf Coast')]",4,market_calibrated_advanced,0.9,True,False,200.0
2026-12-16 01:08:00,2026-12-16,production_policy,Non-OPEC production growth revised lower,high,3,1.0,81.3,Shifts market share expectations,[np.str_('Global')],42,market_calibrated_advanced,0.91,True,False,200.0
2026-12-16 03:28:26,2026-12-16,inventory_report,Floating storage levels unchanged off North Sea,moderate,2,0.3675,20.7,Signal of market contango/backwardation,[np.str_('US Gulf Coast')],1,market_calibrated_advanced,0.89,True,True,160.0
2026-12-16 15:50:43,2026-12-16,inventory_report,Cushing storage levels approach operational minimum,high,3,0.626,59.0,Delivery point concerns for WTI contract,[np.str_('US Gulf Coast')],1,market_calibrated_advanced,0.83,False,False,200.0
2026-12-16 18:57:27,2026-12-16,sanctions,US imposes new sanctions on Nigeria oil sector,critical,4,1.0,118.1,"Tightens global supply, redirects trade flows","[np.str_('Global'), np.str_('Middle East'), np.str_('Caspian Region')]",37,market_calibrated_advanced,0.81,True,False,200.0
2026-12-16 19:07:26,2026-12-16,production_policy,Kuwait announces voluntary production cut extension,high,3,0.7,218.2,Tightens supply outlook,"[np.str_('Global'), np.str_('Middle East')]",49,market_calibrated_advanced,0.87,True,True,160.0
2026-12-17 01:54:26,2026-12-17,geopolitical_tension,Diplomatic tensions escalate between India and China,critical,4,0.943,205.9,Risk premium increases on supply disruption fears,"[np.str_('Asia Pacific'), np.str_('Middle East')]",42,market_calibrated_advanced,0.96,False,False,200.0
2026-12-18 07:24:09,2026-12-18,inventory_report,EIA reports higher crude inventory of 413M barrels,moderate,2,0.607,71.7,Weekly fundamental data point,[np.str_('Global')],1,market_calibrated_advanced,0.77,True,False,200.0
2026-12-18 15:26:16,2026-12-18,geopolitical_tension,Diplomatic tensions escalate between Saudi Arabia and India,critical,4,1.0,67.0,Risk premium increases on supply disruption fears,"[np.str_('Middle East'), np.str_('Global'), np.str_('Asia Pacific')]",34,market_calibrated_advanced,0.93,True,False,200.0
2026-12-19 03:04:53,2026-12-19,trade_flow_disruption,Shipping lane disruption near Strait of Hormuz,extreme,5,1.0,177.9,"Forces rerouting, increases transit times","[np.str_('Red Sea'), np.str_('Strait of Hormuz')]",12,market_calibrated_advanced,0.72,True,False,200.0
2026-12-19 03:23:22,2026-12-19,trade_flow_disruption,Tanker tracking shows higher flows to OPEC+,moderate,2,0.6706,181.2,Indicates trade pattern shifts,"[np.str_('Red Sea'), np.str_('Strait of Hormuz')]",9,market_calibrated_advanced,0.88,True,True,160.0
2026-12-19 22:19:34,2026-12-19,inventory_report,EIA reports higher crude inventory of 545M barrels,moderate,2,0.577,63.7,Weekly fundamental data point,"[np.str_('US Gulf Coast'), np.str_('Global')]",2,market_calibrated_advanced,1.0,True,False,200.0
2026-12-20 08:39:06,2026-12-20,inventory_report,Floating storage levels lower off North Africa,high,3,0.521,86.0,Signal of market contango/backwardation,[np.str_('US Gulf Coast')],1,market_calibrated_advanced,0.94,True,False,200.0
2026-12-20 09:14:10,2026-12-20,inventory_report,EIA reports lower crude inventory of 356M barrels,low,1,0.287,77.5,Weekly fundamental data point,[np.str_('Global')],2,market_calibrated_advanced,0.76,True,True,160.0
2026-12-22 01:55:34,2026-12-22,geopolitical_tension,Strategic reserve release coordinated by {alliance},high,3,0.5929,64.8,Temporary supply increase to calm markets,"[np.str_('Asia Pacific'), np.str_('Global'), np.str_('Middle East')]",26,market_calibrated_advanced,0.85,True,True,159.0
2026-12-22 06:00:48,2026-12-22,geopolitical_tension,Trade negotiations impact Strait of Hormuz energy imports,moderate,2,0.903,147.1,Trade policy uncertainty affects flows,"[np.str_('Asia Pacific'), np.str_('Global'), np.str_('Middle East')]",41,market_calibrated_advanced,0.83,True,False,199.0
2026-12-22 15:38:43,2026-12-22,trade_flow_disruption,Insurance premiums surge for Red Sea tanker transits,high,3,0.6593999999999999,58.7,"Increases shipping costs, may deter voyages",[np.str_('South China Sea')],5,market_calibrated_advanced,0.94,True,True,159.0
2026-12-22 20:00:26,2026-12-22,trade_flow_disruption,Insurance premiums surge for West Africa tanker transits,high,3,1.0,268.4,"Increases shipping costs, may deter voyages","[np.str_('Strait of Hormuz'), np.str_('South China Sea'), np.str_('Red Sea')]",14,market_calibrated_advanced,0.99,True,False,199.0
2026-12-23 00:50:45,2026-12-23,geopolitical_tension,Energy security summit addresses Global supply concerns,high,3,1.0,181.7,Coordinated response to supply risks,"[np.str_('Global'), np.str_('Asia Pacific')]",39,market_calibrated_advanced,0.92,True,False,200.0
2026-12-28 02:33:41,2026-12-28,trade_flow_disruption,Shipping lane disruption near Suez Canal,critical,4,1.0,205.9,"Forces rerouting, increases transit times","[np.str_('Strait of Hormuz'), np.str_('South China Sea'), np.str_('Red Sea')]",14,market_calibrated_advanced,0.84,True,False,193.0
2026-12-28 07:56:48,2026-12-28,inventory_report,EIA reports unchanged crude inventory of 1526M barrels,low,1,0.487,33.1,Weekly fundamental data point,"[np.str_('Global'), np.str_('US Gulf Coast')]",2,market_calibrated_advanced,0.94,False,False,193.0
2026-12-29 07:38:45,2026-12-29,geopolitical_tension,Trade negotiations impact Caspian Region energy imports,high,3,0.977,101.5,Trade policy uncertainty affects flows,"[np.str_('Middle East'), np.str_('Asia Pacific')]",39,market_calibrated_advanced,0.92,True,False,200.0
2026-12-30 15:19:31,2026-12-30,geopolitical_tension,Diplomatic tensions escalate between Saudi Arabia and European Union,critical,4,0.923,202.5,Risk premium increases on supply disruption fears,[np.str_('Global')],38,market_calibrated_advanced,0.72,True,False,200.0
2026-12-31 05:17:13,2026-12-31,production_policy,Saudi Arabia output disrupted by power outage at Ghawar,critical,4,1.0,173.6,Temporary supply reduction,"[np.str_('Middle East'), np.str_('Global')]",55,market_calibrated_advanced,0.94,True,False,200.0
2026-12-31 14:56:54,2026-12-31,production_policy,OPEC+ agrees to adjust production by 792 kb/d,high,3,0.7,119.0,Direct impact on global supply-demand balance,"[np.str_('Global'), np.str_('Middle East')]",36,market_calibrated_advanced,0.72,True,True,160.0
