date,route_code,route_name,vessel_type,rate_per_barrel,currency
2020-01-04,TC1,UK Continent to US Atlantic,VLCC,12.449,USD
2020-01-05,TC1,UK Continent to US Atlantic,VLCC,12.577,USD
2020-01-06,TC1,UK Continent to US Atlantic,VLCC,12.595,USD
2020-01-07,TC1,UK Continent to US Atlantic,VLCC,12.644,USD
2020-01-08,TC1,UK Continent to US Atlantic,VLCC,12.615,USD
2020-01-09,TC1,UK Continent to US Atlantic,VLCC,12.65,USD
2020-01-10,TC1,UK Continent to US Atlantic,VLCC,12.898,USD
2020-01-11,TC1,UK Continent to US Atlantic,VLCC,13.026,USD
2020-01-12,TC1,UK Continent to US Atlantic,VLCC,13.163,USD
2020-01-13,TC1,UK Continent to US Atlantic,VLCC,13.302,USD
2020-01-14,TC1,UK Continent to US Atlantic,VLCC,13.281,USD
2020-01-15,TC1,UK Continent to US Atlantic,VLCC,13.345,USD
2020-01-16,TC1,UK Continent to US Atlantic,VLCC,13.155,USD
2020-01-17,TC1,UK Continent to US Atlantic,VLCC,13.391,USD
2020-01-18,TC1,UK Continent to US Atlantic,VLCC,12.893,USD
2020-01-19,TC1,UK Continent to US Atlantic,VLCC,12.887,USD
2020-01-20,TC1,UK Continent to US Atlantic,VLCC,13.103,USD
2020-01-21,TC1,UK Continent to US Atlantic,VLCC,12.864,USD
2020-01-22,TC1,UK Continent to US Atlantic,VLCC,12.945,USD
2020-01-23,TC1,UK Continent to US Atlantic,VLCC,12.83,USD
2020-01-24,TC1,UK Continent to US Atlantic,VLCC,12.773,USD
2020-01-25,TC1,UK Continent to US Atlantic,VLCC,12.953,USD
2020-01-26,TC1,UK Continent to US Atlantic,VLCC,12.996,USD
2020-01-27,TC1,UK Continent to US Atlantic,VLCC,12.635,USD
2020-01-28,TC1,UK Continent to US Atlantic,VLCC,12.469,USD
2020-01-29,TC1,UK Continent to US Atlantic,VLCC,12.656,USD
2020-01-30,TC1,UK Continent to US Atlantic,VLCC,12.747,USD
2020-01-31,TC1,UK Continent to US Atlantic,VLCC,13.071,USD
2020-02-01,TC1,UK Continent to US Atlantic,VLCC,13.379,USD
2020-02-02,TC1,UK Continent to US Atlantic,VLCC,13.318,USD
2020-02-03,TC1,UK Continent to US Atlantic,VLCC,13.772,USD
2020-02-04,TC1,UK Continent to US Atlantic,VLCC,13.773,USD
2020-02-05,TC1,UK Continent to US Atlantic,VLCC,13.595,USD
2020-02-06,TC1,UK Continent to US Atlantic,VLCC,13.478,USD
2020-02-07,TC1,UK Continent to US Atlantic,VLCC,13.068,USD
2020-02-08,TC1,UK Continent to US Atlantic,VLCC,13.361,USD
2020-02-09,TC1,UK Continent to US Atlantic,VLCC,13.648,USD
2020-02-10,TC1,UK Continent to US Atlantic,VLCC,13.46,USD
2020-02-11,TC1,UK Continent to US Atlantic,VLCC,13.416,USD
2020-02-12,TC1,UK Continent to US Atlantic,VLCC,13.43,USD
2020-02-13,TC1,UK Continent to US Atlantic,VLCC,13.253,USD
2020-02-14,TC1,UK Continent to US Atlantic,VLCC,12.934,USD
2020-02-15,TC1,UK Continent to US Atlantic,VLCC,12.897,USD
2020-02-16,TC1,UK Continent to US Atlantic,VLCC,12.84,USD
2020-02-17,TC1,UK Continent to US Atlantic,VLCC,12.77,USD
2020-02-18,TC1,UK Continent to US Atlantic,VLCC,12.812,USD
2020-02-19,TC1,UK Continent to US Atlantic,VLCC,13.071,USD
2020-02-20,TC1,UK Continent to US Atlantic,VLCC,13.013,USD
2020-02-21,TC1,UK Continent to US Atlantic,VLCC,13.042,USD
2020-02-22,TC1,UK Continent to US Atlantic,VLCC,13.17,USD
2020-02-23,TC1,UK Continent to US Atlantic,VLCC,13.265,USD
2020-02-24,TC1,UK Continent to US Atlantic,VLCC,13.148,USD
2020-02-25,TC1,UK Continent to US Atlantic,VLCC,13.16,USD
2020-02-26,TC1,UK Continent to US Atlantic,VLCC,13.253,USD
2020-02-27,TC1,UK Continent to US Atlantic,VLCC,13.042,USD
2020-02-28,TC1,UK Continent to US Atlantic,VLCC,13.265,USD
2020-02-29,TC1,UK Continent to US Atlantic,VLCC,13.515,USD
2020-03-01,TC1,UK Continent to US Atlantic,VLCC,13.373,USD
2020-03-02,TC1,UK Continent to US Atlantic,VLCC,13.398,USD
2020-03-03,TC1,UK Continent to US Atlantic,VLCC,13.503,USD
2020-03-04,TC1,UK Continent to US Atlantic,VLCC,13.392,USD
2020-03-05,TC1,UK Continent to US Atlantic,VLCC,13.467,USD
2020-03-06,TC1,UK Continent to US Atlantic,VLCC,13.484,USD
2020-03-07,TC1,UK Continent to US Atlantic,VLCC,13.205,USD
2020-03-08,TC1,UK Continent to US Atlantic,VLCC,13.276,USD
2020-03-09,TC1,UK Continent to US Atlantic,VLCC,13.065,USD
2020-03-10,TC1,UK Continent to US Atlantic,VLCC,13.224,USD
2020-03-11,TC1,UK Continent to US Atlantic,VLCC,13.09,USD
2020-03-12,TC1,UK Continent to US Atlantic,VLCC,13.049,USD
2020-03-13,TC1,UK Continent to US Atlantic,VLCC,13.284,USD
2020-03-14,TC1,UK Continent to US Atlantic,VLCC,13.359,USD
2020-03-15,TC1,UK Continent to US Atlantic,VLCC,13.148,USD
2020-03-16,TC1,UK Continent to US Atlantic,VLCC,12.95,USD
2020-03-17,TC1,UK Continent to US Atlantic,VLCC,12.829,USD
2020-03-18,TC1,UK Continent to US Atlantic,VLCC,12.888,USD
2020-03-19,TC1,UK Continent to US Atlantic,VLCC,12.94,USD
2020-03-20,TC1,UK Continent to US Atlantic,VLCC,12.773,USD
2020-03-21,TC1,UK Continent to US Atlantic,VLCC,12.549,USD
2020-03-22,TC1,UK Continent to US Atlantic,VLCC,12.588,USD
2020-03-23,TC1,UK Continent to US Atlantic,VLCC,12.543,USD
2020-03-24,TC1,UK Continent to US Atlantic,VLCC,12.921,USD
2020-03-25,TC1,UK Continent to US Atlantic,VLCC,12.911,USD
2020-03-26,TC1,UK Continent to US Atlantic,VLCC,13.222,USD
2020-03-27,TC1,UK Continent to US Atlantic,VLCC,12.991,USD
2020-03-28,TC1,UK Continent to US Atlantic,VLCC,12.688,USD
2020-03-29,TC1,UK Continent to US Atlantic,VLCC,12.469,USD
2020-03-30,TC1,UK Continent to US Atlantic,VLCC,12.67,USD
2020-03-31,TC1,UK Continent to US Atlantic,VLCC,12.971,USD
2020-04-01,TC1,UK Continent to US Atlantic,VLCC,12.809,USD
2020-04-02,TC1,UK Continent to US Atlantic,VLCC,12.707,USD
2020-04-03,TC1,UK Continent to US Atlantic,VLCC,12.477,USD
2020-04-04,TC1,UK Continent to US Atlantic,VLCC,12.133,USD
2020-04-05,TC1,UK Continent to US Atlantic,VLCC,12.249,USD
2020-04-06,TC1,UK Continent to US Atlantic,VLCC,12.274,USD
2020-04-07,TC1,UK Continent to US Atlantic,VLCC,12.26,USD
2020-04-08,TC1,UK Continent to US Atlantic,VLCC,11.991,USD
2020-04-09,TC1,UK Continent to US Atlantic,VLCC,12.273,USD
2020-04-10,TC1,UK Continent to US Atlantic,VLCC,12.165,USD
2020-04-11,TC1,UK Continent to US Atlantic,VLCC,12.245,USD
2020-04-12,TC1,UK Continent to US Atlantic,VLCC,11.964,USD
2020-04-13,TC1,UK Continent to US Atlantic,VLCC,11.914,USD
2020-04-14,TC1,UK Continent to US Atlantic,VLCC,11.951,USD
2020-04-15,TC1,UK Continent to US Atlantic,VLCC,11.994,USD
2020-04-16,TC1,UK Continent to US Atlantic,VLCC,12.005,USD
2020-04-17,TC1,UK Continent to US Atlantic,VLCC,12.077,USD
2020-04-18,TC1,UK Continent to US Atlantic,VLCC,11.854,USD
2020-04-19,TC1,UK Continent to US Atlantic,VLCC,11.873,USD
2020-04-20,TC1,UK Continent to US Atlantic,VLCC,11.876,USD
2020-04-21,TC1,UK Continent to US Atlantic,VLCC,11.9,USD
2020-04-22,TC1,UK Continent to US Atlantic,VLCC,11.894,USD
2020-04-23,TC1,UK Continent to US Atlantic,VLCC,11.645,USD
2020-04-24,TC1,UK Continent to US Atlantic,VLCC,11.39,USD
2020-04-25,TC1,UK Continent to US Atlantic,VLCC,10.975,USD
2020-04-26,TC1,UK Continent to US Atlantic,VLCC,11.112,USD
2020-04-27,TC1,UK Continent to US Atlantic,VLCC,11.249,USD
2020-04-28,TC1,UK Continent to US Atlantic,VLCC,11.387,USD
2020-04-29,TC1,UK Continent to US Atlantic,VLCC,11.426,USD
2020-04-30,TC1,UK Continent to US Atlantic,VLCC,11.024,USD
2020-05-01,TC1,UK Continent to US Atlantic,VLCC,10.825,USD
2020-05-02,TC1,UK Continent to US Atlantic,VLCC,10.844,USD
2020-05-03,TC1,UK Continent to US Atlantic,VLCC,10.856,USD
2020-05-04,TC1,UK Continent to US Atlantic,VLCC,10.803,USD
2020-05-05,TC1,UK Continent to US Atlantic,VLCC,10.858,USD
2020-05-06,TC1,UK Continent to US Atlantic,VLCC,10.847,USD
2020-05-07,TC1,UK Continent to US Atlantic,VLCC,10.855,USD
2020-05-08,TC1,UK Continent to US Atlantic,VLCC,10.725,USD
2020-05-09,TC1,UK Continent to US Atlantic,VLCC,10.89,USD
2020-05-10,TC1,UK Continent to US Atlantic,VLCC,10.797,USD
2020-05-11,TC1,UK Continent to US Atlantic,VLCC,10.542,USD
2020-05-12,TC1,UK Continent to US Atlantic,VLCC,10.391,USD
2020-05-13,TC1,UK Continent to US Atlantic,VLCC,10.317,USD
2020-05-14,TC1,UK Continent to US Atlantic,VLCC,10.486,USD
2020-05-15,TC1,UK Continent to US Atlantic,VLCC,10.467,USD
2020-05-16,TC1,UK Continent to US Atlantic,VLCC,10.42,USD
2020-05-17,TC1,UK Continent to US Atlantic,VLCC,10.183,USD
2020-05-18,TC1,UK Continent to US Atlantic,VLCC,10.314,USD
2020-05-19,TC1,UK Continent to US Atlantic,VLCC,10.185,USD
2020-05-20,TC1,UK Continent to US Atlantic,VLCC,10.156,USD
2020-05-21,TC1,UK Continent to US Atlantic,VLCC,10.413,USD
2020-05-22,TC1,UK Continent to US Atlantic,VLCC,10.492,USD
2020-05-23,TC1,UK Continent to US Atlantic,VLCC,10.183,USD
2020-05-24,TC1,UK Continent to US Atlantic,VLCC,9.852,USD
2020-05-25,TC1,UK Continent to US Atlantic,VLCC,9.832,USD
2020-05-26,TC1,UK Continent to US Atlantic,VLCC,9.605,USD
2020-05-27,TC1,UK Continent to US Atlantic,VLCC,9.715,USD
2020-05-28,TC1,UK Continent to US Atlantic,VLCC,9.715,USD
2020-05-29,TC1,UK Continent to US Atlantic,VLCC,9.738,USD
2020-05-30,TC1,UK Continent to US Atlantic,VLCC,9.602,USD
2020-05-31,TC1,UK Continent to US Atlantic,VLCC,9.909,USD
2020-06-01,TC1,UK Continent to US Atlantic,VLCC,10.413,USD
2020-06-02,TC1,UK Continent to US Atlantic,VLCC,10.347,USD
2020-06-03,TC1,UK Continent to US Atlantic,VLCC,10.396,USD
2020-06-04,TC1,UK Continent to US Atlantic,VLCC,10.398,USD
2020-06-05,TC1,UK Continent to US Atlantic,VLCC,10.336,USD
2020-06-06,TC1,UK Continent to US Atlantic,VLCC,10.17,USD
2020-06-07,TC1,UK Continent to US Atlantic,VLCC,9.961,USD
2020-06-08,TC1,UK Continent to US Atlantic,VLCC,9.744,USD
2020-06-09,TC1,UK Continent to US Atlantic,VLCC,9.808,USD
2020-06-10,TC1,UK Continent to US Atlantic,VLCC,9.703,USD
2020-06-11,TC1,UK Continent to US Atlantic,VLCC,9.228,USD
2020-06-12,TC1,UK Continent to US Atlantic,VLCC,9.304,USD
2020-06-13,TC1,UK Continent to US Atlantic,VLCC,9.292,USD
2020-06-14,TC1,UK Continent to US Atlantic,VLCC,9.53,USD
2020-06-15,TC1,UK Continent to US Atlantic,VLCC,9.589,USD
2020-06-16,TC1,UK Continent to US Atlantic,VLCC,9.314,USD
2020-06-17,TC1,UK Continent to US Atlantic,VLCC,8.905,USD
2020-06-18,TC1,UK Continent to US Atlantic,VLCC,8.774,USD
2020-06-19,TC1,UK Continent to US Atlantic,VLCC,8.66,USD
2020-06-20,TC1,UK Continent to US Atlantic,VLCC,8.832,USD
2020-06-21,TC1,UK Continent to US Atlantic,VLCC,8.829,USD
2020-06-22,TC1,UK Continent to US Atlantic,VLCC,9.033,USD
2020-06-23,TC1,UK Continent to US Atlantic,VLCC,8.791,USD
2020-06-24,TC1,UK Continent to US Atlantic,VLCC,8.965,USD
2020-06-25,TC1,UK Continent to US Atlantic,VLCC,9.093,USD
2020-06-26,TC1,UK Continent to US Atlantic,VLCC,8.725,USD
2020-06-27,TC1,UK Continent to US Atlantic,VLCC,8.964,USD
2020-06-28,TC1,UK Continent to US Atlantic,VLCC,8.979,USD
2020-06-29,TC1,UK Continent to US Atlantic,VLCC,9.048,USD
2020-06-30,TC1,UK Continent to US Atlantic,VLCC,8.889,USD
2020-07-01,TC1,UK Continent to US Atlantic,VLCC,9.119,USD
2020-07-02,TC1,UK Continent to US Atlantic,VLCC,8.901,USD
2020-07-03,TC1,UK Continent to US Atlantic,VLCC,9.051,USD
2020-07-04,TC1,UK Continent to US Atlantic,VLCC,9.197,USD
2020-07-05,TC1,UK Continent to US Atlantic,VLCC,9.017,USD
2020-07-06,TC1,UK Continent to US Atlantic,VLCC,9.374,USD
2020-07-07,TC1,UK Continent to US Atlantic,VLCC,9.41,USD
2020-07-08,TC1,UK Continent to US Atlantic,VLCC,9.523,USD
2020-07-09,TC1,UK Continent to US Atlantic,VLCC,9.241,USD
2020-07-10,TC1,UK Continent to US Atlantic,VLCC,9.62,USD
2020-07-11,TC1,UK Continent to US Atlantic,VLCC,9.392,USD
2020-07-12,TC1,UK Continent to US Atlantic,VLCC,9.573,USD
2020-07-13,TC1,UK Continent to US Atlantic,VLCC,9.387,USD
2020-07-14,TC1,UK Continent to US Atlantic,VLCC,9.271,USD
2020-07-15,TC1,UK Continent to US Atlantic,VLCC,9.41,USD
2020-07-16,TC1,UK Continent to US Atlantic,VLCC,9.592,USD
2020-07-17,TC1,UK Continent to US Atlantic,VLCC,9.357,USD
2020-07-18,TC1,UK Continent to US Atlantic,VLCC,9.551,USD
2020-07-19,TC1,UK Continent to US Atlantic,VLCC,9.735,USD
2020-07-20,TC1,UK Continent to US Atlantic,VLCC,9.559,USD
2020-07-21,TC1,UK Continent to US Atlantic,VLCC,9.844,USD
2020-07-22,TC1,UK Continent to US Atlantic,VLCC,9.573,USD
2020-07-23,TC1,UK Continent to US Atlantic,VLCC,9.456,USD
2020-07-24,TC1,UK Continent to US Atlantic,VLCC,9.54,USD
2020-07-25,TC1,UK Continent to US Atlantic,VLCC,9.383,USD
2020-07-26,TC1,UK Continent to US Atlantic,VLCC,9.429,USD
2020-07-27,TC1,UK Continent to US Atlantic,VLCC,9.471,USD
2020-07-28,TC1,UK Continent to US Atlantic,VLCC,9.436,USD
2020-07-29,TC1,UK Continent to US Atlantic,VLCC,9.585,USD
2020-07-30,TC1,UK Continent to US Atlantic,VLCC,9.542,USD
2020-07-31,TC1,UK Continent to US Atlantic,VLCC,9.582,USD
2020-08-01,TC1,UK Continent to US Atlantic,VLCC,9.788,USD
2020-08-02,TC1,UK Continent to US Atlantic,VLCC,9.927,USD
2020-08-03,TC1,UK Continent to US Atlantic,VLCC,10.065,USD
2020-08-04,TC1,UK Continent to US Atlantic,VLCC,9.852,USD
2020-08-05,TC1,UK Continent to US Atlantic,VLCC,9.944,USD
2020-08-06,TC1,UK Continent to US Atlantic,VLCC,9.781,USD
2020-08-07,TC1,UK Continent to US Atlantic,VLCC,9.548,USD
2020-08-08,TC1,UK Continent to US Atlantic,VLCC,9.536,USD
2020-08-09,TC1,UK Continent to US Atlantic,VLCC,9.374,USD
2020-08-10,TC1,UK Continent to US Atlantic,VLCC,9.521,USD
2020-08-11,TC1,UK Continent to US Atlantic,VLCC,9.671,USD
2020-08-12,TC1,UK Continent to US Atlantic,VLCC,9.328,USD
2020-08-13,TC1,UK Continent to US Atlantic,VLCC,9.183,USD
2020-08-14,TC1,UK Continent to US Atlantic,VLCC,8.927,USD
2020-08-15,TC1,UK Continent to US Atlantic,VLCC,8.853,USD
2020-08-16,TC1,UK Continent to US Atlantic,VLCC,8.946,USD
2020-08-17,TC1,UK Continent to US Atlantic,VLCC,8.913,USD
2020-08-18,TC1,UK Continent to US Atlantic,VLCC,8.817,USD
2020-08-19,TC1,UK Continent to US Atlantic,VLCC,9.065,USD
2020-08-20,TC1,UK Continent to US Atlantic,VLCC,8.659,USD
2020-08-21,TC1,UK Continent to US Atlantic,VLCC,8.897,USD
2020-08-22,TC1,UK Continent to US Atlantic,VLCC,8.812,USD
2020-08-23,TC1,UK Continent to US Atlantic,VLCC,8.812,USD
2020-08-24,TC1,UK Continent to US Atlantic,VLCC,8.731,USD
2020-08-25,TC1,UK Continent to US Atlantic,VLCC,9.026,USD
2020-08-26,TC1,UK Continent to US Atlantic,VLCC,8.817,USD
2020-08-27,TC1,UK Continent to US Atlantic,VLCC,8.835,USD
2020-08-28,TC1,UK Continent to US Atlantic,VLCC,8.947,USD
2020-08-29,TC1,UK Continent to US Atlantic,VLCC,8.671,USD
2020-08-30,TC1,UK Continent to US Atlantic,VLCC,8.523,USD
2020-08-31,TC1,UK Continent to US Atlantic,VLCC,8.517,USD
2020-09-01,TC1,UK Continent to US Atlantic,VLCC,8.378,USD
2020-09-02,TC1,UK Continent to US Atlantic,VLCC,8.254,USD
2020-09-03,TC1,UK Continent to US Atlantic,VLCC,8.215,USD
2020-09-04,TC1,UK Continent to US Atlantic,VLCC,8.358,USD
2020-09-05,TC1,UK Continent to US Atlantic,VLCC,8.321,USD
2020-09-06,TC1,UK Continent to US Atlantic,VLCC,8.541,USD
2020-09-07,TC1,UK Continent to US Atlantic,VLCC,8.384,USD
2020-09-08,TC1,UK Continent to US Atlantic,VLCC,8.183,USD
2020-09-09,TC1,UK Continent to US Atlantic,VLCC,8.56,USD
2020-09-10,TC1,UK Continent to US Atlantic,VLCC,8.466,USD
2020-09-11,TC1,UK Continent to US Atlantic,VLCC,8.255,USD
2020-09-12,TC1,UK Continent to US Atlantic,VLCC,7.969,USD
2020-09-13,TC1,UK Continent to US Atlantic,VLCC,8.195,USD
2020-09-14,TC1,UK Continent to US Atlantic,VLCC,8.164,USD
2020-09-15,TC1,UK Continent to US Atlantic,VLCC,8.149,USD
2020-09-16,TC1,UK Continent to US Atlantic,VLCC,8.152,USD
2020-09-17,TC1,UK Continent to US Atlantic,VLCC,8.367,USD
2020-09-18,TC1,UK Continent to US Atlantic,VLCC,8.365,USD
2020-09-19,TC1,UK Continent to US Atlantic,VLCC,8.82,USD
2020-09-20,TC1,UK Continent to US Atlantic,VLCC,8.871,USD
2020-09-21,TC1,UK Continent to US Atlantic,VLCC,9.089,USD
2020-09-22,TC1,UK Continent to US Atlantic,VLCC,9.26,USD
2020-09-23,TC1,UK Continent to US Atlantic,VLCC,9.277,USD
2020-09-24,TC1,UK Continent to US Atlantic,VLCC,9.195,USD
2020-09-25,TC1,UK Continent to US Atlantic,VLCC,9.281,USD
2020-09-26,TC1,UK Continent to US Atlantic,VLCC,9.398,USD
2020-09-27,TC1,UK Continent to US Atlantic,VLCC,9.319,USD
2020-09-28,TC1,UK Continent to US Atlantic,VLCC,9.375,USD
2020-09-29,TC1,UK Continent to US Atlantic,VLCC,9.624,USD
2020-09-30,TC1,UK Continent to US Atlantic,VLCC,10.021,USD
2020-10-01,TC1,UK Continent to US Atlantic,VLCC,10.196,USD
2020-10-02,TC1,UK Continent to US Atlantic,VLCC,10.551,USD
2020-10-03,TC1,UK Continent to US Atlantic,VLCC,10.453,USD
2020-10-04,TC1,UK Continent to US Atlantic,VLCC,10.597,USD
2020-10-05,TC1,UK Continent to US Atlantic,VLCC,10.855,USD
2020-10-06,TC1,UK Continent to US Atlantic,VLCC,10.707,USD
2020-10-07,TC1,UK Continent to US Atlantic,VLCC,10.635,USD
2020-10-08,TC1,UK Continent to US Atlantic,VLCC,10.966,USD
2020-10-09,TC1,UK Continent to US Atlantic,VLCC,10.804,USD
2020-10-10,TC1,UK Continent to US Atlantic,VLCC,10.578,USD
2020-10-11,TC1,UK Continent to US Atlantic,VLCC,10.873,USD
2020-10-12,TC1,UK Continent to US Atlantic,VLCC,11.105,USD
2020-10-13,TC1,UK Continent to US Atlantic,VLCC,11.198,USD
2020-10-14,TC1,UK Continent to US Atlantic,VLCC,11.204,USD
2020-10-15,TC1,UK Continent to US Atlantic,VLCC,11.139,USD
2020-10-16,TC1,UK Continent to US Atlantic,VLCC,11.205,USD
2020-10-17,TC1,UK Continent to US Atlantic,VLCC,11.506,USD
2020-10-18,TC1,UK Continent to US Atlantic,VLCC,11.562,USD
2020-10-19,TC1,UK Continent to US Atlantic,VLCC,11.966,USD
2020-10-20,TC1,UK Continent to US Atlantic,VLCC,11.812,USD
2020-10-21,TC1,UK Continent to US Atlantic,VLCC,11.82,USD
2020-10-22,TC1,UK Continent to US Atlantic,VLCC,11.763,USD
2020-10-23,TC1,UK Continent to US Atlantic,VLCC,11.579,USD
2020-10-24,TC1,UK Continent to US Atlantic,VLCC,11.566,USD
2020-10-25,TC1,UK Continent to US Atlantic,VLCC,11.656,USD
2020-10-26,TC1,UK Continent to US Atlantic,VLCC,11.765,USD
2020-10-27,TC1,UK Continent to US Atlantic,VLCC,12.171,USD
2020-10-28,TC1,UK Continent to US Atlantic,VLCC,12.265,USD
2020-10-29,TC1,UK Continent to US Atlantic,VLCC,12.482,USD
2020-10-30,TC1,UK Continent to US Atlantic,VLCC,12.502,USD
2020-10-31,TC1,UK Continent to US Atlantic,VLCC,12.813,USD
2020-11-01,TC1,UK Continent to US Atlantic,VLCC,13.251,USD
2020-11-02,TC1,UK Continent to US Atlantic,VLCC,13.348,USD
2020-11-03,TC1,UK Continent to US Atlantic,VLCC,13.169,USD
2020-11-04,TC1,UK Continent to US Atlantic,VLCC,13.072,USD
2020-11-05,TC1,UK Continent to US Atlantic,VLCC,13.127,USD
2020-11-06,TC1,UK Continent to US Atlantic,VLCC,13.213,USD
2020-11-07,TC1,UK Continent to US Atlantic,VLCC,13.342,USD
2020-11-08,TC1,UK Continent to US Atlantic,VLCC,13.427,USD
2020-11-09,TC1,UK Continent to US Atlantic,VLCC,13.429,USD
2020-11-10,TC1,UK Continent to US Atlantic,VLCC,13.316,USD
2020-11-11,TC1,UK Continent to US Atlantic,VLCC,13.392,USD
2020-11-12,TC1,UK Continent to US Atlantic,VLCC,13.73,USD
2020-11-13,TC1,UK Continent to US Atlantic,VLCC,13.913,USD
2020-11-14,TC1,UK Continent to US Atlantic,VLCC,14.008,USD
2020-11-15,TC1,UK Continent to US Atlantic,VLCC,14.191,USD
2020-11-16,TC1,UK Continent to US Atlantic,VLCC,14.12,USD
2020-11-17,TC1,UK Continent to US Atlantic,VLCC,14.025,USD
2020-11-18,TC1,UK Continent to US Atlantic,VLCC,13.888,USD
2020-11-19,TC1,UK Continent to US Atlantic,VLCC,13.864,USD
2020-11-20,TC1,UK Continent to US Atlantic,VLCC,13.788,USD
2020-11-21,TC1,UK Continent to US Atlantic,VLCC,14.007,USD
2020-11-22,TC1,UK Continent to US Atlantic,VLCC,13.92,USD
2020-11-23,TC1,UK Continent to US Atlantic,VLCC,13.775,USD
2020-11-24,TC1,UK Continent to US Atlantic,VLCC,14.128,USD
2020-11-25,TC1,UK Continent to US Atlantic,VLCC,14.045,USD
2020-11-26,TC1,UK Continent to US Atlantic,VLCC,14.072,USD
2020-11-27,TC1,UK Continent to US Atlantic,VLCC,14.153,USD
2020-11-28,TC1,UK Continent to US Atlantic,VLCC,13.946,USD
2020-11-29,TC1,UK Continent to US Atlantic,VLCC,14.17,USD
2020-11-30,TC1,UK Continent to US Atlantic,VLCC,14.284,USD
2020-12-01,TC1,UK Continent to US Atlantic,VLCC,14.564,USD
2020-12-02,TC1,UK Continent to US Atlantic,VLCC,14.436,USD
2020-12-03,TC1,UK Continent to US Atlantic,VLCC,14.451,USD
2020-12-04,TC1,UK Continent to US Atlantic,VLCC,14.454,USD
2020-12-05,TC1,UK Continent to US Atlantic,VLCC,14.499,USD
2020-12-06,TC1,UK Continent to US Atlantic,VLCC,14.232,USD
2020-12-07,TC1,UK Continent to US Atlantic,VLCC,14.251,USD
2020-12-08,TC1,UK Continent to US Atlantic,VLCC,13.993,USD
2020-12-09,TC1,UK Continent to US Atlantic,VLCC,14.059,USD
2020-12-10,TC1,UK Continent to US Atlantic,VLCC,13.676,USD
2020-12-11,TC1,UK Continent to US Atlantic,VLCC,13.346,USD
2020-12-12,TC1,UK Continent to US Atlantic,VLCC,13.502,USD
2020-12-13,TC1,UK Continent to US Atlantic,VLCC,13.41,USD
2020-12-14,TC1,UK Continent to US Atlantic,VLCC,13.24,USD
2020-12-15,TC1,UK Continent to US Atlantic,VLCC,13.479,USD
2020-12-16,TC1,UK Continent to US Atlantic,VLCC,13.545,USD
2020-12-17,TC1,UK Continent to US Atlantic,VLCC,13.709,USD
2020-12-18,TC1,UK Continent to US Atlantic,VLCC,13.684,USD
2020-12-19,TC1,UK Continent to US Atlantic,VLCC,14.174,USD
2020-12-20,TC1,UK Continent to US Atlantic,VLCC,14.065,USD
2020-12-21,TC1,UK Continent to US Atlantic,VLCC,14.382,USD
2020-12-22,TC1,UK Continent to US Atlantic,VLCC,14.369,USD
2020-12-23,TC1,UK Continent to US Atlantic,VLCC,14.068,USD
2020-12-24,TC1,UK Continent to US Atlantic,VLCC,14.157,USD
2020-12-25,TC1,UK Continent to US Atlantic,VLCC,14.214,USD
2020-12-26,TC1,UK Continent to US Atlantic,VLCC,14.024,USD
2020-12-27,TC1,UK Continent to US Atlantic,VLCC,13.859,USD
2020-12-28,TC1,UK Continent to US Atlantic,VLCC,13.857,USD
2020-12-29,TC1,UK Continent to US Atlantic,VLCC,13.924,USD
2020-12-30,TC1,UK Continent to US Atlantic,VLCC,13.479,USD
2020-12-31,TC1,UK Continent to US Atlantic,VLCC,13.677,USD
2021-01-01,TC1,UK Continent to US Atlantic,VLCC,13.592,USD
2021-01-02,TC1,UK Continent to US Atlantic,VLCC,13.357,USD
2021-01-03,TC1,UK Continent to US Atlantic,VLCC,13.534,USD
2021-01-04,TC1,UK Continent to US Atlantic,VLCC,13.536,USD
2021-01-05,TC1,UK Continent to US Atlantic,VLCC,13.761,USD
2021-01-06,TC1,UK Continent to US Atlantic,VLCC,13.844,USD
2021-01-07,TC1,UK Continent to US Atlantic,VLCC,13.846,USD
2021-01-08,TC1,UK Continent to US Atlantic,VLCC,13.82,USD
2021-01-09,TC1,UK Continent to US Atlantic,VLCC,13.909,USD
2021-01-10,TC1,UK Continent to US Atlantic,VLCC,13.836,USD
2021-01-11,TC1,UK Continent to US Atlantic,VLCC,13.683,USD
2021-01-12,TC1,UK Continent to US Atlantic,VLCC,13.797,USD
2021-01-13,TC1,UK Continent to US Atlantic,VLCC,13.772,USD
2021-01-14,TC1,UK Continent to US Atlantic,VLCC,13.78,USD
2021-01-15,TC1,UK Continent to US Atlantic,VLCC,13.979,USD
2021-01-16,TC1,UK Continent to US Atlantic,VLCC,13.957,USD
2021-01-17,TC1,UK Continent to US Atlantic,VLCC,13.959,USD
2021-01-18,TC1,UK Continent to US Atlantic,VLCC,13.85,USD
2021-01-19,TC1,UK Continent to US Atlantic,VLCC,13.928,USD
2021-01-20,TC1,UK Continent to US Atlantic,VLCC,13.99,USD
2021-01-21,TC1,UK Continent to US Atlantic,VLCC,14.151,USD
2021-01-22,TC1,UK Continent to US Atlantic,VLCC,14.042,USD
2021-01-23,TC1,UK Continent to US Atlantic,VLCC,13.956,USD
2021-01-24,TC1,UK Continent to US Atlantic,VLCC,14.097,USD
2021-01-25,TC1,UK Continent to US Atlantic,VLCC,14.138,USD
2021-01-26,TC1,UK Continent to US Atlantic,VLCC,13.97,USD
2021-01-27,TC1,UK Continent to US Atlantic,VLCC,14.203,USD
2021-01-28,TC1,UK Continent to US Atlantic,VLCC,13.89,USD
2021-01-29,TC1,UK Continent to US Atlantic,VLCC,14.028,USD
2021-01-30,TC1,UK Continent to US Atlantic,VLCC,13.795,USD
2021-01-31,TC1,UK Continent to US Atlantic,VLCC,14.133,USD
2021-02-01,TC1,UK Continent to US Atlantic,VLCC,13.847,USD
2021-02-02,TC1,UK Continent to US Atlantic,VLCC,14.051,USD
2021-02-03,TC1,UK Continent to US Atlantic,VLCC,14.03,USD
2021-02-04,TC1,UK Continent to US Atlantic,VLCC,13.957,USD
2021-02-05,TC1,UK Continent to US Atlantic,VLCC,13.985,USD
2021-02-06,TC1,UK Continent to US Atlantic,VLCC,14.092,USD
2021-02-07,TC1,UK Continent to US Atlantic,VLCC,13.921,USD
2021-02-08,TC1,UK Continent to US Atlantic,VLCC,13.766,USD
2021-02-09,TC1,UK Continent to US Atlantic,VLCC,13.878,USD
2021-02-10,TC1,UK Continent to US Atlantic,VLCC,13.562,USD
2021-02-11,TC1,UK Continent to US Atlantic,VLCC,13.453,USD
2021-02-12,TC1,UK Continent to US Atlantic,VLCC,13.998,USD
2021-02-13,TC1,UK Continent to US Atlantic,VLCC,13.814,USD
2021-02-14,TC1,UK Continent to US Atlantic,VLCC,14.013,USD
2021-02-15,TC1,UK Continent to US Atlantic,VLCC,13.897,USD
2021-02-16,TC1,UK Continent to US Atlantic,VLCC,13.98,USD
2021-02-17,TC1,UK Continent to US Atlantic,VLCC,14.087,USD
2021-02-18,TC1,UK Continent to US Atlantic,VLCC,14.279,USD
2021-02-19,TC1,UK Continent to US Atlantic,VLCC,14.228,USD
2021-02-20,TC1,UK Continent to US Atlantic,VLCC,14.573,USD
2021-02-21,TC1,UK Continent to US Atlantic,VLCC,14.448,USD
2021-02-22,TC1,UK Continent to US Atlantic,VLCC,14.473,USD
2021-02-23,TC1,UK Continent to US Atlantic,VLCC,14.499,USD
2021-02-24,TC1,UK Continent to US Atlantic,VLCC,14.277,USD
2021-02-25,TC1,UK Continent to US Atlantic,VLCC,14.208,USD
2021-02-26,TC1,UK Continent to US Atlantic,VLCC,14.221,USD
2021-02-27,TC1,UK Continent to US Atlantic,VLCC,14.125,USD
2021-02-28,TC1,UK Continent to US Atlantic,VLCC,14.549,USD
2021-03-01,TC1,UK Continent to US Atlantic,VLCC,14.376,USD
2021-03-02,TC1,UK Continent to US Atlantic,VLCC,14.569,USD
2021-03-03,TC1,UK Continent to US Atlantic,VLCC,14.701,USD
2021-03-04,TC1,UK Continent to US Atlantic,VLCC,14.674,USD
2021-03-05,TC1,UK Continent to US Atlantic,VLCC,14.493,USD
2021-03-06,TC1,UK Continent to US Atlantic,VLCC,14.331,USD
2021-03-07,TC1,UK Continent to US Atlantic,VLCC,14.215,USD
2021-03-08,TC1,UK Continent to US Atlantic,VLCC,13.871,USD
2021-03-09,TC1,UK Continent to US Atlantic,VLCC,13.671,USD
2021-03-10,TC1,UK Continent to US Atlantic,VLCC,13.387,USD
2021-03-11,TC1,UK Continent to US Atlantic,VLCC,13.615,USD
2021-03-12,TC1,UK Continent to US Atlantic,VLCC,13.71,USD
2021-03-13,TC1,UK Continent to US Atlantic,VLCC,13.833,USD
2021-03-14,TC1,UK Continent to US Atlantic,VLCC,13.919,USD
2021-03-15,TC1,UK Continent to US Atlantic,VLCC,13.928,USD
2021-03-16,TC1,UK Continent to US Atlantic,VLCC,14.169,USD
2021-03-17,TC1,UK Continent to US Atlantic,VLCC,14.034,USD
2021-03-18,TC1,UK Continent to US Atlantic,VLCC,14.029,USD
2021-03-19,TC1,UK Continent to US Atlantic,VLCC,14.139,USD
2021-03-20,TC1,UK Continent to US Atlantic,VLCC,13.874,USD
2021-03-21,TC1,UK Continent to US Atlantic,VLCC,14.41,USD
2021-03-22,TC1,UK Continent to US Atlantic,VLCC,14.385,USD
2021-03-23,TC1,UK Continent to US Atlantic,VLCC,14.38,USD
2021-03-24,TC1,UK Continent to US Atlantic,VLCC,14.577,USD
2021-03-25,TC1,UK Continent to US Atlantic,VLCC,14.709,USD
2021-03-26,TC1,UK Continent to US Atlantic,VLCC,14.681,USD
2021-03-27,TC1,UK Continent to US Atlantic,VLCC,14.67,USD
2021-03-28,TC1,UK Continent to US Atlantic,VLCC,14.363,USD
2021-03-29,TC1,UK Continent to US Atlantic,VLCC,14.23,USD
2021-03-30,TC1,UK Continent to US Atlantic,VLCC,14.291,USD
2021-03-31,TC1,UK Continent to US Atlantic,VLCC,14.339,USD
2021-04-01,TC1,UK Continent to US Atlantic,VLCC,14.525,USD
2021-04-02,TC1,UK Continent to US Atlantic,VLCC,14.467,USD
2021-04-03,TC1,UK Continent to US Atlantic,VLCC,14.181,USD
2021-04-04,TC1,UK Continent to US Atlantic,VLCC,14.338,USD
2021-04-05,TC1,UK Continent to US Atlantic,VLCC,14.562,USD
2021-04-06,TC1,UK Continent to US Atlantic,VLCC,14.686,USD
2021-04-07,TC1,UK Continent to US Atlantic,VLCC,14.616,USD
2021-04-08,TC1,UK Continent to US Atlantic,VLCC,14.765,USD
2021-04-09,TC1,UK Continent to US Atlantic,VLCC,15.343,USD
2021-04-10,TC1,UK Continent to US Atlantic,VLCC,15.316,USD
2021-04-11,TC1,UK Continent to US Atlantic,VLCC,15.031,USD
2021-04-12,TC1,UK Continent to US Atlantic,VLCC,14.879,USD
2021-04-13,TC1,UK Continent to US Atlantic,VLCC,14.947,USD
2021-04-14,TC1,UK Continent to US Atlantic,VLCC,14.611,USD
2021-04-15,TC1,UK Continent to US Atlantic,VLCC,14.599,USD
2021-04-16,TC1,UK Continent to US Atlantic,VLCC,14.625,USD
2021-04-17,TC1,UK Continent to US Atlantic,VLCC,14.858,USD
2021-04-18,TC1,UK Continent to US Atlantic,VLCC,15.049,USD
2021-04-19,TC1,UK Continent to US Atlantic,VLCC,15.156,USD
2021-04-20,TC1,UK Continent to US Atlantic,VLCC,14.715,USD
2021-04-21,TC1,UK Continent to US Atlantic,VLCC,14.835,USD
2021-04-22,TC1,UK Continent to US Atlantic,VLCC,14.914,USD
2021-04-23,TC1,UK Continent to US Atlantic,VLCC,14.912,USD
2021-04-24,TC1,UK Continent to US Atlantic,VLCC,14.549,USD
2021-04-25,TC1,UK Continent to US Atlantic,VLCC,14.363,USD
2021-04-26,TC1,UK Continent to US Atlantic,VLCC,14.107,USD
2021-04-27,TC1,UK Continent to US Atlantic,VLCC,13.7,USD
2021-04-28,TC1,UK Continent to US Atlantic,VLCC,13.661,USD
2021-04-29,TC1,UK Continent to US Atlantic,VLCC,13.478,USD
2021-04-30,TC1,UK Continent to US Atlantic,VLCC,13.915,USD
2021-05-01,TC1,UK Continent to US Atlantic,VLCC,13.842,USD
2021-05-02,TC1,UK Continent to US Atlantic,VLCC,14.034,USD
2021-05-03,TC1,UK Continent to US Atlantic,VLCC,13.706,USD
2021-05-04,TC1,UK Continent to US Atlantic,VLCC,13.569,USD
2021-05-05,TC1,UK Continent to US Atlantic,VLCC,13.547,USD
2021-05-06,TC1,UK Continent to US Atlantic,VLCC,13.342,USD
2021-05-07,TC1,UK Continent to US Atlantic,VLCC,13.228,USD
2021-05-08,TC1,UK Continent to US Atlantic,VLCC,13.151,USD
2021-05-09,TC1,UK Continent to US Atlantic,VLCC,13.071,USD
2021-05-10,TC1,UK Continent to US Atlantic,VLCC,13.37,USD
2021-05-11,TC1,UK Continent to US Atlantic,VLCC,13.398,USD
2021-05-12,TC1,UK Continent to US Atlantic,VLCC,13.444,USD
2021-05-13,TC1,UK Continent to US Atlantic,VLCC,13.5,USD
2021-05-14,TC1,UK Continent to US Atlantic,VLCC,13.569,USD
2021-05-15,TC1,UK Continent to US Atlantic,VLCC,13.511,USD
2021-05-16,TC1,UK Continent to US Atlantic,VLCC,13.41,USD
2021-05-17,TC1,UK Continent to US Atlantic,VLCC,13.398,USD
2021-05-18,TC1,UK Continent to US Atlantic,VLCC,13.565,USD
2021-05-19,TC1,UK Continent to US Atlantic,VLCC,13.724,USD
2021-05-20,TC1,UK Continent to US Atlantic,VLCC,13.635,USD
2021-05-21,TC1,UK Continent to US Atlantic,VLCC,13.728,USD
2021-05-22,TC1,UK Continent to US Atlantic,VLCC,13.646,USD
2021-05-23,TC1,UK Continent to US Atlantic,VLCC,13.607,USD
2021-05-24,TC1,UK Continent to US Atlantic,VLCC,13.475,USD
2021-05-25,TC1,UK Continent to US Atlantic,VLCC,13.398,USD
2021-05-26,TC1,UK Continent to US Atlantic,VLCC,13.596,USD
2021-05-27,TC1,UK Continent to US Atlantic,VLCC,13.567,USD
2021-05-28,TC1,UK Continent to US Atlantic,VLCC,13.545,USD
2021-05-29,TC1,UK Continent to US Atlantic,VLCC,13.238,USD
2021-05-30,TC1,UK Continent to US Atlantic,VLCC,13.139,USD
2021-05-31,TC1,UK Continent to US Atlantic,VLCC,13.053,USD
2021-06-01,TC1,UK Continent to US Atlantic,VLCC,12.861,USD
2021-06-02,TC1,UK Continent to US Atlantic,VLCC,12.825,USD
2021-06-03,TC1,UK Continent to US Atlantic,VLCC,12.708,USD
2021-06-04,TC1,UK Continent to US Atlantic,VLCC,12.684,USD
2021-06-05,TC1,UK Continent to US Atlantic,VLCC,12.667,USD
2021-06-06,TC1,UK Continent to US Atlantic,VLCC,12.456,USD
2021-06-07,TC1,UK Continent to US Atlantic,VLCC,12.348,USD
2021-06-08,TC1,UK Continent to US Atlantic,VLCC,12.326,USD
2021-06-09,TC1,UK Continent to US Atlantic,VLCC,12.505,USD
2021-06-10,TC1,UK Continent to US Atlantic,VLCC,12.514,USD
2021-06-11,TC1,UK Continent to US Atlantic,VLCC,12.357,USD
2021-06-12,TC1,UK Continent to US Atlantic,VLCC,12.393,USD
2021-06-13,TC1,UK Continent to US Atlantic,VLCC,12.666,USD
2021-06-14,TC1,UK Continent to US Atlantic,VLCC,12.792,USD
2021-06-15,TC1,UK Continent to US Atlantic,VLCC,12.851,USD
2021-06-16,TC1,UK Continent to US Atlantic,VLCC,12.941,USD
2021-06-17,TC1,UK Continent to US Atlantic,VLCC,13.159,USD
2021-06-18,TC1,UK Continent to US Atlantic,VLCC,13.309,USD
2021-06-19,TC1,UK Continent to US Atlantic,VLCC,13.366,USD
2021-06-20,TC1,UK Continent to US Atlantic,VLCC,13.513,USD
2021-06-21,TC1,UK Continent to US Atlantic,VLCC,13.27,USD
2021-06-22,TC1,UK Continent to US Atlantic,VLCC,12.953,USD
2021-06-23,TC1,UK Continent to US Atlantic,VLCC,12.94,USD
2021-06-24,TC1,UK Continent to US Atlantic,VLCC,12.91,USD
2021-06-25,TC1,UK Continent to US Atlantic,VLCC,12.77,USD
2021-06-26,TC1,UK Continent to US Atlantic,VLCC,12.879,USD
2021-06-27,TC1,UK Continent to US Atlantic,VLCC,12.502,USD
2021-06-28,TC1,UK Continent to US Atlantic,VLCC,12.368,USD
2021-06-29,TC1,UK Continent to US Atlantic,VLCC,12.244,USD
2021-06-30,TC1,UK Continent to US Atlantic,VLCC,11.914,USD
2021-07-01,TC1,UK Continent to US Atlantic,VLCC,12.153,USD
2021-07-02,TC1,UK Continent to US Atlantic,VLCC,11.873,USD
2021-07-03,TC1,UK Continent to US Atlantic,VLCC,11.737,USD
2021-07-04,TC1,UK Continent to US Atlantic,VLCC,11.871,USD
2021-07-05,TC1,UK Continent to US Atlantic,VLCC,11.958,USD
2021-07-06,TC1,UK Continent to US Atlantic,VLCC,11.726,USD
2021-07-07,TC1,UK Continent to US Atlantic,VLCC,11.821,USD
2021-07-08,TC1,UK Continent to US Atlantic,VLCC,11.844,USD
2021-07-09,TC1,UK Continent to US Atlantic,VLCC,12.236,USD
2021-07-10,TC1,UK Continent to US Atlantic,VLCC,12.276,USD
2021-07-11,TC1,UK Continent to US Atlantic,VLCC,12.217,USD
2021-07-12,TC1,UK Continent to US Atlantic,VLCC,12.029,USD
2021-07-13,TC1,UK Continent to US Atlantic,VLCC,11.864,USD
2021-07-14,TC1,UK Continent to US Atlantic,VLCC,11.686,USD
2021-07-15,TC1,UK Continent to US Atlantic,VLCC,11.906,USD
2021-07-16,TC1,UK Continent to US Atlantic,VLCC,11.881,USD
2021-07-17,TC1,UK Continent to US Atlantic,VLCC,11.954,USD
2021-07-18,TC1,UK Continent to US Atlantic,VLCC,12.199,USD
2021-07-19,TC1,UK Continent to US Atlantic,VLCC,11.742,USD
2021-07-20,TC1,UK Continent to US Atlantic,VLCC,11.946,USD
2021-07-21,TC1,UK Continent to US Atlantic,VLCC,11.928,USD
2021-07-22,TC1,UK Continent to US Atlantic,VLCC,11.979,USD
2021-07-23,TC1,UK Continent to US Atlantic,VLCC,11.801,USD
2021-07-24,TC1,UK Continent to US Atlantic,VLCC,11.639,USD
2021-07-25,TC1,UK Continent to US Atlantic,VLCC,11.703,USD
2021-07-26,TC1,UK Continent to US Atlantic,VLCC,12.109,USD
2021-07-27,TC1,UK Continent to US Atlantic,VLCC,12.262,USD
2021-07-28,TC1,UK Continent to US Atlantic,VLCC,12.461,USD
2021-07-29,TC1,UK Continent to US Atlantic,VLCC,12.395,USD
2021-07-30,TC1,UK Continent to US Atlantic,VLCC,12.257,USD
2021-07-31,TC1,UK Continent to US Atlantic,VLCC,12.087,USD
2021-08-01,TC1,UK Continent to US Atlantic,VLCC,11.972,USD
2021-08-02,TC1,UK Continent to US Atlantic,VLCC,11.576,USD
2021-08-03,TC1,UK Continent to US Atlantic,VLCC,11.424,USD
2021-08-04,TC1,UK Continent to US Atlantic,VLCC,11.304,USD
2021-08-05,TC1,UK Continent to US Atlantic,VLCC,11.254,USD
2021-08-06,TC1,UK Continent to US Atlantic,VLCC,11.262,USD
2021-08-07,TC1,UK Continent to US Atlantic,VLCC,11.311,USD
2021-08-08,TC1,UK Continent to US Atlantic,VLCC,11.292,USD
2021-08-09,TC1,UK Continent to US Atlantic,VLCC,11.17,USD
2021-08-10,TC1,UK Continent to US Atlantic,VLCC,10.801,USD
2021-08-11,TC1,UK Continent to US Atlantic,VLCC,10.687,USD
2021-08-12,TC1,UK Continent to US Atlantic,VLCC,10.502,USD
2021-08-13,TC1,UK Continent to US Atlantic,VLCC,10.58,USD
2021-08-14,TC1,UK Continent to US Atlantic,VLCC,10.737,USD
2021-08-15,TC1,UK Continent to US Atlantic,VLCC,10.899,USD
2021-08-16,TC1,UK Continent to US Atlantic,VLCC,11.026,USD
2021-08-17,TC1,UK Continent to US Atlantic,VLCC,10.991,USD
2021-08-18,TC1,UK Continent to US Atlantic,VLCC,10.888,USD
2021-08-19,TC1,UK Continent to US Atlantic,VLCC,10.744,USD
2021-08-20,TC1,UK Continent to US Atlantic,VLCC,10.466,USD
2021-08-21,TC1,UK Continent to US Atlantic,VLCC,10.642,USD
2021-08-22,TC1,UK Continent to US Atlantic,VLCC,10.606,USD
2021-08-23,TC1,UK Continent to US Atlantic,VLCC,10.377,USD
2021-08-24,TC1,UK Continent to US Atlantic,VLCC,10.226,USD
2021-08-25,TC1,UK Continent to US Atlantic,VLCC,10.071,USD
2021-08-26,TC1,UK Continent to US Atlantic,VLCC,10.081,USD
2021-08-27,TC1,UK Continent to US Atlantic,VLCC,10.278,USD
2021-08-28,TC1,UK Continent to US Atlantic,VLCC,10.216,USD
2021-08-29,TC1,UK Continent to US Atlantic,VLCC,9.812,USD
2021-08-30,TC1,UK Continent to US Atlantic,VLCC,9.785,USD
2021-08-31,TC1,UK Continent to US Atlantic,VLCC,9.765,USD
2021-09-01,TC1,UK Continent to US Atlantic,VLCC,9.733,USD
2021-09-02,TC1,UK Continent to US Atlantic,VLCC,9.629,USD
2021-09-03,TC1,UK Continent to US Atlantic,VLCC,9.679,USD
2021-09-04,TC1,UK Continent to US Atlantic,VLCC,9.702,USD
2021-09-05,TC1,UK Continent to US Atlantic,VLCC,9.709,USD
2021-09-06,TC1,UK Continent to US Atlantic,VLCC,9.795,USD
2021-09-07,TC1,UK Continent to US Atlantic,VLCC,9.728,USD
2021-09-08,TC1,UK Continent to US Atlantic,VLCC,9.652,USD
2021-09-09,TC1,UK Continent to US Atlantic,VLCC,9.915,USD
2021-09-10,TC1,UK Continent to US Atlantic,VLCC,10.027,USD
2021-09-11,TC1,UK Continent to US Atlantic,VLCC,10.187,USD
2021-09-12,TC1,UK Continent to US Atlantic,VLCC,10.418,USD
2021-09-13,TC1,UK Continent to US Atlantic,VLCC,10.521,USD
2021-09-14,TC1,UK Continent to US Atlantic,VLCC,10.696,USD
2021-09-15,TC1,UK Continent to US Atlantic,VLCC,10.416,USD
2021-09-16,TC1,UK Continent to US Atlantic,VLCC,10.462,USD
2021-09-17,TC1,UK Continent to US Atlantic,VLCC,10.438,USD
2021-09-18,TC1,UK Continent to US Atlantic,VLCC,10.751,USD
2021-09-19,TC1,UK Continent to US Atlantic,VLCC,10.926,USD
2021-09-20,TC1,UK Continent to US Atlantic,VLCC,10.818,USD
2021-09-21,TC1,UK Continent to US Atlantic,VLCC,10.892,USD
2021-09-22,TC1,UK Continent to US Atlantic,VLCC,10.93,USD
2021-09-23,TC1,UK Continent to US Atlantic,VLCC,11.019,USD
2021-09-24,TC1,UK Continent to US Atlantic,VLCC,10.842,USD
2021-09-25,TC1,UK Continent to US Atlantic,VLCC,10.916,USD
2021-09-26,TC1,UK Continent to US Atlantic,VLCC,10.883,USD
2021-09-27,TC1,UK Continent to US Atlantic,VLCC,10.944,USD
2021-09-28,TC1,UK Continent to US Atlantic,VLCC,10.822,USD
2021-09-29,TC1,UK Continent to US Atlantic,VLCC,10.728,USD
2021-09-30,TC1,UK Continent to US Atlantic,VLCC,10.952,USD
2021-10-01,TC1,UK Continent to US Atlantic,VLCC,10.773,USD
2021-10-02,TC1,UK Continent to US Atlantic,VLCC,10.609,USD
2021-10-03,TC1,UK Continent to US Atlantic,VLCC,10.615,USD
2021-10-04,TC1,UK Continent to US Atlantic,VLCC,10.491,USD
2021-10-05,TC1,UK Continent to US Atlantic,VLCC,10.348,USD
2021-10-06,TC1,UK Continent to US Atlantic,VLCC,10.386,USD
2021-10-07,TC1,UK Continent to US Atlantic,VLCC,10.133,USD
2021-10-08,TC1,UK Continent to US Atlantic,VLCC,9.973,USD
2021-10-09,TC1,UK Continent to US Atlantic,VLCC,10.368,USD
2021-10-10,TC1,UK Continent to US Atlantic,VLCC,10.472,USD
2021-10-11,TC1,UK Continent to US Atlantic,VLCC,10.357,USD
2021-10-12,TC1,UK Continent to US Atlantic,VLCC,10.454,USD
2021-10-13,TC1,UK Continent to US Atlantic,VLCC,10.578,USD
2021-10-14,TC1,UK Continent to US Atlantic,VLCC,10.778,USD
2021-10-15,TC1,UK Continent to US Atlantic,VLCC,10.773,USD
2021-10-16,TC1,UK Continent to US Atlantic,VLCC,10.969,USD
2021-10-17,TC1,UK Continent to US Atlantic,VLCC,10.618,USD
2021-10-18,TC1,UK Continent to US Atlantic,VLCC,10.449,USD
2021-10-19,TC1,UK Continent to US Atlantic,VLCC,10.502,USD
2021-10-20,TC1,UK Continent to US Atlantic,VLCC,10.585,USD
2021-10-21,TC1,UK Continent to US Atlantic,VLCC,10.443,USD
2021-10-22,TC1,UK Continent to US Atlantic,VLCC,10.515,USD
2021-10-23,TC1,UK Continent to US Atlantic,VLCC,10.427,USD
2021-10-24,TC1,UK Continent to US Atlantic,VLCC,10.403,USD
2021-10-25,TC1,UK Continent to US Atlantic,VLCC,10.614,USD
2021-10-26,TC1,UK Continent to US Atlantic,VLCC,10.803,USD
2021-10-27,TC1,UK Continent to US Atlantic,VLCC,10.646,USD
2021-10-28,TC1,UK Continent to US Atlantic,VLCC,10.48,USD
2021-10-29,TC1,UK Continent to US Atlantic,VLCC,10.433,USD
2021-10-30,TC1,UK Continent to US Atlantic,VLCC,10.456,USD
2021-10-31,TC1,UK Continent to US Atlantic,VLCC,10.366,USD
2021-11-01,TC1,UK Continent to US Atlantic,VLCC,10.583,USD
2021-11-02,TC1,UK Continent to US Atlantic,VLCC,10.673,USD
2021-11-03,TC1,UK Continent to US Atlantic,VLCC,10.774,USD
2021-11-04,TC1,UK Continent to US Atlantic,VLCC,10.571,USD
2021-11-05,TC1,UK Continent to US Atlantic,VLCC,10.811,USD
2021-11-06,TC1,UK Continent to US Atlantic,VLCC,10.328,USD
2021-11-07,TC1,UK Continent to US Atlantic,VLCC,10.51,USD
2021-11-08,TC1,UK Continent to US Atlantic,VLCC,10.71,USD
2021-11-09,TC1,UK Continent to US Atlantic,VLCC,10.66,USD
2021-11-10,TC1,UK Continent to US Atlantic,VLCC,10.919,USD
2021-11-11,TC1,UK Continent to US Atlantic,VLCC,10.935,USD
2021-11-12,TC1,UK Continent to US Atlantic,VLCC,10.974,USD
2021-11-13,TC1,UK Continent to US Atlantic,VLCC,11.062,USD
2021-11-14,TC1,UK Continent to US Atlantic,VLCC,11.664,USD
2021-11-15,TC1,UK Continent to US Atlantic,VLCC,11.928,USD
2021-11-16,TC1,UK Continent to US Atlantic,VLCC,12.073,USD
2021-11-17,TC1,UK Continent to US Atlantic,VLCC,11.925,USD
2021-11-18,TC1,UK Continent to US Atlantic,VLCC,11.97,USD
2021-11-19,TC1,UK Continent to US Atlantic,VLCC,11.842,USD
2021-11-20,TC1,UK Continent to US Atlantic,VLCC,12.011,USD
2021-11-21,TC1,UK Continent to US Atlantic,VLCC,12.055,USD
2021-11-22,TC1,UK Continent to US Atlantic,VLCC,11.87,USD
2021-11-23,TC1,UK Continent to US Atlantic,VLCC,11.905,USD
2021-11-24,TC1,UK Continent to US Atlantic,VLCC,11.772,USD
2021-11-25,TC1,UK Continent to US Atlantic,VLCC,11.821,USD
2021-11-26,TC1,UK Continent to US Atlantic,VLCC,11.688,USD
2021-11-27,TC1,UK Continent to US Atlantic,VLCC,11.716,USD
2021-11-28,TC1,UK Continent to US Atlantic,VLCC,11.874,USD
2021-11-29,TC1,UK Continent to US Atlantic,VLCC,11.886,USD
2021-11-30,TC1,UK Continent to US Atlantic,VLCC,11.837,USD
2021-12-01,TC1,UK Continent to US Atlantic,VLCC,11.897,USD
2021-12-02,TC1,UK Continent to US Atlantic,VLCC,12.044,USD
2021-12-03,TC1,UK Continent to US Atlantic,VLCC,11.865,USD
2021-12-04,TC1,UK Continent to US Atlantic,VLCC,11.934,USD
2021-12-05,TC1,UK Continent to US Atlantic,VLCC,12.194,USD
2021-12-06,TC1,UK Continent to US Atlantic,VLCC,12.317,USD
2021-12-07,TC1,UK Continent to US Atlantic,VLCC,12.346,USD
2021-12-08,TC1,UK Continent to US Atlantic,VLCC,12.48,USD
2021-12-09,TC1,UK Continent to US Atlantic,VLCC,12.578,USD
2021-12-10,TC1,UK Continent to US Atlantic,VLCC,12.73,USD
2021-12-11,TC1,UK Continent to US Atlantic,VLCC,12.379,USD
2021-12-12,TC1,UK Continent to US Atlantic,VLCC,12.116,USD
2021-12-13,TC1,UK Continent to US Atlantic,VLCC,12.319,USD
2021-12-14,TC1,UK Continent to US Atlantic,VLCC,12.065,USD
2021-12-15,TC1,UK Continent to US Atlantic,VLCC,12.159,USD
2021-12-16,TC1,UK Continent to US Atlantic,VLCC,12.116,USD
2021-12-17,TC1,UK Continent to US Atlantic,VLCC,11.957,USD
2021-12-18,TC1,UK Continent to US Atlantic,VLCC,12.043,USD
2021-12-19,TC1,UK Continent to US Atlantic,VLCC,12.101,USD
2021-12-20,TC1,UK Continent to US Atlantic,VLCC,12.503,USD
2021-12-21,TC1,UK Continent to US Atlantic,VLCC,12.407,USD
2021-12-22,TC1,UK Continent to US Atlantic,VLCC,12.685,USD
2021-12-23,TC1,UK Continent to US Atlantic,VLCC,12.764,USD
2021-12-24,TC1,UK Continent to US Atlantic,VLCC,12.659,USD
2021-12-25,TC1,UK Continent to US Atlantic,VLCC,12.819,USD
2021-12-26,TC1,UK Continent to US Atlantic,VLCC,12.935,USD
2021-12-27,TC1,UK Continent to US Atlantic,VLCC,12.954,USD
2021-12-28,TC1,UK Continent to US Atlantic,VLCC,13.014,USD
2021-12-29,TC1,UK Continent to US Atlantic,VLCC,12.918,USD
2021-12-30,TC1,UK Continent to US Atlantic,VLCC,12.781,USD
2021-12-31,TC1,UK Continent to US Atlantic,VLCC,12.932,USD
2022-01-01,TC1,UK Continent to US Atlantic,VLCC,12.904,USD
2022-01-02,TC1,UK Continent to US Atlantic,VLCC,12.901,USD
2022-01-03,TC1,UK Continent to US Atlantic,VLCC,12.964,USD
2022-01-04,TC1,UK Continent to US Atlantic,VLCC,13.024,USD
2022-01-05,TC1,UK Continent to US Atlantic,VLCC,12.776,USD
2022-01-06,TC1,UK Continent to US Atlantic,VLCC,13.022,USD
2022-01-07,TC1,UK Continent to US Atlantic,VLCC,13.054,USD
2022-01-08,TC1,UK Continent to US Atlantic,VLCC,13.027,USD
2022-01-09,TC1,UK Continent to US Atlantic,VLCC,13.115,USD
2022-01-10,TC1,UK Continent to US Atlantic,VLCC,13.167,USD
2022-01-11,TC1,UK Continent to US Atlantic,VLCC,13.314,USD
2022-01-12,TC1,UK Continent to US Atlantic,VLCC,13.418,USD
2022-01-13,TC1,UK Continent to US Atlantic,VLCC,13.553,USD
2022-01-14,TC1,UK Continent to US Atlantic,VLCC,13.801,USD
2022-01-15,TC1,UK Continent to US Atlantic,VLCC,13.962,USD
2022-01-16,TC1,UK Continent to US Atlantic,VLCC,13.933,USD
2022-01-17,TC1,UK Continent to US Atlantic,VLCC,13.729,USD
2022-01-18,TC1,UK Continent to US Atlantic,VLCC,14.032,USD
2022-01-19,TC1,UK Continent to US Atlantic,VLCC,13.987,USD
2022-01-20,TC1,UK Continent to US Atlantic,VLCC,13.9,USD
2022-01-21,TC1,UK Continent to US Atlantic,VLCC,13.585,USD
2022-01-22,TC1,UK Continent to US Atlantic,VLCC,13.648,USD
2022-01-23,TC1,UK Continent to US Atlantic,VLCC,13.676,USD
2022-01-24,TC1,UK Continent to US Atlantic,VLCC,13.402,USD
2022-01-25,TC1,UK Continent to US Atlantic,VLCC,13.487,USD
2022-01-26,TC1,UK Continent to US Atlantic,VLCC,13.399,USD
2022-01-27,TC1,UK Continent to US Atlantic,VLCC,13.887,USD
2022-01-28,TC1,UK Continent to US Atlantic,VLCC,13.782,USD
2022-01-29,TC1,UK Continent to US Atlantic,VLCC,13.701,USD
2022-01-30,TC1,UK Continent to US Atlantic,VLCC,13.541,USD
2022-01-31,TC1,UK Continent to US Atlantic,VLCC,13.772,USD
2022-02-01,TC1,UK Continent to US Atlantic,VLCC,13.702,USD
2022-02-02,TC1,UK Continent to US Atlantic,VLCC,13.568,USD
2022-02-03,TC1,UK Continent to US Atlantic,VLCC,13.694,USD
2022-02-04,TC1,UK Continent to US Atlantic,VLCC,13.442,USD
2022-02-05,TC1,UK Continent to US Atlantic,VLCC,13.554,USD
2022-02-06,TC1,UK Continent to US Atlantic,VLCC,13.873,USD
2022-02-07,TC1,UK Continent to US Atlantic,VLCC,13.969,USD
2022-02-08,TC1,UK Continent to US Atlantic,VLCC,14.077,USD
2022-02-09,TC1,UK Continent to US Atlantic,VLCC,14.226,USD
2022-02-10,TC1,UK Continent to US Atlantic,VLCC,14.524,USD
2022-02-11,TC1,UK Continent to US Atlantic,VLCC,14.729,USD
2022-02-12,TC1,UK Continent to US Atlantic,VLCC,14.792,USD
2022-02-13,TC1,UK Continent to US Atlantic,VLCC,14.938,USD
2022-02-14,TC1,UK Continent to US Atlantic,VLCC,14.759,USD
2022-02-15,TC1,UK Continent to US Atlantic,VLCC,14.881,USD
2022-02-16,TC1,UK Continent to US Atlantic,VLCC,14.68,USD
2022-02-17,TC1,UK Continent to US Atlantic,VLCC,14.596,USD
2022-02-18,TC1,UK Continent to US Atlantic,VLCC,14.021,USD
2022-02-19,TC1,UK Continent to US Atlantic,VLCC,14.082,USD
2022-02-20,TC1,UK Continent to US Atlantic,VLCC,13.953,USD
2022-02-21,TC1,UK Continent to US Atlantic,VLCC,14.141,USD
2022-02-22,TC1,UK Continent to US Atlantic,VLCC,14.197,USD
2022-02-23,TC1,UK Continent to US Atlantic,VLCC,14.385,USD
2022-02-24,TC1,UK Continent to US Atlantic,VLCC,14.171,USD
2022-02-25,TC1,UK Continent to US Atlantic,VLCC,14.343,USD
2022-02-26,TC1,UK Continent to US Atlantic,VLCC,14.705,USD
2022-02-27,TC1,UK Continent to US Atlantic,VLCC,14.821,USD
2022-02-28,TC1,UK Continent to US Atlantic,VLCC,14.94,USD
2022-03-01,TC1,UK Continent to US Atlantic,VLCC,14.945,USD
2022-03-02,TC1,UK Continent to US Atlantic,VLCC,14.824,USD
2022-03-03,TC1,UK Continent to US Atlantic,VLCC,14.937,USD
2022-03-04,TC1,UK Continent to US Atlantic,VLCC,14.638,USD
2022-03-05,TC1,UK Continent to US Atlantic,VLCC,14.538,USD
2022-03-06,TC1,UK Continent to US Atlantic,VLCC,14.194,USD
2022-03-07,TC1,UK Continent to US Atlantic,VLCC,14.046,USD
2022-03-08,TC1,UK Continent to US Atlantic,VLCC,14.142,USD
2022-03-09,TC1,UK Continent to US Atlantic,VLCC,14.213,USD
2022-03-10,TC1,UK Continent to US Atlantic,VLCC,14.199,USD
2022-03-11,TC1,UK Continent to US Atlantic,VLCC,14.208,USD
2022-03-12,TC1,UK Continent to US Atlantic,VLCC,13.844,USD
2022-03-13,TC1,UK Continent to US Atlantic,VLCC,13.756,USD
2022-03-14,TC1,UK Continent to US Atlantic,VLCC,13.614,USD
2022-03-15,TC1,UK Continent to US Atlantic,VLCC,13.476,USD
2022-03-16,TC1,UK Continent to US Atlantic,VLCC,13.566,USD
2022-03-17,TC1,UK Continent to US Atlantic,VLCC,13.392,USD
2022-03-18,TC1,UK Continent to US Atlantic,VLCC,13.265,USD
2022-03-19,TC1,UK Continent to US Atlantic,VLCC,12.87,USD
2022-03-20,TC1,UK Continent to US Atlantic,VLCC,12.804,USD
2022-03-21,TC1,UK Continent to US Atlantic,VLCC,12.594,USD
2022-03-22,TC1,UK Continent to US Atlantic,VLCC,12.596,USD
2022-03-23,TC1,UK Continent to US Atlantic,VLCC,12.412,USD
2022-03-24,TC1,UK Continent to US Atlantic,VLCC,12.42,USD
2022-03-25,TC1,UK Continent to US Atlantic,VLCC,12.383,USD
2022-03-26,TC1,UK Continent to US Atlantic,VLCC,12.673,USD
2022-03-27,TC1,UK Continent to US Atlantic,VLCC,12.748,USD
2022-03-28,TC1,UK Continent to US Atlantic,VLCC,12.4,USD
2022-03-29,TC1,UK Continent to US Atlantic,VLCC,12.158,USD
2022-03-30,TC1,UK Continent to US Atlantic,VLCC,12.157,USD
2022-03-31,TC1,UK Continent to US Atlantic,VLCC,11.977,USD
2022-04-01,TC1,UK Continent to US Atlantic,VLCC,11.431,USD
2022-04-02,TC1,UK Continent to US Atlantic,VLCC,11.669,USD
2022-04-03,TC1,UK Continent to US Atlantic,VLCC,11.791,USD
2022-04-04,TC1,UK Continent to US Atlantic,VLCC,11.876,USD
2022-04-05,TC1,UK Continent to US Atlantic,VLCC,11.755,USD
2022-04-06,TC1,UK Continent to US Atlantic,VLCC,11.822,USD
2022-04-07,TC1,UK Continent to US Atlantic,VLCC,11.683,USD
2022-04-08,TC1,UK Continent to US Atlantic,VLCC,11.71,USD
2022-04-09,TC1,UK Continent to US Atlantic,VLCC,11.532,USD
2022-04-10,TC1,UK Continent to US Atlantic,VLCC,11.796,USD
2022-04-11,TC1,UK Continent to US Atlantic,VLCC,11.5,USD
2022-04-12,TC1,UK Continent to US Atlantic,VLCC,11.712,USD
2022-04-13,TC1,UK Continent to US Atlantic,VLCC,11.706,USD
2022-04-14,TC1,UK Continent to US Atlantic,VLCC,11.604,USD
2022-04-15,TC1,UK Continent to US Atlantic,VLCC,11.622,USD
2022-04-16,TC1,UK Continent to US Atlantic,VLCC,11.741,USD
2022-04-17,TC1,UK Continent to US Atlantic,VLCC,11.973,USD
2022-04-18,TC1,UK Continent to US Atlantic,VLCC,12.012,USD
2022-04-19,TC1,UK Continent to US Atlantic,VLCC,11.832,USD
2022-04-20,TC1,UK Continent to US Atlantic,VLCC,11.825,USD
2022-04-21,TC1,UK Continent to US Atlantic,VLCC,12.136,USD
2022-04-22,TC1,UK Continent to US Atlantic,VLCC,12.358,USD
2022-04-23,TC1,UK Continent to US Atlantic,VLCC,12.499,USD
2022-04-24,TC1,UK Continent to US Atlantic,VLCC,12.617,USD
2022-04-25,TC1,UK Continent to US Atlantic,VLCC,12.717,USD
2022-04-26,TC1,UK Continent to US Atlantic,VLCC,12.898,USD
2022-04-27,TC1,UK Continent to US Atlantic,VLCC,12.785,USD
2022-04-28,TC1,UK Continent to US Atlantic,VLCC,12.51,USD
2022-04-29,TC1,UK Continent to US Atlantic,VLCC,12.495,USD
2022-04-30,TC1,UK Continent to US Atlantic,VLCC,12.32,USD
2022-05-01,TC1,UK Continent to US Atlantic,VLCC,12.103,USD
2022-05-02,TC1,UK Continent to US Atlantic,VLCC,11.948,USD
2022-05-03,TC1,UK Continent to US Atlantic,VLCC,12.374,USD
2022-05-04,TC1,UK Continent to US Atlantic,VLCC,12.371,USD
2022-05-05,TC1,UK Continent to US Atlantic,VLCC,12.408,USD
2022-05-06,TC1,UK Continent to US Atlantic,VLCC,12.159,USD
2022-05-07,TC1,UK Continent to US Atlantic,VLCC,11.799,USD
2022-05-08,TC1,UK Continent to US Atlantic,VLCC,11.627,USD
2022-05-09,TC1,UK Continent to US Atlantic,VLCC,11.865,USD
2022-05-10,TC1,UK Continent to US Atlantic,VLCC,11.901,USD
2022-05-11,TC1,UK Continent to US Atlantic,VLCC,11.984,USD
2022-05-12,TC1,UK Continent to US Atlantic,VLCC,12.091,USD
2022-05-13,TC1,UK Continent to US Atlantic,VLCC,11.956,USD
2022-05-14,TC1,UK Continent to US Atlantic,VLCC,12.18,USD
2022-05-15,TC1,UK Continent to US Atlantic,VLCC,12.037,USD
2022-05-16,TC1,UK Continent to US Atlantic,VLCC,12.263,USD
2022-05-17,TC1,UK Continent to US Atlantic,VLCC,12.312,USD
2022-05-18,TC1,UK Continent to US Atlantic,VLCC,11.957,USD
2022-05-19,TC1,UK Continent to US Atlantic,VLCC,11.794,USD
2022-05-20,TC1,UK Continent to US Atlantic,VLCC,11.445,USD
2022-05-21,TC1,UK Continent to US Atlantic,VLCC,11.632,USD
2022-05-22,TC1,UK Continent to US Atlantic,VLCC,11.602,USD
2022-05-23,TC1,UK Continent to US Atlantic,VLCC,11.174,USD
2022-05-24,TC1,UK Continent to US Atlantic,VLCC,11.22,USD
2022-05-25,TC1,UK Continent to US Atlantic,VLCC,11.101,USD
2022-05-26,TC1,UK Continent to US Atlantic,VLCC,10.812,USD
2022-05-27,TC1,UK Continent to US Atlantic,VLCC,11.097,USD
2022-05-28,TC1,UK Continent to US Atlantic,VLCC,11.095,USD
2022-05-29,TC1,UK Continent to US Atlantic,VLCC,11.02,USD
2022-05-30,TC1,UK Continent to US Atlantic,VLCC,10.927,USD
2022-05-31,TC1,UK Continent to US Atlantic,VLCC,10.633,USD
2022-06-01,TC1,UK Continent to US Atlantic,VLCC,10.38,USD
2022-06-02,TC1,UK Continent to US Atlantic,VLCC,10.597,USD
2022-06-03,TC1,UK Continent to US Atlantic,VLCC,10.494,USD
2022-06-04,TC1,UK Continent to US Atlantic,VLCC,10.482,USD
2022-06-05,TC1,UK Continent to US Atlantic,VLCC,10.096,USD
2022-06-06,TC1,UK Continent to US Atlantic,VLCC,9.845,USD
2022-06-07,TC1,UK Continent to US Atlantic,VLCC,9.945,USD
2022-06-08,TC1,UK Continent to US Atlantic,VLCC,10.002,USD
2022-06-09,TC1,UK Continent to US Atlantic,VLCC,10.306,USD
2022-06-10,TC1,UK Continent to US Atlantic,VLCC,10.534,USD
2022-06-11,TC1,UK Continent to US Atlantic,VLCC,10.475,USD
2022-06-12,TC1,UK Continent to US Atlantic,VLCC,10.543,USD
2022-06-13,TC1,UK Continent to US Atlantic,VLCC,10.468,USD
2022-06-14,TC1,UK Continent to US Atlantic,VLCC,10.822,USD
2022-06-15,TC1,UK Continent to US Atlantic,VLCC,11.009,USD
2022-06-16,TC1,UK Continent to US Atlantic,VLCC,11.017,USD
2022-06-17,TC1,UK Continent to US Atlantic,VLCC,11.031,USD
2022-06-18,TC1,UK Continent to US Atlantic,VLCC,11.269,USD
2022-06-19,TC1,UK Continent to US Atlantic,VLCC,11.349,USD
2022-06-20,TC1,UK Continent to US Atlantic,VLCC,11.604,USD
2022-06-21,TC1,UK Continent to US Atlantic,VLCC,11.179,USD
2022-06-22,TC1,UK Continent to US Atlantic,VLCC,11.238,USD
2022-06-23,TC1,UK Continent to US Atlantic,VLCC,11.12,USD
2022-06-24,TC1,UK Continent to US Atlantic,VLCC,11.414,USD
2022-06-25,TC1,UK Continent to US Atlantic,VLCC,11.667,USD
2022-06-26,TC1,UK Continent to US Atlantic,VLCC,11.644,USD
2022-06-27,TC1,UK Continent to US Atlantic,VLCC,11.892,USD
2022-06-28,TC1,UK Continent to US Atlantic,VLCC,12.183,USD
2022-06-29,TC1,UK Continent to US Atlantic,VLCC,12.163,USD
2022-06-30,TC1,UK Continent to US Atlantic,VLCC,12.576,USD
2022-07-01,TC1,UK Continent to US Atlantic,VLCC,12.532,USD
2022-07-02,TC1,UK Continent to US Atlantic,VLCC,12.456,USD
2022-07-03,TC1,UK Continent to US Atlantic,VLCC,12.576,USD
2022-07-04,TC1,UK Continent to US Atlantic,VLCC,12.475,USD
2022-07-05,TC1,UK Continent to US Atlantic,VLCC,12.454,USD
2022-07-06,TC1,UK Continent to US Atlantic,VLCC,12.672,USD
2022-07-07,TC1,UK Continent to US Atlantic,VLCC,12.637,USD
2022-07-08,TC1,UK Continent to US Atlantic,VLCC,12.294,USD
2022-07-09,TC1,UK Continent to US Atlantic,VLCC,12.326,USD
2022-07-10,TC1,UK Continent to US Atlantic,VLCC,12.166,USD
2022-07-11,TC1,UK Continent to US Atlantic,VLCC,12.29,USD
2022-07-12,TC1,UK Continent to US Atlantic,VLCC,12.382,USD
2022-07-13,TC1,UK Continent to US Atlantic,VLCC,12.614,USD
2022-07-14,TC1,UK Continent to US Atlantic,VLCC,12.741,USD
2022-07-15,TC1,UK Continent to US Atlantic,VLCC,12.901,USD
2022-07-16,TC1,UK Continent to US Atlantic,VLCC,12.741,USD
2022-07-17,TC1,UK Continent to US Atlantic,VLCC,12.849,USD
2022-07-18,TC1,UK Continent to US Atlantic,VLCC,13.167,USD
2022-07-19,TC1,UK Continent to US Atlantic,VLCC,13.002,USD
2022-07-20,TC1,UK Continent to US Atlantic,VLCC,13.288,USD
2022-07-21,TC1,UK Continent to US Atlantic,VLCC,13.147,USD
2022-07-22,TC1,UK Continent to US Atlantic,VLCC,12.953,USD
2022-07-23,TC1,UK Continent to US Atlantic,VLCC,12.969,USD
2022-07-24,TC1,UK Continent to US Atlantic,VLCC,13.06,USD
2022-07-25,TC1,UK Continent to US Atlantic,VLCC,13.187,USD
2022-07-26,TC1,UK Continent to US Atlantic,VLCC,12.973,USD
2022-07-27,TC1,UK Continent to US Atlantic,VLCC,13.015,USD
2022-07-28,TC1,UK Continent to US Atlantic,VLCC,12.854,USD
2022-07-29,TC1,UK Continent to US Atlantic,VLCC,12.55,USD
2022-07-30,TC1,UK Continent to US Atlantic,VLCC,12.35,USD
2022-07-31,TC1,UK Continent to US Atlantic,VLCC,12.185,USD
2022-08-01,TC1,UK Continent to US Atlantic,VLCC,12.251,USD
2022-08-02,TC1,UK Continent to US Atlantic,VLCC,12.432,USD
2022-08-03,TC1,UK Continent to US Atlantic,VLCC,12.136,USD
2022-08-04,TC1,UK Continent to US Atlantic,VLCC,12.174,USD
2022-08-05,TC1,UK Continent to US Atlantic,VLCC,11.935,USD
2022-08-06,TC1,UK Continent to US Atlantic,VLCC,12.025,USD
2022-08-07,TC1,UK Continent to US Atlantic,VLCC,11.888,USD
2022-08-08,TC1,UK Continent to US Atlantic,VLCC,11.676,USD
2022-08-09,TC1,UK Continent to US Atlantic,VLCC,11.801,USD
2022-08-10,TC1,UK Continent to US Atlantic,VLCC,11.674,USD
2022-08-11,TC1,UK Continent to US Atlantic,VLCC,11.598,USD
2022-08-12,TC1,UK Continent to US Atlantic,VLCC,11.179,USD
2022-08-13,TC1,UK Continent to US Atlantic,VLCC,11.336,USD
2022-08-14,TC1,UK Continent to US Atlantic,VLCC,11.47,USD
2022-08-15,TC1,UK Continent to US Atlantic,VLCC,11.455,USD
2022-08-16,TC1,UK Continent to US Atlantic,VLCC,11.164,USD
2022-08-17,TC1,UK Continent to US Atlantic,VLCC,11.371,USD
2022-08-18,TC1,UK Continent to US Atlantic,VLCC,11.237,USD
2022-08-19,TC1,UK Continent to US Atlantic,VLCC,11.144,USD
2022-08-20,TC1,UK Continent to US Atlantic,VLCC,11.551,USD
2022-08-21,TC1,UK Continent to US Atlantic,VLCC,11.41,USD
2022-08-22,TC1,UK Continent to US Atlantic,VLCC,11.532,USD
2022-08-23,TC1,UK Continent to US Atlantic,VLCC,11.621,USD
2022-08-24,TC1,UK Continent to US Atlantic,VLCC,11.678,USD
2022-08-25,TC1,UK Continent to US Atlantic,VLCC,11.715,USD
2022-08-26,TC1,UK Continent to US Atlantic,VLCC,11.77,USD
2022-08-27,TC1,UK Continent to US Atlantic,VLCC,11.805,USD
2022-08-28,TC1,UK Continent to US Atlantic,VLCC,11.782,USD
2022-08-29,TC1,UK Continent to US Atlantic,VLCC,12.043,USD
2022-08-30,TC1,UK Continent to US Atlantic,VLCC,11.79,USD
2022-08-31,TC1,UK Continent to US Atlantic,VLCC,11.963,USD
2022-09-01,TC1,UK Continent to US Atlantic,VLCC,12.098,USD
2022-09-02,TC1,UK Continent to US Atlantic,VLCC,12.21,USD
2022-09-03,TC1,UK Continent to US Atlantic,VLCC,12.397,USD
2022-09-04,TC1,UK Continent to US Atlantic,VLCC,12.364,USD
2022-09-05,TC1,UK Continent to US Atlantic,VLCC,12.011,USD
2022-09-06,TC1,UK Continent to US Atlantic,VLCC,11.986,USD
2022-09-07,TC1,UK Continent to US Atlantic,VLCC,11.796,USD
2022-09-08,TC1,UK Continent to US Atlantic,VLCC,11.655,USD
2022-09-09,TC1,UK Continent to US Atlantic,VLCC,11.424,USD
2022-09-10,TC1,UK Continent to US Atlantic,VLCC,11.334,USD
2022-09-11,TC1,UK Continent to US Atlantic,VLCC,11.224,USD
2022-09-12,TC1,UK Continent to US Atlantic,VLCC,10.793,USD
2022-09-13,TC1,UK Continent to US Atlantic,VLCC,10.924,USD
2022-09-14,TC1,UK Continent to US Atlantic,VLCC,11.328,USD
2022-09-15,TC1,UK Continent to US Atlantic,VLCC,11.437,USD
2022-09-16,TC1,UK Continent to US Atlantic,VLCC,11.399,USD
2022-09-17,TC1,UK Continent to US Atlantic,VLCC,11.389,USD
2022-09-18,TC1,UK Continent to US Atlantic,VLCC,11.313,USD
2022-09-19,TC1,UK Continent to US Atlantic,VLCC,11.331,USD
2022-09-20,TC1,UK Continent to US Atlantic,VLCC,11.326,USD
2022-09-21,TC1,UK Continent to US Atlantic,VLCC,11.176,USD
2022-09-22,TC1,UK Continent to US Atlantic,VLCC,11.484,USD
2022-09-23,TC1,UK Continent to US Atlantic,VLCC,11.217,USD
2022-09-24,TC1,UK Continent to US Atlantic,VLCC,11.352,USD
2022-09-25,TC1,UK Continent to US Atlantic,VLCC,11.337,USD
2022-09-26,TC1,UK Continent to US Atlantic,VLCC,11.685,USD
2022-09-27,TC1,UK Continent to US Atlantic,VLCC,11.749,USD
2022-09-28,TC1,UK Continent to US Atlantic,VLCC,11.685,USD
2022-09-29,TC1,UK Continent to US Atlantic,VLCC,11.642,USD
2022-09-30,TC1,UK Continent to US Atlantic,VLCC,11.653,USD
2022-10-01,TC1,UK Continent to US Atlantic,VLCC,11.45,USD
2022-10-02,TC1,UK Continent to US Atlantic,VLCC,11.318,USD
2022-10-03,TC1,UK Continent to US Atlantic,VLCC,11.003,USD
2022-10-04,TC1,UK Continent to US Atlantic,VLCC,10.848,USD
2022-10-05,TC1,UK Continent to US Atlantic,VLCC,10.878,USD
2022-10-06,TC1,UK Continent to US Atlantic,VLCC,10.946,USD
2022-10-07,TC1,UK Continent to US Atlantic,VLCC,10.602,USD
2022-10-08,TC1,UK Continent to US Atlantic,VLCC,10.595,USD
2022-10-09,TC1,UK Continent to US Atlantic,VLCC,10.714,USD
2022-10-10,TC1,UK Continent to US Atlantic,VLCC,10.702,USD
2022-10-11,TC1,UK Continent to US Atlantic,VLCC,10.605,USD
2022-10-12,TC1,UK Continent to US Atlantic,VLCC,10.55,USD
2022-10-13,TC1,UK Continent to US Atlantic,VLCC,10.472,USD
2022-10-14,TC1,UK Continent to US Atlantic,VLCC,10.378,USD
2022-10-15,TC1,UK Continent to US Atlantic,VLCC,10.432,USD
2022-10-16,TC1,UK Continent to US Atlantic,VLCC,10.872,USD
2022-10-17,TC1,UK Continent to US Atlantic,VLCC,10.756,USD
2022-10-18,TC1,UK Continent to US Atlantic,VLCC,10.719,USD
2022-10-19,TC1,UK Continent to US Atlantic,VLCC,10.73,USD
2022-10-20,TC1,UK Continent to US Atlantic,VLCC,10.627,USD
2022-10-21,TC1,UK Continent to US Atlantic,VLCC,10.848,USD
2022-10-22,TC1,UK Continent to US Atlantic,VLCC,10.441,USD
2022-10-23,TC1,UK Continent to US Atlantic,VLCC,10.37,USD
2022-10-24,TC1,UK Continent to US Atlantic,VLCC,10.544,USD
2022-10-25,TC1,UK Continent to US Atlantic,VLCC,10.516,USD
2022-10-26,TC1,UK Continent to US Atlantic,VLCC,10.394,USD
2022-10-27,TC1,UK Continent to US Atlantic,VLCC,10.501,USD
2022-10-28,TC1,UK Continent to US Atlantic,VLCC,10.691,USD
2022-10-29,TC1,UK Continent to US Atlantic,VLCC,10.754,USD
2022-10-30,TC1,UK Continent to US Atlantic,VLCC,10.634,USD
2022-10-31,TC1,UK Continent to US Atlantic,VLCC,10.743,USD
2022-11-01,TC1,UK Continent to US Atlantic,VLCC,10.696,USD
2022-11-02,TC1,UK Continent to US Atlantic,VLCC,10.857,USD
2022-11-03,TC1,UK Continent to US Atlantic,VLCC,11.15,USD
2022-11-04,TC1,UK Continent to US Atlantic,VLCC,10.702,USD
2022-11-05,TC1,UK Continent to US Atlantic,VLCC,10.75,USD
2022-11-06,TC1,UK Continent to US Atlantic,VLCC,10.463,USD
2022-11-07,TC1,UK Continent to US Atlantic,VLCC,10.935,USD
2022-11-08,TC1,UK Continent to US Atlantic,VLCC,10.876,USD
2022-11-09,TC1,UK Continent to US Atlantic,VLCC,11.038,USD
2022-11-10,TC1,UK Continent to US Atlantic,VLCC,11.057,USD
2022-11-11,TC1,UK Continent to US Atlantic,VLCC,10.938,USD
2022-11-12,TC1,UK Continent to US Atlantic,VLCC,10.798,USD
2022-11-13,TC1,UK Continent to US Atlantic,VLCC,11.114,USD
2022-11-14,TC1,UK Continent to US Atlantic,VLCC,11.312,USD
2022-11-15,TC1,UK Continent to US Atlantic,VLCC,11.688,USD
2022-11-16,TC1,UK Continent to US Atlantic,VLCC,11.719,USD
2022-11-17,TC1,UK Continent to US Atlantic,VLCC,11.791,USD
2022-11-18,TC1,UK Continent to US Atlantic,VLCC,11.763,USD
2022-11-19,TC1,UK Continent to US Atlantic,VLCC,11.732,USD
2022-11-20,TC1,UK Continent to US Atlantic,VLCC,11.565,USD
2022-11-21,TC1,UK Continent to US Atlantic,VLCC,11.603,USD
2022-11-22,TC1,UK Continent to US Atlantic,VLCC,11.484,USD
2022-11-23,TC1,UK Continent to US Atlantic,VLCC,11.588,USD
2022-11-24,TC1,UK Continent to US Atlantic,VLCC,11.642,USD
2022-11-25,TC1,UK Continent to US Atlantic,VLCC,11.718,USD
2022-11-26,TC1,UK Continent to US Atlantic,VLCC,12.043,USD
2022-11-27,TC1,UK Continent to US Atlantic,VLCC,12.056,USD
2022-11-28,TC1,UK Continent to US Atlantic,VLCC,12.212,USD
2022-11-29,TC1,UK Continent to US Atlantic,VLCC,12.601,USD
2022-11-30,TC1,UK Continent to US Atlantic,VLCC,12.852,USD
2022-12-01,TC1,UK Continent to US Atlantic,VLCC,13.072,USD
2022-12-02,TC1,UK Continent to US Atlantic,VLCC,13.027,USD
2022-12-03,TC1,UK Continent to US Atlantic,VLCC,13.079,USD
2022-12-04,TC1,UK Continent to US Atlantic,VLCC,12.851,USD
2022-12-05,TC1,UK Continent to US Atlantic,VLCC,12.954,USD
2022-12-06,TC1,UK Continent to US Atlantic,VLCC,13.016,USD
2022-12-07,TC1,UK Continent to US Atlantic,VLCC,13.031,USD
2022-12-08,TC1,UK Continent to US Atlantic,VLCC,13.228,USD
2022-12-09,TC1,UK Continent to US Atlantic,VLCC,13.019,USD
2022-12-10,TC1,UK Continent to US Atlantic,VLCC,13.326,USD
2022-12-11,TC1,UK Continent to US Atlantic,VLCC,13.497,USD
2022-12-12,TC1,UK Continent to US Atlantic,VLCC,13.491,USD
2022-12-13,TC1,UK Continent to US Atlantic,VLCC,13.472,USD
2022-12-14,TC1,UK Continent to US Atlantic,VLCC,13.566,USD
2022-12-15,TC1,UK Continent to US Atlantic,VLCC,13.847,USD
2022-12-16,TC1,UK Continent to US Atlantic,VLCC,13.869,USD
2022-12-17,TC1,UK Continent to US Atlantic,VLCC,13.898,USD
2022-12-18,TC1,UK Continent to US Atlantic,VLCC,13.904,USD
2022-12-19,TC1,UK Continent to US Atlantic,VLCC,14.229,USD
2022-12-20,TC1,UK Continent to US Atlantic,VLCC,14.163,USD
2022-12-21,TC1,UK Continent to US Atlantic,VLCC,14.158,USD
2022-12-22,TC1,UK Continent to US Atlantic,VLCC,14.423,USD
2022-12-23,TC1,UK Continent to US Atlantic,VLCC,14.447,USD
2022-12-24,TC1,UK Continent to US Atlantic,VLCC,14.65,USD
2022-12-25,TC1,UK Continent to US Atlantic,VLCC,14.481,USD
2022-12-26,TC1,UK Continent to US Atlantic,VLCC,14.441,USD
2022-12-27,TC1,UK Continent to US Atlantic,VLCC,14.706,USD
2022-12-28,TC1,UK Continent to US Atlantic,VLCC,14.579,USD
2022-12-29,TC1,UK Continent to US Atlantic,VLCC,14.547,USD
2022-12-30,TC1,UK Continent to US Atlantic,VLCC,14.59,USD
2022-12-31,TC1,UK Continent to US Atlantic,VLCC,14.407,USD
2023-01-01,TC1,UK Continent to US Atlantic,VLCC,14.329,USD
2023-01-02,TC1,UK Continent to US Atlantic,VLCC,14.348,USD
2023-01-03,TC1,UK Continent to US Atlantic,VLCC,14.354,USD
2023-01-04,TC1,UK Continent to US Atlantic,VLCC,14.583,USD
2023-01-05,TC1,UK Continent to US Atlantic,VLCC,14.857,USD
2023-01-06,TC1,UK Continent to US Atlantic,VLCC,14.694,USD
2023-01-07,TC1,UK Continent to US Atlantic,VLCC,14.708,USD
2023-01-08,TC1,UK Continent to US Atlantic,VLCC,14.823,USD
2023-01-09,TC1,UK Continent to US Atlantic,VLCC,15.09,USD
2023-01-10,TC1,UK Continent to US Atlantic,VLCC,15.209,USD
2023-01-11,TC1,UK Continent to US Atlantic,VLCC,15.249,USD
2023-01-12,TC1,UK Continent to US Atlantic,VLCC,15.357,USD
2023-01-13,TC1,UK Continent to US Atlantic,VLCC,15.465,USD
2023-01-14,TC1,UK Continent to US Atlantic,VLCC,15.282,USD
2023-01-15,TC1,UK Continent to US Atlantic,VLCC,15.303,USD
2023-01-16,TC1,UK Continent to US Atlantic,VLCC,15.553,USD
2023-01-17,TC1,UK Continent to US Atlantic,VLCC,15.499,USD
2023-01-18,TC1,UK Continent to US Atlantic,VLCC,15.506,USD
2023-01-19,TC1,UK Continent to US Atlantic,VLCC,15.446,USD
2023-01-20,TC1,UK Continent to US Atlantic,VLCC,15.011,USD
2023-01-21,TC1,UK Continent to US Atlantic,VLCC,15.003,USD
2023-01-22,TC1,UK Continent to US Atlantic,VLCC,15.045,USD
2023-01-23,TC1,UK Continent to US Atlantic,VLCC,14.939,USD
2023-01-24,TC1,UK Continent to US Atlantic,VLCC,14.718,USD
2023-01-25,TC1,UK Continent to US Atlantic,VLCC,14.549,USD
2023-01-26,TC1,UK Continent to US Atlantic,VLCC,14.678,USD
2023-01-27,TC1,UK Continent to US Atlantic,VLCC,15.024,USD
2023-01-28,TC1,UK Continent to US Atlantic,VLCC,15.26,USD
2023-01-29,TC1,UK Continent to US Atlantic,VLCC,15.0,USD
2023-01-30,TC1,UK Continent to US Atlantic,VLCC,15.14,USD
2023-01-31,TC1,UK Continent to US Atlantic,VLCC,15.003,USD
2023-02-01,TC1,UK Continent to US Atlantic,VLCC,14.883,USD
2023-02-02,TC1,UK Continent to US Atlantic,VLCC,14.785,USD
2023-02-03,TC1,UK Continent to US Atlantic,VLCC,14.899,USD
2023-02-04,TC1,UK Continent to US Atlantic,VLCC,15.057,USD
2023-02-05,TC1,UK Continent to US Atlantic,VLCC,15.022,USD
2023-02-06,TC1,UK Continent to US Atlantic,VLCC,14.991,USD
2023-02-07,TC1,UK Continent to US Atlantic,VLCC,15.057,USD
2023-02-08,TC1,UK Continent to US Atlantic,VLCC,15.142,USD
2023-02-09,TC1,UK Continent to US Atlantic,VLCC,15.335,USD
2023-02-10,TC1,UK Continent to US Atlantic,VLCC,15.081,USD
2023-02-11,TC1,UK Continent to US Atlantic,VLCC,15.065,USD
2023-02-12,TC1,UK Continent to US Atlantic,VLCC,14.853,USD
2023-02-13,TC1,UK Continent to US Atlantic,VLCC,14.825,USD
2023-02-14,TC1,UK Continent to US Atlantic,VLCC,14.766,USD
2023-02-15,TC1,UK Continent to US Atlantic,VLCC,14.74,USD
2023-02-16,TC1,UK Continent to US Atlantic,VLCC,14.577,USD
2023-02-17,TC1,UK Continent to US Atlantic,VLCC,14.292,USD
2023-02-18,TC1,UK Continent to US Atlantic,VLCC,13.899,USD
2023-02-19,TC1,UK Continent to US Atlantic,VLCC,13.865,USD
2023-02-20,TC1,UK Continent to US Atlantic,VLCC,13.776,USD
2023-02-21,TC1,UK Continent to US Atlantic,VLCC,13.643,USD
2023-02-22,TC1,UK Continent to US Atlantic,VLCC,13.873,USD
2023-02-23,TC1,UK Continent to US Atlantic,VLCC,13.705,USD
2023-02-24,TC1,UK Continent to US Atlantic,VLCC,13.95,USD
2023-02-25,TC1,UK Continent to US Atlantic,VLCC,14.23,USD
2023-02-26,TC1,UK Continent to US Atlantic,VLCC,13.86,USD
2023-02-27,TC1,UK Continent to US Atlantic,VLCC,13.863,USD
2023-02-28,TC1,UK Continent to US Atlantic,VLCC,13.776,USD
2023-03-01,TC1,UK Continent to US Atlantic,VLCC,13.236,USD
2023-03-02,TC1,UK Continent to US Atlantic,VLCC,12.966,USD
2023-03-03,TC1,UK Continent to US Atlantic,VLCC,13.1,USD
2023-03-04,TC1,UK Continent to US Atlantic,VLCC,13.456,USD
2023-03-05,TC1,UK Continent to US Atlantic,VLCC,13.607,USD
2023-03-06,TC1,UK Continent to US Atlantic,VLCC,13.651,USD
2023-03-07,TC1,UK Continent to US Atlantic,VLCC,13.632,USD
2023-03-08,TC1,UK Continent to US Atlantic,VLCC,13.92,USD
2023-03-09,TC1,UK Continent to US Atlantic,VLCC,14.29,USD
2023-03-10,TC1,UK Continent to US Atlantic,VLCC,14.16,USD
2023-03-11,TC1,UK Continent to US Atlantic,VLCC,13.777,USD
2023-03-12,TC1,UK Continent to US Atlantic,VLCC,13.379,USD
2023-03-13,TC1,UK Continent to US Atlantic,VLCC,13.602,USD
2023-03-14,TC1,UK Continent to US Atlantic,VLCC,13.576,USD
2023-03-15,TC1,UK Continent to US Atlantic,VLCC,13.59,USD
2023-03-16,TC1,UK Continent to US Atlantic,VLCC,13.248,USD
2023-03-17,TC1,UK Continent to US Atlantic,VLCC,13.096,USD
2023-03-18,TC1,UK Continent to US Atlantic,VLCC,13.028,USD
2023-03-19,TC1,UK Continent to US Atlantic,VLCC,13.051,USD
2023-03-20,TC1,UK Continent to US Atlantic,VLCC,12.963,USD
2023-03-21,TC1,UK Continent to US Atlantic,VLCC,12.761,USD
2023-03-22,TC1,UK Continent to US Atlantic,VLCC,12.605,USD
2023-03-23,TC1,UK Continent to US Atlantic,VLCC,12.812,USD
2023-03-24,TC1,UK Continent to US Atlantic,VLCC,12.841,USD
2023-03-25,TC1,UK Continent to US Atlantic,VLCC,12.936,USD
2023-03-26,TC1,UK Continent to US Atlantic,VLCC,12.756,USD
2023-03-27,TC1,UK Continent to US Atlantic,VLCC,12.207,USD
2023-03-28,TC1,UK Continent to US Atlantic,VLCC,12.102,USD
2023-03-29,TC1,UK Continent to US Atlantic,VLCC,11.935,USD
2023-03-30,TC1,UK Continent to US Atlantic,VLCC,11.989,USD
2023-03-31,TC1,UK Continent to US Atlantic,VLCC,12.573,USD
2023-04-01,TC1,UK Continent to US Atlantic,VLCC,12.682,USD
2023-04-02,TC1,UK Continent to US Atlantic,VLCC,13.159,USD
2023-04-03,TC1,UK Continent to US Atlantic,VLCC,13.239,USD
2023-04-04,TC1,UK Continent to US Atlantic,VLCC,13.101,USD
2023-04-05,TC1,UK Continent to US Atlantic,VLCC,13.14,USD
2023-04-06,TC1,UK Continent to US Atlantic,VLCC,13.438,USD
2023-04-07,TC1,UK Continent to US Atlantic,VLCC,13.741,USD
2023-04-08,TC1,UK Continent to US Atlantic,VLCC,13.606,USD
2023-04-09,TC1,UK Continent to US Atlantic,VLCC,13.622,USD
2023-04-10,TC1,UK Continent to US Atlantic,VLCC,13.333,USD
2023-04-11,TC1,UK Continent to US Atlantic,VLCC,13.453,USD
2023-04-12,TC1,UK Continent to US Atlantic,VLCC,13.704,USD
2023-04-13,TC1,UK Continent to US Atlantic,VLCC,13.678,USD
2023-04-14,TC1,UK Continent to US Atlantic,VLCC,13.525,USD
2023-04-15,TC1,UK Continent to US Atlantic,VLCC,13.558,USD
2023-04-16,TC1,UK Continent to US Atlantic,VLCC,13.601,USD
2023-04-17,TC1,UK Continent to US Atlantic,VLCC,13.582,USD
2023-04-18,TC1,UK Continent to US Atlantic,VLCC,13.58,USD
2023-04-19,TC1,UK Continent to US Atlantic,VLCC,13.514,USD
2023-04-20,TC1,UK Continent to US Atlantic,VLCC,13.661,USD
2023-04-21,TC1,UK Continent to US Atlantic,VLCC,13.758,USD
2023-04-22,TC1,UK Continent to US Atlantic,VLCC,13.543,USD
2023-04-23,TC1,UK Continent to US Atlantic,VLCC,13.325,USD
2023-04-24,TC1,UK Continent to US Atlantic,VLCC,13.245,USD
2023-04-25,TC1,UK Continent to US Atlantic,VLCC,13.345,USD
2023-04-26,TC1,UK Continent to US Atlantic,VLCC,13.337,USD
2023-04-27,TC1,UK Continent to US Atlantic,VLCC,13.186,USD
2023-04-28,TC1,UK Continent to US Atlantic,VLCC,13.2,USD
2023-04-29,TC1,UK Continent to US Atlantic,VLCC,13.105,USD
2023-04-30,TC1,UK Continent to US Atlantic,VLCC,13.231,USD
2023-05-01,TC1,UK Continent to US Atlantic,VLCC,13.256,USD
2023-05-02,TC1,UK Continent to US Atlantic,VLCC,13.163,USD
2023-05-03,TC1,UK Continent to US Atlantic,VLCC,13.169,USD
2023-05-04,TC1,UK Continent to US Atlantic,VLCC,13.371,USD
2023-05-05,TC1,UK Continent to US Atlantic,VLCC,13.23,USD
2023-05-06,TC1,UK Continent to US Atlantic,VLCC,13.266,USD
2023-05-07,TC1,UK Continent to US Atlantic,VLCC,13.215,USD
2023-05-08,TC1,UK Continent to US Atlantic,VLCC,13.255,USD
2023-05-09,TC1,UK Continent to US Atlantic,VLCC,13.098,USD
2023-05-10,TC1,UK Continent to US Atlantic,VLCC,13.081,USD
2023-05-11,TC1,UK Continent to US Atlantic,VLCC,13.244,USD
2023-05-12,TC1,UK Continent to US Atlantic,VLCC,13.036,USD
2023-05-13,TC1,UK Continent to US Atlantic,VLCC,12.759,USD
2023-05-14,TC1,UK Continent to US Atlantic,VLCC,12.49,USD
2023-05-15,TC1,UK Continent to US Atlantic,VLCC,12.246,USD
2023-05-16,TC1,UK Continent to US Atlantic,VLCC,12.324,USD
2023-05-17,TC1,UK Continent to US Atlantic,VLCC,12.039,USD
2023-05-18,TC1,UK Continent to US Atlantic,VLCC,11.956,USD
2023-05-19,TC1,UK Continent to US Atlantic,VLCC,12.04,USD
2023-05-20,TC1,UK Continent to US Atlantic,VLCC,12.086,USD
2023-05-21,TC1,UK Continent to US Atlantic,VLCC,11.986,USD
2023-05-22,TC1,UK Continent to US Atlantic,VLCC,11.992,USD
2023-05-23,TC1,UK Continent to US Atlantic,VLCC,11.982,USD
2023-05-24,TC1,UK Continent to US Atlantic,VLCC,11.912,USD
2023-05-25,TC1,UK Continent to US Atlantic,VLCC,11.845,USD
2023-05-26,TC1,UK Continent to US Atlantic,VLCC,12.22,USD
2023-05-27,TC1,UK Continent to US Atlantic,VLCC,12.334,USD
2023-05-28,TC1,UK Continent to US Atlantic,VLCC,12.749,USD
2023-05-29,TC1,UK Continent to US Atlantic,VLCC,12.621,USD
2023-05-30,TC1,UK Continent to US Atlantic,VLCC,12.568,USD
2023-05-31,TC1,UK Continent to US Atlantic,VLCC,12.291,USD
2023-06-01,TC1,UK Continent to US Atlantic,VLCC,12.111,USD
2023-06-02,TC1,UK Continent to US Atlantic,VLCC,12.422,USD
2023-06-03,TC1,UK Continent to US Atlantic,VLCC,12.292,USD
2023-06-04,TC1,UK Continent to US Atlantic,VLCC,12.604,USD
2023-06-05,TC1,UK Continent to US Atlantic,VLCC,12.342,USD
2023-06-06,TC1,UK Continent to US Atlantic,VLCC,12.116,USD
2023-06-07,TC1,UK Continent to US Atlantic,VLCC,12.022,USD
2023-06-08,TC1,UK Continent to US Atlantic,VLCC,11.978,USD
2023-06-09,TC1,UK Continent to US Atlantic,VLCC,12.113,USD
2023-06-10,TC1,UK Continent to US Atlantic,VLCC,12.161,USD
2023-06-11,TC1,UK Continent to US Atlantic,VLCC,12.052,USD
2023-06-12,TC1,UK Continent to US Atlantic,VLCC,11.995,USD
2023-06-13,TC1,UK Continent to US Atlantic,VLCC,11.905,USD
2023-06-14,TC1,UK Continent to US Atlantic,VLCC,11.709,USD
2023-06-15,TC1,UK Continent to US Atlantic,VLCC,11.519,USD
2023-06-16,TC1,UK Continent to US Atlantic,VLCC,11.677,USD
2023-06-17,TC1,UK Continent to US Atlantic,VLCC,11.317,USD
2023-06-18,TC1,UK Continent to US Atlantic,VLCC,11.583,USD
2023-06-19,TC1,UK Continent to US Atlantic,VLCC,11.493,USD
2023-06-20,TC1,UK Continent to US Atlantic,VLCC,11.326,USD
2023-06-21,TC1,UK Continent to US Atlantic,VLCC,11.434,USD
2023-06-22,TC1,UK Continent to US Atlantic,VLCC,11.675,USD
2023-06-23,TC1,UK Continent to US Atlantic,VLCC,11.848,USD
2023-06-24,TC1,UK Continent to US Atlantic,VLCC,11.908,USD
2023-06-25,TC1,UK Continent to US Atlantic,VLCC,12.073,USD
2023-06-26,TC1,UK Continent to US Atlantic,VLCC,11.729,USD
2023-06-27,TC1,UK Continent to US Atlantic,VLCC,11.605,USD
2023-06-28,TC1,UK Continent to US Atlantic,VLCC,11.412,USD
2023-06-29,TC1,UK Continent to US Atlantic,VLCC,11.607,USD
2023-06-30,TC1,UK Continent to US Atlantic,VLCC,11.51,USD
2023-07-01,TC1,UK Continent to US Atlantic,VLCC,11.635,USD
2023-07-02,TC1,UK Continent to US Atlantic,VLCC,11.704,USD
2023-07-03,TC1,UK Continent to US Atlantic,VLCC,11.519,USD
2023-07-04,TC1,UK Continent to US Atlantic,VLCC,11.386,USD
2023-07-05,TC1,UK Continent to US Atlantic,VLCC,11.594,USD
2023-07-06,TC1,UK Continent to US Atlantic,VLCC,11.427,USD
2023-07-07,TC1,UK Continent to US Atlantic,VLCC,11.424,USD
2023-07-08,TC1,UK Continent to US Atlantic,VLCC,11.257,USD
2023-07-09,TC1,UK Continent to US Atlantic,VLCC,11.176,USD
2023-07-10,TC1,UK Continent to US Atlantic,VLCC,11.145,USD
2023-07-11,TC1,UK Continent to US Atlantic,VLCC,10.981,USD
2023-07-12,TC1,UK Continent to US Atlantic,VLCC,10.787,USD
2023-07-13,TC1,UK Continent to US Atlantic,VLCC,10.821,USD
2023-07-14,TC1,UK Continent to US Atlantic,VLCC,10.65,USD
2023-07-15,TC1,UK Continent to US Atlantic,VLCC,10.487,USD
2023-07-16,TC1,UK Continent to US Atlantic,VLCC,10.302,USD
2023-07-17,TC1,UK Continent to US Atlantic,VLCC,10.275,USD
2023-07-18,TC1,UK Continent to US Atlantic,VLCC,10.434,USD
2023-07-19,TC1,UK Continent to US Atlantic,VLCC,10.692,USD
2023-07-20,TC1,UK Continent to US Atlantic,VLCC,10.545,USD
2023-07-21,TC1,UK Continent to US Atlantic,VLCC,10.92,USD
2023-07-22,TC1,UK Continent to US Atlantic,VLCC,10.72,USD
2023-07-23,TC1,UK Continent to US Atlantic,VLCC,10.901,USD
2023-07-24,TC1,UK Continent to US Atlantic,VLCC,10.753,USD
2023-07-25,TC1,UK Continent to US Atlantic,VLCC,10.58,USD
2023-07-26,TC1,UK Continent to US Atlantic,VLCC,10.433,USD
2023-07-27,TC1,UK Continent to US Atlantic,VLCC,10.412,USD
2023-07-28,TC1,UK Continent to US Atlantic,VLCC,10.505,USD
2023-07-29,TC1,UK Continent to US Atlantic,VLCC,10.615,USD
2023-07-30,TC1,UK Continent to US Atlantic,VLCC,10.432,USD
2023-07-31,TC1,UK Continent to US Atlantic,VLCC,10.242,USD
2023-08-01,TC1,UK Continent to US Atlantic,VLCC,10.069,USD
2023-08-02,TC1,UK Continent to US Atlantic,VLCC,10.042,USD
2023-08-03,TC1,UK Continent to US Atlantic,VLCC,9.999,USD
2023-08-04,TC1,UK Continent to US Atlantic,VLCC,9.822,USD
2023-08-05,TC1,UK Continent to US Atlantic,VLCC,9.868,USD
2023-08-06,TC1,UK Continent to US Atlantic,VLCC,10.274,USD
2023-08-07,TC1,UK Continent to US Atlantic,VLCC,10.177,USD
2023-08-08,TC1,UK Continent to US Atlantic,VLCC,10.093,USD
2023-08-09,TC1,UK Continent to US Atlantic,VLCC,10.19,USD
2023-08-10,TC1,UK Continent to US Atlantic,VLCC,10.085,USD
2023-08-11,TC1,UK Continent to US Atlantic,VLCC,10.202,USD
2023-08-12,TC1,UK Continent to US Atlantic,VLCC,10.068,USD
2023-08-13,TC1,UK Continent to US Atlantic,VLCC,10.397,USD
2023-08-14,TC1,UK Continent to US Atlantic,VLCC,10.454,USD
2023-08-15,TC1,UK Continent to US Atlantic,VLCC,10.337,USD
2023-08-16,TC1,UK Continent to US Atlantic,VLCC,10.227,USD
2023-08-17,TC1,UK Continent to US Atlantic,VLCC,10.131,USD
2023-08-18,TC1,UK Continent to US Atlantic,VLCC,10.379,USD
2023-08-19,TC1,UK Continent to US Atlantic,VLCC,10.146,USD
2023-08-20,TC1,UK Continent to US Atlantic,VLCC,10.025,USD
2023-08-21,TC1,UK Continent to US Atlantic,VLCC,9.925,USD
2023-08-22,TC1,UK Continent to US Atlantic,VLCC,9.925,USD
2023-08-23,TC1,UK Continent to US Atlantic,VLCC,9.879,USD
2023-08-24,TC1,UK Continent to US Atlantic,VLCC,9.614,USD
2023-08-25,TC1,UK Continent to US Atlantic,VLCC,9.548,USD
2023-08-26,TC1,UK Continent to US Atlantic,VLCC,9.539,USD
2023-08-27,TC1,UK Continent to US Atlantic,VLCC,9.434,USD
2023-08-28,TC1,UK Continent to US Atlantic,VLCC,9.568,USD
2023-08-29,TC1,UK Continent to US Atlantic,VLCC,9.743,USD
2023-08-30,TC1,UK Continent to US Atlantic,VLCC,9.737,USD
2023-08-31,TC1,UK Continent to US Atlantic,VLCC,9.787,USD
2023-09-01,TC1,UK Continent to US Atlantic,VLCC,9.405,USD
2023-09-02,TC1,UK Continent to US Atlantic,VLCC,9.342,USD
2023-09-03,TC1,UK Continent to US Atlantic,VLCC,9.537,USD
2023-09-04,TC1,UK Continent to US Atlantic,VLCC,9.473,USD
2023-09-05,TC1,UK Continent to US Atlantic,VLCC,9.353,USD
2023-09-06,TC1,UK Continent to US Atlantic,VLCC,9.78,USD
2023-09-07,TC1,UK Continent to US Atlantic,VLCC,10.12,USD
2023-09-08,TC1,UK Continent to US Atlantic,VLCC,10.212,USD
2023-09-09,TC1,UK Continent to US Atlantic,VLCC,10.426,USD
2023-09-10,TC1,UK Continent to US Atlantic,VLCC,10.03,USD
2023-09-11,TC1,UK Continent to US Atlantic,VLCC,9.898,USD
2023-09-12,TC1,UK Continent to US Atlantic,VLCC,9.825,USD
2023-09-13,TC1,UK Continent to US Atlantic,VLCC,9.796,USD
2023-09-14,TC1,UK Continent to US Atlantic,VLCC,9.722,USD
2023-09-15,TC1,UK Continent to US Atlantic,VLCC,9.277,USD
2023-09-16,TC1,UK Continent to US Atlantic,VLCC,9.367,USD
2023-09-17,TC1,UK Continent to US Atlantic,VLCC,9.485,USD
2023-09-18,TC1,UK Continent to US Atlantic,VLCC,9.794,USD
2023-09-19,TC1,UK Continent to US Atlantic,VLCC,9.668,USD
2023-09-20,TC1,UK Continent to US Atlantic,VLCC,9.529,USD
2023-09-21,TC1,UK Continent to US Atlantic,VLCC,9.065,USD
2023-09-22,TC1,UK Continent to US Atlantic,VLCC,9.037,USD
2023-09-23,TC1,UK Continent to US Atlantic,VLCC,9.226,USD
2023-09-24,TC1,UK Continent to US Atlantic,VLCC,9.141,USD
2023-09-25,TC1,UK Continent to US Atlantic,VLCC,9.554,USD
2023-09-26,TC1,UK Continent to US Atlantic,VLCC,9.53,USD
2023-09-27,TC1,UK Continent to US Atlantic,VLCC,9.579,USD
2023-09-28,TC1,UK Continent to US Atlantic,VLCC,9.356,USD
2023-09-29,TC1,UK Continent to US Atlantic,VLCC,9.434,USD
2023-09-30,TC1,UK Continent to US Atlantic,VLCC,9.102,USD
2023-10-01,TC1,UK Continent to US Atlantic,VLCC,9.256,USD
2023-10-02,TC1,UK Continent to US Atlantic,VLCC,9.415,USD
2023-10-03,TC1,UK Continent to US Atlantic,VLCC,9.688,USD
2023-10-04,TC1,UK Continent to US Atlantic,VLCC,9.528,USD
2023-10-05,TC1,UK Continent to US Atlantic,VLCC,9.584,USD
2023-10-06,TC1,UK Continent to US Atlantic,VLCC,9.712,USD
2023-10-07,TC1,UK Continent to US Atlantic,VLCC,9.818,USD
2023-10-08,TC1,UK Continent to US Atlantic,VLCC,9.687,USD
2023-10-09,TC1,UK Continent to US Atlantic,VLCC,9.282,USD
2023-10-10,TC1,UK Continent to US Atlantic,VLCC,9.376,USD
2023-10-11,TC1,UK Continent to US Atlantic,VLCC,9.379,USD
2023-10-12,TC1,UK Continent to US Atlantic,VLCC,9.308,USD
2023-10-13,TC1,UK Continent to US Atlantic,VLCC,9.479,USD
2023-10-14,TC1,UK Continent to US Atlantic,VLCC,9.502,USD
2023-10-15,TC1,UK Continent to US Atlantic,VLCC,9.295,USD
2023-10-16,TC1,UK Continent to US Atlantic,VLCC,8.98,USD
2023-10-17,TC1,UK Continent to US Atlantic,VLCC,8.813,USD
2023-10-18,TC1,UK Continent to US Atlantic,VLCC,9.285,USD
2023-10-19,TC1,UK Continent to US Atlantic,VLCC,9.451,USD
2023-10-20,TC1,UK Continent to US Atlantic,VLCC,9.519,USD
2023-10-21,TC1,UK Continent to US Atlantic,VLCC,9.52,USD
2023-10-22,TC1,UK Continent to US Atlantic,VLCC,9.509,USD
2023-10-23,TC1,UK Continent to US Atlantic,VLCC,9.755,USD
2023-10-24,TC1,UK Continent to US Atlantic,VLCC,9.699,USD
2023-10-25,TC1,UK Continent to US Atlantic,VLCC,9.837,USD
2023-10-26,TC1,UK Continent to US Atlantic,VLCC,9.806,USD
2023-10-27,TC1,UK Continent to US Atlantic,VLCC,10.19,USD
2023-10-28,TC1,UK Continent to US Atlantic,VLCC,10.354,USD
2023-10-29,TC1,UK Continent to US Atlantic,VLCC,10.607,USD
2023-10-30,TC1,UK Continent to US Atlantic,VLCC,10.528,USD
2023-10-31,TC1,UK Continent to US Atlantic,VLCC,10.747,USD
2023-11-01,TC1,UK Continent to US Atlantic,VLCC,10.716,USD
2023-11-02,TC1,UK Continent to US Atlantic,VLCC,10.762,USD
2023-11-03,TC1,UK Continent to US Atlantic,VLCC,11.083,USD
2023-11-04,TC1,UK Continent to US Atlantic,VLCC,10.918,USD
2023-11-05,TC1,UK Continent to US Atlantic,VLCC,10.98,USD
2023-11-06,TC1,UK Continent to US Atlantic,VLCC,11.084,USD
2023-11-07,TC1,UK Continent to US Atlantic,VLCC,11.202,USD
2023-11-08,TC1,UK Continent to US Atlantic,VLCC,11.144,USD
2023-11-09,TC1,UK Continent to US Atlantic,VLCC,11.546,USD
2023-11-10,TC1,UK Continent to US Atlantic,VLCC,11.332,USD
2023-11-11,TC1,UK Continent to US Atlantic,VLCC,11.619,USD
2023-11-12,TC1,UK Continent to US Atlantic,VLCC,11.859,USD
2023-11-13,TC1,UK Continent to US Atlantic,VLCC,12.22,USD
2023-11-14,TC1,UK Continent to US Atlantic,VLCC,11.948,USD
2023-11-15,TC1,UK Continent to US Atlantic,VLCC,11.809,USD
2023-11-16,TC1,UK Continent to US Atlantic,VLCC,12.098,USD
2023-11-17,TC1,UK Continent to US Atlantic,VLCC,11.776,USD
2023-11-18,TC1,UK Continent to US Atlantic,VLCC,11.506,USD
2023-11-19,TC1,UK Continent to US Atlantic,VLCC,11.441,USD
2023-11-20,TC1,UK Continent to US Atlantic,VLCC,11.5,USD
2023-11-21,TC1,UK Continent to US Atlantic,VLCC,11.812,USD
2023-11-22,TC1,UK Continent to US Atlantic,VLCC,11.799,USD
2023-11-23,TC1,UK Continent to US Atlantic,VLCC,11.71,USD
2023-11-24,TC1,UK Continent to US Atlantic,VLCC,11.789,USD
2023-11-25,TC1,UK Continent to US Atlantic,VLCC,11.896,USD
2023-11-26,TC1,UK Continent to US Atlantic,VLCC,11.996,USD
2023-11-27,TC1,UK Continent to US Atlantic,VLCC,11.984,USD
2023-11-28,TC1,UK Continent to US Atlantic,VLCC,11.651,USD
2023-11-29,TC1,UK Continent to US Atlantic,VLCC,11.509,USD
2023-11-30,TC1,UK Continent to US Atlantic,VLCC,11.791,USD
2023-12-01,TC1,UK Continent to US Atlantic,VLCC,11.848,USD
2023-12-02,TC1,UK Continent to US Atlantic,VLCC,11.812,USD
2023-12-03,TC1,UK Continent to US Atlantic,VLCC,12.037,USD
2023-12-04,TC1,UK Continent to US Atlantic,VLCC,11.853,USD
2023-12-05,TC1,UK Continent to US Atlantic,VLCC,11.835,USD
2023-12-06,TC1,UK Continent to US Atlantic,VLCC,11.883,USD
2023-12-07,TC1,UK Continent to US Atlantic,VLCC,11.826,USD
2023-12-08,TC1,UK Continent to US Atlantic,VLCC,11.867,USD
2023-12-09,TC1,UK Continent to US Atlantic,VLCC,11.856,USD
2023-12-10,TC1,UK Continent to US Atlantic,VLCC,11.627,USD
2023-12-11,TC1,UK Continent to US Atlantic,VLCC,11.685,USD
2023-12-12,TC1,UK Continent to US Atlantic,VLCC,11.47,USD
2023-12-13,TC1,UK Continent to US Atlantic,VLCC,11.527,USD
2023-12-14,TC1,UK Continent to US Atlantic,VLCC,11.802,USD
2023-12-15,TC1,UK Continent to US Atlantic,VLCC,11.775,USD
2023-12-16,TC1,UK Continent to US Atlantic,VLCC,11.588,USD
2023-12-17,TC1,UK Continent to US Atlantic,VLCC,11.591,USD
2023-12-18,TC1,UK Continent to US Atlantic,VLCC,11.467,USD
2023-12-19,TC1,UK Continent to US Atlantic,VLCC,11.602,USD
2023-12-20,TC1,UK Continent to US Atlantic,VLCC,11.601,USD
2023-12-21,TC1,UK Continent to US Atlantic,VLCC,11.936,USD
2023-12-22,TC1,UK Continent to US Atlantic,VLCC,12.169,USD
2023-12-23,TC1,UK Continent to US Atlantic,VLCC,12.161,USD
2023-12-24,TC1,UK Continent to US Atlantic,VLCC,12.311,USD
2023-12-25,TC1,UK Continent to US Atlantic,VLCC,12.259,USD
2023-12-26,TC1,UK Continent to US Atlantic,VLCC,12.284,USD
2023-12-27,TC1,UK Continent to US Atlantic,VLCC,12.238,USD
2023-12-28,TC1,UK Continent to US Atlantic,VLCC,12.396,USD
2023-12-29,TC1,UK Continent to US Atlantic,VLCC,12.673,USD
2023-12-30,TC1,UK Continent to US Atlantic,VLCC,12.832,USD
2023-12-31,TC1,UK Continent to US Atlantic,VLCC,13.012,USD
2024-01-01,TC1,UK Continent to US Atlantic,VLCC,13.19,USD
2024-01-02,TC1,UK Continent to US Atlantic,VLCC,13.299,USD
2024-01-03,TC1,UK Continent to US Atlantic,VLCC,13.101,USD
2024-01-04,TC1,UK Continent to US Atlantic,VLCC,13.419,USD
2024-01-05,TC1,UK Continent to US Atlantic,VLCC,13.751,USD
2024-01-06,TC1,UK Continent to US Atlantic,VLCC,13.713,USD
2024-01-07,TC1,UK Continent to US Atlantic,VLCC,13.649,USD
2024-01-08,TC1,UK Continent to US Atlantic,VLCC,13.764,USD
2024-01-09,TC1,UK Continent to US Atlantic,VLCC,13.866,USD
2024-01-10,TC1,UK Continent to US Atlantic,VLCC,13.831,USD
2024-01-11,TC1,UK Continent to US Atlantic,VLCC,13.607,USD
2024-01-12,TC1,UK Continent to US Atlantic,VLCC,13.666,USD
2024-01-13,TC1,UK Continent to US Atlantic,VLCC,13.769,USD
2024-01-14,TC1,UK Continent to US Atlantic,VLCC,13.902,USD
2024-01-15,TC1,UK Continent to US Atlantic,VLCC,13.965,USD
2024-01-16,TC1,UK Continent to US Atlantic,VLCC,13.916,USD
2024-01-17,TC1,UK Continent to US Atlantic,VLCC,14.095,USD
2024-01-18,TC1,UK Continent to US Atlantic,VLCC,14.104,USD
2024-01-19,TC1,UK Continent to US Atlantic,VLCC,14.018,USD
2024-01-20,TC1,UK Continent to US Atlantic,VLCC,13.983,USD
2024-01-21,TC1,UK Continent to US Atlantic,VLCC,13.666,USD
2024-01-22,TC1,UK Continent to US Atlantic,VLCC,13.634,USD
2024-01-23,TC1,UK Continent to US Atlantic,VLCC,13.759,USD
2024-01-24,TC1,UK Continent to US Atlantic,VLCC,13.82,USD
2024-01-25,TC1,UK Continent to US Atlantic,VLCC,14.094,USD
2024-01-26,TC1,UK Continent to US Atlantic,VLCC,14.042,USD
2024-01-27,TC1,UK Continent to US Atlantic,VLCC,14.126,USD
2024-01-28,TC1,UK Continent to US Atlantic,VLCC,14.264,USD
2024-01-29,TC1,UK Continent to US Atlantic,VLCC,14.68,USD
2024-01-30,TC1,UK Continent to US Atlantic,VLCC,14.695,USD
2024-01-31,TC1,UK Continent to US Atlantic,VLCC,14.494,USD
2024-02-01,TC1,UK Continent to US Atlantic,VLCC,14.637,USD
2024-02-02,TC1,UK Continent to US Atlantic,VLCC,14.963,USD
2024-02-03,TC1,UK Continent to US Atlantic,VLCC,14.889,USD
2024-02-04,TC1,UK Continent to US Atlantic,VLCC,15.026,USD
2024-02-05,TC1,UK Continent to US Atlantic,VLCC,15.231,USD
2024-02-06,TC1,UK Continent to US Atlantic,VLCC,15.396,USD
2024-02-07,TC1,UK Continent to US Atlantic,VLCC,15.397,USD
2024-02-08,TC1,UK Continent to US Atlantic,VLCC,15.249,USD
2024-02-09,TC1,UK Continent to US Atlantic,VLCC,15.214,USD
2024-02-10,TC1,UK Continent to US Atlantic,VLCC,15.277,USD
2024-02-11,TC1,UK Continent to US Atlantic,VLCC,15.419,USD
2024-02-12,TC1,UK Continent to US Atlantic,VLCC,15.456,USD
2024-02-13,TC1,UK Continent to US Atlantic,VLCC,15.364,USD
2024-02-14,TC1,UK Continent to US Atlantic,VLCC,15.441,USD
2024-02-15,TC1,UK Continent to US Atlantic,VLCC,15.571,USD
2024-02-16,TC1,UK Continent to US Atlantic,VLCC,15.614,USD
2024-02-17,TC1,UK Continent to US Atlantic,VLCC,15.435,USD
2024-02-18,TC1,UK Continent to US Atlantic,VLCC,15.377,USD
2024-02-19,TC1,UK Continent to US Atlantic,VLCC,15.522,USD
2024-02-20,TC1,UK Continent to US Atlantic,VLCC,15.245,USD
2024-02-21,TC1,UK Continent to US Atlantic,VLCC,14.842,USD
2024-02-22,TC1,UK Continent to US Atlantic,VLCC,15.093,USD
2024-02-23,TC1,UK Continent to US Atlantic,VLCC,15.161,USD
2024-02-24,TC1,UK Continent to US Atlantic,VLCC,15.245,USD
2024-02-25,TC1,UK Continent to US Atlantic,VLCC,15.023,USD
2024-02-26,TC1,UK Continent to US Atlantic,VLCC,15.132,USD
2024-02-27,TC1,UK Continent to US Atlantic,VLCC,15.155,USD
2024-02-28,TC1,UK Continent to US Atlantic,VLCC,14.841,USD
2024-02-29,TC1,UK Continent to US Atlantic,VLCC,15.074,USD
2024-03-01,TC1,UK Continent to US Atlantic,VLCC,15.076,USD
2024-03-02,TC1,UK Continent to US Atlantic,VLCC,14.976,USD
2024-03-03,TC1,UK Continent to US Atlantic,VLCC,14.881,USD
2024-03-04,TC1,UK Continent to US Atlantic,VLCC,14.49,USD
2024-03-05,TC1,UK Continent to US Atlantic,VLCC,14.574,USD
2024-03-06,TC1,UK Continent to US Atlantic,VLCC,14.597,USD
2024-03-07,TC1,UK Continent to US Atlantic,VLCC,14.536,USD
2024-03-08,TC1,UK Continent to US Atlantic,VLCC,14.742,USD
2024-03-09,TC1,UK Continent to US Atlantic,VLCC,14.465,USD
2024-03-10,TC1,UK Continent to US Atlantic,VLCC,14.331,USD
2024-03-11,TC1,UK Continent to US Atlantic,VLCC,14.153,USD
2024-03-12,TC1,UK Continent to US Atlantic,VLCC,14.08,USD
2024-03-13,TC1,UK Continent to US Atlantic,VLCC,14.069,USD
2024-03-14,TC1,UK Continent to US Atlantic,VLCC,14.124,USD
2024-03-15,TC1,UK Continent to US Atlantic,VLCC,14.037,USD
2024-03-16,TC1,UK Continent to US Atlantic,VLCC,13.854,USD
2024-03-17,TC1,UK Continent to US Atlantic,VLCC,14.137,USD
2024-03-18,TC1,UK Continent to US Atlantic,VLCC,14.547,USD
2024-03-19,TC1,UK Continent to US Atlantic,VLCC,14.542,USD
2024-03-20,TC1,UK Continent to US Atlantic,VLCC,14.375,USD
2024-03-21,TC1,UK Continent to US Atlantic,VLCC,14.612,USD
2024-03-22,TC1,UK Continent to US Atlantic,VLCC,14.318,USD
2024-03-23,TC1,UK Continent to US Atlantic,VLCC,14.228,USD
2024-03-24,TC1,UK Continent to US Atlantic,VLCC,14.072,USD
2024-03-25,TC1,UK Continent to US Atlantic,VLCC,13.834,USD
2024-03-26,TC1,UK Continent to US Atlantic,VLCC,13.757,USD
2024-03-27,TC1,UK Continent to US Atlantic,VLCC,13.575,USD
2024-03-28,TC1,UK Continent to US Atlantic,VLCC,13.552,USD
2024-03-29,TC1,UK Continent to US Atlantic,VLCC,13.532,USD
2024-03-30,TC1,UK Continent to US Atlantic,VLCC,13.395,USD
2024-03-31,TC1,UK Continent to US Atlantic,VLCC,13.303,USD
2024-04-01,TC1,UK Continent to US Atlantic,VLCC,13.237,USD
2024-04-02,TC1,UK Continent to US Atlantic,VLCC,13.36,USD
2024-04-03,TC1,UK Continent to US Atlantic,VLCC,13.308,USD
2024-04-04,TC1,UK Continent to US Atlantic,VLCC,13.431,USD
2024-04-05,TC1,UK Continent to US Atlantic,VLCC,13.51,USD
2024-04-06,TC1,UK Continent to US Atlantic,VLCC,13.585,USD
2024-04-07,TC1,UK Continent to US Atlantic,VLCC,13.806,USD
2024-04-08,TC1,UK Continent to US Atlantic,VLCC,13.572,USD
2024-04-09,TC1,UK Continent to US Atlantic,VLCC,13.456,USD
2024-04-10,TC1,UK Continent to US Atlantic,VLCC,13.745,USD
2024-04-11,TC1,UK Continent to US Atlantic,VLCC,13.666,USD
2024-04-12,TC1,UK Continent to US Atlantic,VLCC,13.125,USD
2024-04-13,TC1,UK Continent to US Atlantic,VLCC,13.061,USD
2024-04-14,TC1,UK Continent to US Atlantic,VLCC,13.058,USD
2024-04-15,TC1,UK Continent to US Atlantic,VLCC,12.557,USD
2024-04-16,TC1,UK Continent to US Atlantic,VLCC,12.775,USD
2024-04-17,TC1,UK Continent to US Atlantic,VLCC,12.62,USD
2024-04-18,TC1,UK Continent to US Atlantic,VLCC,12.655,USD
2024-04-19,TC1,UK Continent to US Atlantic,VLCC,12.589,USD
2024-04-20,TC1,UK Continent to US Atlantic,VLCC,12.331,USD
2024-04-21,TC1,UK Continent to US Atlantic,VLCC,12.114,USD
2024-04-22,TC1,UK Continent to US Atlantic,VLCC,11.924,USD
2024-04-23,TC1,UK Continent to US Atlantic,VLCC,12.101,USD
2024-04-24,TC1,UK Continent to US Atlantic,VLCC,12.052,USD
2024-04-25,TC1,UK Continent to US Atlantic,VLCC,11.936,USD
2024-04-26,TC1,UK Continent to US Atlantic,VLCC,11.747,USD
2024-04-27,TC1,UK Continent to US Atlantic,VLCC,11.943,USD
2024-04-28,TC1,UK Continent to US Atlantic,VLCC,12.186,USD
2024-04-29,TC1,UK Continent to US Atlantic,VLCC,12.376,USD
2024-04-30,TC1,UK Continent to US Atlantic,VLCC,12.438,USD
2024-05-01,TC1,UK Continent to US Atlantic,VLCC,12.463,USD
2024-05-02,TC1,UK Continent to US Atlantic,VLCC,12.214,USD
2024-05-03,TC1,UK Continent to US Atlantic,VLCC,12.144,USD
2024-05-04,TC1,UK Continent to US Atlantic,VLCC,11.994,USD
2024-05-05,TC1,UK Continent to US Atlantic,VLCC,11.64,USD
2024-05-06,TC1,UK Continent to US Atlantic,VLCC,11.809,USD
2024-05-07,TC1,UK Continent to US Atlantic,VLCC,11.66,USD
2024-05-08,TC1,UK Continent to US Atlantic,VLCC,11.854,USD
2024-05-09,TC1,UK Continent to US Atlantic,VLCC,11.989,USD
2024-05-10,TC1,UK Continent to US Atlantic,VLCC,12.063,USD
2024-05-11,TC1,UK Continent to US Atlantic,VLCC,12.147,USD
2024-05-12,TC1,UK Continent to US Atlantic,VLCC,12.007,USD
2024-05-13,TC1,UK Continent to US Atlantic,VLCC,12.316,USD
2024-05-14,TC1,UK Continent to US Atlantic,VLCC,12.293,USD
2024-05-15,TC1,UK Continent to US Atlantic,VLCC,12.317,USD
2024-05-16,TC1,UK Continent to US Atlantic,VLCC,12.168,USD
2024-05-17,TC1,UK Continent to US Atlantic,VLCC,11.97,USD
2024-05-18,TC1,UK Continent to US Atlantic,VLCC,12.028,USD
2024-05-19,TC1,UK Continent to US Atlantic,VLCC,12.038,USD
2024-05-20,TC1,UK Continent to US Atlantic,VLCC,11.866,USD
2024-05-21,TC1,UK Continent to US Atlantic,VLCC,11.578,USD
2024-05-22,TC1,UK Continent to US Atlantic,VLCC,11.324,USD
2024-05-23,TC1,UK Continent to US Atlantic,VLCC,11.517,USD
2024-05-24,TC1,UK Continent to US Atlantic,VLCC,11.381,USD
2024-05-25,TC1,UK Continent to US Atlantic,VLCC,11.296,USD
2024-05-26,TC1,UK Continent to US Atlantic,VLCC,11.535,USD
2024-05-27,TC1,UK Continent to US Atlantic,VLCC,11.306,USD
2024-05-28,TC1,UK Continent to US Atlantic,VLCC,11.151,USD
2024-05-29,TC1,UK Continent to US Atlantic,VLCC,10.99,USD
2024-05-30,TC1,UK Continent to US Atlantic,VLCC,11.262,USD
2024-05-31,TC1,UK Continent to US Atlantic,VLCC,11.598,USD
2024-06-01,TC1,UK Continent to US Atlantic,VLCC,11.707,USD
2024-06-02,TC1,UK Continent to US Atlantic,VLCC,11.82,USD
2024-06-03,TC1,UK Continent to US Atlantic,VLCC,11.685,USD
2024-06-04,TC1,UK Continent to US Atlantic,VLCC,12.009,USD
2024-06-05,TC1,UK Continent to US Atlantic,VLCC,12.025,USD
2024-06-06,TC1,UK Continent to US Atlantic,VLCC,12.147,USD
2024-06-07,TC1,UK Continent to US Atlantic,VLCC,12.095,USD
2024-06-08,TC1,UK Continent to US Atlantic,VLCC,12.013,USD
2024-06-09,TC1,UK Continent to US Atlantic,VLCC,12.282,USD
2024-06-10,TC1,UK Continent to US Atlantic,VLCC,12.344,USD
2024-06-11,TC1,UK Continent to US Atlantic,VLCC,12.571,USD
2024-06-12,TC1,UK Continent to US Atlantic,VLCC,12.579,USD
2024-06-13,TC1,UK Continent to US Atlantic,VLCC,12.387,USD
2024-06-14,TC1,UK Continent to US Atlantic,VLCC,12.245,USD
2024-06-15,TC1,UK Continent to US Atlantic,VLCC,12.229,USD
2024-06-16,TC1,UK Continent to US Atlantic,VLCC,12.081,USD
2024-06-17,TC1,UK Continent to US Atlantic,VLCC,11.848,USD
2024-06-18,TC1,UK Continent to US Atlantic,VLCC,12.034,USD
2024-06-19,TC1,UK Continent to US Atlantic,VLCC,11.902,USD
2024-06-20,TC1,UK Continent to US Atlantic,VLCC,11.896,USD
2024-06-21,TC1,UK Continent to US Atlantic,VLCC,11.918,USD
2024-06-22,TC1,UK Continent to US Atlantic,VLCC,11.78,USD
2024-06-23,TC1,UK Continent to US Atlantic,VLCC,12.012,USD
2024-06-24,TC1,UK Continent to US Atlantic,VLCC,11.777,USD
2024-06-25,TC1,UK Continent to US Atlantic,VLCC,11.794,USD
2024-06-26,TC1,UK Continent to US Atlantic,VLCC,11.808,USD
2024-06-27,TC1,UK Continent to US Atlantic,VLCC,11.768,USD
2024-06-28,TC1,UK Continent to US Atlantic,VLCC,11.504,USD
2024-06-29,TC1,UK Continent to US Atlantic,VLCC,11.634,USD
2024-06-30,TC1,UK Continent to US Atlantic,VLCC,11.74,USD
2024-07-01,TC1,UK Continent to US Atlantic,VLCC,11.589,USD
2024-07-02,TC1,UK Continent to US Atlantic,VLCC,11.689,USD
2024-07-03,TC1,UK Continent to US Atlantic,VLCC,11.728,USD
2024-07-04,TC1,UK Continent to US Atlantic,VLCC,11.467,USD
2024-07-05,TC1,UK Continent to US Atlantic,VLCC,11.287,USD
2024-07-06,TC1,UK Continent to US Atlantic,VLCC,11.468,USD
2024-07-07,TC1,UK Continent to US Atlantic,VLCC,11.498,USD
2024-07-08,TC1,UK Continent to US Atlantic,VLCC,11.37,USD
2024-07-09,TC1,UK Continent to US Atlantic,VLCC,11.19,USD
2024-07-10,TC1,UK Continent to US Atlantic,VLCC,11.074,USD
2024-07-11,TC1,UK Continent to US Atlantic,VLCC,10.973,USD
2024-07-12,TC1,UK Continent to US Atlantic,VLCC,10.8,USD
2024-07-13,TC1,UK Continent to US Atlantic,VLCC,10.467,USD
2024-07-14,TC1,UK Continent to US Atlantic,VLCC,10.658,USD
2024-07-15,TC1,UK Continent to US Atlantic,VLCC,10.817,USD
2024-07-16,TC1,UK Continent to US Atlantic,VLCC,10.569,USD
2024-07-17,TC1,UK Continent to US Atlantic,VLCC,10.578,USD
2024-07-18,TC1,UK Continent to US Atlantic,VLCC,10.4,USD
2024-07-19,TC1,UK Continent to US Atlantic,VLCC,10.34,USD
2024-07-20,TC1,UK Continent to US Atlantic,VLCC,10.266,USD
2024-07-21,TC1,UK Continent to US Atlantic,VLCC,10.177,USD
2024-07-22,TC1,UK Continent to US Atlantic,VLCC,10.529,USD
2024-07-23,TC1,UK Continent to US Atlantic,VLCC,10.436,USD
2024-07-24,TC1,UK Continent to US Atlantic,VLCC,10.278,USD
2024-07-25,TC1,UK Continent to US Atlantic,VLCC,10.13,USD
2024-07-26,TC1,UK Continent to US Atlantic,VLCC,10.31,USD
2024-07-27,TC1,UK Continent to US Atlantic,VLCC,10.001,USD
2024-07-28,TC1,UK Continent to US Atlantic,VLCC,9.857,USD
2024-07-29,TC1,UK Continent to US Atlantic,VLCC,10.113,USD
2024-07-30,TC1,UK Continent to US Atlantic,VLCC,10.15,USD
2024-07-31,TC1,UK Continent to US Atlantic,VLCC,10.178,USD
2024-08-01,TC1,UK Continent to US Atlantic,VLCC,10.556,USD
2024-08-02,TC1,UK Continent to US Atlantic,VLCC,10.59,USD
2024-08-03,TC1,UK Continent to US Atlantic,VLCC,10.451,USD
2024-08-04,TC1,UK Continent to US Atlantic,VLCC,10.391,USD
2024-08-05,TC1,UK Continent to US Atlantic,VLCC,10.178,USD
2024-08-06,TC1,UK Continent to US Atlantic,VLCC,10.399,USD
2024-08-07,TC1,UK Continent to US Atlantic,VLCC,10.496,USD
2024-08-08,TC1,UK Continent to US Atlantic,VLCC,10.691,USD
2024-08-09,TC1,UK Continent to US Atlantic,VLCC,10.9,USD
2024-08-10,TC1,UK Continent to US Atlantic,VLCC,10.814,USD
2024-08-11,TC1,UK Continent to US Atlantic,VLCC,10.633,USD
2024-08-12,TC1,UK Continent to US Atlantic,VLCC,10.616,USD
2024-08-13,TC1,UK Continent to US Atlantic,VLCC,10.451,USD
2024-08-14,TC1,UK Continent to US Atlantic,VLCC,10.475,USD
2024-08-15,TC1,UK Continent to US Atlantic,VLCC,10.675,USD
2024-08-16,TC1,UK Continent to US Atlantic,VLCC,10.637,USD
2024-08-17,TC1,UK Continent to US Atlantic,VLCC,10.658,USD
2024-08-18,TC1,UK Continent to US Atlantic,VLCC,10.636,USD
2024-08-19,TC1,UK Continent to US Atlantic,VLCC,10.776,USD
2024-08-20,TC1,UK Continent to US Atlantic,VLCC,10.649,USD
2024-08-21,TC1,UK Continent to US Atlantic,VLCC,10.247,USD
2024-08-22,TC1,UK Continent to US Atlantic,VLCC,10.332,USD
2024-08-23,TC1,UK Continent to US Atlantic,VLCC,10.51,USD
2024-08-24,TC1,UK Continent to US Atlantic,VLCC,10.589,USD
2024-08-25,TC1,UK Continent to US Atlantic,VLCC,10.471,USD
2024-08-26,TC1,UK Continent to US Atlantic,VLCC,10.265,USD
2024-08-27,TC1,UK Continent to US Atlantic,VLCC,10.356,USD
2024-08-28,TC1,UK Continent to US Atlantic,VLCC,10.383,USD
2024-08-29,TC1,UK Continent to US Atlantic,VLCC,10.362,USD
2024-08-30,TC1,UK Continent to US Atlantic,VLCC,10.694,USD
2024-08-31,TC1,UK Continent to US Atlantic,VLCC,10.522,USD
2024-09-01,TC1,UK Continent to US Atlantic,VLCC,10.844,USD
2024-09-02,TC1,UK Continent to US Atlantic,VLCC,10.849,USD
2024-09-03,TC1,UK Continent to US Atlantic,VLCC,10.516,USD
2024-09-04,TC1,UK Continent to US Atlantic,VLCC,10.487,USD
2024-09-05,TC1,UK Continent to US Atlantic,VLCC,10.664,USD
2024-09-06,TC1,UK Continent to US Atlantic,VLCC,10.6,USD
2024-09-07,TC1,UK Continent to US Atlantic,VLCC,10.337,USD
2024-09-08,TC1,UK Continent to US Atlantic,VLCC,10.314,USD
2024-09-09,TC1,UK Continent to US Atlantic,VLCC,10.166,USD
2024-09-10,TC1,UK Continent to US Atlantic,VLCC,10.264,USD
2024-09-11,TC1,UK Continent to US Atlantic,VLCC,10.413,USD
2024-09-12,TC1,UK Continent to US Atlantic,VLCC,10.23,USD
2024-09-13,TC1,UK Continent to US Atlantic,VLCC,10.112,USD
2024-09-14,TC1,UK Continent to US Atlantic,VLCC,10.26,USD
2024-09-15,TC1,UK Continent to US Atlantic,VLCC,10.116,USD
2024-09-16,TC1,UK Continent to US Atlantic,VLCC,9.933,USD
2024-09-17,TC1,UK Continent to US Atlantic,VLCC,9.734,USD
2024-09-18,TC1,UK Continent to US Atlantic,VLCC,9.815,USD
2024-09-19,TC1,UK Continent to US Atlantic,VLCC,9.888,USD
2024-09-20,TC1,UK Continent to US Atlantic,VLCC,9.781,USD
2024-09-21,TC1,UK Continent to US Atlantic,VLCC,9.8,USD
2024-09-22,TC1,UK Continent to US Atlantic,VLCC,10.095,USD
2024-09-23,TC1,UK Continent to US Atlantic,VLCC,9.935,USD
2024-09-24,TC1,UK Continent to US Atlantic,VLCC,9.6,USD
2024-09-25,TC1,UK Continent to US Atlantic,VLCC,9.704,USD
2024-09-26,TC1,UK Continent to US Atlantic,VLCC,9.706,USD
2024-09-27,TC1,UK Continent to US Atlantic,VLCC,9.599,USD
2024-09-28,TC1,UK Continent to US Atlantic,VLCC,9.74,USD
2024-09-29,TC1,UK Continent to US Atlantic,VLCC,9.914,USD
2024-09-30,TC1,UK Continent to US Atlantic,VLCC,9.536,USD
2024-10-01,TC1,UK Continent to US Atlantic,VLCC,9.443,USD
2024-10-02,TC1,UK Continent to US Atlantic,VLCC,9.889,USD
2024-10-03,TC1,UK Continent to US Atlantic,VLCC,10.017,USD
2024-10-04,TC1,UK Continent to US Atlantic,VLCC,10.161,USD
2024-10-05,TC1,UK Continent to US Atlantic,VLCC,10.394,USD
2024-10-06,TC1,UK Continent to US Atlantic,VLCC,10.416,USD
2024-10-07,TC1,UK Continent to US Atlantic,VLCC,10.579,USD
2024-10-08,TC1,UK Continent to US Atlantic,VLCC,10.727,USD
2024-10-09,TC1,UK Continent to US Atlantic,VLCC,10.841,USD
2024-10-10,TC1,UK Continent to US Atlantic,VLCC,10.8,USD
2024-10-11,TC1,UK Continent to US Atlantic,VLCC,10.848,USD
2024-10-12,TC1,UK Continent to US Atlantic,VLCC,10.759,USD
2024-10-13,TC1,UK Continent to US Atlantic,VLCC,10.779,USD
2024-10-14,TC1,UK Continent to US Atlantic,VLCC,10.587,USD
2024-10-15,TC1,UK Continent to US Atlantic,VLCC,10.465,USD
2024-10-16,TC1,UK Continent to US Atlantic,VLCC,10.436,USD
2024-10-17,TC1,UK Continent to US Atlantic,VLCC,10.289,USD
2024-10-18,TC1,UK Continent to US Atlantic,VLCC,10.223,USD
2024-10-19,TC1,UK Continent to US Atlantic,VLCC,10.22,USD
2024-10-20,TC1,UK Continent to US Atlantic,VLCC,10.319,USD
2024-10-21,TC1,UK Continent to US Atlantic,VLCC,10.517,USD
2024-10-22,TC1,UK Continent to US Atlantic,VLCC,10.458,USD
2024-10-23,TC1,UK Continent to US Atlantic,VLCC,10.724,USD
2024-10-24,TC1,UK Continent to US Atlantic,VLCC,10.917,USD
2024-10-25,TC1,UK Continent to US Atlantic,VLCC,11.03,USD
2024-10-26,TC1,UK Continent to US Atlantic,VLCC,11.079,USD
2024-10-27,TC1,UK Continent to US Atlantic,VLCC,11.157,USD
2024-10-28,TC1,UK Continent to US Atlantic,VLCC,11.392,USD
2024-10-29,TC1,UK Continent to US Atlantic,VLCC,11.632,USD
2024-10-30,TC1,UK Continent to US Atlantic,VLCC,11.889,USD
2024-10-31,TC1,UK Continent to US Atlantic,VLCC,11.911,USD
2024-11-01,TC1,UK Continent to US Atlantic,VLCC,12.026,USD
2024-11-02,TC1,UK Continent to US Atlantic,VLCC,12.282,USD
2024-11-03,TC1,UK Continent to US Atlantic,VLCC,12.18,USD
2024-11-04,TC1,UK Continent to US Atlantic,VLCC,12.136,USD
2024-11-05,TC1,UK Continent to US Atlantic,VLCC,12.152,USD
2024-11-06,TC1,UK Continent to US Atlantic,VLCC,12.328,USD
2024-11-07,TC1,UK Continent to US Atlantic,VLCC,12.505,USD
2024-11-08,TC1,UK Continent to US Atlantic,VLCC,12.474,USD
2024-11-09,TC1,UK Continent to US Atlantic,VLCC,12.213,USD
2024-11-10,TC1,UK Continent to US Atlantic,VLCC,12.271,USD
2024-11-11,TC1,UK Continent to US Atlantic,VLCC,12.119,USD
2024-11-12,TC1,UK Continent to US Atlantic,VLCC,11.866,USD
2024-11-13,TC1,UK Continent to US Atlantic,VLCC,11.656,USD
2024-11-14,TC1,UK Continent to US Atlantic,VLCC,11.736,USD
2024-11-15,TC1,UK Continent to US Atlantic,VLCC,12.002,USD
2024-11-16,TC1,UK Continent to US Atlantic,VLCC,12.027,USD
2024-11-17,TC1,UK Continent to US Atlantic,VLCC,12.083,USD
2024-11-18,TC1,UK Continent to US Atlantic,VLCC,12.314,USD
2024-11-19,TC1,UK Continent to US Atlantic,VLCC,12.05,USD
2024-11-20,TC1,UK Continent to US Atlantic,VLCC,12.163,USD
2024-11-21,TC1,UK Continent to US Atlantic,VLCC,12.178,USD
2024-11-22,TC1,UK Continent to US Atlantic,VLCC,12.298,USD
2024-11-23,TC1,UK Continent to US Atlantic,VLCC,12.227,USD
2024-11-24,TC1,UK Continent to US Atlantic,VLCC,12.096,USD
2024-11-25,TC1,UK Continent to US Atlantic,VLCC,12.141,USD
2024-11-26,TC1,UK Continent to US Atlantic,VLCC,12.457,USD
2024-11-27,TC1,UK Continent to US Atlantic,VLCC,12.629,USD
2024-11-28,TC1,UK Continent to US Atlantic,VLCC,12.551,USD
2024-11-29,TC1,UK Continent to US Atlantic,VLCC,12.324,USD
2024-11-30,TC1,UK Continent to US Atlantic,VLCC,12.037,USD
2024-12-01,TC1,UK Continent to US Atlantic,VLCC,12.295,USD
2024-12-02,TC1,UK Continent to US Atlantic,VLCC,12.141,USD
2024-12-03,TC1,UK Continent to US Atlantic,VLCC,12.102,USD
2024-12-04,TC1,UK Continent to US Atlantic,VLCC,12.361,USD
2024-12-05,TC1,UK Continent to US Atlantic,VLCC,12.087,USD
2024-12-06,TC1,UK Continent to US Atlantic,VLCC,12.377,USD
2024-12-07,TC1,UK Continent to US Atlantic,VLCC,12.349,USD
2024-12-08,TC1,UK Continent to US Atlantic,VLCC,12.159,USD
2024-12-09,TC1,UK Continent to US Atlantic,VLCC,12.135,USD
2024-12-10,TC1,UK Continent to US Atlantic,VLCC,12.025,USD
2024-12-11,TC1,UK Continent to US Atlantic,VLCC,12.126,USD
2024-12-12,TC1,UK Continent to US Atlantic,VLCC,12.029,USD
2024-12-13,TC1,UK Continent to US Atlantic,VLCC,11.706,USD
2024-12-14,TC1,UK Continent to US Atlantic,VLCC,11.691,USD
2024-12-15,TC1,UK Continent to US Atlantic,VLCC,11.471,USD
2024-12-16,TC1,UK Continent to US Atlantic,VLCC,11.535,USD
2024-12-17,TC1,UK Continent to US Atlantic,VLCC,11.347,USD
2024-12-18,TC1,UK Continent to US Atlantic,VLCC,11.287,USD
2024-12-19,TC1,UK Continent to US Atlantic,VLCC,11.35,USD
2024-12-20,TC1,UK Continent to US Atlantic,VLCC,11.34,USD
2024-12-21,TC1,UK Continent to US Atlantic,VLCC,11.414,USD
2024-12-22,TC1,UK Continent to US Atlantic,VLCC,11.564,USD
2024-12-23,TC1,UK Continent to US Atlantic,VLCC,11.381,USD
2024-12-24,TC1,UK Continent to US Atlantic,VLCC,11.398,USD
2024-12-25,TC1,UK Continent to US Atlantic,VLCC,10.824,USD
2024-12-26,TC1,UK Continent to US Atlantic,VLCC,10.902,USD
2024-12-27,TC1,UK Continent to US Atlantic,VLCC,10.881,USD
2024-12-28,TC1,UK Continent to US Atlantic,VLCC,10.736,USD
2024-12-29,TC1,UK Continent to US Atlantic,VLCC,10.827,USD
2024-12-30,TC1,UK Continent to US Atlantic,VLCC,11.073,USD
2024-12-31,TC1,UK Continent to US Atlantic,VLCC,11.017,USD
2025-01-01,TC1,UK Continent to US Atlantic,VLCC,10.878,USD
2025-01-02,TC1,UK Continent to US Atlantic,VLCC,10.94,USD
2025-01-03,TC1,UK Continent to US Atlantic,VLCC,10.73,USD
2025-01-04,TC1,UK Continent to US Atlantic,VLCC,10.645,USD
2025-01-05,TC1,UK Continent to US Atlantic,VLCC,10.9,USD
2025-01-06,TC1,UK Continent to US Atlantic,VLCC,10.943,USD
2025-01-07,TC1,UK Continent to US Atlantic,VLCC,10.634,USD
2025-01-08,TC1,UK Continent to US Atlantic,VLCC,10.344,USD
2025-01-09,TC1,UK Continent to US Atlantic,VLCC,10.41,USD
2025-01-10,TC1,UK Continent to US Atlantic,VLCC,10.601,USD
2025-01-11,TC1,UK Continent to US Atlantic,VLCC,10.343,USD
2025-01-12,TC1,UK Continent to US Atlantic,VLCC,10.461,USD
2025-01-13,TC1,UK Continent to US Atlantic,VLCC,10.736,USD
2025-01-14,TC1,UK Continent to US Atlantic,VLCC,11.109,USD
2025-01-15,TC1,UK Continent to US Atlantic,VLCC,11.197,USD
2025-01-16,TC1,UK Continent to US Atlantic,VLCC,11.315,USD
2025-01-17,TC1,UK Continent to US Atlantic,VLCC,10.955,USD
2025-01-18,TC1,UK Continent to US Atlantic,VLCC,11.364,USD
2025-01-19,TC1,UK Continent to US Atlantic,VLCC,11.284,USD
2025-01-20,TC1,UK Continent to US Atlantic,VLCC,11.14,USD
2025-01-21,TC1,UK Continent to US Atlantic,VLCC,11.121,USD
2025-01-22,TC1,UK Continent to US Atlantic,VLCC,11.42,USD
2025-01-23,TC1,UK Continent to US Atlantic,VLCC,11.842,USD
2025-01-24,TC1,UK Continent to US Atlantic,VLCC,11.883,USD
2025-01-25,TC1,UK Continent to US Atlantic,VLCC,12.081,USD
2025-01-26,TC1,UK Continent to US Atlantic,VLCC,12.104,USD
2025-01-27,TC1,UK Continent to US Atlantic,VLCC,11.932,USD
2025-01-28,TC1,UK Continent to US Atlantic,VLCC,12.215,USD
2025-01-29,TC1,UK Continent to US Atlantic,VLCC,12.116,USD
2025-01-30,TC1,UK Continent to US Atlantic,VLCC,12.407,USD
2025-01-31,TC1,UK Continent to US Atlantic,VLCC,12.653,USD
2025-02-01,TC1,UK Continent to US Atlantic,VLCC,12.772,USD
2025-02-02,TC1,UK Continent to US Atlantic,VLCC,13.109,USD
2025-02-03,TC1,UK Continent to US Atlantic,VLCC,13.515,USD
2025-02-04,TC1,UK Continent to US Atlantic,VLCC,13.481,USD
2025-02-05,TC1,UK Continent to US Atlantic,VLCC,13.333,USD
2025-02-06,TC1,UK Continent to US Atlantic,VLCC,12.996,USD
2025-02-07,TC1,UK Continent to US Atlantic,VLCC,13.404,USD
2025-02-08,TC1,UK Continent to US Atlantic,VLCC,13.323,USD
2025-02-09,TC1,UK Continent to US Atlantic,VLCC,13.526,USD
2025-02-10,TC1,UK Continent to US Atlantic,VLCC,13.388,USD
2025-02-11,TC1,UK Continent to US Atlantic,VLCC,13.663,USD
2025-02-12,TC1,UK Continent to US Atlantic,VLCC,13.531,USD
2025-02-13,TC1,UK Continent to US Atlantic,VLCC,13.31,USD
2025-02-14,TC1,UK Continent to US Atlantic,VLCC,13.269,USD
2025-02-15,TC1,UK Continent to US Atlantic,VLCC,13.17,USD
2025-02-16,TC1,UK Continent to US Atlantic,VLCC,13.275,USD
2025-02-17,TC1,UK Continent to US Atlantic,VLCC,13.261,USD
2025-02-18,TC1,UK Continent to US Atlantic,VLCC,13.37,USD
2025-02-19,TC1,UK Continent to US Atlantic,VLCC,13.312,USD
2025-02-20,TC1,UK Continent to US Atlantic,VLCC,13.186,USD
2025-02-21,TC1,UK Continent to US Atlantic,VLCC,13.075,USD
2025-02-22,TC1,UK Continent to US Atlantic,VLCC,13.441,USD
2025-02-23,TC1,UK Continent to US Atlantic,VLCC,13.473,USD
2025-02-24,TC1,UK Continent to US Atlantic,VLCC,13.105,USD
2025-02-25,TC1,UK Continent to US Atlantic,VLCC,13.006,USD
2025-02-26,TC1,UK Continent to US Atlantic,VLCC,13.018,USD
2025-02-27,TC1,UK Continent to US Atlantic,VLCC,13.345,USD
2025-02-28,TC1,UK Continent to US Atlantic,VLCC,13.522,USD
2025-03-01,TC1,UK Continent to US Atlantic,VLCC,13.343,USD
2025-03-02,TC1,UK Continent to US Atlantic,VLCC,13.77,USD
2025-03-03,TC1,UK Continent to US Atlantic,VLCC,13.749,USD
2025-03-04,TC1,UK Continent to US Atlantic,VLCC,13.959,USD
2025-03-05,TC1,UK Continent to US Atlantic,VLCC,13.732,USD
2025-03-06,TC1,UK Continent to US Atlantic,VLCC,13.283,USD
2025-03-07,TC1,UK Continent to US Atlantic,VLCC,13.016,USD
2025-03-08,TC1,UK Continent to US Atlantic,VLCC,12.419,USD
2025-03-09,TC1,UK Continent to US Atlantic,VLCC,12.796,USD
2025-03-10,TC1,UK Continent to US Atlantic,VLCC,12.826,USD
2025-03-11,TC1,UK Continent to US Atlantic,VLCC,12.65,USD
2025-03-12,TC1,UK Continent to US Atlantic,VLCC,12.724,USD
2025-03-13,TC1,UK Continent to US Atlantic,VLCC,12.749,USD
2025-03-14,TC1,UK Continent to US Atlantic,VLCC,12.851,USD
2025-03-15,TC1,UK Continent to US Atlantic,VLCC,13.058,USD
2025-03-16,TC1,UK Continent to US Atlantic,VLCC,12.991,USD
2025-03-17,TC1,UK Continent to US Atlantic,VLCC,12.819,USD
2025-03-18,TC1,UK Continent to US Atlantic,VLCC,12.956,USD
2025-03-19,TC1,UK Continent to US Atlantic,VLCC,13.086,USD
2025-03-20,TC1,UK Continent to US Atlantic,VLCC,13.088,USD
2025-03-21,TC1,UK Continent to US Atlantic,VLCC,13.465,USD
2025-03-22,TC1,UK Continent to US Atlantic,VLCC,13.365,USD
2025-03-23,TC1,UK Continent to US Atlantic,VLCC,13.182,USD
2025-03-24,TC1,UK Continent to US Atlantic,VLCC,13.239,USD
2025-03-25,TC1,UK Continent to US Atlantic,VLCC,13.096,USD
2025-03-26,TC1,UK Continent to US Atlantic,VLCC,13.167,USD
2025-03-27,TC1,UK Continent to US Atlantic,VLCC,12.996,USD
2025-03-28,TC1,UK Continent to US Atlantic,VLCC,12.905,USD
2025-03-29,TC1,UK Continent to US Atlantic,VLCC,13.228,USD
2025-03-30,TC1,UK Continent to US Atlantic,VLCC,13.132,USD
2025-03-31,TC1,UK Continent to US Atlantic,VLCC,12.966,USD
2025-04-01,TC1,UK Continent to US Atlantic,VLCC,13.157,USD
2025-04-02,TC1,UK Continent to US Atlantic,VLCC,12.944,USD
2025-04-03,TC1,UK Continent to US Atlantic,VLCC,12.798,USD
2025-04-04,TC1,UK Continent to US Atlantic,VLCC,12.882,USD
2025-04-05,TC1,UK Continent to US Atlantic,VLCC,13.03,USD
2025-04-06,TC1,UK Continent to US Atlantic,VLCC,13.227,USD
2025-04-07,TC1,UK Continent to US Atlantic,VLCC,13.066,USD
2025-04-08,TC1,UK Continent to US Atlantic,VLCC,13.149,USD
2025-04-09,TC1,UK Continent to US Atlantic,VLCC,13.038,USD
2025-04-10,TC1,UK Continent to US Atlantic,VLCC,12.904,USD
2025-04-11,TC1,UK Continent to US Atlantic,VLCC,13.096,USD
2025-04-12,TC1,UK Continent to US Atlantic,VLCC,12.97,USD
2025-04-13,TC1,UK Continent to US Atlantic,VLCC,12.995,USD
2025-04-14,TC1,UK Continent to US Atlantic,VLCC,12.996,USD
2025-04-15,TC1,UK Continent to US Atlantic,VLCC,12.775,USD
2025-04-16,TC1,UK Continent to US Atlantic,VLCC,12.925,USD
2025-04-17,TC1,UK Continent to US Atlantic,VLCC,12.999,USD
2025-04-18,TC1,UK Continent to US Atlantic,VLCC,12.611,USD
2025-04-19,TC1,UK Continent to US Atlantic,VLCC,12.637,USD
2025-04-20,TC1,UK Continent to US Atlantic,VLCC,12.471,USD
2025-04-21,TC1,UK Continent to US Atlantic,VLCC,12.645,USD
2025-04-22,TC1,UK Continent to US Atlantic,VLCC,12.358,USD
2025-04-23,TC1,UK Continent to US Atlantic,VLCC,12.269,USD
2025-04-24,TC1,UK Continent to US Atlantic,VLCC,12.311,USD
2025-04-25,TC1,UK Continent to US Atlantic,VLCC,12.297,USD
2025-04-26,TC1,UK Continent to US Atlantic,VLCC,12.41,USD
2025-04-27,TC1,UK Continent to US Atlantic,VLCC,12.11,USD
2025-04-28,TC1,UK Continent to US Atlantic,VLCC,12.385,USD
2025-04-29,TC1,UK Continent to US Atlantic,VLCC,12.453,USD
2025-04-30,TC1,UK Continent to US Atlantic,VLCC,12.671,USD
2025-05-01,TC1,UK Continent to US Atlantic,VLCC,12.799,USD
2025-05-02,TC1,UK Continent to US Atlantic,VLCC,12.765,USD
2025-05-03,TC1,UK Continent to US Atlantic,VLCC,12.502,USD
2025-05-04,TC1,UK Continent to US Atlantic,VLCC,12.37,USD
2025-05-05,TC1,UK Continent to US Atlantic,VLCC,12.629,USD
2025-05-06,TC1,UK Continent to US Atlantic,VLCC,12.848,USD
2025-05-07,TC1,UK Continent to US Atlantic,VLCC,12.702,USD
2025-05-08,TC1,UK Continent to US Atlantic,VLCC,12.16,USD
2025-05-09,TC1,UK Continent to US Atlantic,VLCC,12.094,USD
2025-05-10,TC1,UK Continent to US Atlantic,VLCC,12.015,USD
2025-05-11,TC1,UK Continent to US Atlantic,VLCC,11.943,USD
2025-05-12,TC1,UK Continent to US Atlantic,VLCC,12.012,USD
2025-05-13,TC1,UK Continent to US Atlantic,VLCC,12.143,USD
2025-05-14,TC1,UK Continent to US Atlantic,VLCC,12.293,USD
2025-05-15,TC1,UK Continent to US Atlantic,VLCC,12.343,USD
2025-05-16,TC1,UK Continent to US Atlantic,VLCC,11.986,USD
2025-05-17,TC1,UK Continent to US Atlantic,VLCC,11.897,USD
2025-05-18,TC1,UK Continent to US Atlantic,VLCC,12.285,USD
2025-05-19,TC1,UK Continent to US Atlantic,VLCC,12.322,USD
2025-05-20,TC1,UK Continent to US Atlantic,VLCC,12.356,USD
2025-05-21,TC1,UK Continent to US Atlantic,VLCC,12.388,USD
2025-05-22,TC1,UK Continent to US Atlantic,VLCC,12.43,USD
2025-05-23,TC1,UK Continent to US Atlantic,VLCC,11.965,USD
2025-05-24,TC1,UK Continent to US Atlantic,VLCC,11.892,USD
2025-05-25,TC1,UK Continent to US Atlantic,VLCC,11.856,USD
2025-05-26,TC1,UK Continent to US Atlantic,VLCC,12.059,USD
2025-05-27,TC1,UK Continent to US Atlantic,VLCC,12.037,USD
2025-05-28,TC1,UK Continent to US Atlantic,VLCC,11.708,USD
2025-05-29,TC1,UK Continent to US Atlantic,VLCC,11.758,USD
2025-05-30,TC1,UK Continent to US Atlantic,VLCC,11.584,USD
2025-05-31,TC1,UK Continent to US Atlantic,VLCC,11.338,USD
2025-06-01,TC1,UK Continent to US Atlantic,VLCC,11.162,USD
2025-06-02,TC1,UK Continent to US Atlantic,VLCC,11.237,USD
2025-06-03,TC1,UK Continent to US Atlantic,VLCC,11.441,USD
2025-06-04,TC1,UK Continent to US Atlantic,VLCC,11.502,USD
2025-06-05,TC1,UK Continent to US Atlantic,VLCC,11.589,USD
2025-06-06,TC1,UK Continent to US Atlantic,VLCC,11.647,USD
2025-06-07,TC1,UK Continent to US Atlantic,VLCC,11.637,USD
2025-06-08,TC1,UK Continent to US Atlantic,VLCC,11.735,USD
2025-06-09,TC1,UK Continent to US Atlantic,VLCC,11.268,USD
2025-06-10,TC1,UK Continent to US Atlantic,VLCC,11.263,USD
2025-06-11,TC1,UK Continent to US Atlantic,VLCC,11.049,USD
2025-06-12,TC1,UK Continent to US Atlantic,VLCC,11.237,USD
2025-06-13,TC1,UK Continent to US Atlantic,VLCC,11.185,USD
2025-06-14,TC1,UK Continent to US Atlantic,VLCC,11.167,USD
2025-06-15,TC1,UK Continent to US Atlantic,VLCC,10.87,USD
2025-06-16,TC1,UK Continent to US Atlantic,VLCC,11.033,USD
2025-06-17,TC1,UK Continent to US Atlantic,VLCC,11.123,USD
2025-06-18,TC1,UK Continent to US Atlantic,VLCC,11.2,USD
2025-06-19,TC1,UK Continent to US Atlantic,VLCC,11.029,USD
2025-06-20,TC1,UK Continent to US Atlantic,VLCC,10.866,USD
2025-06-21,TC1,UK Continent to US Atlantic,VLCC,10.885,USD
2025-06-22,TC1,UK Continent to US Atlantic,VLCC,10.738,USD
2025-06-23,TC1,UK Continent to US Atlantic,VLCC,10.797,USD
2025-06-24,TC1,UK Continent to US Atlantic,VLCC,10.386,USD
2025-06-25,TC1,UK Continent to US Atlantic,VLCC,10.282,USD
2025-06-26,TC1,UK Continent to US Atlantic,VLCC,10.591,USD
2025-06-27,TC1,UK Continent to US Atlantic,VLCC,10.653,USD
2025-06-28,TC1,UK Continent to US Atlantic,VLCC,10.664,USD
2025-06-29,TC1,UK Continent to US Atlantic,VLCC,11.004,USD
2025-06-30,TC1,UK Continent to US Atlantic,VLCC,10.56,USD
2025-07-01,TC1,UK Continent to US Atlantic,VLCC,10.395,USD
2025-07-02,TC1,UK Continent to US Atlantic,VLCC,10.306,USD
2025-07-03,TC1,UK Continent to US Atlantic,VLCC,10.447,USD
2025-07-04,TC1,UK Continent to US Atlantic,VLCC,10.589,USD
2025-07-05,TC1,UK Continent to US Atlantic,VLCC,10.415,USD
2025-07-06,TC1,UK Continent to US Atlantic,VLCC,10.58,USD
2025-07-07,TC1,UK Continent to US Atlantic,VLCC,10.49,USD
2025-07-08,TC1,UK Continent to US Atlantic,VLCC,10.693,USD
2025-07-09,TC1,UK Continent to US Atlantic,VLCC,10.488,USD
2025-07-10,TC1,UK Continent to US Atlantic,VLCC,10.45,USD
2025-07-11,TC1,UK Continent to US Atlantic,VLCC,10.346,USD
2025-07-12,TC1,UK Continent to US Atlantic,VLCC,10.523,USD
2025-07-13,TC1,UK Continent to US Atlantic,VLCC,10.413,USD
2025-07-14,TC1,UK Continent to US Atlantic,VLCC,10.391,USD
2025-07-15,TC1,UK Continent to US Atlantic,VLCC,10.469,USD
2025-07-16,TC1,UK Continent to US Atlantic,VLCC,10.553,USD
2025-07-17,TC1,UK Continent to US Atlantic,VLCC,10.699,USD
2025-07-18,TC1,UK Continent to US Atlantic,VLCC,10.721,USD
2025-07-19,TC1,UK Continent to US Atlantic,VLCC,10.629,USD
2025-07-20,TC1,UK Continent to US Atlantic,VLCC,10.551,USD
2025-07-21,TC1,UK Continent to US Atlantic,VLCC,10.541,USD
2025-07-22,TC1,UK Continent to US Atlantic,VLCC,10.573,USD
2025-07-23,TC1,UK Continent to US Atlantic,VLCC,10.532,USD
2025-07-24,TC1,UK Continent to US Atlantic,VLCC,10.523,USD
2025-07-25,TC1,UK Continent to US Atlantic,VLCC,10.236,USD
2025-07-26,TC1,UK Continent to US Atlantic,VLCC,10.347,USD
2025-07-27,TC1,UK Continent to US Atlantic,VLCC,10.369,USD
2025-07-28,TC1,UK Continent to US Atlantic,VLCC,10.54,USD
2025-07-29,TC1,UK Continent to US Atlantic,VLCC,10.528,USD
2025-07-30,TC1,UK Continent to US Atlantic,VLCC,10.202,USD
2025-07-31,TC1,UK Continent to US Atlantic,VLCC,10.13,USD
2025-08-01,TC1,UK Continent to US Atlantic,VLCC,10.087,USD
2025-08-02,TC1,UK Continent to US Atlantic,VLCC,10.215,USD
2025-08-03,TC1,UK Continent to US Atlantic,VLCC,9.834,USD
2025-08-04,TC1,UK Continent to US Atlantic,VLCC,9.839,USD
2025-08-05,TC1,UK Continent to US Atlantic,VLCC,9.929,USD
2025-08-06,TC1,UK Continent to US Atlantic,VLCC,9.807,USD
2025-08-07,TC1,UK Continent to US Atlantic,VLCC,9.819,USD
2025-08-08,TC1,UK Continent to US Atlantic,VLCC,9.704,USD
2025-08-09,TC1,UK Continent to US Atlantic,VLCC,9.572,USD
2025-08-10,TC1,UK Continent to US Atlantic,VLCC,9.501,USD
2025-08-11,TC1,UK Continent to US Atlantic,VLCC,9.375,USD
2025-08-12,TC1,UK Continent to US Atlantic,VLCC,9.503,USD
2025-08-13,TC1,UK Continent to US Atlantic,VLCC,9.374,USD
2025-08-14,TC1,UK Continent to US Atlantic,VLCC,9.216,USD
2025-08-15,TC1,UK Continent to US Atlantic,VLCC,9.543,USD
2025-08-16,TC1,UK Continent to US Atlantic,VLCC,9.721,USD
2025-08-17,TC1,UK Continent to US Atlantic,VLCC,9.388,USD
2025-08-18,TC1,UK Continent to US Atlantic,VLCC,9.257,USD
2025-08-19,TC1,UK Continent to US Atlantic,VLCC,9.309,USD
2025-08-20,TC1,UK Continent to US Atlantic,VLCC,9.376,USD
2025-08-21,TC1,UK Continent to US Atlantic,VLCC,9.115,USD
2025-08-22,TC1,UK Continent to US Atlantic,VLCC,9.336,USD
2025-08-23,TC1,UK Continent to US Atlantic,VLCC,9.494,USD
2025-08-24,TC1,UK Continent to US Atlantic,VLCC,9.589,USD
2025-08-25,TC1,UK Continent to US Atlantic,VLCC,9.842,USD
2025-08-26,TC1,UK Continent to US Atlantic,VLCC,9.93,USD
2025-08-27,TC1,UK Continent to US Atlantic,VLCC,10.016,USD
2025-08-28,TC1,UK Continent to US Atlantic,VLCC,10.302,USD
2025-08-29,TC1,UK Continent to US Atlantic,VLCC,10.504,USD
2025-08-30,TC1,UK Continent to US Atlantic,VLCC,10.352,USD
2025-08-31,TC1,UK Continent to US Atlantic,VLCC,10.47,USD
2025-09-01,TC1,UK Continent to US Atlantic,VLCC,10.352,USD
2025-09-02,TC1,UK Continent to US Atlantic,VLCC,10.446,USD
2025-09-03,TC1,UK Continent to US Atlantic,VLCC,10.536,USD
2025-09-04,TC1,UK Continent to US Atlantic,VLCC,10.288,USD
2025-09-05,TC1,UK Continent to US Atlantic,VLCC,10.272,USD
2025-09-06,TC1,UK Continent to US Atlantic,VLCC,10.326,USD
2025-09-07,TC1,UK Continent to US Atlantic,VLCC,10.254,USD
2025-09-08,TC1,UK Continent to US Atlantic,VLCC,10.318,USD
2025-09-09,TC1,UK Continent to US Atlantic,VLCC,10.471,USD
2025-09-10,TC1,UK Continent to US Atlantic,VLCC,10.471,USD
2025-09-11,TC1,UK Continent to US Atlantic,VLCC,10.519,USD
2025-09-12,TC1,UK Continent to US Atlantic,VLCC,10.775,USD
2025-09-13,TC1,UK Continent to US Atlantic,VLCC,10.865,USD
2025-09-14,TC1,UK Continent to US Atlantic,VLCC,10.905,USD
2025-09-15,TC1,UK Continent to US Atlantic,VLCC,10.736,USD
2025-09-16,TC1,UK Continent to US Atlantic,VLCC,10.864,USD
2025-09-17,TC1,UK Continent to US Atlantic,VLCC,10.929,USD
2025-09-18,TC1,UK Continent to US Atlantic,VLCC,11.166,USD
2025-09-19,TC1,UK Continent to US Atlantic,VLCC,11.178,USD
2025-09-20,TC1,UK Continent to US Atlantic,VLCC,10.854,USD
2025-09-21,TC1,UK Continent to US Atlantic,VLCC,10.554,USD
2025-09-22,TC1,UK Continent to US Atlantic,VLCC,10.698,USD
2025-09-23,TC1,UK Continent to US Atlantic,VLCC,10.605,USD
2025-09-24,TC1,UK Continent to US Atlantic,VLCC,10.695,USD
2025-09-25,TC1,UK Continent to US Atlantic,VLCC,10.727,USD
2025-09-26,TC1,UK Continent to US Atlantic,VLCC,10.708,USD
2025-09-27,TC1,UK Continent to US Atlantic,VLCC,10.702,USD
2025-09-28,TC1,UK Continent to US Atlantic,VLCC,10.558,USD
2025-09-29,TC1,UK Continent to US Atlantic,VLCC,10.569,USD
2025-09-30,TC1,UK Continent to US Atlantic,VLCC,10.478,USD
2025-10-01,TC1,UK Continent to US Atlantic,VLCC,10.427,USD
2025-10-02,TC1,UK Continent to US Atlantic,VLCC,10.385,USD
2025-10-03,TC1,UK Continent to US Atlantic,VLCC,10.362,USD
2025-10-04,TC1,UK Continent to US Atlantic,VLCC,10.547,USD
2025-10-05,TC1,UK Continent to US Atlantic,VLCC,10.54,USD
2025-10-06,TC1,UK Continent to US Atlantic,VLCC,10.743,USD
2025-10-07,TC1,UK Continent to US Atlantic,VLCC,11.037,USD
2025-10-08,TC1,UK Continent to US Atlantic,VLCC,11.205,USD
2025-10-09,TC1,UK Continent to US Atlantic,VLCC,11.314,USD
2025-10-10,TC1,UK Continent to US Atlantic,VLCC,11.384,USD
2025-10-11,TC1,UK Continent to US Atlantic,VLCC,11.552,USD
2025-10-12,TC1,UK Continent to US Atlantic,VLCC,11.578,USD
2025-10-13,TC1,UK Continent to US Atlantic,VLCC,11.766,USD
2025-10-14,TC1,UK Continent to US Atlantic,VLCC,11.886,USD
2025-10-15,TC1,UK Continent to US Atlantic,VLCC,11.829,USD
2025-10-16,TC1,UK Continent to US Atlantic,VLCC,12.0,USD
2025-10-17,TC1,UK Continent to US Atlantic,VLCC,12.024,USD
2025-10-18,TC1,UK Continent to US Atlantic,VLCC,12.013,USD
2025-10-19,TC1,UK Continent to US Atlantic,VLCC,11.935,USD
2025-10-20,TC1,UK Continent to US Atlantic,VLCC,11.975,USD
2025-10-21,TC1,UK Continent to US Atlantic,VLCC,12.164,USD
2025-10-22,TC1,UK Continent to US Atlantic,VLCC,12.333,USD
2025-10-23,TC1,UK Continent to US Atlantic,VLCC,12.404,USD
2025-10-24,TC1,UK Continent to US Atlantic,VLCC,12.518,USD
2025-10-25,TC1,UK Continent to US Atlantic,VLCC,12.754,USD
2025-10-26,TC1,UK Continent to US Atlantic,VLCC,12.731,USD
2025-10-27,TC1,UK Continent to US Atlantic,VLCC,12.533,USD
2025-10-28,TC1,UK Continent to US Atlantic,VLCC,12.775,USD
2025-10-29,TC1,UK Continent to US Atlantic,VLCC,12.684,USD
2025-10-30,TC1,UK Continent to US Atlantic,VLCC,12.565,USD
2025-10-31,TC1,UK Continent to US Atlantic,VLCC,12.248,USD
2025-11-01,TC1,UK Continent to US Atlantic,VLCC,12.362,USD
2025-11-02,TC1,UK Continent to US Atlantic,VLCC,12.079,USD
2025-11-03,TC1,UK Continent to US Atlantic,VLCC,11.957,USD
2025-11-04,TC1,UK Continent to US Atlantic,VLCC,12.078,USD
2025-11-05,TC1,UK Continent to US Atlantic,VLCC,12.222,USD
2025-11-06,TC1,UK Continent to US Atlantic,VLCC,12.117,USD
2025-11-07,TC1,UK Continent to US Atlantic,VLCC,12.107,USD
2025-11-08,TC1,UK Continent to US Atlantic,VLCC,11.964,USD
2025-11-09,TC1,UK Continent to US Atlantic,VLCC,11.882,USD
2025-11-10,TC1,UK Continent to US Atlantic,VLCC,11.947,USD
2025-11-11,TC1,UK Continent to US Atlantic,VLCC,11.874,USD
2025-11-12,TC1,UK Continent to US Atlantic,VLCC,11.847,USD
2025-11-13,TC1,UK Continent to US Atlantic,VLCC,11.601,USD
2025-11-14,TC1,UK Continent to US Atlantic,VLCC,11.827,USD
2025-11-15,TC1,UK Continent to US Atlantic,VLCC,11.939,USD
2025-11-16,TC1,UK Continent to US Atlantic,VLCC,12.101,USD
2025-11-17,TC1,UK Continent to US Atlantic,VLCC,12.351,USD
2025-11-18,TC1,UK Continent to US Atlantic,VLCC,12.217,USD
2025-11-19,TC1,UK Continent to US Atlantic,VLCC,12.168,USD
2025-11-20,TC1,UK Continent to US Atlantic,VLCC,11.843,USD
2025-11-21,TC1,UK Continent to US Atlantic,VLCC,12.431,USD
2025-11-22,TC1,UK Continent to US Atlantic,VLCC,12.419,USD
2025-11-23,TC1,UK Continent to US Atlantic,VLCC,12.622,USD
2025-11-24,TC1,UK Continent to US Atlantic,VLCC,12.412,USD
2025-11-25,TC1,UK Continent to US Atlantic,VLCC,12.608,USD
2025-11-26,TC1,UK Continent to US Atlantic,VLCC,12.957,USD
2025-11-27,TC1,UK Continent to US Atlantic,VLCC,12.957,USD
2025-11-28,TC1,UK Continent to US Atlantic,VLCC,12.785,USD
2025-11-29,TC1,UK Continent to US Atlantic,VLCC,12.773,USD
2025-11-30,TC1,UK Continent to US Atlantic,VLCC,12.383,USD
2025-12-01,TC1,UK Continent to US Atlantic,VLCC,12.393,USD
2025-12-02,TC1,UK Continent to US Atlantic,VLCC,12.559,USD
2025-12-03,TC1,UK Continent to US Atlantic,VLCC,12.568,USD
2025-12-04,TC1,UK Continent to US Atlantic,VLCC,12.532,USD
2025-12-05,TC1,UK Continent to US Atlantic,VLCC,12.643,USD
2025-12-06,TC1,UK Continent to US Atlantic,VLCC,12.768,USD
2025-12-07,TC1,UK Continent to US Atlantic,VLCC,12.481,USD
2025-12-08,TC1,UK Continent to US Atlantic,VLCC,12.514,USD
2025-12-09,TC1,UK Continent to US Atlantic,VLCC,12.971,USD
2025-12-10,TC1,UK Continent to US Atlantic,VLCC,12.742,USD
2025-12-11,TC1,UK Continent to US Atlantic,VLCC,12.741,USD
2025-12-12,TC1,UK Continent to US Atlantic,VLCC,13.106,USD
2025-12-13,TC1,UK Continent to US Atlantic,VLCC,13.317,USD
2025-12-14,TC1,UK Continent to US Atlantic,VLCC,13.233,USD
2025-12-15,TC1,UK Continent to US Atlantic,VLCC,13.28,USD
2025-12-16,TC1,UK Continent to US Atlantic,VLCC,13.288,USD
2025-12-17,TC1,UK Continent to US Atlantic,VLCC,13.162,USD
2025-12-18,TC1,UK Continent to US Atlantic,VLCC,13.159,USD
2025-12-19,TC1,UK Continent to US Atlantic,VLCC,13.119,USD
2025-12-20,TC1,UK Continent to US Atlantic,VLCC,13.151,USD
2025-12-21,TC1,UK Continent to US Atlantic,VLCC,13.026,USD
2025-12-22,TC1,UK Continent to US Atlantic,VLCC,12.807,USD
2025-12-23,TC1,UK Continent to US Atlantic,VLCC,12.813,USD
2025-12-24,TC1,UK Continent to US Atlantic,VLCC,13.137,USD
2025-12-25,TC1,UK Continent to US Atlantic,VLCC,13.162,USD
2025-12-26,TC1,UK Continent to US Atlantic,VLCC,13.113,USD
2025-12-27,TC1,UK Continent to US Atlantic,VLCC,13.26,USD
2025-12-28,TC1,UK Continent to US Atlantic,VLCC,13.24,USD
2025-12-29,TC1,UK Continent to US Atlantic,VLCC,13.587,USD
2025-12-30,TC1,UK Continent to US Atlantic,VLCC,13.592,USD
2025-12-31,TC1,UK Continent to US Atlantic,VLCC,13.724,USD
2026-01-01,TC1,UK Continent to US Atlantic,VLCC,13.592,USD
2026-01-02,TC1,UK Continent to US Atlantic,VLCC,13.688,USD
2026-01-03,TC1,UK Continent to US Atlantic,VLCC,13.742,USD
2026-01-04,TC1,UK Continent to US Atlantic,VLCC,13.735,USD
2026-01-05,TC1,UK Continent to US Atlantic,VLCC,13.648,USD
2026-01-06,TC1,UK Continent to US Atlantic,VLCC,13.537,USD
2026-01-07,TC1,UK Continent to US Atlantic,VLCC,13.593,USD
2026-01-08,TC1,UK Continent to US Atlantic,VLCC,13.711,USD
2026-01-09,TC1,UK Continent to US Atlantic,VLCC,13.691,USD
2026-01-10,TC1,UK Continent to US Atlantic,VLCC,13.746,USD
2026-01-11,TC1,UK Continent to US Atlantic,VLCC,13.742,USD
2026-01-12,TC1,UK Continent to US Atlantic,VLCC,13.762,USD
2026-01-13,TC1,UK Continent to US Atlantic,VLCC,13.728,USD
2026-01-14,TC1,UK Continent to US Atlantic,VLCC,13.733,USD
2026-01-15,TC1,UK Continent to US Atlantic,VLCC,14.222,USD
2026-01-16,TC1,UK Continent to US Atlantic,VLCC,14.275,USD
2026-01-17,TC1,UK Continent to US Atlantic,VLCC,14.388,USD
2026-01-18,TC1,UK Continent to US Atlantic,VLCC,14.461,USD
2026-01-19,TC1,UK Continent to US Atlantic,VLCC,14.407,USD
2026-01-20,TC1,UK Continent to US Atlantic,VLCC,14.635,USD
2026-01-21,TC1,UK Continent to US Atlantic,VLCC,14.574,USD
2026-01-22,TC1,UK Continent to US Atlantic,VLCC,14.756,USD
2026-01-23,TC1,UK Continent to US Atlantic,VLCC,14.685,USD
2026-01-24,TC1,UK Continent to US Atlantic,VLCC,14.502,USD
2026-01-25,TC1,UK Continent to US Atlantic,VLCC,14.559,USD
2026-01-26,TC1,UK Continent to US Atlantic,VLCC,14.351,USD
2026-01-27,TC1,UK Continent to US Atlantic,VLCC,14.44,USD
2026-01-28,TC1,UK Continent to US Atlantic,VLCC,14.215,USD
2026-01-29,TC1,UK Continent to US Atlantic,VLCC,14.151,USD
2026-01-30,TC1,UK Continent to US Atlantic,VLCC,13.886,USD
2026-01-31,TC1,UK Continent to US Atlantic,VLCC,14.392,USD
2026-02-01,TC1,UK Continent to US Atlantic,VLCC,14.084,USD
2026-02-02,TC1,UK Continent to US Atlantic,VLCC,14.079,USD
2026-02-03,TC1,UK Continent to US Atlantic,VLCC,14.278,USD
2026-02-04,TC1,UK Continent to US Atlantic,VLCC,14.456,USD
2026-02-05,TC1,UK Continent to US Atlantic,VLCC,14.599,USD
2026-02-06,TC1,UK Continent to US Atlantic,VLCC,14.528,USD
2026-02-07,TC1,UK Continent to US Atlantic,VLCC,14.759,USD
2026-02-08,TC1,UK Continent to US Atlantic,VLCC,14.909,USD
2026-02-09,TC1,UK Continent to US Atlantic,VLCC,14.93,USD
2026-02-10,TC1,UK Continent to US Atlantic,VLCC,14.955,USD
2026-02-11,TC1,UK Continent to US Atlantic,VLCC,14.882,USD
2026-02-12,TC1,UK Continent to US Atlantic,VLCC,14.699,USD
2026-02-13,TC1,UK Continent to US Atlantic,VLCC,14.906,USD
2026-02-14,TC1,UK Continent to US Atlantic,VLCC,15.124,USD
2026-02-15,TC1,UK Continent to US Atlantic,VLCC,14.942,USD
2026-02-16,TC1,UK Continent to US Atlantic,VLCC,14.894,USD
2026-02-17,TC1,UK Continent to US Atlantic,VLCC,14.848,USD
2026-02-18,TC1,UK Continent to US Atlantic,VLCC,14.821,USD
2026-02-19,TC1,UK Continent to US Atlantic,VLCC,14.813,USD
2026-02-20,TC1,UK Continent to US Atlantic,VLCC,14.963,USD
2026-02-21,TC1,UK Continent to US Atlantic,VLCC,14.805,USD
2026-02-22,TC1,UK Continent to US Atlantic,VLCC,14.631,USD
2026-02-23,TC1,UK Continent to US Atlantic,VLCC,14.834,USD
2026-02-24,TC1,UK Continent to US Atlantic,VLCC,14.728,USD
2026-02-25,TC1,UK Continent to US Atlantic,VLCC,14.477,USD
2026-02-26,TC1,UK Continent to US Atlantic,VLCC,14.37,USD
2026-02-27,TC1,UK Continent to US Atlantic,VLCC,14.291,USD
2026-02-28,TC1,UK Continent to US Atlantic,VLCC,14.553,USD
2026-03-01,TC1,UK Continent to US Atlantic,VLCC,14.698,USD
2026-03-02,TC1,UK Continent to US Atlantic,VLCC,14.881,USD
2026-03-03,TC1,UK Continent to US Atlantic,VLCC,15.003,USD
2026-03-04,TC1,UK Continent to US Atlantic,VLCC,15.146,USD
2026-03-05,TC1,UK Continent to US Atlantic,VLCC,14.992,USD
2026-03-06,TC1,UK Continent to US Atlantic,VLCC,14.927,USD
2026-03-07,TC1,UK Continent to US Atlantic,VLCC,14.72,USD
2026-03-08,TC1,UK Continent to US Atlantic,VLCC,14.655,USD
2026-03-09,TC1,UK Continent to US Atlantic,VLCC,14.752,USD
2026-03-10,TC1,UK Continent to US Atlantic,VLCC,14.748,USD
2026-03-11,TC1,UK Continent to US Atlantic,VLCC,14.956,USD
2026-03-12,TC1,UK Continent to US Atlantic,VLCC,14.719,USD
2026-03-13,TC1,UK Continent to US Atlantic,VLCC,14.78,USD
2026-03-14,TC1,UK Continent to US Atlantic,VLCC,14.524,USD
2026-03-15,TC1,UK Continent to US Atlantic,VLCC,14.513,USD
2026-03-16,TC1,UK Continent to US Atlantic,VLCC,14.618,USD
2026-03-17,TC1,UK Continent to US Atlantic,VLCC,14.549,USD
2026-03-18,TC1,UK Continent to US Atlantic,VLCC,14.619,USD
2026-03-19,TC1,UK Continent to US Atlantic,VLCC,14.414,USD
2026-03-20,TC1,UK Continent to US Atlantic,VLCC,14.084,USD
2026-03-21,TC1,UK Continent to US Atlantic,VLCC,14.158,USD
2026-03-22,TC1,UK Continent to US Atlantic,VLCC,14.446,USD
2026-03-23,TC1,UK Continent to US Atlantic,VLCC,14.234,USD
2026-03-24,TC1,UK Continent to US Atlantic,VLCC,14.426,USD
2026-03-25,TC1,UK Continent to US Atlantic,VLCC,14.402,USD
2026-03-26,TC1,UK Continent to US Atlantic,VLCC,14.128,USD
2026-03-27,TC1,UK Continent to US Atlantic,VLCC,13.894,USD
2026-03-28,TC1,UK Continent to US Atlantic,VLCC,13.869,USD
2026-03-29,TC1,UK Continent to US Atlantic,VLCC,13.767,USD
2026-03-30,TC1,UK Continent to US Atlantic,VLCC,13.502,USD
2026-03-31,TC1,UK Continent to US Atlantic,VLCC,13.171,USD
2026-04-01,TC1,UK Continent to US Atlantic,VLCC,12.995,USD
2026-04-02,TC1,UK Continent to US Atlantic,VLCC,13.009,USD
2026-04-03,TC1,UK Continent to US Atlantic,VLCC,12.986,USD
2026-04-04,TC1,UK Continent to US Atlantic,VLCC,12.873,USD
2026-04-05,TC1,UK Continent to US Atlantic,VLCC,12.888,USD
2026-04-06,TC1,UK Continent to US Atlantic,VLCC,13.054,USD
2026-04-07,TC1,UK Continent to US Atlantic,VLCC,13.101,USD
2026-04-08,TC1,UK Continent to US Atlantic,VLCC,13.054,USD
2026-04-09,TC1,UK Continent to US Atlantic,VLCC,13.196,USD
2026-04-10,TC1,UK Continent to US Atlantic,VLCC,12.996,USD
2026-04-11,TC1,UK Continent to US Atlantic,VLCC,12.93,USD
2026-04-12,TC1,UK Continent to US Atlantic,VLCC,12.868,USD
2026-04-13,TC1,UK Continent to US Atlantic,VLCC,12.62,USD
2026-04-14,TC1,UK Continent to US Atlantic,VLCC,12.521,USD
2026-04-15,TC1,UK Continent to US Atlantic,VLCC,12.124,USD
2026-04-16,TC1,UK Continent to US Atlantic,VLCC,12.451,USD
2026-04-17,TC1,UK Continent to US Atlantic,VLCC,12.259,USD
2026-04-18,TC1,UK Continent to US Atlantic,VLCC,12.524,USD
2026-04-19,TC1,UK Continent to US Atlantic,VLCC,12.507,USD
2026-04-20,TC1,UK Continent to US Atlantic,VLCC,12.585,USD
2026-04-21,TC1,UK Continent to US Atlantic,VLCC,12.471,USD
2026-04-22,TC1,UK Continent to US Atlantic,VLCC,12.484,USD
2026-04-23,TC1,UK Continent to US Atlantic,VLCC,12.576,USD
2026-04-24,TC1,UK Continent to US Atlantic,VLCC,12.67,USD
2026-04-25,TC1,UK Continent to US Atlantic,VLCC,12.782,USD
2026-04-26,TC1,UK Continent to US Atlantic,VLCC,12.686,USD
2026-04-27,TC1,UK Continent to US Atlantic,VLCC,12.57,USD
2026-04-28,TC1,UK Continent to US Atlantic,VLCC,12.254,USD
2026-04-29,TC1,UK Continent to US Atlantic,VLCC,12.324,USD
2026-04-30,TC1,UK Continent to US Atlantic,VLCC,12.493,USD
2026-05-01,TC1,UK Continent to US Atlantic,VLCC,12.757,USD
2026-05-02,TC1,UK Continent to US Atlantic,VLCC,12.781,USD
2026-05-03,TC1,UK Continent to US Atlantic,VLCC,12.61,USD
2026-05-04,TC1,UK Continent to US Atlantic,VLCC,12.273,USD
2026-05-05,TC1,UK Continent to US Atlantic,VLCC,12.434,USD
2026-05-06,TC1,UK Continent to US Atlantic,VLCC,12.08,USD
2026-05-07,TC1,UK Continent to US Atlantic,VLCC,11.992,USD
2026-05-08,TC1,UK Continent to US Atlantic,VLCC,11.926,USD
2026-05-09,TC1,UK Continent to US Atlantic,VLCC,11.888,USD
2026-05-10,TC1,UK Continent to US Atlantic,VLCC,11.869,USD
2026-05-11,TC1,UK Continent to US Atlantic,VLCC,11.869,USD
2026-05-12,TC1,UK Continent to US Atlantic,VLCC,11.407,USD
2026-05-13,TC1,UK Continent to US Atlantic,VLCC,11.388,USD
2026-05-14,TC1,UK Continent to US Atlantic,VLCC,10.964,USD
2026-05-15,TC1,UK Continent to US Atlantic,VLCC,11.079,USD
2026-05-16,TC1,UK Continent to US Atlantic,VLCC,10.96,USD
2026-05-17,TC1,UK Continent to US Atlantic,VLCC,10.552,USD
2026-05-18,TC1,UK Continent to US Atlantic,VLCC,10.391,USD
2026-05-19,TC1,UK Continent to US Atlantic,VLCC,10.275,USD
2026-05-20,TC1,UK Continent to US Atlantic,VLCC,10.479,USD
2026-05-21,TC1,UK Continent to US Atlantic,VLCC,10.5,USD
2026-05-22,TC1,UK Continent to US Atlantic,VLCC,10.548,USD
2026-05-23,TC1,UK Continent to US Atlantic,VLCC,10.746,USD
2026-05-24,TC1,UK Continent to US Atlantic,VLCC,10.712,USD
2026-05-25,TC1,UK Continent to US Atlantic,VLCC,10.831,USD
2026-05-26,TC1,UK Continent to US Atlantic,VLCC,10.936,USD
2026-05-27,TC1,UK Continent to US Atlantic,VLCC,10.684,USD
2026-05-28,TC1,UK Continent to US Atlantic,VLCC,10.932,USD
2026-05-29,TC1,UK Continent to US Atlantic,VLCC,10.656,USD
2026-05-30,TC1,UK Continent to US Atlantic,VLCC,10.804,USD
2026-05-31,TC1,UK Continent to US Atlantic,VLCC,10.511,USD
2026-06-01,TC1,UK Continent to US Atlantic,VLCC,10.603,USD
2026-06-02,TC1,UK Continent to US Atlantic,VLCC,10.922,USD
2026-06-03,TC1,UK Continent to US Atlantic,VLCC,10.863,USD
2026-06-04,TC1,UK Continent to US Atlantic,VLCC,10.796,USD
2026-06-05,TC1,UK Continent to US Atlantic,VLCC,10.887,USD
2026-06-06,TC1,UK Continent to US Atlantic,VLCC,10.806,USD
2026-06-07,TC1,UK Continent to US Atlantic,VLCC,11.115,USD
2026-06-08,TC1,UK Continent to US Atlantic,VLCC,11.126,USD
2026-06-09,TC1,UK Continent to US Atlantic,VLCC,11.045,USD
2026-06-10,TC1,UK Continent to US Atlantic,VLCC,10.925,USD
2026-06-11,TC1,UK Continent to US Atlantic,VLCC,10.735,USD
2026-06-12,TC1,UK Continent to US Atlantic,VLCC,10.602,USD
2026-06-13,TC1,UK Continent to US Atlantic,VLCC,10.52,USD
2026-06-14,TC1,UK Continent to US Atlantic,VLCC,10.414,USD
2026-06-15,TC1,UK Continent to US Atlantic,VLCC,10.278,USD
2026-06-16,TC1,UK Continent to US Atlantic,VLCC,10.642,USD
2026-06-17,TC1,UK Continent to US Atlantic,VLCC,10.437,USD
2026-06-18,TC1,UK Continent to US Atlantic,VLCC,10.447,USD
2026-06-19,TC1,UK Continent to US Atlantic,VLCC,10.537,USD
2026-06-20,TC1,UK Continent to US Atlantic,VLCC,10.633,USD
2026-06-21,TC1,UK Continent to US Atlantic,VLCC,10.603,USD
2026-06-22,TC1,UK Continent to US Atlantic,VLCC,10.541,USD
2026-06-23,TC1,UK Continent to US Atlantic,VLCC,10.605,USD
2026-06-24,TC1,UK Continent to US Atlantic,VLCC,10.635,USD
2026-06-25,TC1,UK Continent to US Atlantic,VLCC,10.569,USD
2026-06-26,TC1,UK Continent to US Atlantic,VLCC,10.269,USD
2026-06-27,TC1,UK Continent to US Atlantic,VLCC,10.169,USD
2026-06-28,TC1,UK Continent to US Atlantic,VLCC,9.948,USD
2026-06-29,TC1,UK Continent to US Atlantic,VLCC,9.816,USD
2026-06-30,TC1,UK Continent to US Atlantic,VLCC,9.812,USD
2026-07-01,TC1,UK Continent to US Atlantic,VLCC,9.866,USD
2026-07-02,TC1,UK Continent to US Atlantic,VLCC,10.178,USD
2026-07-03,TC1,UK Continent to US Atlantic,VLCC,10.067,USD
2026-07-04,TC1,UK Continent to US Atlantic,VLCC,10.195,USD
2026-07-05,TC1,UK Continent to US Atlantic,VLCC,10.236,USD
2026-07-06,TC1,UK Continent to US Atlantic,VLCC,10.457,USD
2026-07-07,TC1,UK Continent to US Atlantic,VLCC,10.545,USD
2026-07-08,TC1,UK Continent to US Atlantic,VLCC,10.346,USD
2026-07-09,TC1,UK Continent to US Atlantic,VLCC,10.02,USD
2026-07-10,TC1,UK Continent to US Atlantic,VLCC,10.066,USD
2026-07-11,TC1,UK Continent to US Atlantic,VLCC,9.959,USD
2026-07-12,TC1,UK Continent to US Atlantic,VLCC,9.772,USD
2026-07-13,TC1,UK Continent to US Atlantic,VLCC,9.535,USD
2026-07-14,TC1,UK Continent to US Atlantic,VLCC,9.558,USD
2026-07-15,TC1,UK Continent to US Atlantic,VLCC,9.825,USD
2026-07-16,TC1,UK Continent to US Atlantic,VLCC,9.744,USD
2026-07-17,TC1,UK Continent to US Atlantic,VLCC,9.843,USD
2026-07-18,TC1,UK Continent to US Atlantic,VLCC,9.817,USD
2026-07-19,TC1,UK Continent to US Atlantic,VLCC,9.577,USD
2026-07-20,TC1,UK Continent to US Atlantic,VLCC,9.705,USD
2026-07-21,TC1,UK Continent to US Atlantic,VLCC,9.502,USD
2026-07-22,TC1,UK Continent to US Atlantic,VLCC,9.502,USD
2026-07-23,TC1,UK Continent to US Atlantic,VLCC,9.438,USD
2026-07-24,TC1,UK Continent to US Atlantic,VLCC,9.597,USD
2026-07-25,TC1,UK Continent to US Atlantic,VLCC,9.402,USD
2026-07-26,TC1,UK Continent to US Atlantic,VLCC,9.472,USD
2026-07-27,TC1,UK Continent to US Atlantic,VLCC,9.318,USD
2026-07-28,TC1,UK Continent to US Atlantic,VLCC,9.226,USD
2026-07-29,TC1,UK Continent to US Atlantic,VLCC,8.57,USD
2026-07-30,TC1,UK Continent to US Atlantic,VLCC,8.957,USD
2026-07-31,TC1,UK Continent to US Atlantic,VLCC,9.061,USD
2026-08-01,TC1,UK Continent to US Atlantic,VLCC,8.926,USD
2026-08-02,TC1,UK Continent to US Atlantic,VLCC,8.729,USD
2026-08-03,TC1,UK Continent to US Atlantic,VLCC,8.647,USD
2026-08-04,TC1,UK Continent to US Atlantic,VLCC,8.785,USD
2026-08-05,TC1,UK Continent to US Atlantic,VLCC,8.452,USD
2026-08-06,TC1,UK Continent to US Atlantic,VLCC,8.438,USD
2026-08-07,TC1,UK Continent to US Atlantic,VLCC,8.77,USD
2026-08-08,TC1,UK Continent to US Atlantic,VLCC,8.574,USD
2026-08-09,TC1,UK Continent to US Atlantic,VLCC,8.6,USD
2026-08-10,TC1,UK Continent to US Atlantic,VLCC,9.01,USD
2026-08-11,TC1,UK Continent to US Atlantic,VLCC,9.132,USD
2026-08-12,TC1,UK Continent to US Atlantic,VLCC,9.162,USD
2026-08-13,TC1,UK Continent to US Atlantic,VLCC,9.261,USD
2026-08-14,TC1,UK Continent to US Atlantic,VLCC,9.195,USD
2026-08-15,TC1,UK Continent to US Atlantic,VLCC,9.437,USD
2026-08-16,TC1,UK Continent to US Atlantic,VLCC,9.371,USD
2026-08-17,TC1,UK Continent to US Atlantic,VLCC,9.023,USD
2026-08-18,TC1,UK Continent to US Atlantic,VLCC,8.963,USD
2026-08-19,TC1,UK Continent to US Atlantic,VLCC,8.8,USD
2026-08-20,TC1,UK Continent to US Atlantic,VLCC,8.763,USD
2026-08-21,TC1,UK Continent to US Atlantic,VLCC,8.73,USD
2026-08-22,TC1,UK Continent to US Atlantic,VLCC,8.962,USD
2026-08-23,TC1,UK Continent to US Atlantic,VLCC,9.1,USD
2026-08-24,TC1,UK Continent to US Atlantic,VLCC,9.16,USD
2026-08-25,TC1,UK Continent to US Atlantic,VLCC,9.172,USD
2026-08-26,TC1,UK Continent to US Atlantic,VLCC,8.993,USD
2026-08-27,TC1,UK Continent to US Atlantic,VLCC,8.613,USD
2026-08-28,TC1,UK Continent to US Atlantic,VLCC,8.652,USD
2026-08-29,TC1,UK Continent to US Atlantic,VLCC,8.815,USD
2026-08-30,TC1,UK Continent to US Atlantic,VLCC,8.813,USD
2026-08-31,TC1,UK Continent to US Atlantic,VLCC,8.734,USD
2026-09-01,TC1,UK Continent to US Atlantic,VLCC,8.838,USD
2026-09-02,TC1,UK Continent to US Atlantic,VLCC,8.841,USD
2026-09-03,TC1,UK Continent to US Atlantic,VLCC,9.165,USD
2026-09-04,TC1,UK Continent to US Atlantic,VLCC,9.405,USD
2026-09-05,TC1,UK Continent to US Atlantic,VLCC,9.592,USD
2026-09-06,TC1,UK Continent to US Atlantic,VLCC,9.742,USD
2026-09-07,TC1,UK Continent to US Atlantic,VLCC,9.521,USD
2026-09-08,TC1,UK Continent to US Atlantic,VLCC,9.656,USD
2026-09-09,TC1,UK Continent to US Atlantic,VLCC,9.738,USD
2026-09-10,TC1,UK Continent to US Atlantic,VLCC,9.861,USD
2026-09-11,TC1,UK Continent to US Atlantic,VLCC,9.962,USD
2026-09-12,TC1,UK Continent to US Atlantic,VLCC,10.056,USD
2026-09-13,TC1,UK Continent to US Atlantic,VLCC,10.556,USD
2026-09-14,TC1,UK Continent to US Atlantic,VLCC,10.55,USD
2026-09-15,TC1,UK Continent to US Atlantic,VLCC,10.727,USD
2026-09-16,TC1,UK Continent to US Atlantic,VLCC,10.648,USD
2026-09-17,TC1,UK Continent to US Atlantic,VLCC,10.798,USD
2026-09-18,TC1,UK Continent to US Atlantic,VLCC,10.975,USD
2026-09-19,TC1,UK Continent to US Atlantic,VLCC,11.046,USD
2026-09-20,TC1,UK Continent to US Atlantic,VLCC,11.353,USD
2026-09-21,TC1,UK Continent to US Atlantic,VLCC,11.195,USD
2026-09-22,TC1,UK Continent to US Atlantic,VLCC,11.112,USD
2026-09-23,TC1,UK Continent to US Atlantic,VLCC,11.156,USD
2026-09-24,TC1,UK Continent to US Atlantic,VLCC,11.321,USD
2026-09-25,TC1,UK Continent to US Atlantic,VLCC,11.358,USD
2026-09-26,TC1,UK Continent to US Atlantic,VLCC,11.595,USD
2026-09-27,TC1,UK Continent to US Atlantic,VLCC,11.479,USD
2026-09-28,TC1,UK Continent to US Atlantic,VLCC,11.277,USD
2026-09-29,TC1,UK Continent to US Atlantic,VLCC,11.34,USD
2026-09-30,TC1,UK Continent to US Atlantic,VLCC,11.332,USD
2026-10-01,TC1,UK Continent to US Atlantic,VLCC,11.438,USD
2026-10-02,TC1,UK Continent to US Atlantic,VLCC,11.44,USD
2026-10-03,TC1,UK Continent to US Atlantic,VLCC,11.385,USD
2026-10-04,TC1,UK Continent to US Atlantic,VLCC,11.38,USD
2026-10-05,TC1,UK Continent to US Atlantic,VLCC,11.394,USD
2026-10-06,TC1,UK Continent to US Atlantic,VLCC,11.348,USD
2026-10-07,TC1,UK Continent to US Atlantic,VLCC,11.321,USD
2026-10-08,TC1,UK Continent to US Atlantic,VLCC,11.259,USD
2026-10-09,TC1,UK Continent to US Atlantic,VLCC,11.425,USD
2026-10-10,TC1,UK Continent to US Atlantic,VLCC,11.471,USD
2026-10-11,TC1,UK Continent to US Atlantic,VLCC,11.889,USD
2026-10-12,TC1,UK Continent to US Atlantic,VLCC,11.925,USD
2026-10-13,TC1,UK Continent to US Atlantic,VLCC,11.832,USD
2026-10-14,TC1,UK Continent to US Atlantic,VLCC,12.323,USD
2026-10-15,TC1,UK Continent to US Atlantic,VLCC,12.401,USD
2026-10-16,TC1,UK Continent to US Atlantic,VLCC,12.583,USD
2026-10-17,TC1,UK Continent to US Atlantic,VLCC,12.692,USD
2026-10-18,TC1,UK Continent to US Atlantic,VLCC,12.806,USD
2026-10-19,TC1,UK Continent to US Atlantic,VLCC,12.903,USD
2026-10-20,TC1,UK Continent to US Atlantic,VLCC,12.704,USD
2026-10-21,TC1,UK Continent to US Atlantic,VLCC,12.772,USD
2026-10-22,TC1,UK Continent to US Atlantic,VLCC,12.535,USD
2026-10-23,TC1,UK Continent to US Atlantic,VLCC,12.508,USD
2026-10-24,TC1,UK Continent to US Atlantic,VLCC,12.383,USD
2026-10-25,TC1,UK Continent to US Atlantic,VLCC,12.454,USD
2026-10-26,TC1,UK Continent to US Atlantic,VLCC,12.521,USD
2026-10-27,TC1,UK Continent to US Atlantic,VLCC,12.615,USD
2026-10-28,TC1,UK Continent to US Atlantic,VLCC,12.672,USD
2026-10-29,TC1,UK Continent to US Atlantic,VLCC,12.568,USD
2026-10-30,TC1,UK Continent to US Atlantic,VLCC,12.528,USD
2026-10-31,TC1,UK Continent to US Atlantic,VLCC,12.702,USD
2026-11-01,TC1,UK Continent to US Atlantic,VLCC,12.902,USD
2026-11-02,TC1,UK Continent to US Atlantic,VLCC,12.699,USD
2026-11-03,TC1,UK Continent to US Atlantic,VLCC,12.43,USD
2026-11-04,TC1,UK Continent to US Atlantic,VLCC,12.308,USD
2026-11-05,TC1,UK Continent to US Atlantic,VLCC,12.509,USD
2026-11-06,TC1,UK Continent to US Atlantic,VLCC,12.738,USD
2026-11-07,TC1,UK Continent to US Atlantic,VLCC,12.579,USD
2026-11-08,TC1,UK Continent to US Atlantic,VLCC,12.645,USD
2026-11-09,TC1,UK Continent to US Atlantic,VLCC,12.986,USD
2026-11-10,TC1,UK Continent to US Atlantic,VLCC,13.067,USD
2026-11-11,TC1,UK Continent to US Atlantic,VLCC,13.33,USD
2026-11-12,TC1,UK Continent to US Atlantic,VLCC,13.514,USD
2026-11-13,TC1,UK Continent to US Atlantic,VLCC,13.351,USD
2026-11-14,TC1,UK Continent to US Atlantic,VLCC,13.321,USD
2026-11-15,TC1,UK Continent to US Atlantic,VLCC,13.332,USD
2026-11-16,TC1,UK Continent to US Atlantic,VLCC,13.355,USD
2026-11-17,TC1,UK Continent to US Atlantic,VLCC,13.525,USD
2026-11-18,TC1,UK Continent to US Atlantic,VLCC,13.602,USD
2026-11-19,TC1,UK Continent to US Atlantic,VLCC,13.074,USD
2026-11-20,TC1,UK Continent to US Atlantic,VLCC,12.845,USD
2026-11-21,TC1,UK Continent to US Atlantic,VLCC,12.46,USD
2026-11-22,TC1,UK Continent to US Atlantic,VLCC,12.507,USD
2026-11-23,TC1,UK Continent to US Atlantic,VLCC,12.564,USD
2026-11-24,TC1,UK Continent to US Atlantic,VLCC,12.63,USD
2026-11-25,TC1,UK Continent to US Atlantic,VLCC,12.47,USD
2026-11-26,TC1,UK Continent to US Atlantic,VLCC,12.607,USD
2026-11-27,TC1,UK Continent to US Atlantic,VLCC,12.751,USD
2026-11-28,TC1,UK Continent to US Atlantic,VLCC,12.537,USD
2026-11-29,TC1,UK Continent to US Atlantic,VLCC,12.287,USD
2026-11-30,TC1,UK Continent to US Atlantic,VLCC,12.305,USD
2026-12-01,TC1,UK Continent to US Atlantic,VLCC,12.646,USD
2026-12-02,TC1,UK Continent to US Atlantic,VLCC,12.968,USD
2026-12-03,TC1,UK Continent to US Atlantic,VLCC,13.081,USD
2026-12-04,TC1,UK Continent to US Atlantic,VLCC,12.96,USD
2026-12-05,TC1,UK Continent to US Atlantic,VLCC,13.132,USD
2026-12-06,TC1,UK Continent to US Atlantic,VLCC,13.06,USD
2026-12-07,TC1,UK Continent to US Atlantic,VLCC,12.932,USD
2026-12-08,TC1,UK Continent to US Atlantic,VLCC,12.557,USD
2026-12-09,TC1,UK Continent to US Atlantic,VLCC,12.592,USD
2026-12-10,TC1,UK Continent to US Atlantic,VLCC,12.494,USD
2026-12-11,TC1,UK Continent to US Atlantic,VLCC,12.528,USD
2026-12-12,TC1,UK Continent to US Atlantic,VLCC,12.129,USD
2026-12-13,TC1,UK Continent to US Atlantic,VLCC,12.18,USD
2026-12-14,TC1,UK Continent to US Atlantic,VLCC,11.761,USD
2026-12-15,TC1,UK Continent to US Atlantic,VLCC,11.982,USD
2026-12-16,TC1,UK Continent to US Atlantic,VLCC,12.099,USD
2026-12-17,TC1,UK Continent to US Atlantic,VLCC,12.069,USD
2026-12-18,TC1,UK Continent to US Atlantic,VLCC,12.192,USD
2026-12-19,TC1,UK Continent to US Atlantic,VLCC,12.036,USD
2026-12-20,TC1,UK Continent to US Atlantic,VLCC,12.071,USD
2026-12-21,TC1,UK Continent to US Atlantic,VLCC,12.236,USD
2026-12-22,TC1,UK Continent to US Atlantic,VLCC,11.696,USD
2026-12-23,TC1,UK Continent to US Atlantic,VLCC,11.64,USD
2026-12-24,TC1,UK Continent to US Atlantic,VLCC,11.662,USD
2026-12-25,TC1,UK Continent to US Atlantic,VLCC,11.651,USD
2026-12-26,TC1,UK Continent to US Atlantic,VLCC,11.94,USD
2026-12-27,TC1,UK Continent to US Atlantic,VLCC,11.759,USD
2026-12-28,TC1,UK Continent to US Atlantic,VLCC,11.671,USD
2026-12-29,TC1,UK Continent to US Atlantic,VLCC,11.35,USD
2026-12-30,TC1,UK Continent to US Atlantic,VLCC,11.651,USD
2026-12-31,TC1,UK Continent to US Atlantic,VLCC,11.631,USD
2020-01-04,TC2,Caribbean to US Atlantic Coast,VLCC,7.838,USD
2020-01-05,TC2,Caribbean to US Atlantic Coast,VLCC,7.753,USD
2020-01-06,TC2,Caribbean to US Atlantic Coast,VLCC,7.92,USD
2020-01-07,TC2,Caribbean to US Atlantic Coast,VLCC,7.946,USD
2020-01-08,TC2,Caribbean to US Atlantic Coast,VLCC,7.879,USD
2020-01-09,TC2,Caribbean to US Atlantic Coast,VLCC,7.964,USD
2020-01-10,TC2,Caribbean to US Atlantic Coast,VLCC,8.074,USD
2020-01-11,TC2,Caribbean to US Atlantic Coast,VLCC,8.155,USD
2020-01-12,TC2,Caribbean to US Atlantic Coast,VLCC,8.044,USD
2020-01-13,TC2,Caribbean to US Atlantic Coast,VLCC,7.997,USD
2020-01-14,TC2,Caribbean to US Atlantic Coast,VLCC,8.004,USD
2020-01-15,TC2,Caribbean to US Atlantic Coast,VLCC,8.007,USD
2020-01-16,TC2,Caribbean to US Atlantic Coast,VLCC,8.1,USD
2020-01-17,TC2,Caribbean to US Atlantic Coast,VLCC,7.878,USD
2020-01-18,TC2,Caribbean to US Atlantic Coast,VLCC,7.924,USD
2020-01-19,TC2,Caribbean to US Atlantic Coast,VLCC,7.899,USD
2020-01-20,TC2,Caribbean to US Atlantic Coast,VLCC,7.812,USD
2020-01-21,TC2,Caribbean to US Atlantic Coast,VLCC,7.736,USD
2020-01-22,TC2,Caribbean to US Atlantic Coast,VLCC,7.721,USD
2020-01-23,TC2,Caribbean to US Atlantic Coast,VLCC,7.321,USD
2020-01-24,TC2,Caribbean to US Atlantic Coast,VLCC,7.255,USD
2020-01-25,TC2,Caribbean to US Atlantic Coast,VLCC,7.169,USD
2020-01-26,TC2,Caribbean to US Atlantic Coast,VLCC,7.244,USD
2020-01-27,TC2,Caribbean to US Atlantic Coast,VLCC,7.166,USD
2020-01-28,TC2,Caribbean to US Atlantic Coast,VLCC,7.156,USD
2020-01-29,TC2,Caribbean to US Atlantic Coast,VLCC,7.345,USD
2020-01-30,TC2,Caribbean to US Atlantic Coast,VLCC,7.47,USD
2020-01-31,TC2,Caribbean to US Atlantic Coast,VLCC,7.583,USD
2020-02-01,TC2,Caribbean to US Atlantic Coast,VLCC,7.536,USD
2020-02-02,TC2,Caribbean to US Atlantic Coast,VLCC,7.607,USD
2020-02-03,TC2,Caribbean to US Atlantic Coast,VLCC,7.589,USD
2020-02-04,TC2,Caribbean to US Atlantic Coast,VLCC,7.575,USD
2020-02-05,TC2,Caribbean to US Atlantic Coast,VLCC,7.63,USD
2020-02-06,TC2,Caribbean to US Atlantic Coast,VLCC,7.57,USD
2020-02-07,TC2,Caribbean to US Atlantic Coast,VLCC,7.748,USD
2020-02-08,TC2,Caribbean to US Atlantic Coast,VLCC,7.736,USD
2020-02-09,TC2,Caribbean to US Atlantic Coast,VLCC,7.812,USD
2020-02-10,TC2,Caribbean to US Atlantic Coast,VLCC,7.983,USD
2020-02-11,TC2,Caribbean to US Atlantic Coast,VLCC,8.104,USD
2020-02-12,TC2,Caribbean to US Atlantic Coast,VLCC,7.945,USD
2020-02-13,TC2,Caribbean to US Atlantic Coast,VLCC,7.998,USD
2020-02-14,TC2,Caribbean to US Atlantic Coast,VLCC,8.097,USD
2020-02-15,TC2,Caribbean to US Atlantic Coast,VLCC,8.2,USD
2020-02-16,TC2,Caribbean to US Atlantic Coast,VLCC,8.073,USD
2020-02-17,TC2,Caribbean to US Atlantic Coast,VLCC,7.999,USD
2020-02-18,TC2,Caribbean to US Atlantic Coast,VLCC,8.113,USD
2020-02-19,TC2,Caribbean to US Atlantic Coast,VLCC,8.026,USD
2020-02-20,TC2,Caribbean to US Atlantic Coast,VLCC,7.993,USD
2020-02-21,TC2,Caribbean to US Atlantic Coast,VLCC,8.173,USD
2020-02-22,TC2,Caribbean to US Atlantic Coast,VLCC,8.166,USD
2020-02-23,TC2,Caribbean to US Atlantic Coast,VLCC,8.081,USD
2020-02-24,TC2,Caribbean to US Atlantic Coast,VLCC,7.98,USD
2020-02-25,TC2,Caribbean to US Atlantic Coast,VLCC,8.018,USD
2020-02-26,TC2,Caribbean to US Atlantic Coast,VLCC,7.865,USD
2020-02-27,TC2,Caribbean to US Atlantic Coast,VLCC,7.837,USD
2020-02-28,TC2,Caribbean to US Atlantic Coast,VLCC,7.875,USD
2020-02-29,TC2,Caribbean to US Atlantic Coast,VLCC,8.022,USD
2020-03-01,TC2,Caribbean to US Atlantic Coast,VLCC,8.096,USD
2020-03-02,TC2,Caribbean to US Atlantic Coast,VLCC,8.012,USD
2020-03-03,TC2,Caribbean to US Atlantic Coast,VLCC,8.143,USD
2020-03-04,TC2,Caribbean to US Atlantic Coast,VLCC,8.105,USD
2020-03-05,TC2,Caribbean to US Atlantic Coast,VLCC,7.96,USD
2020-03-06,TC2,Caribbean to US Atlantic Coast,VLCC,7.937,USD
2020-03-07,TC2,Caribbean to US Atlantic Coast,VLCC,8.098,USD
2020-03-08,TC2,Caribbean to US Atlantic Coast,VLCC,8.112,USD
2020-03-09,TC2,Caribbean to US Atlantic Coast,VLCC,8.108,USD
2020-03-10,TC2,Caribbean to US Atlantic Coast,VLCC,8.288,USD
2020-03-11,TC2,Caribbean to US Atlantic Coast,VLCC,8.118,USD
2020-03-12,TC2,Caribbean to US Atlantic Coast,VLCC,7.965,USD
2020-03-13,TC2,Caribbean to US Atlantic Coast,VLCC,7.776,USD
2020-03-14,TC2,Caribbean to US Atlantic Coast,VLCC,7.815,USD
2020-03-15,TC2,Caribbean to US Atlantic Coast,VLCC,7.83,USD
2020-03-16,TC2,Caribbean to US Atlantic Coast,VLCC,8.001,USD
2020-03-17,TC2,Caribbean to US Atlantic Coast,VLCC,8.022,USD
2020-03-18,TC2,Caribbean to US Atlantic Coast,VLCC,7.969,USD
2020-03-19,TC2,Caribbean to US Atlantic Coast,VLCC,7.962,USD
2020-03-20,TC2,Caribbean to US Atlantic Coast,VLCC,7.968,USD
2020-03-21,TC2,Caribbean to US Atlantic Coast,VLCC,7.771,USD
2020-03-22,TC2,Caribbean to US Atlantic Coast,VLCC,8.073,USD
2020-03-23,TC2,Caribbean to US Atlantic Coast,VLCC,8.123,USD
2020-03-24,TC2,Caribbean to US Atlantic Coast,VLCC,8.137,USD
2020-03-25,TC2,Caribbean to US Atlantic Coast,VLCC,8.197,USD
2020-03-26,TC2,Caribbean to US Atlantic Coast,VLCC,8.266,USD
2020-03-27,TC2,Caribbean to US Atlantic Coast,VLCC,8.238,USD
2020-03-28,TC2,Caribbean to US Atlantic Coast,VLCC,8.154,USD
2020-03-29,TC2,Caribbean to US Atlantic Coast,VLCC,8.21,USD
2020-03-30,TC2,Caribbean to US Atlantic Coast,VLCC,8.242,USD
2020-03-31,TC2,Caribbean to US Atlantic Coast,VLCC,8.137,USD
2020-04-01,TC2,Caribbean to US Atlantic Coast,VLCC,8.286,USD
2020-04-02,TC2,Caribbean to US Atlantic Coast,VLCC,8.305,USD
2020-04-03,TC2,Caribbean to US Atlantic Coast,VLCC,8.373,USD
2020-04-04,TC2,Caribbean to US Atlantic Coast,VLCC,8.516,USD
2020-04-05,TC2,Caribbean to US Atlantic Coast,VLCC,8.501,USD
2020-04-06,TC2,Caribbean to US Atlantic Coast,VLCC,8.52,USD
2020-04-07,TC2,Caribbean to US Atlantic Coast,VLCC,8.594,USD
2020-04-08,TC2,Caribbean to US Atlantic Coast,VLCC,8.492,USD
2020-04-09,TC2,Caribbean to US Atlantic Coast,VLCC,8.48,USD
2020-04-10,TC2,Caribbean to US Atlantic Coast,VLCC,8.476,USD
2020-04-11,TC2,Caribbean to US Atlantic Coast,VLCC,8.349,USD
2020-04-12,TC2,Caribbean to US Atlantic Coast,VLCC,8.595,USD
2020-04-13,TC2,Caribbean to US Atlantic Coast,VLCC,8.414,USD
2020-04-14,TC2,Caribbean to US Atlantic Coast,VLCC,8.248,USD
2020-04-15,TC2,Caribbean to US Atlantic Coast,VLCC,8.38,USD
2020-04-16,TC2,Caribbean to US Atlantic Coast,VLCC,8.442,USD
2020-04-17,TC2,Caribbean to US Atlantic Coast,VLCC,8.305,USD
2020-04-18,TC2,Caribbean to US Atlantic Coast,VLCC,8.356,USD
2020-04-19,TC2,Caribbean to US Atlantic Coast,VLCC,8.503,USD
2020-04-20,TC2,Caribbean to US Atlantic Coast,VLCC,8.478,USD
2020-04-21,TC2,Caribbean to US Atlantic Coast,VLCC,8.753,USD
2020-04-22,TC2,Caribbean to US Atlantic Coast,VLCC,8.532,USD
2020-04-23,TC2,Caribbean to US Atlantic Coast,VLCC,8.589,USD
2020-04-24,TC2,Caribbean to US Atlantic Coast,VLCC,8.698,USD
2020-04-25,TC2,Caribbean to US Atlantic Coast,VLCC,8.775,USD
2020-04-26,TC2,Caribbean to US Atlantic Coast,VLCC,8.726,USD
2020-04-27,TC2,Caribbean to US Atlantic Coast,VLCC,8.668,USD
2020-04-28,TC2,Caribbean to US Atlantic Coast,VLCC,8.694,USD
2020-04-29,TC2,Caribbean to US Atlantic Coast,VLCC,8.761,USD
2020-04-30,TC2,Caribbean to US Atlantic Coast,VLCC,8.803,USD
2020-05-01,TC2,Caribbean to US Atlantic Coast,VLCC,8.895,USD
2020-05-02,TC2,Caribbean to US Atlantic Coast,VLCC,8.751,USD
2020-05-03,TC2,Caribbean to US Atlantic Coast,VLCC,8.698,USD
2020-05-04,TC2,Caribbean to US Atlantic Coast,VLCC,8.564,USD
2020-05-05,TC2,Caribbean to US Atlantic Coast,VLCC,8.495,USD
2020-05-06,TC2,Caribbean to US Atlantic Coast,VLCC,8.585,USD
2020-05-07,TC2,Caribbean to US Atlantic Coast,VLCC,8.572,USD
2020-05-08,TC2,Caribbean to US Atlantic Coast,VLCC,8.842,USD
2020-05-09,TC2,Caribbean to US Atlantic Coast,VLCC,8.835,USD
2020-05-10,TC2,Caribbean to US Atlantic Coast,VLCC,8.813,USD
2020-05-11,TC2,Caribbean to US Atlantic Coast,VLCC,8.796,USD
2020-05-12,TC2,Caribbean to US Atlantic Coast,VLCC,8.694,USD
2020-05-13,TC2,Caribbean to US Atlantic Coast,VLCC,8.659,USD
2020-05-14,TC2,Caribbean to US Atlantic Coast,VLCC,8.759,USD
2020-05-15,TC2,Caribbean to US Atlantic Coast,VLCC,8.743,USD
2020-05-16,TC2,Caribbean to US Atlantic Coast,VLCC,8.623,USD
2020-05-17,TC2,Caribbean to US Atlantic Coast,VLCC,8.49,USD
2020-05-18,TC2,Caribbean to US Atlantic Coast,VLCC,8.411,USD
2020-05-19,TC2,Caribbean to US Atlantic Coast,VLCC,8.393,USD
2020-05-20,TC2,Caribbean to US Atlantic Coast,VLCC,8.502,USD
2020-05-21,TC2,Caribbean to US Atlantic Coast,VLCC,8.322,USD
2020-05-22,TC2,Caribbean to US Atlantic Coast,VLCC,8.26,USD
2020-05-23,TC2,Caribbean to US Atlantic Coast,VLCC,8.251,USD
2020-05-24,TC2,Caribbean to US Atlantic Coast,VLCC,8.016,USD
2020-05-25,TC2,Caribbean to US Atlantic Coast,VLCC,7.898,USD
2020-05-26,TC2,Caribbean to US Atlantic Coast,VLCC,7.798,USD
2020-05-27,TC2,Caribbean to US Atlantic Coast,VLCC,7.686,USD
2020-05-28,TC2,Caribbean to US Atlantic Coast,VLCC,7.688,USD
2020-05-29,TC2,Caribbean to US Atlantic Coast,VLCC,7.649,USD
2020-05-30,TC2,Caribbean to US Atlantic Coast,VLCC,7.565,USD
2020-05-31,TC2,Caribbean to US Atlantic Coast,VLCC,7.594,USD
2020-06-01,TC2,Caribbean to US Atlantic Coast,VLCC,7.771,USD
2020-06-02,TC2,Caribbean to US Atlantic Coast,VLCC,7.935,USD
2020-06-03,TC2,Caribbean to US Atlantic Coast,VLCC,7.693,USD
2020-06-04,TC2,Caribbean to US Atlantic Coast,VLCC,7.737,USD
2020-06-05,TC2,Caribbean to US Atlantic Coast,VLCC,7.695,USD
2020-06-06,TC2,Caribbean to US Atlantic Coast,VLCC,7.692,USD
2020-06-07,TC2,Caribbean to US Atlantic Coast,VLCC,7.625,USD
2020-06-08,TC2,Caribbean to US Atlantic Coast,VLCC,7.617,USD
2020-06-09,TC2,Caribbean to US Atlantic Coast,VLCC,7.614,USD
2020-06-10,TC2,Caribbean to US Atlantic Coast,VLCC,7.527,USD
2020-06-11,TC2,Caribbean to US Atlantic Coast,VLCC,7.405,USD
2020-06-12,TC2,Caribbean to US Atlantic Coast,VLCC,7.335,USD
2020-06-13,TC2,Caribbean to US Atlantic Coast,VLCC,7.344,USD
2020-06-14,TC2,Caribbean to US Atlantic Coast,VLCC,7.394,USD
2020-06-15,TC2,Caribbean to US Atlantic Coast,VLCC,7.472,USD
2020-06-16,TC2,Caribbean to US Atlantic Coast,VLCC,7.396,USD
2020-06-17,TC2,Caribbean to US Atlantic Coast,VLCC,7.409,USD
2020-06-18,TC2,Caribbean to US Atlantic Coast,VLCC,7.5,USD
2020-06-19,TC2,Caribbean to US Atlantic Coast,VLCC,7.613,USD
2020-06-20,TC2,Caribbean to US Atlantic Coast,VLCC,7.585,USD
2020-06-21,TC2,Caribbean to US Atlantic Coast,VLCC,7.539,USD
2020-06-22,TC2,Caribbean to US Atlantic Coast,VLCC,7.54,USD
2020-06-23,TC2,Caribbean to US Atlantic Coast,VLCC,7.389,USD
2020-06-24,TC2,Caribbean to US Atlantic Coast,VLCC,7.348,USD
2020-06-25,TC2,Caribbean to US Atlantic Coast,VLCC,7.415,USD
2020-06-26,TC2,Caribbean to US Atlantic Coast,VLCC,7.469,USD
2020-06-27,TC2,Caribbean to US Atlantic Coast,VLCC,7.418,USD
2020-06-28,TC2,Caribbean to US Atlantic Coast,VLCC,7.424,USD
2020-06-29,TC2,Caribbean to US Atlantic Coast,VLCC,7.311,USD
2020-06-30,TC2,Caribbean to US Atlantic Coast,VLCC,7.374,USD
2020-07-01,TC2,Caribbean to US Atlantic Coast,VLCC,7.346,USD
2020-07-02,TC2,Caribbean to US Atlantic Coast,VLCC,7.297,USD
2020-07-03,TC2,Caribbean to US Atlantic Coast,VLCC,7.238,USD
2020-07-04,TC2,Caribbean to US Atlantic Coast,VLCC,7.214,USD
2020-07-05,TC2,Caribbean to US Atlantic Coast,VLCC,7.147,USD
2020-07-06,TC2,Caribbean to US Atlantic Coast,VLCC,7.206,USD
2020-07-07,TC2,Caribbean to US Atlantic Coast,VLCC,7.145,USD
2020-07-08,TC2,Caribbean to US Atlantic Coast,VLCC,7.31,USD
2020-07-09,TC2,Caribbean to US Atlantic Coast,VLCC,7.46,USD
2020-07-10,TC2,Caribbean to US Atlantic Coast,VLCC,7.34,USD
2020-07-11,TC2,Caribbean to US Atlantic Coast,VLCC,7.331,USD
2020-07-12,TC2,Caribbean to US Atlantic Coast,VLCC,7.24,USD
2020-07-13,TC2,Caribbean to US Atlantic Coast,VLCC,7.186,USD
2020-07-14,TC2,Caribbean to US Atlantic Coast,VLCC,7.399,USD
2020-07-15,TC2,Caribbean to US Atlantic Coast,VLCC,7.347,USD
2020-07-16,TC2,Caribbean to US Atlantic Coast,VLCC,7.371,USD
2020-07-17,TC2,Caribbean to US Atlantic Coast,VLCC,7.416,USD
2020-07-18,TC2,Caribbean to US Atlantic Coast,VLCC,7.285,USD
2020-07-19,TC2,Caribbean to US Atlantic Coast,VLCC,7.172,USD
2020-07-20,TC2,Caribbean to US Atlantic Coast,VLCC,7.02,USD
2020-07-21,TC2,Caribbean to US Atlantic Coast,VLCC,6.906,USD
2020-07-22,TC2,Caribbean to US Atlantic Coast,VLCC,6.571,USD
2020-07-23,TC2,Caribbean to US Atlantic Coast,VLCC,6.625,USD
2020-07-24,TC2,Caribbean to US Atlantic Coast,VLCC,6.85,USD
2020-07-25,TC2,Caribbean to US Atlantic Coast,VLCC,6.856,USD
2020-07-26,TC2,Caribbean to US Atlantic Coast,VLCC,6.685,USD
2020-07-27,TC2,Caribbean to US Atlantic Coast,VLCC,6.603,USD
2020-07-28,TC2,Caribbean to US Atlantic Coast,VLCC,6.544,USD
2020-07-29,TC2,Caribbean to US Atlantic Coast,VLCC,6.421,USD
2020-07-30,TC2,Caribbean to US Atlantic Coast,VLCC,6.514,USD
2020-07-31,TC2,Caribbean to US Atlantic Coast,VLCC,6.6,USD
2020-08-01,TC2,Caribbean to US Atlantic Coast,VLCC,6.462,USD
2020-08-02,TC2,Caribbean to US Atlantic Coast,VLCC,6.539,USD
2020-08-03,TC2,Caribbean to US Atlantic Coast,VLCC,6.707,USD
2020-08-04,TC2,Caribbean to US Atlantic Coast,VLCC,6.917,USD
2020-08-05,TC2,Caribbean to US Atlantic Coast,VLCC,7.234,USD
2020-08-06,TC2,Caribbean to US Atlantic Coast,VLCC,7.119,USD
2020-08-07,TC2,Caribbean to US Atlantic Coast,VLCC,7.43,USD
2020-08-08,TC2,Caribbean to US Atlantic Coast,VLCC,7.376,USD
2020-08-09,TC2,Caribbean to US Atlantic Coast,VLCC,7.296,USD
2020-08-10,TC2,Caribbean to US Atlantic Coast,VLCC,7.321,USD
2020-08-11,TC2,Caribbean to US Atlantic Coast,VLCC,7.243,USD
2020-08-12,TC2,Caribbean to US Atlantic Coast,VLCC,7.278,USD
2020-08-13,TC2,Caribbean to US Atlantic Coast,VLCC,7.117,USD
2020-08-14,TC2,Caribbean to US Atlantic Coast,VLCC,7.081,USD
2020-08-15,TC2,Caribbean to US Atlantic Coast,VLCC,7.219,USD
2020-08-16,TC2,Caribbean to US Atlantic Coast,VLCC,7.203,USD
2020-08-17,TC2,Caribbean to US Atlantic Coast,VLCC,7.21,USD
2020-08-18,TC2,Caribbean to US Atlantic Coast,VLCC,7.255,USD
2020-08-19,TC2,Caribbean to US Atlantic Coast,VLCC,7.379,USD
2020-08-20,TC2,Caribbean to US Atlantic Coast,VLCC,7.181,USD
2020-08-21,TC2,Caribbean to US Atlantic Coast,VLCC,7.239,USD
2020-08-22,TC2,Caribbean to US Atlantic Coast,VLCC,7.201,USD
2020-08-23,TC2,Caribbean to US Atlantic Coast,VLCC,7.212,USD
2020-08-24,TC2,Caribbean to US Atlantic Coast,VLCC,7.325,USD
2020-08-25,TC2,Caribbean to US Atlantic Coast,VLCC,7.181,USD
2020-08-26,TC2,Caribbean to US Atlantic Coast,VLCC,7.059,USD
2020-08-27,TC2,Caribbean to US Atlantic Coast,VLCC,6.834,USD
2020-08-28,TC2,Caribbean to US Atlantic Coast,VLCC,6.769,USD
2020-08-29,TC2,Caribbean to US Atlantic Coast,VLCC,6.919,USD
2020-08-30,TC2,Caribbean to US Atlantic Coast,VLCC,6.902,USD
2020-08-31,TC2,Caribbean to US Atlantic Coast,VLCC,6.747,USD
2020-09-01,TC2,Caribbean to US Atlantic Coast,VLCC,6.691,USD
2020-09-02,TC2,Caribbean to US Atlantic Coast,VLCC,6.522,USD
2020-09-03,TC2,Caribbean to US Atlantic Coast,VLCC,6.397,USD
2020-09-04,TC2,Caribbean to US Atlantic Coast,VLCC,6.445,USD
2020-09-05,TC2,Caribbean to US Atlantic Coast,VLCC,6.315,USD
2020-09-06,TC2,Caribbean to US Atlantic Coast,VLCC,6.447,USD
2020-09-07,TC2,Caribbean to US Atlantic Coast,VLCC,6.443,USD
2020-09-08,TC2,Caribbean to US Atlantic Coast,VLCC,6.457,USD
2020-09-09,TC2,Caribbean to US Atlantic Coast,VLCC,6.43,USD
2020-09-10,TC2,Caribbean to US Atlantic Coast,VLCC,6.523,USD
2020-09-11,TC2,Caribbean to US Atlantic Coast,VLCC,6.617,USD
2020-09-12,TC2,Caribbean to US Atlantic Coast,VLCC,6.659,USD
2020-09-13,TC2,Caribbean to US Atlantic Coast,VLCC,6.727,USD
2020-09-14,TC2,Caribbean to US Atlantic Coast,VLCC,6.706,USD
2020-09-15,TC2,Caribbean to US Atlantic Coast,VLCC,6.772,USD
2020-09-16,TC2,Caribbean to US Atlantic Coast,VLCC,6.737,USD
2020-09-17,TC2,Caribbean to US Atlantic Coast,VLCC,6.741,USD
2020-09-18,TC2,Caribbean to US Atlantic Coast,VLCC,6.714,USD
2020-09-19,TC2,Caribbean to US Atlantic Coast,VLCC,6.667,USD
2020-09-20,TC2,Caribbean to US Atlantic Coast,VLCC,6.595,USD
2020-09-21,TC2,Caribbean to US Atlantic Coast,VLCC,6.655,USD
2020-09-22,TC2,Caribbean to US Atlantic Coast,VLCC,6.81,USD
2020-09-23,TC2,Caribbean to US Atlantic Coast,VLCC,6.949,USD
2020-09-24,TC2,Caribbean to US Atlantic Coast,VLCC,6.81,USD
2020-09-25,TC2,Caribbean to US Atlantic Coast,VLCC,6.963,USD
2020-09-26,TC2,Caribbean to US Atlantic Coast,VLCC,6.931,USD
2020-09-27,TC2,Caribbean to US Atlantic Coast,VLCC,7.005,USD
2020-09-28,TC2,Caribbean to US Atlantic Coast,VLCC,6.906,USD
2020-09-29,TC2,Caribbean to US Atlantic Coast,VLCC,6.928,USD
2020-09-30,TC2,Caribbean to US Atlantic Coast,VLCC,6.97,USD
2020-10-01,TC2,Caribbean to US Atlantic Coast,VLCC,6.807,USD
2020-10-02,TC2,Caribbean to US Atlantic Coast,VLCC,6.884,USD
2020-10-03,TC2,Caribbean to US Atlantic Coast,VLCC,7.045,USD
2020-10-04,TC2,Caribbean to US Atlantic Coast,VLCC,7.031,USD
2020-10-05,TC2,Caribbean to US Atlantic Coast,VLCC,7.192,USD
2020-10-06,TC2,Caribbean to US Atlantic Coast,VLCC,7.176,USD
2020-10-07,TC2,Caribbean to US Atlantic Coast,VLCC,7.278,USD
2020-10-08,TC2,Caribbean to US Atlantic Coast,VLCC,7.031,USD
2020-10-09,TC2,Caribbean to US Atlantic Coast,VLCC,7.314,USD
2020-10-10,TC2,Caribbean to US Atlantic Coast,VLCC,7.489,USD
2020-10-11,TC2,Caribbean to US Atlantic Coast,VLCC,7.46,USD
2020-10-12,TC2,Caribbean to US Atlantic Coast,VLCC,7.24,USD
2020-10-13,TC2,Caribbean to US Atlantic Coast,VLCC,7.279,USD
2020-10-14,TC2,Caribbean to US Atlantic Coast,VLCC,7.122,USD
2020-10-15,TC2,Caribbean to US Atlantic Coast,VLCC,7.181,USD
2020-10-16,TC2,Caribbean to US Atlantic Coast,VLCC,7.236,USD
2020-10-17,TC2,Caribbean to US Atlantic Coast,VLCC,7.136,USD
2020-10-18,TC2,Caribbean to US Atlantic Coast,VLCC,7.273,USD
2020-10-19,TC2,Caribbean to US Atlantic Coast,VLCC,7.372,USD
2020-10-20,TC2,Caribbean to US Atlantic Coast,VLCC,7.491,USD
2020-10-21,TC2,Caribbean to US Atlantic Coast,VLCC,7.498,USD
2020-10-22,TC2,Caribbean to US Atlantic Coast,VLCC,7.343,USD
2020-10-23,TC2,Caribbean to US Atlantic Coast,VLCC,7.463,USD
2020-10-24,TC2,Caribbean to US Atlantic Coast,VLCC,7.439,USD
2020-10-25,TC2,Caribbean to US Atlantic Coast,VLCC,7.289,USD
2020-10-26,TC2,Caribbean to US Atlantic Coast,VLCC,7.452,USD
2020-10-27,TC2,Caribbean to US Atlantic Coast,VLCC,7.699,USD
2020-10-28,TC2,Caribbean to US Atlantic Coast,VLCC,7.7,USD
2020-10-29,TC2,Caribbean to US Atlantic Coast,VLCC,7.952,USD
2020-10-30,TC2,Caribbean to US Atlantic Coast,VLCC,7.966,USD
2020-10-31,TC2,Caribbean to US Atlantic Coast,VLCC,7.927,USD
2020-11-01,TC2,Caribbean to US Atlantic Coast,VLCC,7.86,USD
2020-11-02,TC2,Caribbean to US Atlantic Coast,VLCC,8.051,USD
2020-11-03,TC2,Caribbean to US Atlantic Coast,VLCC,7.966,USD
2020-11-04,TC2,Caribbean to US Atlantic Coast,VLCC,8.055,USD
2020-11-05,TC2,Caribbean to US Atlantic Coast,VLCC,7.995,USD
2020-11-06,TC2,Caribbean to US Atlantic Coast,VLCC,7.948,USD
2020-11-07,TC2,Caribbean to US Atlantic Coast,VLCC,8.071,USD
2020-11-08,TC2,Caribbean to US Atlantic Coast,VLCC,8.032,USD
2020-11-09,TC2,Caribbean to US Atlantic Coast,VLCC,7.991,USD
2020-11-10,TC2,Caribbean to US Atlantic Coast,VLCC,8.125,USD
2020-11-11,TC2,Caribbean to US Atlantic Coast,VLCC,8.312,USD
2020-11-12,TC2,Caribbean to US Atlantic Coast,VLCC,8.388,USD
2020-11-13,TC2,Caribbean to US Atlantic Coast,VLCC,8.316,USD
2020-11-14,TC2,Caribbean to US Atlantic Coast,VLCC,8.261,USD
2020-11-15,TC2,Caribbean to US Atlantic Coast,VLCC,8.274,USD
2020-11-16,TC2,Caribbean to US Atlantic Coast,VLCC,8.314,USD
2020-11-17,TC2,Caribbean to US Atlantic Coast,VLCC,8.205,USD
2020-11-18,TC2,Caribbean to US Atlantic Coast,VLCC,8.293,USD
2020-11-19,TC2,Caribbean to US Atlantic Coast,VLCC,8.307,USD
2020-11-20,TC2,Caribbean to US Atlantic Coast,VLCC,8.116,USD
2020-11-21,TC2,Caribbean to US Atlantic Coast,VLCC,8.016,USD
2020-11-22,TC2,Caribbean to US Atlantic Coast,VLCC,7.966,USD
2020-11-23,TC2,Caribbean to US Atlantic Coast,VLCC,7.966,USD
2020-11-24,TC2,Caribbean to US Atlantic Coast,VLCC,8.189,USD
2020-11-25,TC2,Caribbean to US Atlantic Coast,VLCC,8.222,USD
2020-11-26,TC2,Caribbean to US Atlantic Coast,VLCC,8.132,USD
2020-11-27,TC2,Caribbean to US Atlantic Coast,VLCC,8.164,USD
2020-11-28,TC2,Caribbean to US Atlantic Coast,VLCC,8.131,USD
2020-11-29,TC2,Caribbean to US Atlantic Coast,VLCC,8.175,USD
2020-11-30,TC2,Caribbean to US Atlantic Coast,VLCC,8.248,USD
2020-12-01,TC2,Caribbean to US Atlantic Coast,VLCC,8.391,USD
2020-12-02,TC2,Caribbean to US Atlantic Coast,VLCC,8.393,USD
2020-12-03,TC2,Caribbean to US Atlantic Coast,VLCC,8.585,USD
2020-12-04,TC2,Caribbean to US Atlantic Coast,VLCC,8.691,USD
2020-12-05,TC2,Caribbean to US Atlantic Coast,VLCC,8.612,USD
2020-12-06,TC2,Caribbean to US Atlantic Coast,VLCC,8.867,USD
2020-12-07,TC2,Caribbean to US Atlantic Coast,VLCC,8.904,USD
2020-12-08,TC2,Caribbean to US Atlantic Coast,VLCC,8.809,USD
2020-12-09,TC2,Caribbean to US Atlantic Coast,VLCC,8.998,USD
2020-12-10,TC2,Caribbean to US Atlantic Coast,VLCC,9.234,USD
2020-12-11,TC2,Caribbean to US Atlantic Coast,VLCC,9.227,USD
2020-12-12,TC2,Caribbean to US Atlantic Coast,VLCC,9.167,USD
2020-12-13,TC2,Caribbean to US Atlantic Coast,VLCC,9.145,USD
2020-12-14,TC2,Caribbean to US Atlantic Coast,VLCC,9.224,USD
2020-12-15,TC2,Caribbean to US Atlantic Coast,VLCC,9.367,USD
2020-12-16,TC2,Caribbean to US Atlantic Coast,VLCC,9.427,USD
2020-12-17,TC2,Caribbean to US Atlantic Coast,VLCC,9.434,USD
2020-12-18,TC2,Caribbean to US Atlantic Coast,VLCC,9.6,USD
2020-12-19,TC2,Caribbean to US Atlantic Coast,VLCC,9.558,USD
2020-12-20,TC2,Caribbean to US Atlantic Coast,VLCC,9.669,USD
2020-12-21,TC2,Caribbean to US Atlantic Coast,VLCC,9.629,USD
2020-12-22,TC2,Caribbean to US Atlantic Coast,VLCC,9.671,USD
2020-12-23,TC2,Caribbean to US Atlantic Coast,VLCC,9.651,USD
2020-12-24,TC2,Caribbean to US Atlantic Coast,VLCC,9.637,USD
2020-12-25,TC2,Caribbean to US Atlantic Coast,VLCC,9.587,USD
2020-12-26,TC2,Caribbean to US Atlantic Coast,VLCC,9.734,USD
2020-12-27,TC2,Caribbean to US Atlantic Coast,VLCC,9.642,USD
2020-12-28,TC2,Caribbean to US Atlantic Coast,VLCC,9.551,USD
2020-12-29,TC2,Caribbean to US Atlantic Coast,VLCC,9.786,USD
2020-12-30,TC2,Caribbean to US Atlantic Coast,VLCC,9.889,USD
2020-12-31,TC2,Caribbean to US Atlantic Coast,VLCC,9.607,USD
2021-01-01,TC2,Caribbean to US Atlantic Coast,VLCC,9.536,USD
2021-01-02,TC2,Caribbean to US Atlantic Coast,VLCC,9.324,USD
2021-01-03,TC2,Caribbean to US Atlantic Coast,VLCC,9.211,USD
2021-01-04,TC2,Caribbean to US Atlantic Coast,VLCC,8.851,USD
2021-01-05,TC2,Caribbean to US Atlantic Coast,VLCC,8.835,USD
2021-01-06,TC2,Caribbean to US Atlantic Coast,VLCC,8.706,USD
2021-01-07,TC2,Caribbean to US Atlantic Coast,VLCC,8.714,USD
2021-01-08,TC2,Caribbean to US Atlantic Coast,VLCC,8.531,USD
2021-01-09,TC2,Caribbean to US Atlantic Coast,VLCC,8.543,USD
2021-01-10,TC2,Caribbean to US Atlantic Coast,VLCC,8.499,USD
2021-01-11,TC2,Caribbean to US Atlantic Coast,VLCC,8.673,USD
2021-01-12,TC2,Caribbean to US Atlantic Coast,VLCC,8.835,USD
2021-01-13,TC2,Caribbean to US Atlantic Coast,VLCC,8.924,USD
2021-01-14,TC2,Caribbean to US Atlantic Coast,VLCC,8.885,USD
2021-01-15,TC2,Caribbean to US Atlantic Coast,VLCC,9.11,USD
2021-01-16,TC2,Caribbean to US Atlantic Coast,VLCC,8.93,USD
2021-01-17,TC2,Caribbean to US Atlantic Coast,VLCC,8.768,USD
2021-01-18,TC2,Caribbean to US Atlantic Coast,VLCC,8.758,USD
2021-01-19,TC2,Caribbean to US Atlantic Coast,VLCC,9.014,USD
2021-01-20,TC2,Caribbean to US Atlantic Coast,VLCC,8.988,USD
2021-01-21,TC2,Caribbean to US Atlantic Coast,VLCC,8.964,USD
2021-01-22,TC2,Caribbean to US Atlantic Coast,VLCC,8.797,USD
2021-01-23,TC2,Caribbean to US Atlantic Coast,VLCC,8.903,USD
2021-01-24,TC2,Caribbean to US Atlantic Coast,VLCC,9.009,USD
2021-01-25,TC2,Caribbean to US Atlantic Coast,VLCC,9.095,USD
2021-01-26,TC2,Caribbean to US Atlantic Coast,VLCC,9.018,USD
2021-01-27,TC2,Caribbean to US Atlantic Coast,VLCC,8.934,USD
2021-01-28,TC2,Caribbean to US Atlantic Coast,VLCC,8.783,USD
2021-01-29,TC2,Caribbean to US Atlantic Coast,VLCC,8.79,USD
2021-01-30,TC2,Caribbean to US Atlantic Coast,VLCC,8.664,USD
2021-01-31,TC2,Caribbean to US Atlantic Coast,VLCC,8.529,USD
2021-02-01,TC2,Caribbean to US Atlantic Coast,VLCC,8.48,USD
2021-02-02,TC2,Caribbean to US Atlantic Coast,VLCC,8.424,USD
2021-02-03,TC2,Caribbean to US Atlantic Coast,VLCC,8.363,USD
2021-02-04,TC2,Caribbean to US Atlantic Coast,VLCC,8.417,USD
2021-02-05,TC2,Caribbean to US Atlantic Coast,VLCC,8.426,USD
2021-02-06,TC2,Caribbean to US Atlantic Coast,VLCC,8.393,USD
2021-02-07,TC2,Caribbean to US Atlantic Coast,VLCC,8.413,USD
2021-02-08,TC2,Caribbean to US Atlantic Coast,VLCC,8.299,USD
2021-02-09,TC2,Caribbean to US Atlantic Coast,VLCC,8.312,USD
2021-02-10,TC2,Caribbean to US Atlantic Coast,VLCC,8.329,USD
2021-02-11,TC2,Caribbean to US Atlantic Coast,VLCC,8.157,USD
2021-02-12,TC2,Caribbean to US Atlantic Coast,VLCC,8.271,USD
2021-02-13,TC2,Caribbean to US Atlantic Coast,VLCC,8.17,USD
2021-02-14,TC2,Caribbean to US Atlantic Coast,VLCC,8.181,USD
2021-02-15,TC2,Caribbean to US Atlantic Coast,VLCC,8.313,USD
2021-02-16,TC2,Caribbean to US Atlantic Coast,VLCC,8.417,USD
2021-02-17,TC2,Caribbean to US Atlantic Coast,VLCC,8.418,USD
2021-02-18,TC2,Caribbean to US Atlantic Coast,VLCC,8.373,USD
2021-02-19,TC2,Caribbean to US Atlantic Coast,VLCC,8.478,USD
2021-02-20,TC2,Caribbean to US Atlantic Coast,VLCC,8.55,USD
2021-02-21,TC2,Caribbean to US Atlantic Coast,VLCC,8.475,USD
2021-02-22,TC2,Caribbean to US Atlantic Coast,VLCC,8.38,USD
2021-02-23,TC2,Caribbean to US Atlantic Coast,VLCC,8.14,USD
2021-02-24,TC2,Caribbean to US Atlantic Coast,VLCC,8.155,USD
2021-02-25,TC2,Caribbean to US Atlantic Coast,VLCC,8.143,USD
2021-02-26,TC2,Caribbean to US Atlantic Coast,VLCC,8.27,USD
2021-02-27,TC2,Caribbean to US Atlantic Coast,VLCC,8.307,USD
2021-02-28,TC2,Caribbean to US Atlantic Coast,VLCC,8.454,USD
2021-03-01,TC2,Caribbean to US Atlantic Coast,VLCC,8.368,USD
2021-03-02,TC2,Caribbean to US Atlantic Coast,VLCC,8.491,USD
2021-03-03,TC2,Caribbean to US Atlantic Coast,VLCC,8.424,USD
2021-03-04,TC2,Caribbean to US Atlantic Coast,VLCC,8.505,USD
2021-03-05,TC2,Caribbean to US Atlantic Coast,VLCC,8.331,USD
2021-03-06,TC2,Caribbean to US Atlantic Coast,VLCC,8.351,USD
2021-03-07,TC2,Caribbean to US Atlantic Coast,VLCC,8.118,USD
2021-03-08,TC2,Caribbean to US Atlantic Coast,VLCC,8.082,USD
2021-03-09,TC2,Caribbean to US Atlantic Coast,VLCC,8.127,USD
2021-03-10,TC2,Caribbean to US Atlantic Coast,VLCC,8.062,USD
2021-03-11,TC2,Caribbean to US Atlantic Coast,VLCC,7.937,USD
2021-03-12,TC2,Caribbean to US Atlantic Coast,VLCC,8.029,USD
2021-03-13,TC2,Caribbean to US Atlantic Coast,VLCC,8.011,USD
2021-03-14,TC2,Caribbean to US Atlantic Coast,VLCC,7.95,USD
2021-03-15,TC2,Caribbean to US Atlantic Coast,VLCC,7.949,USD
2021-03-16,TC2,Caribbean to US Atlantic Coast,VLCC,8.243,USD
2021-03-17,TC2,Caribbean to US Atlantic Coast,VLCC,8.366,USD
2021-03-18,TC2,Caribbean to US Atlantic Coast,VLCC,8.487,USD
2021-03-19,TC2,Caribbean to US Atlantic Coast,VLCC,8.525,USD
2021-03-20,TC2,Caribbean to US Atlantic Coast,VLCC,8.531,USD
2021-03-21,TC2,Caribbean to US Atlantic Coast,VLCC,8.245,USD
2021-03-22,TC2,Caribbean to US Atlantic Coast,VLCC,8.157,USD
2021-03-23,TC2,Caribbean to US Atlantic Coast,VLCC,8.093,USD
2021-03-24,TC2,Caribbean to US Atlantic Coast,VLCC,7.87,USD
2021-03-25,TC2,Caribbean to US Atlantic Coast,VLCC,7.73,USD
2021-03-26,TC2,Caribbean to US Atlantic Coast,VLCC,7.498,USD
2021-03-27,TC2,Caribbean to US Atlantic Coast,VLCC,7.49,USD
2021-03-28,TC2,Caribbean to US Atlantic Coast,VLCC,7.578,USD
2021-03-29,TC2,Caribbean to US Atlantic Coast,VLCC,7.698,USD
2021-03-30,TC2,Caribbean to US Atlantic Coast,VLCC,7.738,USD
2021-03-31,TC2,Caribbean to US Atlantic Coast,VLCC,7.62,USD
2021-04-01,TC2,Caribbean to US Atlantic Coast,VLCC,7.393,USD
2021-04-02,TC2,Caribbean to US Atlantic Coast,VLCC,7.188,USD
2021-04-03,TC2,Caribbean to US Atlantic Coast,VLCC,7.04,USD
2021-04-04,TC2,Caribbean to US Atlantic Coast,VLCC,6.936,USD
2021-04-05,TC2,Caribbean to US Atlantic Coast,VLCC,6.917,USD
2021-04-06,TC2,Caribbean to US Atlantic Coast,VLCC,6.8,USD
2021-04-07,TC2,Caribbean to US Atlantic Coast,VLCC,6.837,USD
2021-04-08,TC2,Caribbean to US Atlantic Coast,VLCC,6.81,USD
2021-04-09,TC2,Caribbean to US Atlantic Coast,VLCC,6.809,USD
2021-04-10,TC2,Caribbean to US Atlantic Coast,VLCC,6.937,USD
2021-04-11,TC2,Caribbean to US Atlantic Coast,VLCC,6.8,USD
2021-04-12,TC2,Caribbean to US Atlantic Coast,VLCC,6.845,USD
2021-04-13,TC2,Caribbean to US Atlantic Coast,VLCC,6.841,USD
2021-04-14,TC2,Caribbean to US Atlantic Coast,VLCC,6.8,USD
2021-04-15,TC2,Caribbean to US Atlantic Coast,VLCC,6.898,USD
2021-04-16,TC2,Caribbean to US Atlantic Coast,VLCC,6.993,USD
2021-04-17,TC2,Caribbean to US Atlantic Coast,VLCC,6.88,USD
2021-04-18,TC2,Caribbean to US Atlantic Coast,VLCC,6.855,USD
2021-04-19,TC2,Caribbean to US Atlantic Coast,VLCC,6.882,USD
2021-04-20,TC2,Caribbean to US Atlantic Coast,VLCC,6.846,USD
2021-04-21,TC2,Caribbean to US Atlantic Coast,VLCC,6.908,USD
2021-04-22,TC2,Caribbean to US Atlantic Coast,VLCC,6.934,USD
2021-04-23,TC2,Caribbean to US Atlantic Coast,VLCC,7.136,USD
2021-04-24,TC2,Caribbean to US Atlantic Coast,VLCC,6.953,USD
2021-04-25,TC2,Caribbean to US Atlantic Coast,VLCC,6.932,USD
2021-04-26,TC2,Caribbean to US Atlantic Coast,VLCC,6.822,USD
2021-04-27,TC2,Caribbean to US Atlantic Coast,VLCC,6.884,USD
2021-04-28,TC2,Caribbean to US Atlantic Coast,VLCC,6.693,USD
2021-04-29,TC2,Caribbean to US Atlantic Coast,VLCC,6.727,USD
2021-04-30,TC2,Caribbean to US Atlantic Coast,VLCC,6.649,USD
2021-05-01,TC2,Caribbean to US Atlantic Coast,VLCC,6.56,USD
2021-05-02,TC2,Caribbean to US Atlantic Coast,VLCC,6.391,USD
2021-05-03,TC2,Caribbean to US Atlantic Coast,VLCC,6.335,USD
2021-05-04,TC2,Caribbean to US Atlantic Coast,VLCC,6.455,USD
2021-05-05,TC2,Caribbean to US Atlantic Coast,VLCC,6.448,USD
2021-05-06,TC2,Caribbean to US Atlantic Coast,VLCC,6.515,USD
2021-05-07,TC2,Caribbean to US Atlantic Coast,VLCC,6.699,USD
2021-05-08,TC2,Caribbean to US Atlantic Coast,VLCC,6.722,USD
2021-05-09,TC2,Caribbean to US Atlantic Coast,VLCC,6.65,USD
2021-05-10,TC2,Caribbean to US Atlantic Coast,VLCC,6.696,USD
2021-05-11,TC2,Caribbean to US Atlantic Coast,VLCC,6.626,USD
2021-05-12,TC2,Caribbean to US Atlantic Coast,VLCC,6.561,USD
2021-05-13,TC2,Caribbean to US Atlantic Coast,VLCC,6.381,USD
2021-05-14,TC2,Caribbean to US Atlantic Coast,VLCC,6.481,USD
2021-05-15,TC2,Caribbean to US Atlantic Coast,VLCC,6.431,USD
2021-05-16,TC2,Caribbean to US Atlantic Coast,VLCC,6.445,USD
2021-05-17,TC2,Caribbean to US Atlantic Coast,VLCC,6.321,USD
2021-05-18,TC2,Caribbean to US Atlantic Coast,VLCC,6.365,USD
2021-05-19,TC2,Caribbean to US Atlantic Coast,VLCC,6.272,USD
2021-05-20,TC2,Caribbean to US Atlantic Coast,VLCC,6.251,USD
2021-05-21,TC2,Caribbean to US Atlantic Coast,VLCC,6.346,USD
2021-05-22,TC2,Caribbean to US Atlantic Coast,VLCC,6.429,USD
2021-05-23,TC2,Caribbean to US Atlantic Coast,VLCC,6.42,USD
2021-05-24,TC2,Caribbean to US Atlantic Coast,VLCC,6.211,USD
2021-05-25,TC2,Caribbean to US Atlantic Coast,VLCC,6.546,USD
2021-05-26,TC2,Caribbean to US Atlantic Coast,VLCC,6.736,USD
2021-05-27,TC2,Caribbean to US Atlantic Coast,VLCC,6.808,USD
2021-05-28,TC2,Caribbean to US Atlantic Coast,VLCC,6.71,USD
2021-05-29,TC2,Caribbean to US Atlantic Coast,VLCC,6.686,USD
2021-05-30,TC2,Caribbean to US Atlantic Coast,VLCC,6.614,USD
2021-05-31,TC2,Caribbean to US Atlantic Coast,VLCC,6.748,USD
2021-06-01,TC2,Caribbean to US Atlantic Coast,VLCC,6.766,USD
2021-06-02,TC2,Caribbean to US Atlantic Coast,VLCC,6.665,USD
2021-06-03,TC2,Caribbean to US Atlantic Coast,VLCC,6.601,USD
2021-06-04,TC2,Caribbean to US Atlantic Coast,VLCC,6.718,USD
2021-06-05,TC2,Caribbean to US Atlantic Coast,VLCC,6.888,USD
2021-06-06,TC2,Caribbean to US Atlantic Coast,VLCC,7.049,USD
2021-06-07,TC2,Caribbean to US Atlantic Coast,VLCC,7.12,USD
2021-06-08,TC2,Caribbean to US Atlantic Coast,VLCC,7.076,USD
2021-06-09,TC2,Caribbean to US Atlantic Coast,VLCC,6.691,USD
2021-06-10,TC2,Caribbean to US Atlantic Coast,VLCC,6.714,USD
2021-06-11,TC2,Caribbean to US Atlantic Coast,VLCC,6.701,USD
2021-06-12,TC2,Caribbean to US Atlantic Coast,VLCC,6.706,USD
2021-06-13,TC2,Caribbean to US Atlantic Coast,VLCC,6.7,USD
2021-06-14,TC2,Caribbean to US Atlantic Coast,VLCC,6.537,USD
2021-06-15,TC2,Caribbean to US Atlantic Coast,VLCC,6.59,USD
2021-06-16,TC2,Caribbean to US Atlantic Coast,VLCC,6.651,USD
2021-06-17,TC2,Caribbean to US Atlantic Coast,VLCC,6.718,USD
2021-06-18,TC2,Caribbean to US Atlantic Coast,VLCC,6.813,USD
2021-06-19,TC2,Caribbean to US Atlantic Coast,VLCC,6.869,USD
2021-06-20,TC2,Caribbean to US Atlantic Coast,VLCC,6.809,USD
2021-06-21,TC2,Caribbean to US Atlantic Coast,VLCC,6.787,USD
2021-06-22,TC2,Caribbean to US Atlantic Coast,VLCC,6.785,USD
2021-06-23,TC2,Caribbean to US Atlantic Coast,VLCC,6.784,USD
2021-06-24,TC2,Caribbean to US Atlantic Coast,VLCC,6.885,USD
2021-06-25,TC2,Caribbean to US Atlantic Coast,VLCC,6.945,USD
2021-06-26,TC2,Caribbean to US Atlantic Coast,VLCC,7.167,USD
2021-06-27,TC2,Caribbean to US Atlantic Coast,VLCC,7.401,USD
2021-06-28,TC2,Caribbean to US Atlantic Coast,VLCC,7.392,USD
2021-06-29,TC2,Caribbean to US Atlantic Coast,VLCC,6.936,USD
2021-06-30,TC2,Caribbean to US Atlantic Coast,VLCC,7.063,USD
2021-07-01,TC2,Caribbean to US Atlantic Coast,VLCC,6.986,USD
2021-07-02,TC2,Caribbean to US Atlantic Coast,VLCC,6.881,USD
2021-07-03,TC2,Caribbean to US Atlantic Coast,VLCC,6.822,USD
2021-07-04,TC2,Caribbean to US Atlantic Coast,VLCC,6.759,USD
2021-07-05,TC2,Caribbean to US Atlantic Coast,VLCC,6.816,USD
2021-07-06,TC2,Caribbean to US Atlantic Coast,VLCC,6.626,USD
2021-07-07,TC2,Caribbean to US Atlantic Coast,VLCC,6.493,USD
2021-07-08,TC2,Caribbean to US Atlantic Coast,VLCC,6.523,USD
2021-07-09,TC2,Caribbean to US Atlantic Coast,VLCC,6.585,USD
2021-07-10,TC2,Caribbean to US Atlantic Coast,VLCC,6.648,USD
2021-07-11,TC2,Caribbean to US Atlantic Coast,VLCC,6.548,USD
2021-07-12,TC2,Caribbean to US Atlantic Coast,VLCC,6.428,USD
2021-07-13,TC2,Caribbean to US Atlantic Coast,VLCC,6.362,USD
2021-07-14,TC2,Caribbean to US Atlantic Coast,VLCC,6.382,USD
2021-07-15,TC2,Caribbean to US Atlantic Coast,VLCC,6.544,USD
2021-07-16,TC2,Caribbean to US Atlantic Coast,VLCC,6.302,USD
2021-07-17,TC2,Caribbean to US Atlantic Coast,VLCC,6.271,USD
2021-07-18,TC2,Caribbean to US Atlantic Coast,VLCC,6.114,USD
2021-07-19,TC2,Caribbean to US Atlantic Coast,VLCC,5.922,USD
2021-07-20,TC2,Caribbean to US Atlantic Coast,VLCC,6.03,USD
2021-07-21,TC2,Caribbean to US Atlantic Coast,VLCC,6.089,USD
2021-07-22,TC2,Caribbean to US Atlantic Coast,VLCC,6.137,USD
2021-07-23,TC2,Caribbean to US Atlantic Coast,VLCC,6.238,USD
2021-07-24,TC2,Caribbean to US Atlantic Coast,VLCC,6.179,USD
2021-07-25,TC2,Caribbean to US Atlantic Coast,VLCC,6.126,USD
2021-07-26,TC2,Caribbean to US Atlantic Coast,VLCC,6.372,USD
2021-07-27,TC2,Caribbean to US Atlantic Coast,VLCC,6.338,USD
2021-07-28,TC2,Caribbean to US Atlantic Coast,VLCC,6.417,USD
2021-07-29,TC2,Caribbean to US Atlantic Coast,VLCC,6.413,USD
2021-07-30,TC2,Caribbean to US Atlantic Coast,VLCC,6.197,USD
2021-07-31,TC2,Caribbean to US Atlantic Coast,VLCC,5.962,USD
2021-08-01,TC2,Caribbean to US Atlantic Coast,VLCC,5.895,USD
2021-08-02,TC2,Caribbean to US Atlantic Coast,VLCC,6.016,USD
2021-08-03,TC2,Caribbean to US Atlantic Coast,VLCC,6.105,USD
2021-08-04,TC2,Caribbean to US Atlantic Coast,VLCC,6.208,USD
2021-08-05,TC2,Caribbean to US Atlantic Coast,VLCC,6.094,USD
2021-08-06,TC2,Caribbean to US Atlantic Coast,VLCC,6.277,USD
2021-08-07,TC2,Caribbean to US Atlantic Coast,VLCC,6.165,USD
2021-08-08,TC2,Caribbean to US Atlantic Coast,VLCC,6.189,USD
2021-08-09,TC2,Caribbean to US Atlantic Coast,VLCC,6.187,USD
2021-08-10,TC2,Caribbean to US Atlantic Coast,VLCC,6.166,USD
2021-08-11,TC2,Caribbean to US Atlantic Coast,VLCC,6.318,USD
2021-08-12,TC2,Caribbean to US Atlantic Coast,VLCC,6.237,USD
2021-08-13,TC2,Caribbean to US Atlantic Coast,VLCC,6.083,USD
2021-08-14,TC2,Caribbean to US Atlantic Coast,VLCC,6.086,USD
2021-08-15,TC2,Caribbean to US Atlantic Coast,VLCC,6.042,USD
2021-08-16,TC2,Caribbean to US Atlantic Coast,VLCC,6.429,USD
2021-08-17,TC2,Caribbean to US Atlantic Coast,VLCC,6.505,USD
2021-08-18,TC2,Caribbean to US Atlantic Coast,VLCC,6.456,USD
2021-08-19,TC2,Caribbean to US Atlantic Coast,VLCC,6.335,USD
2021-08-20,TC2,Caribbean to US Atlantic Coast,VLCC,6.121,USD
2021-08-21,TC2,Caribbean to US Atlantic Coast,VLCC,6.007,USD
2021-08-22,TC2,Caribbean to US Atlantic Coast,VLCC,6.025,USD
2021-08-23,TC2,Caribbean to US Atlantic Coast,VLCC,6.191,USD
2021-08-24,TC2,Caribbean to US Atlantic Coast,VLCC,6.322,USD
2021-08-25,TC2,Caribbean to US Atlantic Coast,VLCC,6.349,USD
2021-08-26,TC2,Caribbean to US Atlantic Coast,VLCC,6.314,USD
2021-08-27,TC2,Caribbean to US Atlantic Coast,VLCC,6.347,USD
2021-08-28,TC2,Caribbean to US Atlantic Coast,VLCC,6.291,USD
2021-08-29,TC2,Caribbean to US Atlantic Coast,VLCC,6.489,USD
2021-08-30,TC2,Caribbean to US Atlantic Coast,VLCC,6.469,USD
2021-08-31,TC2,Caribbean to US Atlantic Coast,VLCC,6.461,USD
2021-09-01,TC2,Caribbean to US Atlantic Coast,VLCC,6.212,USD
2021-09-02,TC2,Caribbean to US Atlantic Coast,VLCC,6.194,USD
2021-09-03,TC2,Caribbean to US Atlantic Coast,VLCC,6.295,USD
2021-09-04,TC2,Caribbean to US Atlantic Coast,VLCC,6.179,USD
2021-09-05,TC2,Caribbean to US Atlantic Coast,VLCC,6.099,USD
2021-09-06,TC2,Caribbean to US Atlantic Coast,VLCC,6.197,USD
2021-09-07,TC2,Caribbean to US Atlantic Coast,VLCC,6.036,USD
2021-09-08,TC2,Caribbean to US Atlantic Coast,VLCC,6.164,USD
2021-09-09,TC2,Caribbean to US Atlantic Coast,VLCC,6.111,USD
2021-09-10,TC2,Caribbean to US Atlantic Coast,VLCC,6.076,USD
2021-09-11,TC2,Caribbean to US Atlantic Coast,VLCC,5.957,USD
2021-09-12,TC2,Caribbean to US Atlantic Coast,VLCC,6.01,USD
2021-09-13,TC2,Caribbean to US Atlantic Coast,VLCC,6.301,USD
2021-09-14,TC2,Caribbean to US Atlantic Coast,VLCC,6.397,USD
2021-09-15,TC2,Caribbean to US Atlantic Coast,VLCC,6.306,USD
2021-09-16,TC2,Caribbean to US Atlantic Coast,VLCC,6.443,USD
2021-09-17,TC2,Caribbean to US Atlantic Coast,VLCC,6.414,USD
2021-09-18,TC2,Caribbean to US Atlantic Coast,VLCC,6.578,USD
2021-09-19,TC2,Caribbean to US Atlantic Coast,VLCC,6.677,USD
2021-09-20,TC2,Caribbean to US Atlantic Coast,VLCC,6.347,USD
2021-09-21,TC2,Caribbean to US Atlantic Coast,VLCC,6.242,USD
2021-09-22,TC2,Caribbean to US Atlantic Coast,VLCC,6.36,USD
2021-09-23,TC2,Caribbean to US Atlantic Coast,VLCC,6.387,USD
2021-09-24,TC2,Caribbean to US Atlantic Coast,VLCC,6.281,USD
2021-09-25,TC2,Caribbean to US Atlantic Coast,VLCC,6.22,USD
2021-09-26,TC2,Caribbean to US Atlantic Coast,VLCC,6.015,USD
2021-09-27,TC2,Caribbean to US Atlantic Coast,VLCC,6.019,USD
2021-09-28,TC2,Caribbean to US Atlantic Coast,VLCC,6.285,USD
2021-09-29,TC2,Caribbean to US Atlantic Coast,VLCC,6.389,USD
2021-09-30,TC2,Caribbean to US Atlantic Coast,VLCC,6.65,USD
2021-10-01,TC2,Caribbean to US Atlantic Coast,VLCC,6.76,USD
2021-10-02,TC2,Caribbean to US Atlantic Coast,VLCC,6.885,USD
2021-10-03,TC2,Caribbean to US Atlantic Coast,VLCC,7.117,USD
2021-10-04,TC2,Caribbean to US Atlantic Coast,VLCC,7.165,USD
2021-10-05,TC2,Caribbean to US Atlantic Coast,VLCC,7.149,USD
2021-10-06,TC2,Caribbean to US Atlantic Coast,VLCC,7.272,USD
2021-10-07,TC2,Caribbean to US Atlantic Coast,VLCC,7.442,USD
2021-10-08,TC2,Caribbean to US Atlantic Coast,VLCC,7.391,USD
2021-10-09,TC2,Caribbean to US Atlantic Coast,VLCC,7.313,USD
2021-10-10,TC2,Caribbean to US Atlantic Coast,VLCC,7.334,USD
2021-10-11,TC2,Caribbean to US Atlantic Coast,VLCC,7.434,USD
2021-10-12,TC2,Caribbean to US Atlantic Coast,VLCC,7.529,USD
2021-10-13,TC2,Caribbean to US Atlantic Coast,VLCC,7.371,USD
2021-10-14,TC2,Caribbean to US Atlantic Coast,VLCC,7.594,USD
2021-10-15,TC2,Caribbean to US Atlantic Coast,VLCC,7.524,USD
2021-10-16,TC2,Caribbean to US Atlantic Coast,VLCC,7.499,USD
2021-10-17,TC2,Caribbean to US Atlantic Coast,VLCC,7.401,USD
2021-10-18,TC2,Caribbean to US Atlantic Coast,VLCC,7.715,USD
2021-10-19,TC2,Caribbean to US Atlantic Coast,VLCC,7.746,USD
2021-10-20,TC2,Caribbean to US Atlantic Coast,VLCC,7.652,USD
2021-10-21,TC2,Caribbean to US Atlantic Coast,VLCC,7.755,USD
2021-10-22,TC2,Caribbean to US Atlantic Coast,VLCC,7.847,USD
2021-10-23,TC2,Caribbean to US Atlantic Coast,VLCC,7.829,USD
2021-10-24,TC2,Caribbean to US Atlantic Coast,VLCC,7.928,USD
2021-10-25,TC2,Caribbean to US Atlantic Coast,VLCC,7.837,USD
2021-10-26,TC2,Caribbean to US Atlantic Coast,VLCC,7.785,USD
2021-10-27,TC2,Caribbean to US Atlantic Coast,VLCC,7.561,USD
2021-10-28,TC2,Caribbean to US Atlantic Coast,VLCC,7.417,USD
2021-10-29,TC2,Caribbean to US Atlantic Coast,VLCC,7.632,USD
2021-10-30,TC2,Caribbean to US Atlantic Coast,VLCC,7.826,USD
2021-10-31,TC2,Caribbean to US Atlantic Coast,VLCC,7.839,USD
2021-11-01,TC2,Caribbean to US Atlantic Coast,VLCC,8.033,USD
2021-11-02,TC2,Caribbean to US Atlantic Coast,VLCC,8.019,USD
2021-11-03,TC2,Caribbean to US Atlantic Coast,VLCC,7.995,USD
2021-11-04,TC2,Caribbean to US Atlantic Coast,VLCC,8.006,USD
2021-11-05,TC2,Caribbean to US Atlantic Coast,VLCC,7.996,USD
2021-11-06,TC2,Caribbean to US Atlantic Coast,VLCC,7.977,USD
2021-11-07,TC2,Caribbean to US Atlantic Coast,VLCC,8.112,USD
2021-11-08,TC2,Caribbean to US Atlantic Coast,VLCC,8.133,USD
2021-11-09,TC2,Caribbean to US Atlantic Coast,VLCC,8.218,USD
2021-11-10,TC2,Caribbean to US Atlantic Coast,VLCC,8.339,USD
2021-11-11,TC2,Caribbean to US Atlantic Coast,VLCC,8.386,USD
2021-11-12,TC2,Caribbean to US Atlantic Coast,VLCC,8.277,USD
2021-11-13,TC2,Caribbean to US Atlantic Coast,VLCC,8.127,USD
2021-11-14,TC2,Caribbean to US Atlantic Coast,VLCC,8.149,USD
2021-11-15,TC2,Caribbean to US Atlantic Coast,VLCC,8.134,USD
2021-11-16,TC2,Caribbean to US Atlantic Coast,VLCC,8.15,USD
2021-11-17,TC2,Caribbean to US Atlantic Coast,VLCC,8.153,USD
2021-11-18,TC2,Caribbean to US Atlantic Coast,VLCC,8.452,USD
2021-11-19,TC2,Caribbean to US Atlantic Coast,VLCC,8.304,USD
2021-11-20,TC2,Caribbean to US Atlantic Coast,VLCC,8.082,USD
2021-11-21,TC2,Caribbean to US Atlantic Coast,VLCC,8.126,USD
2021-11-22,TC2,Caribbean to US Atlantic Coast,VLCC,8.089,USD
2021-11-23,TC2,Caribbean to US Atlantic Coast,VLCC,8.132,USD
2021-11-24,TC2,Caribbean to US Atlantic Coast,VLCC,8.205,USD
2021-11-25,TC2,Caribbean to US Atlantic Coast,VLCC,8.357,USD
2021-11-26,TC2,Caribbean to US Atlantic Coast,VLCC,8.19,USD
2021-11-27,TC2,Caribbean to US Atlantic Coast,VLCC,8.133,USD
2021-11-28,TC2,Caribbean to US Atlantic Coast,VLCC,8.189,USD
2021-11-29,TC2,Caribbean to US Atlantic Coast,VLCC,8.283,USD
2021-11-30,TC2,Caribbean to US Atlantic Coast,VLCC,8.538,USD
2021-12-01,TC2,Caribbean to US Atlantic Coast,VLCC,8.65,USD
2021-12-02,TC2,Caribbean to US Atlantic Coast,VLCC,8.646,USD
2021-12-03,TC2,Caribbean to US Atlantic Coast,VLCC,8.547,USD
2021-12-04,TC2,Caribbean to US Atlantic Coast,VLCC,8.486,USD
2021-12-05,TC2,Caribbean to US Atlantic Coast,VLCC,8.422,USD
2021-12-06,TC2,Caribbean to US Atlantic Coast,VLCC,8.502,USD
2021-12-07,TC2,Caribbean to US Atlantic Coast,VLCC,8.535,USD
2021-12-08,TC2,Caribbean to US Atlantic Coast,VLCC,8.388,USD
2021-12-09,TC2,Caribbean to US Atlantic Coast,VLCC,8.344,USD
2021-12-10,TC2,Caribbean to US Atlantic Coast,VLCC,8.449,USD
2021-12-11,TC2,Caribbean to US Atlantic Coast,VLCC,8.494,USD
2021-12-12,TC2,Caribbean to US Atlantic Coast,VLCC,8.563,USD
2021-12-13,TC2,Caribbean to US Atlantic Coast,VLCC,8.611,USD
2021-12-14,TC2,Caribbean to US Atlantic Coast,VLCC,8.799,USD
2021-12-15,TC2,Caribbean to US Atlantic Coast,VLCC,8.827,USD
2021-12-16,TC2,Caribbean to US Atlantic Coast,VLCC,8.784,USD
2021-12-17,TC2,Caribbean to US Atlantic Coast,VLCC,8.682,USD
2021-12-18,TC2,Caribbean to US Atlantic Coast,VLCC,8.713,USD
2021-12-19,TC2,Caribbean to US Atlantic Coast,VLCC,8.437,USD
2021-12-20,TC2,Caribbean to US Atlantic Coast,VLCC,8.422,USD
2021-12-21,TC2,Caribbean to US Atlantic Coast,VLCC,8.403,USD
2021-12-22,TC2,Caribbean to US Atlantic Coast,VLCC,8.253,USD
2021-12-23,TC2,Caribbean to US Atlantic Coast,VLCC,8.155,USD
2021-12-24,TC2,Caribbean to US Atlantic Coast,VLCC,8.255,USD
2021-12-25,TC2,Caribbean to US Atlantic Coast,VLCC,8.288,USD
2021-12-26,TC2,Caribbean to US Atlantic Coast,VLCC,8.306,USD
2021-12-27,TC2,Caribbean to US Atlantic Coast,VLCC,8.347,USD
2021-12-28,TC2,Caribbean to US Atlantic Coast,VLCC,8.363,USD
2021-12-29,TC2,Caribbean to US Atlantic Coast,VLCC,8.51,USD
2021-12-30,TC2,Caribbean to US Atlantic Coast,VLCC,8.528,USD
2021-12-31,TC2,Caribbean to US Atlantic Coast,VLCC,8.366,USD
2022-01-01,TC2,Caribbean to US Atlantic Coast,VLCC,8.557,USD
2022-01-02,TC2,Caribbean to US Atlantic Coast,VLCC,8.603,USD
2022-01-03,TC2,Caribbean to US Atlantic Coast,VLCC,8.539,USD
2022-01-04,TC2,Caribbean to US Atlantic Coast,VLCC,8.399,USD
2022-01-05,TC2,Caribbean to US Atlantic Coast,VLCC,8.449,USD
2022-01-06,TC2,Caribbean to US Atlantic Coast,VLCC,8.44,USD
2022-01-07,TC2,Caribbean to US Atlantic Coast,VLCC,8.623,USD
2022-01-08,TC2,Caribbean to US Atlantic Coast,VLCC,8.586,USD
2022-01-09,TC2,Caribbean to US Atlantic Coast,VLCC,8.494,USD
2022-01-10,TC2,Caribbean to US Atlantic Coast,VLCC,8.599,USD
2022-01-11,TC2,Caribbean to US Atlantic Coast,VLCC,8.706,USD
2022-01-12,TC2,Caribbean to US Atlantic Coast,VLCC,8.726,USD
2022-01-13,TC2,Caribbean to US Atlantic Coast,VLCC,8.804,USD
2022-01-14,TC2,Caribbean to US Atlantic Coast,VLCC,8.8,USD
2022-01-15,TC2,Caribbean to US Atlantic Coast,VLCC,8.826,USD
2022-01-16,TC2,Caribbean to US Atlantic Coast,VLCC,8.958,USD
2022-01-17,TC2,Caribbean to US Atlantic Coast,VLCC,9.027,USD
2022-01-18,TC2,Caribbean to US Atlantic Coast,VLCC,9.005,USD
2022-01-19,TC2,Caribbean to US Atlantic Coast,VLCC,9.155,USD
2022-01-20,TC2,Caribbean to US Atlantic Coast,VLCC,8.882,USD
2022-01-21,TC2,Caribbean to US Atlantic Coast,VLCC,9.113,USD
2022-01-22,TC2,Caribbean to US Atlantic Coast,VLCC,8.915,USD
2022-01-23,TC2,Caribbean to US Atlantic Coast,VLCC,8.841,USD
2022-01-24,TC2,Caribbean to US Atlantic Coast,VLCC,8.834,USD
2022-01-25,TC2,Caribbean to US Atlantic Coast,VLCC,8.815,USD
2022-01-26,TC2,Caribbean to US Atlantic Coast,VLCC,8.928,USD
2022-01-27,TC2,Caribbean to US Atlantic Coast,VLCC,8.804,USD
2022-01-28,TC2,Caribbean to US Atlantic Coast,VLCC,8.831,USD
2022-01-29,TC2,Caribbean to US Atlantic Coast,VLCC,8.762,USD
2022-01-30,TC2,Caribbean to US Atlantic Coast,VLCC,8.794,USD
2022-01-31,TC2,Caribbean to US Atlantic Coast,VLCC,8.783,USD
2022-02-01,TC2,Caribbean to US Atlantic Coast,VLCC,8.791,USD
2022-02-02,TC2,Caribbean to US Atlantic Coast,VLCC,8.725,USD
2022-02-03,TC2,Caribbean to US Atlantic Coast,VLCC,8.664,USD
2022-02-04,TC2,Caribbean to US Atlantic Coast,VLCC,8.695,USD
2022-02-05,TC2,Caribbean to US Atlantic Coast,VLCC,8.799,USD
2022-02-06,TC2,Caribbean to US Atlantic Coast,VLCC,8.727,USD
2022-02-07,TC2,Caribbean to US Atlantic Coast,VLCC,8.624,USD
2022-02-08,TC2,Caribbean to US Atlantic Coast,VLCC,8.691,USD
2022-02-09,TC2,Caribbean to US Atlantic Coast,VLCC,8.684,USD
2022-02-10,TC2,Caribbean to US Atlantic Coast,VLCC,8.774,USD
2022-02-11,TC2,Caribbean to US Atlantic Coast,VLCC,8.666,USD
2022-02-12,TC2,Caribbean to US Atlantic Coast,VLCC,8.459,USD
2022-02-13,TC2,Caribbean to US Atlantic Coast,VLCC,8.396,USD
2022-02-14,TC2,Caribbean to US Atlantic Coast,VLCC,8.307,USD
2022-02-15,TC2,Caribbean to US Atlantic Coast,VLCC,8.297,USD
2022-02-16,TC2,Caribbean to US Atlantic Coast,VLCC,8.223,USD
2022-02-17,TC2,Caribbean to US Atlantic Coast,VLCC,8.306,USD
2022-02-18,TC2,Caribbean to US Atlantic Coast,VLCC,8.271,USD
2022-02-19,TC2,Caribbean to US Atlantic Coast,VLCC,8.286,USD
2022-02-20,TC2,Caribbean to US Atlantic Coast,VLCC,8.302,USD
2022-02-21,TC2,Caribbean to US Atlantic Coast,VLCC,8.321,USD
2022-02-22,TC2,Caribbean to US Atlantic Coast,VLCC,8.315,USD
2022-02-23,TC2,Caribbean to US Atlantic Coast,VLCC,8.37,USD
2022-02-24,TC2,Caribbean to US Atlantic Coast,VLCC,8.275,USD
2022-02-25,TC2,Caribbean to US Atlantic Coast,VLCC,8.43,USD
2022-02-26,TC2,Caribbean to US Atlantic Coast,VLCC,8.398,USD
2022-02-27,TC2,Caribbean to US Atlantic Coast,VLCC,8.243,USD
2022-02-28,TC2,Caribbean to US Atlantic Coast,VLCC,8.261,USD
2022-03-01,TC2,Caribbean to US Atlantic Coast,VLCC,8.159,USD
2022-03-02,TC2,Caribbean to US Atlantic Coast,VLCC,8.231,USD
2022-03-03,TC2,Caribbean to US Atlantic Coast,VLCC,8.478,USD
2022-03-04,TC2,Caribbean to US Atlantic Coast,VLCC,8.381,USD
2022-03-05,TC2,Caribbean to US Atlantic Coast,VLCC,8.411,USD
2022-03-06,TC2,Caribbean to US Atlantic Coast,VLCC,8.204,USD
2022-03-07,TC2,Caribbean to US Atlantic Coast,VLCC,8.25,USD
2022-03-08,TC2,Caribbean to US Atlantic Coast,VLCC,8.143,USD
2022-03-09,TC2,Caribbean to US Atlantic Coast,VLCC,8.066,USD
2022-03-10,TC2,Caribbean to US Atlantic Coast,VLCC,7.935,USD
2022-03-11,TC2,Caribbean to US Atlantic Coast,VLCC,8.015,USD
2022-03-12,TC2,Caribbean to US Atlantic Coast,VLCC,8.124,USD
2022-03-13,TC2,Caribbean to US Atlantic Coast,VLCC,8.12,USD
2022-03-14,TC2,Caribbean to US Atlantic Coast,VLCC,8.015,USD
2022-03-15,TC2,Caribbean to US Atlantic Coast,VLCC,8.189,USD
2022-03-16,TC2,Caribbean to US Atlantic Coast,VLCC,8.096,USD
2022-03-17,TC2,Caribbean to US Atlantic Coast,VLCC,7.842,USD
2022-03-18,TC2,Caribbean to US Atlantic Coast,VLCC,7.889,USD
2022-03-19,TC2,Caribbean to US Atlantic Coast,VLCC,7.757,USD
2022-03-20,TC2,Caribbean to US Atlantic Coast,VLCC,7.864,USD
2022-03-21,TC2,Caribbean to US Atlantic Coast,VLCC,7.815,USD
2022-03-22,TC2,Caribbean to US Atlantic Coast,VLCC,7.877,USD
2022-03-23,TC2,Caribbean to US Atlantic Coast,VLCC,8.029,USD
2022-03-24,TC2,Caribbean to US Atlantic Coast,VLCC,7.883,USD
2022-03-25,TC2,Caribbean to US Atlantic Coast,VLCC,7.811,USD
2022-03-26,TC2,Caribbean to US Atlantic Coast,VLCC,7.795,USD
2022-03-27,TC2,Caribbean to US Atlantic Coast,VLCC,7.962,USD
2022-03-28,TC2,Caribbean to US Atlantic Coast,VLCC,7.878,USD
2022-03-29,TC2,Caribbean to US Atlantic Coast,VLCC,7.801,USD
2022-03-30,TC2,Caribbean to US Atlantic Coast,VLCC,7.847,USD
2022-03-31,TC2,Caribbean to US Atlantic Coast,VLCC,7.772,USD
2022-04-01,TC2,Caribbean to US Atlantic Coast,VLCC,7.781,USD
2022-04-02,TC2,Caribbean to US Atlantic Coast,VLCC,7.595,USD
2022-04-03,TC2,Caribbean to US Atlantic Coast,VLCC,7.839,USD
2022-04-04,TC2,Caribbean to US Atlantic Coast,VLCC,7.676,USD
2022-04-05,TC2,Caribbean to US Atlantic Coast,VLCC,7.63,USD
2022-04-06,TC2,Caribbean to US Atlantic Coast,VLCC,7.618,USD
2022-04-07,TC2,Caribbean to US Atlantic Coast,VLCC,7.826,USD
2022-04-08,TC2,Caribbean to US Atlantic Coast,VLCC,7.664,USD
2022-04-09,TC2,Caribbean to US Atlantic Coast,VLCC,7.88,USD
2022-04-10,TC2,Caribbean to US Atlantic Coast,VLCC,7.954,USD
2022-04-11,TC2,Caribbean to US Atlantic Coast,VLCC,7.988,USD
2022-04-12,TC2,Caribbean to US Atlantic Coast,VLCC,7.862,USD
2022-04-13,TC2,Caribbean to US Atlantic Coast,VLCC,7.914,USD
2022-04-14,TC2,Caribbean to US Atlantic Coast,VLCC,7.818,USD
2022-04-15,TC2,Caribbean to US Atlantic Coast,VLCC,7.949,USD
2022-04-16,TC2,Caribbean to US Atlantic Coast,VLCC,7.823,USD
2022-04-17,TC2,Caribbean to US Atlantic Coast,VLCC,7.797,USD
2022-04-18,TC2,Caribbean to US Atlantic Coast,VLCC,7.72,USD
2022-04-19,TC2,Caribbean to US Atlantic Coast,VLCC,7.594,USD
2022-04-20,TC2,Caribbean to US Atlantic Coast,VLCC,7.666,USD
2022-04-21,TC2,Caribbean to US Atlantic Coast,VLCC,7.714,USD
2022-04-22,TC2,Caribbean to US Atlantic Coast,VLCC,7.838,USD
2022-04-23,TC2,Caribbean to US Atlantic Coast,VLCC,7.62,USD
2022-04-24,TC2,Caribbean to US Atlantic Coast,VLCC,7.727,USD
2022-04-25,TC2,Caribbean to US Atlantic Coast,VLCC,7.998,USD
2022-04-26,TC2,Caribbean to US Atlantic Coast,VLCC,7.929,USD
2022-04-27,TC2,Caribbean to US Atlantic Coast,VLCC,8.127,USD
2022-04-28,TC2,Caribbean to US Atlantic Coast,VLCC,8.077,USD
2022-04-29,TC2,Caribbean to US Atlantic Coast,VLCC,7.902,USD
2022-04-30,TC2,Caribbean to US Atlantic Coast,VLCC,7.849,USD
2022-05-01,TC2,Caribbean to US Atlantic Coast,VLCC,7.951,USD
2022-05-02,TC2,Caribbean to US Atlantic Coast,VLCC,7.837,USD
2022-05-03,TC2,Caribbean to US Atlantic Coast,VLCC,7.751,USD
2022-05-04,TC2,Caribbean to US Atlantic Coast,VLCC,7.802,USD
2022-05-05,TC2,Caribbean to US Atlantic Coast,VLCC,7.784,USD
2022-05-06,TC2,Caribbean to US Atlantic Coast,VLCC,7.833,USD
2022-05-07,TC2,Caribbean to US Atlantic Coast,VLCC,7.841,USD
2022-05-08,TC2,Caribbean to US Atlantic Coast,VLCC,7.877,USD
2022-05-09,TC2,Caribbean to US Atlantic Coast,VLCC,7.808,USD
2022-05-10,TC2,Caribbean to US Atlantic Coast,VLCC,7.816,USD
2022-05-11,TC2,Caribbean to US Atlantic Coast,VLCC,7.691,USD
2022-05-12,TC2,Caribbean to US Atlantic Coast,VLCC,7.82,USD
2022-05-13,TC2,Caribbean to US Atlantic Coast,VLCC,7.728,USD
2022-05-14,TC2,Caribbean to US Atlantic Coast,VLCC,7.838,USD
2022-05-15,TC2,Caribbean to US Atlantic Coast,VLCC,7.791,USD
2022-05-16,TC2,Caribbean to US Atlantic Coast,VLCC,7.794,USD
2022-05-17,TC2,Caribbean to US Atlantic Coast,VLCC,7.718,USD
2022-05-18,TC2,Caribbean to US Atlantic Coast,VLCC,7.583,USD
2022-05-19,TC2,Caribbean to US Atlantic Coast,VLCC,7.366,USD
2022-05-20,TC2,Caribbean to US Atlantic Coast,VLCC,7.23,USD
2022-05-21,TC2,Caribbean to US Atlantic Coast,VLCC,7.178,USD
2022-05-22,TC2,Caribbean to US Atlantic Coast,VLCC,7.187,USD
2022-05-23,TC2,Caribbean to US Atlantic Coast,VLCC,7.287,USD
2022-05-24,TC2,Caribbean to US Atlantic Coast,VLCC,7.221,USD
2022-05-25,TC2,Caribbean to US Atlantic Coast,VLCC,7.105,USD
2022-05-26,TC2,Caribbean to US Atlantic Coast,VLCC,6.926,USD
2022-05-27,TC2,Caribbean to US Atlantic Coast,VLCC,6.968,USD
2022-05-28,TC2,Caribbean to US Atlantic Coast,VLCC,7.112,USD
2022-05-29,TC2,Caribbean to US Atlantic Coast,VLCC,7.242,USD
2022-05-30,TC2,Caribbean to US Atlantic Coast,VLCC,7.306,USD
2022-05-31,TC2,Caribbean to US Atlantic Coast,VLCC,7.362,USD
2022-06-01,TC2,Caribbean to US Atlantic Coast,VLCC,7.537,USD
2022-06-02,TC2,Caribbean to US Atlantic Coast,VLCC,7.556,USD
2022-06-03,TC2,Caribbean to US Atlantic Coast,VLCC,7.609,USD
2022-06-04,TC2,Caribbean to US Atlantic Coast,VLCC,7.552,USD
2022-06-05,TC2,Caribbean to US Atlantic Coast,VLCC,7.378,USD
2022-06-06,TC2,Caribbean to US Atlantic Coast,VLCC,7.282,USD
2022-06-07,TC2,Caribbean to US Atlantic Coast,VLCC,7.263,USD
2022-06-08,TC2,Caribbean to US Atlantic Coast,VLCC,7.253,USD
2022-06-09,TC2,Caribbean to US Atlantic Coast,VLCC,7.455,USD
2022-06-10,TC2,Caribbean to US Atlantic Coast,VLCC,7.445,USD
2022-06-11,TC2,Caribbean to US Atlantic Coast,VLCC,7.56,USD
2022-06-12,TC2,Caribbean to US Atlantic Coast,VLCC,7.49,USD
2022-06-13,TC2,Caribbean to US Atlantic Coast,VLCC,7.435,USD
2022-06-14,TC2,Caribbean to US Atlantic Coast,VLCC,7.264,USD
2022-06-15,TC2,Caribbean to US Atlantic Coast,VLCC,7.162,USD
2022-06-16,TC2,Caribbean to US Atlantic Coast,VLCC,7.206,USD
2022-06-17,TC2,Caribbean to US Atlantic Coast,VLCC,7.19,USD
2022-06-18,TC2,Caribbean to US Atlantic Coast,VLCC,7.28,USD
2022-06-19,TC2,Caribbean to US Atlantic Coast,VLCC,7.283,USD
2022-06-20,TC2,Caribbean to US Atlantic Coast,VLCC,7.225,USD
2022-06-21,TC2,Caribbean to US Atlantic Coast,VLCC,7.452,USD
2022-06-22,TC2,Caribbean to US Atlantic Coast,VLCC,7.422,USD
2022-06-23,TC2,Caribbean to US Atlantic Coast,VLCC,7.535,USD
2022-06-24,TC2,Caribbean to US Atlantic Coast,VLCC,7.47,USD
2022-06-25,TC2,Caribbean to US Atlantic Coast,VLCC,7.531,USD
2022-06-26,TC2,Caribbean to US Atlantic Coast,VLCC,7.616,USD
2022-06-27,TC2,Caribbean to US Atlantic Coast,VLCC,7.619,USD
2022-06-28,TC2,Caribbean to US Atlantic Coast,VLCC,7.33,USD
2022-06-29,TC2,Caribbean to US Atlantic Coast,VLCC,7.314,USD
2022-06-30,TC2,Caribbean to US Atlantic Coast,VLCC,7.436,USD
2022-07-01,TC2,Caribbean to US Atlantic Coast,VLCC,7.477,USD
2022-07-02,TC2,Caribbean to US Atlantic Coast,VLCC,7.509,USD
2022-07-03,TC2,Caribbean to US Atlantic Coast,VLCC,7.293,USD
2022-07-04,TC2,Caribbean to US Atlantic Coast,VLCC,7.194,USD
2022-07-05,TC2,Caribbean to US Atlantic Coast,VLCC,7.224,USD
2022-07-06,TC2,Caribbean to US Atlantic Coast,VLCC,7.254,USD
2022-07-07,TC2,Caribbean to US Atlantic Coast,VLCC,7.376,USD
2022-07-08,TC2,Caribbean to US Atlantic Coast,VLCC,7.341,USD
2022-07-09,TC2,Caribbean to US Atlantic Coast,VLCC,7.37,USD
2022-07-10,TC2,Caribbean to US Atlantic Coast,VLCC,7.354,USD
2022-07-11,TC2,Caribbean to US Atlantic Coast,VLCC,7.225,USD
2022-07-12,TC2,Caribbean to US Atlantic Coast,VLCC,6.952,USD
2022-07-13,TC2,Caribbean to US Atlantic Coast,VLCC,6.988,USD
2022-07-14,TC2,Caribbean to US Atlantic Coast,VLCC,6.994,USD
2022-07-15,TC2,Caribbean to US Atlantic Coast,VLCC,6.911,USD
2022-07-16,TC2,Caribbean to US Atlantic Coast,VLCC,6.714,USD
2022-07-17,TC2,Caribbean to US Atlantic Coast,VLCC,6.775,USD
2022-07-18,TC2,Caribbean to US Atlantic Coast,VLCC,6.734,USD
2022-07-19,TC2,Caribbean to US Atlantic Coast,VLCC,6.788,USD
2022-07-20,TC2,Caribbean to US Atlantic Coast,VLCC,6.989,USD
2022-07-21,TC2,Caribbean to US Atlantic Coast,VLCC,6.733,USD
2022-07-22,TC2,Caribbean to US Atlantic Coast,VLCC,6.644,USD
2022-07-23,TC2,Caribbean to US Atlantic Coast,VLCC,6.611,USD
2022-07-24,TC2,Caribbean to US Atlantic Coast,VLCC,6.768,USD
2022-07-25,TC2,Caribbean to US Atlantic Coast,VLCC,6.573,USD
2022-07-26,TC2,Caribbean to US Atlantic Coast,VLCC,6.785,USD
2022-07-27,TC2,Caribbean to US Atlantic Coast,VLCC,6.791,USD
2022-07-28,TC2,Caribbean to US Atlantic Coast,VLCC,6.771,USD
2022-07-29,TC2,Caribbean to US Atlantic Coast,VLCC,6.74,USD
2022-07-30,TC2,Caribbean to US Atlantic Coast,VLCC,6.682,USD
2022-07-31,TC2,Caribbean to US Atlantic Coast,VLCC,6.793,USD
2022-08-01,TC2,Caribbean to US Atlantic Coast,VLCC,6.663,USD
2022-08-02,TC2,Caribbean to US Atlantic Coast,VLCC,6.695,USD
2022-08-03,TC2,Caribbean to US Atlantic Coast,VLCC,6.644,USD
2022-08-04,TC2,Caribbean to US Atlantic Coast,VLCC,6.551,USD
2022-08-05,TC2,Caribbean to US Atlantic Coast,VLCC,6.84,USD
2022-08-06,TC2,Caribbean to US Atlantic Coast,VLCC,6.88,USD
2022-08-07,TC2,Caribbean to US Atlantic Coast,VLCC,6.941,USD
2022-08-08,TC2,Caribbean to US Atlantic Coast,VLCC,7.062,USD
2022-08-09,TC2,Caribbean to US Atlantic Coast,VLCC,6.891,USD
2022-08-10,TC2,Caribbean to US Atlantic Coast,VLCC,7.082,USD
2022-08-11,TC2,Caribbean to US Atlantic Coast,VLCC,6.788,USD
2022-08-12,TC2,Caribbean to US Atlantic Coast,VLCC,6.694,USD
2022-08-13,TC2,Caribbean to US Atlantic Coast,VLCC,6.637,USD
2022-08-14,TC2,Caribbean to US Atlantic Coast,VLCC,6.699,USD
2022-08-15,TC2,Caribbean to US Atlantic Coast,VLCC,6.719,USD
2022-08-16,TC2,Caribbean to US Atlantic Coast,VLCC,6.696,USD
2022-08-17,TC2,Caribbean to US Atlantic Coast,VLCC,6.69,USD
2022-08-18,TC2,Caribbean to US Atlantic Coast,VLCC,6.575,USD
2022-08-19,TC2,Caribbean to US Atlantic Coast,VLCC,6.402,USD
2022-08-20,TC2,Caribbean to US Atlantic Coast,VLCC,6.485,USD
2022-08-21,TC2,Caribbean to US Atlantic Coast,VLCC,6.563,USD
2022-08-22,TC2,Caribbean to US Atlantic Coast,VLCC,6.742,USD
2022-08-23,TC2,Caribbean to US Atlantic Coast,VLCC,6.649,USD
2022-08-24,TC2,Caribbean to US Atlantic Coast,VLCC,6.726,USD
2022-08-25,TC2,Caribbean to US Atlantic Coast,VLCC,6.691,USD
2022-08-26,TC2,Caribbean to US Atlantic Coast,VLCC,6.825,USD
2022-08-27,TC2,Caribbean to US Atlantic Coast,VLCC,6.939,USD
2022-08-28,TC2,Caribbean to US Atlantic Coast,VLCC,6.959,USD
2022-08-29,TC2,Caribbean to US Atlantic Coast,VLCC,6.917,USD
2022-08-30,TC2,Caribbean to US Atlantic Coast,VLCC,7.024,USD
2022-08-31,TC2,Caribbean to US Atlantic Coast,VLCC,7.094,USD
2022-09-01,TC2,Caribbean to US Atlantic Coast,VLCC,7.012,USD
2022-09-02,TC2,Caribbean to US Atlantic Coast,VLCC,6.858,USD
2022-09-03,TC2,Caribbean to US Atlantic Coast,VLCC,6.824,USD
2022-09-04,TC2,Caribbean to US Atlantic Coast,VLCC,6.996,USD
2022-09-05,TC2,Caribbean to US Atlantic Coast,VLCC,7.124,USD
2022-09-06,TC2,Caribbean to US Atlantic Coast,VLCC,6.995,USD
2022-09-07,TC2,Caribbean to US Atlantic Coast,VLCC,6.861,USD
2022-09-08,TC2,Caribbean to US Atlantic Coast,VLCC,7.006,USD
2022-09-09,TC2,Caribbean to US Atlantic Coast,VLCC,6.876,USD
2022-09-10,TC2,Caribbean to US Atlantic Coast,VLCC,6.935,USD
2022-09-11,TC2,Caribbean to US Atlantic Coast,VLCC,6.865,USD
2022-09-12,TC2,Caribbean to US Atlantic Coast,VLCC,7.05,USD
2022-09-13,TC2,Caribbean to US Atlantic Coast,VLCC,6.963,USD
2022-09-14,TC2,Caribbean to US Atlantic Coast,VLCC,7.094,USD
2022-09-15,TC2,Caribbean to US Atlantic Coast,VLCC,7.115,USD
2022-09-16,TC2,Caribbean to US Atlantic Coast,VLCC,7.144,USD
2022-09-17,TC2,Caribbean to US Atlantic Coast,VLCC,6.92,USD
2022-09-18,TC2,Caribbean to US Atlantic Coast,VLCC,6.672,USD
2022-09-19,TC2,Caribbean to US Atlantic Coast,VLCC,6.652,USD
2022-09-20,TC2,Caribbean to US Atlantic Coast,VLCC,6.686,USD
2022-09-21,TC2,Caribbean to US Atlantic Coast,VLCC,6.564,USD
2022-09-22,TC2,Caribbean to US Atlantic Coast,VLCC,6.447,USD
2022-09-23,TC2,Caribbean to US Atlantic Coast,VLCC,6.52,USD
2022-09-24,TC2,Caribbean to US Atlantic Coast,VLCC,6.592,USD
2022-09-25,TC2,Caribbean to US Atlantic Coast,VLCC,6.585,USD
2022-09-26,TC2,Caribbean to US Atlantic Coast,VLCC,6.682,USD
2022-09-27,TC2,Caribbean to US Atlantic Coast,VLCC,6.556,USD
2022-09-28,TC2,Caribbean to US Atlantic Coast,VLCC,6.525,USD
2022-09-29,TC2,Caribbean to US Atlantic Coast,VLCC,6.722,USD
2022-09-30,TC2,Caribbean to US Atlantic Coast,VLCC,6.738,USD
2022-10-01,TC2,Caribbean to US Atlantic Coast,VLCC,6.761,USD
2022-10-02,TC2,Caribbean to US Atlantic Coast,VLCC,7.032,USD
2022-10-03,TC2,Caribbean to US Atlantic Coast,VLCC,6.878,USD
2022-10-04,TC2,Caribbean to US Atlantic Coast,VLCC,6.977,USD
2022-10-05,TC2,Caribbean to US Atlantic Coast,VLCC,7.173,USD
2022-10-06,TC2,Caribbean to US Atlantic Coast,VLCC,7.141,USD
2022-10-07,TC2,Caribbean to US Atlantic Coast,VLCC,7.245,USD
2022-10-08,TC2,Caribbean to US Atlantic Coast,VLCC,7.139,USD
2022-10-09,TC2,Caribbean to US Atlantic Coast,VLCC,7.067,USD
2022-10-10,TC2,Caribbean to US Atlantic Coast,VLCC,7.119,USD
2022-10-11,TC2,Caribbean to US Atlantic Coast,VLCC,7.217,USD
2022-10-12,TC2,Caribbean to US Atlantic Coast,VLCC,7.351,USD
2022-10-13,TC2,Caribbean to US Atlantic Coast,VLCC,7.535,USD
2022-10-14,TC2,Caribbean to US Atlantic Coast,VLCC,7.531,USD
2022-10-15,TC2,Caribbean to US Atlantic Coast,VLCC,7.672,USD
2022-10-16,TC2,Caribbean to US Atlantic Coast,VLCC,7.636,USD
2022-10-17,TC2,Caribbean to US Atlantic Coast,VLCC,7.742,USD
2022-10-18,TC2,Caribbean to US Atlantic Coast,VLCC,7.769,USD
2022-10-19,TC2,Caribbean to US Atlantic Coast,VLCC,7.822,USD
2022-10-20,TC2,Caribbean to US Atlantic Coast,VLCC,7.873,USD
2022-10-21,TC2,Caribbean to US Atlantic Coast,VLCC,7.693,USD
2022-10-22,TC2,Caribbean to US Atlantic Coast,VLCC,7.57,USD
2022-10-23,TC2,Caribbean to US Atlantic Coast,VLCC,7.587,USD
2022-10-24,TC2,Caribbean to US Atlantic Coast,VLCC,7.401,USD
2022-10-25,TC2,Caribbean to US Atlantic Coast,VLCC,7.504,USD
2022-10-26,TC2,Caribbean to US Atlantic Coast,VLCC,7.611,USD
2022-10-27,TC2,Caribbean to US Atlantic Coast,VLCC,7.654,USD
2022-10-28,TC2,Caribbean to US Atlantic Coast,VLCC,7.533,USD
2022-10-29,TC2,Caribbean to US Atlantic Coast,VLCC,7.698,USD
2022-10-30,TC2,Caribbean to US Atlantic Coast,VLCC,7.936,USD
2022-10-31,TC2,Caribbean to US Atlantic Coast,VLCC,7.957,USD
2022-11-01,TC2,Caribbean to US Atlantic Coast,VLCC,8.019,USD
2022-11-02,TC2,Caribbean to US Atlantic Coast,VLCC,8.046,USD
2022-11-03,TC2,Caribbean to US Atlantic Coast,VLCC,8.11,USD
2022-11-04,TC2,Caribbean to US Atlantic Coast,VLCC,8.1,USD
2022-11-05,TC2,Caribbean to US Atlantic Coast,VLCC,8.1,USD
2022-11-06,TC2,Caribbean to US Atlantic Coast,VLCC,8.207,USD
2022-11-07,TC2,Caribbean to US Atlantic Coast,VLCC,8.476,USD
2022-11-08,TC2,Caribbean to US Atlantic Coast,VLCC,8.318,USD
2022-11-09,TC2,Caribbean to US Atlantic Coast,VLCC,8.308,USD
2022-11-10,TC2,Caribbean to US Atlantic Coast,VLCC,8.176,USD
2022-11-11,TC2,Caribbean to US Atlantic Coast,VLCC,8.361,USD
2022-11-12,TC2,Caribbean to US Atlantic Coast,VLCC,8.297,USD
2022-11-13,TC2,Caribbean to US Atlantic Coast,VLCC,8.136,USD
2022-11-14,TC2,Caribbean to US Atlantic Coast,VLCC,8.213,USD
2022-11-15,TC2,Caribbean to US Atlantic Coast,VLCC,8.416,USD
2022-11-16,TC2,Caribbean to US Atlantic Coast,VLCC,8.494,USD
2022-11-17,TC2,Caribbean to US Atlantic Coast,VLCC,8.519,USD
2022-11-18,TC2,Caribbean to US Atlantic Coast,VLCC,8.568,USD
2022-11-19,TC2,Caribbean to US Atlantic Coast,VLCC,8.73,USD
2022-11-20,TC2,Caribbean to US Atlantic Coast,VLCC,8.631,USD
2022-11-21,TC2,Caribbean to US Atlantic Coast,VLCC,8.619,USD
2022-11-22,TC2,Caribbean to US Atlantic Coast,VLCC,8.569,USD
2022-11-23,TC2,Caribbean to US Atlantic Coast,VLCC,8.438,USD
2022-11-24,TC2,Caribbean to US Atlantic Coast,VLCC,8.404,USD
2022-11-25,TC2,Caribbean to US Atlantic Coast,VLCC,8.534,USD
2022-11-26,TC2,Caribbean to US Atlantic Coast,VLCC,8.601,USD
2022-11-27,TC2,Caribbean to US Atlantic Coast,VLCC,8.677,USD
2022-11-28,TC2,Caribbean to US Atlantic Coast,VLCC,8.695,USD
2022-11-29,TC2,Caribbean to US Atlantic Coast,VLCC,8.756,USD
2022-11-30,TC2,Caribbean to US Atlantic Coast,VLCC,8.666,USD
2022-12-01,TC2,Caribbean to US Atlantic Coast,VLCC,8.632,USD
2022-12-02,TC2,Caribbean to US Atlantic Coast,VLCC,8.656,USD
2022-12-03,TC2,Caribbean to US Atlantic Coast,VLCC,8.69,USD
2022-12-04,TC2,Caribbean to US Atlantic Coast,VLCC,8.729,USD
2022-12-05,TC2,Caribbean to US Atlantic Coast,VLCC,8.714,USD
2022-12-06,TC2,Caribbean to US Atlantic Coast,VLCC,8.673,USD
2022-12-07,TC2,Caribbean to US Atlantic Coast,VLCC,9.035,USD
2022-12-08,TC2,Caribbean to US Atlantic Coast,VLCC,9.137,USD
2022-12-09,TC2,Caribbean to US Atlantic Coast,VLCC,9.182,USD
2022-12-10,TC2,Caribbean to US Atlantic Coast,VLCC,9.153,USD
2022-12-11,TC2,Caribbean to US Atlantic Coast,VLCC,9.099,USD
2022-12-12,TC2,Caribbean to US Atlantic Coast,VLCC,9.082,USD
2022-12-13,TC2,Caribbean to US Atlantic Coast,VLCC,9.114,USD
2022-12-14,TC2,Caribbean to US Atlantic Coast,VLCC,8.898,USD
2022-12-15,TC2,Caribbean to US Atlantic Coast,VLCC,8.72,USD
2022-12-16,TC2,Caribbean to US Atlantic Coast,VLCC,8.65,USD
2022-12-17,TC2,Caribbean to US Atlantic Coast,VLCC,8.677,USD
2022-12-18,TC2,Caribbean to US Atlantic Coast,VLCC,8.652,USD
2022-12-19,TC2,Caribbean to US Atlantic Coast,VLCC,8.823,USD
2022-12-20,TC2,Caribbean to US Atlantic Coast,VLCC,8.656,USD
2022-12-21,TC2,Caribbean to US Atlantic Coast,VLCC,8.573,USD
2022-12-22,TC2,Caribbean to US Atlantic Coast,VLCC,8.75,USD
2022-12-23,TC2,Caribbean to US Atlantic Coast,VLCC,8.767,USD
2022-12-24,TC2,Caribbean to US Atlantic Coast,VLCC,8.869,USD
2022-12-25,TC2,Caribbean to US Atlantic Coast,VLCC,9.103,USD
2022-12-26,TC2,Caribbean to US Atlantic Coast,VLCC,9.022,USD
2022-12-27,TC2,Caribbean to US Atlantic Coast,VLCC,9.01,USD
2022-12-28,TC2,Caribbean to US Atlantic Coast,VLCC,8.978,USD
2022-12-29,TC2,Caribbean to US Atlantic Coast,VLCC,8.755,USD
2022-12-30,TC2,Caribbean to US Atlantic Coast,VLCC,8.722,USD
2022-12-31,TC2,Caribbean to US Atlantic Coast,VLCC,8.824,USD
2023-01-01,TC2,Caribbean to US Atlantic Coast,VLCC,8.886,USD
2023-01-02,TC2,Caribbean to US Atlantic Coast,VLCC,8.957,USD
2023-01-03,TC2,Caribbean to US Atlantic Coast,VLCC,8.913,USD
2023-01-04,TC2,Caribbean to US Atlantic Coast,VLCC,8.838,USD
2023-01-05,TC2,Caribbean to US Atlantic Coast,VLCC,8.983,USD
2023-01-06,TC2,Caribbean to US Atlantic Coast,VLCC,8.925,USD
2023-01-07,TC2,Caribbean to US Atlantic Coast,VLCC,8.958,USD
2023-01-08,TC2,Caribbean to US Atlantic Coast,VLCC,8.976,USD
2023-01-09,TC2,Caribbean to US Atlantic Coast,VLCC,9.141,USD
2023-01-10,TC2,Caribbean to US Atlantic Coast,VLCC,9.248,USD
2023-01-11,TC2,Caribbean to US Atlantic Coast,VLCC,9.096,USD
2023-01-12,TC2,Caribbean to US Atlantic Coast,VLCC,8.958,USD
2023-01-13,TC2,Caribbean to US Atlantic Coast,VLCC,9.023,USD
2023-01-14,TC2,Caribbean to US Atlantic Coast,VLCC,9.013,USD
2023-01-15,TC2,Caribbean to US Atlantic Coast,VLCC,8.959,USD
2023-01-16,TC2,Caribbean to US Atlantic Coast,VLCC,9.072,USD
2023-01-17,TC2,Caribbean to US Atlantic Coast,VLCC,9.09,USD
2023-01-18,TC2,Caribbean to US Atlantic Coast,VLCC,9.093,USD
2023-01-19,TC2,Caribbean to US Atlantic Coast,VLCC,9.178,USD
2023-01-20,TC2,Caribbean to US Atlantic Coast,VLCC,9.13,USD
2023-01-21,TC2,Caribbean to US Atlantic Coast,VLCC,9.304,USD
2023-01-22,TC2,Caribbean to US Atlantic Coast,VLCC,9.208,USD
2023-01-23,TC2,Caribbean to US Atlantic Coast,VLCC,9.277,USD
2023-01-24,TC2,Caribbean to US Atlantic Coast,VLCC,9.434,USD
2023-01-25,TC2,Caribbean to US Atlantic Coast,VLCC,9.269,USD
2023-01-26,TC2,Caribbean to US Atlantic Coast,VLCC,9.223,USD
2023-01-27,TC2,Caribbean to US Atlantic Coast,VLCC,9.347,USD
2023-01-28,TC2,Caribbean to US Atlantic Coast,VLCC,9.471,USD
2023-01-29,TC2,Caribbean to US Atlantic Coast,VLCC,9.442,USD
2023-01-30,TC2,Caribbean to US Atlantic Coast,VLCC,9.349,USD
2023-01-31,TC2,Caribbean to US Atlantic Coast,VLCC,9.45,USD
2023-02-01,TC2,Caribbean to US Atlantic Coast,VLCC,9.575,USD
2023-02-02,TC2,Caribbean to US Atlantic Coast,VLCC,9.431,USD
2023-02-03,TC2,Caribbean to US Atlantic Coast,VLCC,9.284,USD
2023-02-04,TC2,Caribbean to US Atlantic Coast,VLCC,9.301,USD
2023-02-05,TC2,Caribbean to US Atlantic Coast,VLCC,9.364,USD
2023-02-06,TC2,Caribbean to US Atlantic Coast,VLCC,9.32,USD
2023-02-07,TC2,Caribbean to US Atlantic Coast,VLCC,9.388,USD
2023-02-08,TC2,Caribbean to US Atlantic Coast,VLCC,9.296,USD
2023-02-09,TC2,Caribbean to US Atlantic Coast,VLCC,9.046,USD
2023-02-10,TC2,Caribbean to US Atlantic Coast,VLCC,8.99,USD
2023-02-11,TC2,Caribbean to US Atlantic Coast,VLCC,8.99,USD
2023-02-12,TC2,Caribbean to US Atlantic Coast,VLCC,8.951,USD
2023-02-13,TC2,Caribbean to US Atlantic Coast,VLCC,8.812,USD
2023-02-14,TC2,Caribbean to US Atlantic Coast,VLCC,8.599,USD
2023-02-15,TC2,Caribbean to US Atlantic Coast,VLCC,8.536,USD
2023-02-16,TC2,Caribbean to US Atlantic Coast,VLCC,8.635,USD
2023-02-17,TC2,Caribbean to US Atlantic Coast,VLCC,8.772,USD
2023-02-18,TC2,Caribbean to US Atlantic Coast,VLCC,8.901,USD
2023-02-19,TC2,Caribbean to US Atlantic Coast,VLCC,8.8,USD
2023-02-20,TC2,Caribbean to US Atlantic Coast,VLCC,8.661,USD
2023-02-21,TC2,Caribbean to US Atlantic Coast,VLCC,8.711,USD
2023-02-22,TC2,Caribbean to US Atlantic Coast,VLCC,8.776,USD
2023-02-23,TC2,Caribbean to US Atlantic Coast,VLCC,8.813,USD
2023-02-24,TC2,Caribbean to US Atlantic Coast,VLCC,8.576,USD
2023-02-25,TC2,Caribbean to US Atlantic Coast,VLCC,8.47,USD
2023-02-26,TC2,Caribbean to US Atlantic Coast,VLCC,8.461,USD
2023-02-27,TC2,Caribbean to US Atlantic Coast,VLCC,8.51,USD
2023-02-28,TC2,Caribbean to US Atlantic Coast,VLCC,8.591,USD
2023-03-01,TC2,Caribbean to US Atlantic Coast,VLCC,8.599,USD
2023-03-02,TC2,Caribbean to US Atlantic Coast,VLCC,8.629,USD
2023-03-03,TC2,Caribbean to US Atlantic Coast,VLCC,8.63,USD
2023-03-04,TC2,Caribbean to US Atlantic Coast,VLCC,8.698,USD
2023-03-05,TC2,Caribbean to US Atlantic Coast,VLCC,8.724,USD
2023-03-06,TC2,Caribbean to US Atlantic Coast,VLCC,8.721,USD
2023-03-07,TC2,Caribbean to US Atlantic Coast,VLCC,8.679,USD
2023-03-08,TC2,Caribbean to US Atlantic Coast,VLCC,8.678,USD
2023-03-09,TC2,Caribbean to US Atlantic Coast,VLCC,8.722,USD
2023-03-10,TC2,Caribbean to US Atlantic Coast,VLCC,8.741,USD
2023-03-11,TC2,Caribbean to US Atlantic Coast,VLCC,8.772,USD
2023-03-12,TC2,Caribbean to US Atlantic Coast,VLCC,8.911,USD
2023-03-13,TC2,Caribbean to US Atlantic Coast,VLCC,8.927,USD
2023-03-14,TC2,Caribbean to US Atlantic Coast,VLCC,8.838,USD
2023-03-15,TC2,Caribbean to US Atlantic Coast,VLCC,8.924,USD
2023-03-16,TC2,Caribbean to US Atlantic Coast,VLCC,8.753,USD
2023-03-17,TC2,Caribbean to US Atlantic Coast,VLCC,8.616,USD
2023-03-18,TC2,Caribbean to US Atlantic Coast,VLCC,8.641,USD
2023-03-19,TC2,Caribbean to US Atlantic Coast,VLCC,8.686,USD
2023-03-20,TC2,Caribbean to US Atlantic Coast,VLCC,8.53,USD
2023-03-21,TC2,Caribbean to US Atlantic Coast,VLCC,8.474,USD
2023-03-22,TC2,Caribbean to US Atlantic Coast,VLCC,8.392,USD
2023-03-23,TC2,Caribbean to US Atlantic Coast,VLCC,8.324,USD
2023-03-24,TC2,Caribbean to US Atlantic Coast,VLCC,8.42,USD
2023-03-25,TC2,Caribbean to US Atlantic Coast,VLCC,8.487,USD
2023-03-26,TC2,Caribbean to US Atlantic Coast,VLCC,8.471,USD
2023-03-27,TC2,Caribbean to US Atlantic Coast,VLCC,8.394,USD
2023-03-28,TC2,Caribbean to US Atlantic Coast,VLCC,8.227,USD
2023-03-29,TC2,Caribbean to US Atlantic Coast,VLCC,8.376,USD
2023-03-30,TC2,Caribbean to US Atlantic Coast,VLCC,8.429,USD
2023-03-31,TC2,Caribbean to US Atlantic Coast,VLCC,8.334,USD
2023-04-01,TC2,Caribbean to US Atlantic Coast,VLCC,8.401,USD
2023-04-02,TC2,Caribbean to US Atlantic Coast,VLCC,8.378,USD
2023-04-03,TC2,Caribbean to US Atlantic Coast,VLCC,8.33,USD
2023-04-04,TC2,Caribbean to US Atlantic Coast,VLCC,8.364,USD
2023-04-05,TC2,Caribbean to US Atlantic Coast,VLCC,8.264,USD
2023-04-06,TC2,Caribbean to US Atlantic Coast,VLCC,8.21,USD
2023-04-07,TC2,Caribbean to US Atlantic Coast,VLCC,8.209,USD
2023-04-08,TC2,Caribbean to US Atlantic Coast,VLCC,8.137,USD
2023-04-09,TC2,Caribbean to US Atlantic Coast,VLCC,8.198,USD
2023-04-10,TC2,Caribbean to US Atlantic Coast,VLCC,8.395,USD
2023-04-11,TC2,Caribbean to US Atlantic Coast,VLCC,8.292,USD
2023-04-12,TC2,Caribbean to US Atlantic Coast,VLCC,8.085,USD
2023-04-13,TC2,Caribbean to US Atlantic Coast,VLCC,7.842,USD
2023-04-14,TC2,Caribbean to US Atlantic Coast,VLCC,7.812,USD
2023-04-15,TC2,Caribbean to US Atlantic Coast,VLCC,7.723,USD
2023-04-16,TC2,Caribbean to US Atlantic Coast,VLCC,7.734,USD
2023-04-17,TC2,Caribbean to US Atlantic Coast,VLCC,7.737,USD
2023-04-18,TC2,Caribbean to US Atlantic Coast,VLCC,7.541,USD
2023-04-19,TC2,Caribbean to US Atlantic Coast,VLCC,7.323,USD
2023-04-20,TC2,Caribbean to US Atlantic Coast,VLCC,7.347,USD
2023-04-21,TC2,Caribbean to US Atlantic Coast,VLCC,7.353,USD
2023-04-22,TC2,Caribbean to US Atlantic Coast,VLCC,7.294,USD
2023-04-23,TC2,Caribbean to US Atlantic Coast,VLCC,7.095,USD
2023-04-24,TC2,Caribbean to US Atlantic Coast,VLCC,7.141,USD
2023-04-25,TC2,Caribbean to US Atlantic Coast,VLCC,7.276,USD
2023-04-26,TC2,Caribbean to US Atlantic Coast,VLCC,7.298,USD
2023-04-27,TC2,Caribbean to US Atlantic Coast,VLCC,7.19,USD
2023-04-28,TC2,Caribbean to US Atlantic Coast,VLCC,7.185,USD
2023-04-29,TC2,Caribbean to US Atlantic Coast,VLCC,7.019,USD
2023-04-30,TC2,Caribbean to US Atlantic Coast,VLCC,7.131,USD
2023-05-01,TC2,Caribbean to US Atlantic Coast,VLCC,7.13,USD
2023-05-02,TC2,Caribbean to US Atlantic Coast,VLCC,6.918,USD
2023-05-03,TC2,Caribbean to US Atlantic Coast,VLCC,6.875,USD
2023-05-04,TC2,Caribbean to US Atlantic Coast,VLCC,6.92,USD
2023-05-05,TC2,Caribbean to US Atlantic Coast,VLCC,6.873,USD
2023-05-06,TC2,Caribbean to US Atlantic Coast,VLCC,6.833,USD
2023-05-07,TC2,Caribbean to US Atlantic Coast,VLCC,6.685,USD
2023-05-08,TC2,Caribbean to US Atlantic Coast,VLCC,6.742,USD
2023-05-09,TC2,Caribbean to US Atlantic Coast,VLCC,6.66,USD
2023-05-10,TC2,Caribbean to US Atlantic Coast,VLCC,6.407,USD
2023-05-11,TC2,Caribbean to US Atlantic Coast,VLCC,6.36,USD
2023-05-12,TC2,Caribbean to US Atlantic Coast,VLCC,6.467,USD
2023-05-13,TC2,Caribbean to US Atlantic Coast,VLCC,6.417,USD
2023-05-14,TC2,Caribbean to US Atlantic Coast,VLCC,6.609,USD
2023-05-15,TC2,Caribbean to US Atlantic Coast,VLCC,6.65,USD
2023-05-16,TC2,Caribbean to US Atlantic Coast,VLCC,6.68,USD
2023-05-17,TC2,Caribbean to US Atlantic Coast,VLCC,6.656,USD
2023-05-18,TC2,Caribbean to US Atlantic Coast,VLCC,6.64,USD
2023-05-19,TC2,Caribbean to US Atlantic Coast,VLCC,6.601,USD
2023-05-20,TC2,Caribbean to US Atlantic Coast,VLCC,6.558,USD
2023-05-21,TC2,Caribbean to US Atlantic Coast,VLCC,6.61,USD
2023-05-22,TC2,Caribbean to US Atlantic Coast,VLCC,6.495,USD
2023-05-23,TC2,Caribbean to US Atlantic Coast,VLCC,6.365,USD
2023-05-24,TC2,Caribbean to US Atlantic Coast,VLCC,6.23,USD
2023-05-25,TC2,Caribbean to US Atlantic Coast,VLCC,6.457,USD
2023-05-26,TC2,Caribbean to US Atlantic Coast,VLCC,6.51,USD
2023-05-27,TC2,Caribbean to US Atlantic Coast,VLCC,6.536,USD
2023-05-28,TC2,Caribbean to US Atlantic Coast,VLCC,6.406,USD
2023-05-29,TC2,Caribbean to US Atlantic Coast,VLCC,6.47,USD
2023-05-30,TC2,Caribbean to US Atlantic Coast,VLCC,6.448,USD
2023-05-31,TC2,Caribbean to US Atlantic Coast,VLCC,6.464,USD
2023-06-01,TC2,Caribbean to US Atlantic Coast,VLCC,6.344,USD
2023-06-02,TC2,Caribbean to US Atlantic Coast,VLCC,6.355,USD
2023-06-03,TC2,Caribbean to US Atlantic Coast,VLCC,6.299,USD
2023-06-04,TC2,Caribbean to US Atlantic Coast,VLCC,6.204,USD
2023-06-05,TC2,Caribbean to US Atlantic Coast,VLCC,6.281,USD
2023-06-06,TC2,Caribbean to US Atlantic Coast,VLCC,6.099,USD
2023-06-07,TC2,Caribbean to US Atlantic Coast,VLCC,6.158,USD
2023-06-08,TC2,Caribbean to US Atlantic Coast,VLCC,6.23,USD
2023-06-09,TC2,Caribbean to US Atlantic Coast,VLCC,6.123,USD
2023-06-10,TC2,Caribbean to US Atlantic Coast,VLCC,6.023,USD
2023-06-11,TC2,Caribbean to US Atlantic Coast,VLCC,5.993,USD
2023-06-12,TC2,Caribbean to US Atlantic Coast,VLCC,6.02,USD
2023-06-13,TC2,Caribbean to US Atlantic Coast,VLCC,5.998,USD
2023-06-14,TC2,Caribbean to US Atlantic Coast,VLCC,6.042,USD
2023-06-15,TC2,Caribbean to US Atlantic Coast,VLCC,6.238,USD
2023-06-16,TC2,Caribbean to US Atlantic Coast,VLCC,6.173,USD
2023-06-17,TC2,Caribbean to US Atlantic Coast,VLCC,5.971,USD
2023-06-18,TC2,Caribbean to US Atlantic Coast,VLCC,6.06,USD
2023-06-19,TC2,Caribbean to US Atlantic Coast,VLCC,6.246,USD
2023-06-20,TC2,Caribbean to US Atlantic Coast,VLCC,6.284,USD
2023-06-21,TC2,Caribbean to US Atlantic Coast,VLCC,6.152,USD
2023-06-22,TC2,Caribbean to US Atlantic Coast,VLCC,6.131,USD
2023-06-23,TC2,Caribbean to US Atlantic Coast,VLCC,5.998,USD
2023-06-24,TC2,Caribbean to US Atlantic Coast,VLCC,6.066,USD
2023-06-25,TC2,Caribbean to US Atlantic Coast,VLCC,5.907,USD
2023-06-26,TC2,Caribbean to US Atlantic Coast,VLCC,5.869,USD
2023-06-27,TC2,Caribbean to US Atlantic Coast,VLCC,5.751,USD
2023-06-28,TC2,Caribbean to US Atlantic Coast,VLCC,5.763,USD
2023-06-29,TC2,Caribbean to US Atlantic Coast,VLCC,5.719,USD
2023-06-30,TC2,Caribbean to US Atlantic Coast,VLCC,5.737,USD
2023-07-01,TC2,Caribbean to US Atlantic Coast,VLCC,5.738,USD
2023-07-02,TC2,Caribbean to US Atlantic Coast,VLCC,5.624,USD
2023-07-03,TC2,Caribbean to US Atlantic Coast,VLCC,5.694,USD
2023-07-04,TC2,Caribbean to US Atlantic Coast,VLCC,5.687,USD
2023-07-05,TC2,Caribbean to US Atlantic Coast,VLCC,5.573,USD
2023-07-06,TC2,Caribbean to US Atlantic Coast,VLCC,5.828,USD
2023-07-07,TC2,Caribbean to US Atlantic Coast,VLCC,5.88,USD
2023-07-08,TC2,Caribbean to US Atlantic Coast,VLCC,5.86,USD
2023-07-09,TC2,Caribbean to US Atlantic Coast,VLCC,6.018,USD
2023-07-10,TC2,Caribbean to US Atlantic Coast,VLCC,6.224,USD
2023-07-11,TC2,Caribbean to US Atlantic Coast,VLCC,6.201,USD
2023-07-12,TC2,Caribbean to US Atlantic Coast,VLCC,6.235,USD
2023-07-13,TC2,Caribbean to US Atlantic Coast,VLCC,6.116,USD
2023-07-14,TC2,Caribbean to US Atlantic Coast,VLCC,6.095,USD
2023-07-15,TC2,Caribbean to US Atlantic Coast,VLCC,6.068,USD
2023-07-16,TC2,Caribbean to US Atlantic Coast,VLCC,6.085,USD
2023-07-17,TC2,Caribbean to US Atlantic Coast,VLCC,6.119,USD
2023-07-18,TC2,Caribbean to US Atlantic Coast,VLCC,6.178,USD
2023-07-19,TC2,Caribbean to US Atlantic Coast,VLCC,6.201,USD
2023-07-20,TC2,Caribbean to US Atlantic Coast,VLCC,6.058,USD
2023-07-21,TC2,Caribbean to US Atlantic Coast,VLCC,5.948,USD
2023-07-22,TC2,Caribbean to US Atlantic Coast,VLCC,5.884,USD
2023-07-23,TC2,Caribbean to US Atlantic Coast,VLCC,5.851,USD
2023-07-24,TC2,Caribbean to US Atlantic Coast,VLCC,5.97,USD
2023-07-25,TC2,Caribbean to US Atlantic Coast,VLCC,5.836,USD
2023-07-26,TC2,Caribbean to US Atlantic Coast,VLCC,5.795,USD
2023-07-27,TC2,Caribbean to US Atlantic Coast,VLCC,5.904,USD
2023-07-28,TC2,Caribbean to US Atlantic Coast,VLCC,5.87,USD
2023-07-29,TC2,Caribbean to US Atlantic Coast,VLCC,5.922,USD
2023-07-30,TC2,Caribbean to US Atlantic Coast,VLCC,5.906,USD
2023-07-31,TC2,Caribbean to US Atlantic Coast,VLCC,5.935,USD
2023-08-01,TC2,Caribbean to US Atlantic Coast,VLCC,5.909,USD
2023-08-02,TC2,Caribbean to US Atlantic Coast,VLCC,5.986,USD
2023-08-03,TC2,Caribbean to US Atlantic Coast,VLCC,5.81,USD
2023-08-04,TC2,Caribbean to US Atlantic Coast,VLCC,5.77,USD
2023-08-05,TC2,Caribbean to US Atlantic Coast,VLCC,5.806,USD
2023-08-06,TC2,Caribbean to US Atlantic Coast,VLCC,5.869,USD
2023-08-07,TC2,Caribbean to US Atlantic Coast,VLCC,6.041,USD
2023-08-08,TC2,Caribbean to US Atlantic Coast,VLCC,5.997,USD
2023-08-09,TC2,Caribbean to US Atlantic Coast,VLCC,6.167,USD
2023-08-10,TC2,Caribbean to US Atlantic Coast,VLCC,6.091,USD
2023-08-11,TC2,Caribbean to US Atlantic Coast,VLCC,6.243,USD
2023-08-12,TC2,Caribbean to US Atlantic Coast,VLCC,6.335,USD
2023-08-13,TC2,Caribbean to US Atlantic Coast,VLCC,6.23,USD
2023-08-14,TC2,Caribbean to US Atlantic Coast,VLCC,6.265,USD
2023-08-15,TC2,Caribbean to US Atlantic Coast,VLCC,6.259,USD
2023-08-16,TC2,Caribbean to US Atlantic Coast,VLCC,6.33,USD
2023-08-17,TC2,Caribbean to US Atlantic Coast,VLCC,6.304,USD
2023-08-18,TC2,Caribbean to US Atlantic Coast,VLCC,6.269,USD
2023-08-19,TC2,Caribbean to US Atlantic Coast,VLCC,6.426,USD
2023-08-20,TC2,Caribbean to US Atlantic Coast,VLCC,6.414,USD
2023-08-21,TC2,Caribbean to US Atlantic Coast,VLCC,6.508,USD
2023-08-22,TC2,Caribbean to US Atlantic Coast,VLCC,6.481,USD
2023-08-23,TC2,Caribbean to US Atlantic Coast,VLCC,6.671,USD
2023-08-24,TC2,Caribbean to US Atlantic Coast,VLCC,6.591,USD
2023-08-25,TC2,Caribbean to US Atlantic Coast,VLCC,6.521,USD
2023-08-26,TC2,Caribbean to US Atlantic Coast,VLCC,6.694,USD
2023-08-27,TC2,Caribbean to US Atlantic Coast,VLCC,6.642,USD
2023-08-28,TC2,Caribbean to US Atlantic Coast,VLCC,6.824,USD
2023-08-29,TC2,Caribbean to US Atlantic Coast,VLCC,6.923,USD
2023-08-30,TC2,Caribbean to US Atlantic Coast,VLCC,6.902,USD
2023-08-31,TC2,Caribbean to US Atlantic Coast,VLCC,6.694,USD
2023-09-01,TC2,Caribbean to US Atlantic Coast,VLCC,6.692,USD
2023-09-02,TC2,Caribbean to US Atlantic Coast,VLCC,6.703,USD
2023-09-03,TC2,Caribbean to US Atlantic Coast,VLCC,6.837,USD
2023-09-04,TC2,Caribbean to US Atlantic Coast,VLCC,7.017,USD
2023-09-05,TC2,Caribbean to US Atlantic Coast,VLCC,6.937,USD
2023-09-06,TC2,Caribbean to US Atlantic Coast,VLCC,7.027,USD
2023-09-07,TC2,Caribbean to US Atlantic Coast,VLCC,7.112,USD
2023-09-08,TC2,Caribbean to US Atlantic Coast,VLCC,7.232,USD
2023-09-09,TC2,Caribbean to US Atlantic Coast,VLCC,7.286,USD
2023-09-10,TC2,Caribbean to US Atlantic Coast,VLCC,7.061,USD
2023-09-11,TC2,Caribbean to US Atlantic Coast,VLCC,7.043,USD
2023-09-12,TC2,Caribbean to US Atlantic Coast,VLCC,6.911,USD
2023-09-13,TC2,Caribbean to US Atlantic Coast,VLCC,6.889,USD
2023-09-14,TC2,Caribbean to US Atlantic Coast,VLCC,7.003,USD
2023-09-15,TC2,Caribbean to US Atlantic Coast,VLCC,7.038,USD
2023-09-16,TC2,Caribbean to US Atlantic Coast,VLCC,7.17,USD
2023-09-17,TC2,Caribbean to US Atlantic Coast,VLCC,7.209,USD
2023-09-18,TC2,Caribbean to US Atlantic Coast,VLCC,7.061,USD
2023-09-19,TC2,Caribbean to US Atlantic Coast,VLCC,6.775,USD
2023-09-20,TC2,Caribbean to US Atlantic Coast,VLCC,6.797,USD
2023-09-21,TC2,Caribbean to US Atlantic Coast,VLCC,6.777,USD
2023-09-22,TC2,Caribbean to US Atlantic Coast,VLCC,6.672,USD
2023-09-23,TC2,Caribbean to US Atlantic Coast,VLCC,6.485,USD
2023-09-24,TC2,Caribbean to US Atlantic Coast,VLCC,6.41,USD
2023-09-25,TC2,Caribbean to US Atlantic Coast,VLCC,6.398,USD
2023-09-26,TC2,Caribbean to US Atlantic Coast,VLCC,6.484,USD
2023-09-27,TC2,Caribbean to US Atlantic Coast,VLCC,6.515,USD
2023-09-28,TC2,Caribbean to US Atlantic Coast,VLCC,6.707,USD
2023-09-29,TC2,Caribbean to US Atlantic Coast,VLCC,6.597,USD
2023-09-30,TC2,Caribbean to US Atlantic Coast,VLCC,6.707,USD
2023-10-01,TC2,Caribbean to US Atlantic Coast,VLCC,6.721,USD
2023-10-02,TC2,Caribbean to US Atlantic Coast,VLCC,6.809,USD
2023-10-03,TC2,Caribbean to US Atlantic Coast,VLCC,6.767,USD
2023-10-04,TC2,Caribbean to US Atlantic Coast,VLCC,6.898,USD
2023-10-05,TC2,Caribbean to US Atlantic Coast,VLCC,6.94,USD
2023-10-06,TC2,Caribbean to US Atlantic Coast,VLCC,6.87,USD
2023-10-07,TC2,Caribbean to US Atlantic Coast,VLCC,6.877,USD
2023-10-08,TC2,Caribbean to US Atlantic Coast,VLCC,6.859,USD
2023-10-09,TC2,Caribbean to US Atlantic Coast,VLCC,6.924,USD
2023-10-10,TC2,Caribbean to US Atlantic Coast,VLCC,6.799,USD
2023-10-11,TC2,Caribbean to US Atlantic Coast,VLCC,6.806,USD
2023-10-12,TC2,Caribbean to US Atlantic Coast,VLCC,6.862,USD
2023-10-13,TC2,Caribbean to US Atlantic Coast,VLCC,6.876,USD
2023-10-14,TC2,Caribbean to US Atlantic Coast,VLCC,7.04,USD
2023-10-15,TC2,Caribbean to US Atlantic Coast,VLCC,7.137,USD
2023-10-16,TC2,Caribbean to US Atlantic Coast,VLCC,7.145,USD
2023-10-17,TC2,Caribbean to US Atlantic Coast,VLCC,7.178,USD
2023-10-18,TC2,Caribbean to US Atlantic Coast,VLCC,7.22,USD
2023-10-19,TC2,Caribbean to US Atlantic Coast,VLCC,7.275,USD
2023-10-20,TC2,Caribbean to US Atlantic Coast,VLCC,7.075,USD
2023-10-21,TC2,Caribbean to US Atlantic Coast,VLCC,7.051,USD
2023-10-22,TC2,Caribbean to US Atlantic Coast,VLCC,6.893,USD
2023-10-23,TC2,Caribbean to US Atlantic Coast,VLCC,7.051,USD
2023-10-24,TC2,Caribbean to US Atlantic Coast,VLCC,7.056,USD
2023-10-25,TC2,Caribbean to US Atlantic Coast,VLCC,7.046,USD
2023-10-26,TC2,Caribbean to US Atlantic Coast,VLCC,7.16,USD
2023-10-27,TC2,Caribbean to US Atlantic Coast,VLCC,7.219,USD
2023-10-28,TC2,Caribbean to US Atlantic Coast,VLCC,7.101,USD
2023-10-29,TC2,Caribbean to US Atlantic Coast,VLCC,7.105,USD
2023-10-30,TC2,Caribbean to US Atlantic Coast,VLCC,7.079,USD
2023-10-31,TC2,Caribbean to US Atlantic Coast,VLCC,6.893,USD
2023-11-01,TC2,Caribbean to US Atlantic Coast,VLCC,6.83,USD
2023-11-02,TC2,Caribbean to US Atlantic Coast,VLCC,6.824,USD
2023-11-03,TC2,Caribbean to US Atlantic Coast,VLCC,6.827,USD
2023-11-04,TC2,Caribbean to US Atlantic Coast,VLCC,6.675,USD
2023-11-05,TC2,Caribbean to US Atlantic Coast,VLCC,6.824,USD
2023-11-06,TC2,Caribbean to US Atlantic Coast,VLCC,6.829,USD
2023-11-07,TC2,Caribbean to US Atlantic Coast,VLCC,6.85,USD
2023-11-08,TC2,Caribbean to US Atlantic Coast,VLCC,6.912,USD
2023-11-09,TC2,Caribbean to US Atlantic Coast,VLCC,6.839,USD
2023-11-10,TC2,Caribbean to US Atlantic Coast,VLCC,6.908,USD
2023-11-11,TC2,Caribbean to US Atlantic Coast,VLCC,6.883,USD
2023-11-12,TC2,Caribbean to US Atlantic Coast,VLCC,6.798,USD
2023-11-13,TC2,Caribbean to US Atlantic Coast,VLCC,6.881,USD
2023-11-14,TC2,Caribbean to US Atlantic Coast,VLCC,7.069,USD
2023-11-15,TC2,Caribbean to US Atlantic Coast,VLCC,7.167,USD
2023-11-16,TC2,Caribbean to US Atlantic Coast,VLCC,7.287,USD
2023-11-17,TC2,Caribbean to US Atlantic Coast,VLCC,7.242,USD
2023-11-18,TC2,Caribbean to US Atlantic Coast,VLCC,7.074,USD
2023-11-19,TC2,Caribbean to US Atlantic Coast,VLCC,7.26,USD
2023-11-20,TC2,Caribbean to US Atlantic Coast,VLCC,7.509,USD
2023-11-21,TC2,Caribbean to US Atlantic Coast,VLCC,7.697,USD
2023-11-22,TC2,Caribbean to US Atlantic Coast,VLCC,7.669,USD
2023-11-23,TC2,Caribbean to US Atlantic Coast,VLCC,7.549,USD
2023-11-24,TC2,Caribbean to US Atlantic Coast,VLCC,7.44,USD
2023-11-25,TC2,Caribbean to US Atlantic Coast,VLCC,7.262,USD
2023-11-26,TC2,Caribbean to US Atlantic Coast,VLCC,7.265,USD
2023-11-27,TC2,Caribbean to US Atlantic Coast,VLCC,7.463,USD
2023-11-28,TC2,Caribbean to US Atlantic Coast,VLCC,7.46,USD
2023-11-29,TC2,Caribbean to US Atlantic Coast,VLCC,7.509,USD
2023-11-30,TC2,Caribbean to US Atlantic Coast,VLCC,7.679,USD
2023-12-01,TC2,Caribbean to US Atlantic Coast,VLCC,7.644,USD
2023-12-02,TC2,Caribbean to US Atlantic Coast,VLCC,7.888,USD
2023-12-03,TC2,Caribbean to US Atlantic Coast,VLCC,8.125,USD
2023-12-04,TC2,Caribbean to US Atlantic Coast,VLCC,8.117,USD
2023-12-05,TC2,Caribbean to US Atlantic Coast,VLCC,8.059,USD
2023-12-06,TC2,Caribbean to US Atlantic Coast,VLCC,8.147,USD
2023-12-07,TC2,Caribbean to US Atlantic Coast,VLCC,8.115,USD
2023-12-08,TC2,Caribbean to US Atlantic Coast,VLCC,7.992,USD
2023-12-09,TC2,Caribbean to US Atlantic Coast,VLCC,8.147,USD
2023-12-10,TC2,Caribbean to US Atlantic Coast,VLCC,8.293,USD
2023-12-11,TC2,Caribbean to US Atlantic Coast,VLCC,8.317,USD
2023-12-12,TC2,Caribbean to US Atlantic Coast,VLCC,8.179,USD
2023-12-13,TC2,Caribbean to US Atlantic Coast,VLCC,8.047,USD
2023-12-14,TC2,Caribbean to US Atlantic Coast,VLCC,8.068,USD
2023-12-15,TC2,Caribbean to US Atlantic Coast,VLCC,8.02,USD
2023-12-16,TC2,Caribbean to US Atlantic Coast,VLCC,7.99,USD
2023-12-17,TC2,Caribbean to US Atlantic Coast,VLCC,8.116,USD
2023-12-18,TC2,Caribbean to US Atlantic Coast,VLCC,8.208,USD
2023-12-19,TC2,Caribbean to US Atlantic Coast,VLCC,8.372,USD
2023-12-20,TC2,Caribbean to US Atlantic Coast,VLCC,8.265,USD
2023-12-21,TC2,Caribbean to US Atlantic Coast,VLCC,8.233,USD
2023-12-22,TC2,Caribbean to US Atlantic Coast,VLCC,8.326,USD
2023-12-23,TC2,Caribbean to US Atlantic Coast,VLCC,8.383,USD
2023-12-24,TC2,Caribbean to US Atlantic Coast,VLCC,8.563,USD
2023-12-25,TC2,Caribbean to US Atlantic Coast,VLCC,8.615,USD
2023-12-26,TC2,Caribbean to US Atlantic Coast,VLCC,8.828,USD
2023-12-27,TC2,Caribbean to US Atlantic Coast,VLCC,8.891,USD
2023-12-28,TC2,Caribbean to US Atlantic Coast,VLCC,9.012,USD
2023-12-29,TC2,Caribbean to US Atlantic Coast,VLCC,8.974,USD
2023-12-30,TC2,Caribbean to US Atlantic Coast,VLCC,8.975,USD
2023-12-31,TC2,Caribbean to US Atlantic Coast,VLCC,9.078,USD
2024-01-01,TC2,Caribbean to US Atlantic Coast,VLCC,9.26,USD
2024-01-02,TC2,Caribbean to US Atlantic Coast,VLCC,9.339,USD
2024-01-03,TC2,Caribbean to US Atlantic Coast,VLCC,9.325,USD
2024-01-04,TC2,Caribbean to US Atlantic Coast,VLCC,9.478,USD
2024-01-05,TC2,Caribbean to US Atlantic Coast,VLCC,9.222,USD
2024-01-06,TC2,Caribbean to US Atlantic Coast,VLCC,9.057,USD
2024-01-07,TC2,Caribbean to US Atlantic Coast,VLCC,9.133,USD
2024-01-08,TC2,Caribbean to US Atlantic Coast,VLCC,9.131,USD
2024-01-09,TC2,Caribbean to US Atlantic Coast,VLCC,9.197,USD
2024-01-10,TC2,Caribbean to US Atlantic Coast,VLCC,9.201,USD
2024-01-11,TC2,Caribbean to US Atlantic Coast,VLCC,9.262,USD
2024-01-12,TC2,Caribbean to US Atlantic Coast,VLCC,9.165,USD
2024-01-13,TC2,Caribbean to US Atlantic Coast,VLCC,9.226,USD
2024-01-14,TC2,Caribbean to US Atlantic Coast,VLCC,9.335,USD
2024-01-15,TC2,Caribbean to US Atlantic Coast,VLCC,9.468,USD
2024-01-16,TC2,Caribbean to US Atlantic Coast,VLCC,9.69,USD
2024-01-17,TC2,Caribbean to US Atlantic Coast,VLCC,9.708,USD
2024-01-18,TC2,Caribbean to US Atlantic Coast,VLCC,9.73,USD
2024-01-19,TC2,Caribbean to US Atlantic Coast,VLCC,9.546,USD
2024-01-20,TC2,Caribbean to US Atlantic Coast,VLCC,9.477,USD
2024-01-21,TC2,Caribbean to US Atlantic Coast,VLCC,9.447,USD
2024-01-22,TC2,Caribbean to US Atlantic Coast,VLCC,9.559,USD
2024-01-23,TC2,Caribbean to US Atlantic Coast,VLCC,9.48,USD
2024-01-24,TC2,Caribbean to US Atlantic Coast,VLCC,9.563,USD
2024-01-25,TC2,Caribbean to US Atlantic Coast,VLCC,9.553,USD
2024-01-26,TC2,Caribbean to US Atlantic Coast,VLCC,9.523,USD
2024-01-27,TC2,Caribbean to US Atlantic Coast,VLCC,9.542,USD
2024-01-28,TC2,Caribbean to US Atlantic Coast,VLCC,9.488,USD
2024-01-29,TC2,Caribbean to US Atlantic Coast,VLCC,9.43,USD
2024-01-30,TC2,Caribbean to US Atlantic Coast,VLCC,9.227,USD
2024-01-31,TC2,Caribbean to US Atlantic Coast,VLCC,9.191,USD
2024-02-01,TC2,Caribbean to US Atlantic Coast,VLCC,9.13,USD
2024-02-02,TC2,Caribbean to US Atlantic Coast,VLCC,9.064,USD
2024-02-03,TC2,Caribbean to US Atlantic Coast,VLCC,9.105,USD
2024-02-04,TC2,Caribbean to US Atlantic Coast,VLCC,9.174,USD
2024-02-05,TC2,Caribbean to US Atlantic Coast,VLCC,9.192,USD
2024-02-06,TC2,Caribbean to US Atlantic Coast,VLCC,9.297,USD
2024-02-07,TC2,Caribbean to US Atlantic Coast,VLCC,9.354,USD
2024-02-08,TC2,Caribbean to US Atlantic Coast,VLCC,9.31,USD
2024-02-09,TC2,Caribbean to US Atlantic Coast,VLCC,9.247,USD
2024-02-10,TC2,Caribbean to US Atlantic Coast,VLCC,9.273,USD
2024-02-11,TC2,Caribbean to US Atlantic Coast,VLCC,9.328,USD
2024-02-12,TC2,Caribbean to US Atlantic Coast,VLCC,9.477,USD
2024-02-13,TC2,Caribbean to US Atlantic Coast,VLCC,9.6,USD
2024-02-14,TC2,Caribbean to US Atlantic Coast,VLCC,9.524,USD
2024-02-15,TC2,Caribbean to US Atlantic Coast,VLCC,9.499,USD
2024-02-16,TC2,Caribbean to US Atlantic Coast,VLCC,9.562,USD
2024-02-17,TC2,Caribbean to US Atlantic Coast,VLCC,9.669,USD
2024-02-18,TC2,Caribbean to US Atlantic Coast,VLCC,9.76,USD
2024-02-19,TC2,Caribbean to US Atlantic Coast,VLCC,9.736,USD
2024-02-20,TC2,Caribbean to US Atlantic Coast,VLCC,9.576,USD
2024-02-21,TC2,Caribbean to US Atlantic Coast,VLCC,9.447,USD
2024-02-22,TC2,Caribbean to US Atlantic Coast,VLCC,9.463,USD
2024-02-23,TC2,Caribbean to US Atlantic Coast,VLCC,9.487,USD
2024-02-24,TC2,Caribbean to US Atlantic Coast,VLCC,9.347,USD
2024-02-25,TC2,Caribbean to US Atlantic Coast,VLCC,9.337,USD
2024-02-26,TC2,Caribbean to US Atlantic Coast,VLCC,9.395,USD
2024-02-27,TC2,Caribbean to US Atlantic Coast,VLCC,9.248,USD
2024-02-28,TC2,Caribbean to US Atlantic Coast,VLCC,9.36,USD
2024-02-29,TC2,Caribbean to US Atlantic Coast,VLCC,9.301,USD
2024-03-01,TC2,Caribbean to US Atlantic Coast,VLCC,9.429,USD
2024-03-02,TC2,Caribbean to US Atlantic Coast,VLCC,9.352,USD
2024-03-03,TC2,Caribbean to US Atlantic Coast,VLCC,9.218,USD
2024-03-04,TC2,Caribbean to US Atlantic Coast,VLCC,9.151,USD
2024-03-05,TC2,Caribbean to US Atlantic Coast,VLCC,9.125,USD
2024-03-06,TC2,Caribbean to US Atlantic Coast,VLCC,9.066,USD
2024-03-07,TC2,Caribbean to US Atlantic Coast,VLCC,9.027,USD
2024-03-08,TC2,Caribbean to US Atlantic Coast,VLCC,9.05,USD
2024-03-09,TC2,Caribbean to US Atlantic Coast,VLCC,9.016,USD
2024-03-10,TC2,Caribbean to US Atlantic Coast,VLCC,8.993,USD
2024-03-11,TC2,Caribbean to US Atlantic Coast,VLCC,8.784,USD
2024-03-12,TC2,Caribbean to US Atlantic Coast,VLCC,8.815,USD
2024-03-13,TC2,Caribbean to US Atlantic Coast,VLCC,8.791,USD
2024-03-14,TC2,Caribbean to US Atlantic Coast,VLCC,8.96,USD
2024-03-15,TC2,Caribbean to US Atlantic Coast,VLCC,8.837,USD
2024-03-16,TC2,Caribbean to US Atlantic Coast,VLCC,8.617,USD
2024-03-17,TC2,Caribbean to US Atlantic Coast,VLCC,8.674,USD
2024-03-18,TC2,Caribbean to US Atlantic Coast,VLCC,8.699,USD
2024-03-19,TC2,Caribbean to US Atlantic Coast,VLCC,8.57,USD
2024-03-20,TC2,Caribbean to US Atlantic Coast,VLCC,8.383,USD
2024-03-21,TC2,Caribbean to US Atlantic Coast,VLCC,8.546,USD
2024-03-22,TC2,Caribbean to US Atlantic Coast,VLCC,8.693,USD
2024-03-23,TC2,Caribbean to US Atlantic Coast,VLCC,8.394,USD
2024-03-24,TC2,Caribbean to US Atlantic Coast,VLCC,8.329,USD
2024-03-25,TC2,Caribbean to US Atlantic Coast,VLCC,8.506,USD
2024-03-26,TC2,Caribbean to US Atlantic Coast,VLCC,8.437,USD
2024-03-27,TC2,Caribbean to US Atlantic Coast,VLCC,8.367,USD
2024-03-28,TC2,Caribbean to US Atlantic Coast,VLCC,8.321,USD
2024-03-29,TC2,Caribbean to US Atlantic Coast,VLCC,8.18,USD
2024-03-30,TC2,Caribbean to US Atlantic Coast,VLCC,7.973,USD
2024-03-31,TC2,Caribbean to US Atlantic Coast,VLCC,8.082,USD
2024-04-01,TC2,Caribbean to US Atlantic Coast,VLCC,7.86,USD
2024-04-02,TC2,Caribbean to US Atlantic Coast,VLCC,7.878,USD
2024-04-03,TC2,Caribbean to US Atlantic Coast,VLCC,7.968,USD
2024-04-04,TC2,Caribbean to US Atlantic Coast,VLCC,7.791,USD
2024-04-05,TC2,Caribbean to US Atlantic Coast,VLCC,7.676,USD
2024-04-06,TC2,Caribbean to US Atlantic Coast,VLCC,7.804,USD
2024-04-07,TC2,Caribbean to US Atlantic Coast,VLCC,7.854,USD
2024-04-08,TC2,Caribbean to US Atlantic Coast,VLCC,7.772,USD
2024-04-09,TC2,Caribbean to US Atlantic Coast,VLCC,7.897,USD
2024-04-10,TC2,Caribbean to US Atlantic Coast,VLCC,8.022,USD
2024-04-11,TC2,Caribbean to US Atlantic Coast,VLCC,8.038,USD
2024-04-12,TC2,Caribbean to US Atlantic Coast,VLCC,7.921,USD
2024-04-13,TC2,Caribbean to US Atlantic Coast,VLCC,7.86,USD
2024-04-14,TC2,Caribbean to US Atlantic Coast,VLCC,7.879,USD
2024-04-15,TC2,Caribbean to US Atlantic Coast,VLCC,7.843,USD
2024-04-16,TC2,Caribbean to US Atlantic Coast,VLCC,7.936,USD
2024-04-17,TC2,Caribbean to US Atlantic Coast,VLCC,7.747,USD
2024-04-18,TC2,Caribbean to US Atlantic Coast,VLCC,7.563,USD
2024-04-19,TC2,Caribbean to US Atlantic Coast,VLCC,7.572,USD
2024-04-20,TC2,Caribbean to US Atlantic Coast,VLCC,7.504,USD
2024-04-21,TC2,Caribbean to US Atlantic Coast,VLCC,7.421,USD
2024-04-22,TC2,Caribbean to US Atlantic Coast,VLCC,7.208,USD
2024-04-23,TC2,Caribbean to US Atlantic Coast,VLCC,7.201,USD
2024-04-24,TC2,Caribbean to US Atlantic Coast,VLCC,7.186,USD
2024-04-25,TC2,Caribbean to US Atlantic Coast,VLCC,7.25,USD
2024-04-26,TC2,Caribbean to US Atlantic Coast,VLCC,7.248,USD
2024-04-27,TC2,Caribbean to US Atlantic Coast,VLCC,7.222,USD
2024-04-28,TC2,Caribbean to US Atlantic Coast,VLCC,7.345,USD
2024-04-29,TC2,Caribbean to US Atlantic Coast,VLCC,7.184,USD
2024-04-30,TC2,Caribbean to US Atlantic Coast,VLCC,7.234,USD
2024-05-01,TC2,Caribbean to US Atlantic Coast,VLCC,7.032,USD
2024-05-02,TC2,Caribbean to US Atlantic Coast,VLCC,6.927,USD
2024-05-03,TC2,Caribbean to US Atlantic Coast,VLCC,6.78,USD
2024-05-04,TC2,Caribbean to US Atlantic Coast,VLCC,6.862,USD
2024-05-05,TC2,Caribbean to US Atlantic Coast,VLCC,6.845,USD
2024-05-06,TC2,Caribbean to US Atlantic Coast,VLCC,6.835,USD
2024-05-07,TC2,Caribbean to US Atlantic Coast,VLCC,6.701,USD
2024-05-08,TC2,Caribbean to US Atlantic Coast,VLCC,6.659,USD
2024-05-09,TC2,Caribbean to US Atlantic Coast,VLCC,6.564,USD
2024-05-10,TC2,Caribbean to US Atlantic Coast,VLCC,6.601,USD
2024-05-11,TC2,Caribbean to US Atlantic Coast,VLCC,6.481,USD
2024-05-12,TC2,Caribbean to US Atlantic Coast,VLCC,6.627,USD
2024-05-13,TC2,Caribbean to US Atlantic Coast,VLCC,6.428,USD
2024-05-14,TC2,Caribbean to US Atlantic Coast,VLCC,6.33,USD
2024-05-15,TC2,Caribbean to US Atlantic Coast,VLCC,6.516,USD
2024-05-16,TC2,Caribbean to US Atlantic Coast,VLCC,6.459,USD
2024-05-17,TC2,Caribbean to US Atlantic Coast,VLCC,6.303,USD
2024-05-18,TC2,Caribbean to US Atlantic Coast,VLCC,6.322,USD
2024-05-19,TC2,Caribbean to US Atlantic Coast,VLCC,6.262,USD
2024-05-20,TC2,Caribbean to US Atlantic Coast,VLCC,6.162,USD
2024-05-21,TC2,Caribbean to US Atlantic Coast,VLCC,6.033,USD
2024-05-22,TC2,Caribbean to US Atlantic Coast,VLCC,6.345,USD
2024-05-23,TC2,Caribbean to US Atlantic Coast,VLCC,6.309,USD
2024-05-24,TC2,Caribbean to US Atlantic Coast,VLCC,6.084,USD
2024-05-25,TC2,Caribbean to US Atlantic Coast,VLCC,6.25,USD
2024-05-26,TC2,Caribbean to US Atlantic Coast,VLCC,6.313,USD
2024-05-27,TC2,Caribbean to US Atlantic Coast,VLCC,6.219,USD
2024-05-28,TC2,Caribbean to US Atlantic Coast,VLCC,6.107,USD
2024-05-29,TC2,Caribbean to US Atlantic Coast,VLCC,6.179,USD
2024-05-30,TC2,Caribbean to US Atlantic Coast,VLCC,6.145,USD
2024-05-31,TC2,Caribbean to US Atlantic Coast,VLCC,5.92,USD
2024-06-01,TC2,Caribbean to US Atlantic Coast,VLCC,6.121,USD
2024-06-02,TC2,Caribbean to US Atlantic Coast,VLCC,6.066,USD
2024-06-03,TC2,Caribbean to US Atlantic Coast,VLCC,6.231,USD
2024-06-04,TC2,Caribbean to US Atlantic Coast,VLCC,6.37,USD
2024-06-05,TC2,Caribbean to US Atlantic Coast,VLCC,6.248,USD
2024-06-06,TC2,Caribbean to US Atlantic Coast,VLCC,6.358,USD
2024-06-07,TC2,Caribbean to US Atlantic Coast,VLCC,6.276,USD
2024-06-08,TC2,Caribbean to US Atlantic Coast,VLCC,6.056,USD
2024-06-09,TC2,Caribbean to US Atlantic Coast,VLCC,6.003,USD
2024-06-10,TC2,Caribbean to US Atlantic Coast,VLCC,6.043,USD
2024-06-11,TC2,Caribbean to US Atlantic Coast,VLCC,5.985,USD
2024-06-12,TC2,Caribbean to US Atlantic Coast,VLCC,5.946,USD
2024-06-13,TC2,Caribbean to US Atlantic Coast,VLCC,6.071,USD
2024-06-14,TC2,Caribbean to US Atlantic Coast,VLCC,6.078,USD
2024-06-15,TC2,Caribbean to US Atlantic Coast,VLCC,5.976,USD
2024-06-16,TC2,Caribbean to US Atlantic Coast,VLCC,6.052,USD
2024-06-17,TC2,Caribbean to US Atlantic Coast,VLCC,6.069,USD
2024-06-18,TC2,Caribbean to US Atlantic Coast,VLCC,5.776,USD
2024-06-19,TC2,Caribbean to US Atlantic Coast,VLCC,5.822,USD
2024-06-20,TC2,Caribbean to US Atlantic Coast,VLCC,5.863,USD
2024-06-21,TC2,Caribbean to US Atlantic Coast,VLCC,5.862,USD
2024-06-22,TC2,Caribbean to US Atlantic Coast,VLCC,5.96,USD
2024-06-23,TC2,Caribbean to US Atlantic Coast,VLCC,5.879,USD
2024-06-24,TC2,Caribbean to US Atlantic Coast,VLCC,5.914,USD
2024-06-25,TC2,Caribbean to US Atlantic Coast,VLCC,5.731,USD
2024-06-26,TC2,Caribbean to US Atlantic Coast,VLCC,5.776,USD
2024-06-27,TC2,Caribbean to US Atlantic Coast,VLCC,5.995,USD
2024-06-28,TC2,Caribbean to US Atlantic Coast,VLCC,5.877,USD
2024-06-29,TC2,Caribbean to US Atlantic Coast,VLCC,5.787,USD
2024-06-30,TC2,Caribbean to US Atlantic Coast,VLCC,5.704,USD
2024-07-01,TC2,Caribbean to US Atlantic Coast,VLCC,5.717,USD
2024-07-02,TC2,Caribbean to US Atlantic Coast,VLCC,5.595,USD
2024-07-03,TC2,Caribbean to US Atlantic Coast,VLCC,5.642,USD
2024-07-04,TC2,Caribbean to US Atlantic Coast,VLCC,5.738,USD
2024-07-05,TC2,Caribbean to US Atlantic Coast,VLCC,5.797,USD
2024-07-06,TC2,Caribbean to US Atlantic Coast,VLCC,5.593,USD
2024-07-07,TC2,Caribbean to US Atlantic Coast,VLCC,5.707,USD
2024-07-08,TC2,Caribbean to US Atlantic Coast,VLCC,5.812,USD
2024-07-09,TC2,Caribbean to US Atlantic Coast,VLCC,5.905,USD
2024-07-10,TC2,Caribbean to US Atlantic Coast,VLCC,5.944,USD
2024-07-11,TC2,Caribbean to US Atlantic Coast,VLCC,5.966,USD
2024-07-12,TC2,Caribbean to US Atlantic Coast,VLCC,6.08,USD
2024-07-13,TC2,Caribbean to US Atlantic Coast,VLCC,6.295,USD
2024-07-14,TC2,Caribbean to US Atlantic Coast,VLCC,6.18,USD
2024-07-15,TC2,Caribbean to US Atlantic Coast,VLCC,6.298,USD
2024-07-16,TC2,Caribbean to US Atlantic Coast,VLCC,6.282,USD
2024-07-17,TC2,Caribbean to US Atlantic Coast,VLCC,6.261,USD
2024-07-18,TC2,Caribbean to US Atlantic Coast,VLCC,6.081,USD
2024-07-19,TC2,Caribbean to US Atlantic Coast,VLCC,6.045,USD
2024-07-20,TC2,Caribbean to US Atlantic Coast,VLCC,5.928,USD
2024-07-21,TC2,Caribbean to US Atlantic Coast,VLCC,5.874,USD
2024-07-22,TC2,Caribbean to US Atlantic Coast,VLCC,5.748,USD
2024-07-23,TC2,Caribbean to US Atlantic Coast,VLCC,5.697,USD
2024-07-24,TC2,Caribbean to US Atlantic Coast,VLCC,5.652,USD
2024-07-25,TC2,Caribbean to US Atlantic Coast,VLCC,5.665,USD
2024-07-26,TC2,Caribbean to US Atlantic Coast,VLCC,5.483,USD
2024-07-27,TC2,Caribbean to US Atlantic Coast,VLCC,5.322,USD
2024-07-28,TC2,Caribbean to US Atlantic Coast,VLCC,5.369,USD
2024-07-29,TC2,Caribbean to US Atlantic Coast,VLCC,5.284,USD
2024-07-30,TC2,Caribbean to US Atlantic Coast,VLCC,5.412,USD
2024-07-31,TC2,Caribbean to US Atlantic Coast,VLCC,5.443,USD
2024-08-01,TC2,Caribbean to US Atlantic Coast,VLCC,5.517,USD
2024-08-02,TC2,Caribbean to US Atlantic Coast,VLCC,5.682,USD
2024-08-03,TC2,Caribbean to US Atlantic Coast,VLCC,5.65,USD
2024-08-04,TC2,Caribbean to US Atlantic Coast,VLCC,5.588,USD
2024-08-05,TC2,Caribbean to US Atlantic Coast,VLCC,5.692,USD
2024-08-06,TC2,Caribbean to US Atlantic Coast,VLCC,5.754,USD
2024-08-07,TC2,Caribbean to US Atlantic Coast,VLCC,5.736,USD
2024-08-08,TC2,Caribbean to US Atlantic Coast,VLCC,5.898,USD
2024-08-09,TC2,Caribbean to US Atlantic Coast,VLCC,5.876,USD
2024-08-10,TC2,Caribbean to US Atlantic Coast,VLCC,5.882,USD
2024-08-11,TC2,Caribbean to US Atlantic Coast,VLCC,5.887,USD
2024-08-12,TC2,Caribbean to US Atlantic Coast,VLCC,5.784,USD
2024-08-13,TC2,Caribbean to US Atlantic Coast,VLCC,5.797,USD
2024-08-14,TC2,Caribbean to US Atlantic Coast,VLCC,5.961,USD
2024-08-15,TC2,Caribbean to US Atlantic Coast,VLCC,6.014,USD
2024-08-16,TC2,Caribbean to US Atlantic Coast,VLCC,6.021,USD
2024-08-17,TC2,Caribbean to US Atlantic Coast,VLCC,6.005,USD
2024-08-18,TC2,Caribbean to US Atlantic Coast,VLCC,6.046,USD
2024-08-19,TC2,Caribbean to US Atlantic Coast,VLCC,6.135,USD
2024-08-20,TC2,Caribbean to US Atlantic Coast,VLCC,6.207,USD
2024-08-21,TC2,Caribbean to US Atlantic Coast,VLCC,6.171,USD
2024-08-22,TC2,Caribbean to US Atlantic Coast,VLCC,6.211,USD
2024-08-23,TC2,Caribbean to US Atlantic Coast,VLCC,6.268,USD
2024-08-24,TC2,Caribbean to US Atlantic Coast,VLCC,6.156,USD
2024-08-25,TC2,Caribbean to US Atlantic Coast,VLCC,6.179,USD
2024-08-26,TC2,Caribbean to US Atlantic Coast,VLCC,5.936,USD
2024-08-27,TC2,Caribbean to US Atlantic Coast,VLCC,5.998,USD
2024-08-28,TC2,Caribbean to US Atlantic Coast,VLCC,6.079,USD
2024-08-29,TC2,Caribbean to US Atlantic Coast,VLCC,6.17,USD
2024-08-30,TC2,Caribbean to US Atlantic Coast,VLCC,6.13,USD
2024-08-31,TC2,Caribbean to US Atlantic Coast,VLCC,6.17,USD
2024-09-01,TC2,Caribbean to US Atlantic Coast,VLCC,6.338,USD
2024-09-02,TC2,Caribbean to US Atlantic Coast,VLCC,6.503,USD
2024-09-03,TC2,Caribbean to US Atlantic Coast,VLCC,6.502,USD
2024-09-04,TC2,Caribbean to US Atlantic Coast,VLCC,6.521,USD
2024-09-05,TC2,Caribbean to US Atlantic Coast,VLCC,6.651,USD
2024-09-06,TC2,Caribbean to US Atlantic Coast,VLCC,6.482,USD
2024-09-07,TC2,Caribbean to US Atlantic Coast,VLCC,6.449,USD
2024-09-08,TC2,Caribbean to US Atlantic Coast,VLCC,6.606,USD
2024-09-09,TC2,Caribbean to US Atlantic Coast,VLCC,6.72,USD
2024-09-10,TC2,Caribbean to US Atlantic Coast,VLCC,6.765,USD
2024-09-11,TC2,Caribbean to US Atlantic Coast,VLCC,6.596,USD
2024-09-12,TC2,Caribbean to US Atlantic Coast,VLCC,6.595,USD
2024-09-13,TC2,Caribbean to US Atlantic Coast,VLCC,6.533,USD
2024-09-14,TC2,Caribbean to US Atlantic Coast,VLCC,6.576,USD
2024-09-15,TC2,Caribbean to US Atlantic Coast,VLCC,6.489,USD
2024-09-16,TC2,Caribbean to US Atlantic Coast,VLCC,6.379,USD
2024-09-17,TC2,Caribbean to US Atlantic Coast,VLCC,6.152,USD
2024-09-18,TC2,Caribbean to US Atlantic Coast,VLCC,6.302,USD
2024-09-19,TC2,Caribbean to US Atlantic Coast,VLCC,6.266,USD
2024-09-20,TC2,Caribbean to US Atlantic Coast,VLCC,6.294,USD
2024-09-21,TC2,Caribbean to US Atlantic Coast,VLCC,6.304,USD
2024-09-22,TC2,Caribbean to US Atlantic Coast,VLCC,6.193,USD
2024-09-23,TC2,Caribbean to US Atlantic Coast,VLCC,6.061,USD
2024-09-24,TC2,Caribbean to US Atlantic Coast,VLCC,5.96,USD
2024-09-25,TC2,Caribbean to US Atlantic Coast,VLCC,5.892,USD
2024-09-26,TC2,Caribbean to US Atlantic Coast,VLCC,5.95,USD
2024-09-27,TC2,Caribbean to US Atlantic Coast,VLCC,5.874,USD
2024-09-28,TC2,Caribbean to US Atlantic Coast,VLCC,6.089,USD
2024-09-29,TC2,Caribbean to US Atlantic Coast,VLCC,6.221,USD
2024-09-30,TC2,Caribbean to US Atlantic Coast,VLCC,6.326,USD
2024-10-01,TC2,Caribbean to US Atlantic Coast,VLCC,6.325,USD
2024-10-02,TC2,Caribbean to US Atlantic Coast,VLCC,6.511,USD
2024-10-03,TC2,Caribbean to US Atlantic Coast,VLCC,6.497,USD
2024-10-04,TC2,Caribbean to US Atlantic Coast,VLCC,6.506,USD
2024-10-05,TC2,Caribbean to US Atlantic Coast,VLCC,6.537,USD
2024-10-06,TC2,Caribbean to US Atlantic Coast,VLCC,6.629,USD
2024-10-07,TC2,Caribbean to US Atlantic Coast,VLCC,6.713,USD
2024-10-08,TC2,Caribbean to US Atlantic Coast,VLCC,6.67,USD
2024-10-09,TC2,Caribbean to US Atlantic Coast,VLCC,6.62,USD
2024-10-10,TC2,Caribbean to US Atlantic Coast,VLCC,6.706,USD
2024-10-11,TC2,Caribbean to US Atlantic Coast,VLCC,6.799,USD
2024-10-12,TC2,Caribbean to US Atlantic Coast,VLCC,6.765,USD
2024-10-13,TC2,Caribbean to US Atlantic Coast,VLCC,6.596,USD
2024-10-14,TC2,Caribbean to US Atlantic Coast,VLCC,6.586,USD
2024-10-15,TC2,Caribbean to US Atlantic Coast,VLCC,6.671,USD
2024-10-16,TC2,Caribbean to US Atlantic Coast,VLCC,6.89,USD
2024-10-17,TC2,Caribbean to US Atlantic Coast,VLCC,6.765,USD
2024-10-18,TC2,Caribbean to US Atlantic Coast,VLCC,6.73,USD
2024-10-19,TC2,Caribbean to US Atlantic Coast,VLCC,6.699,USD
2024-10-20,TC2,Caribbean to US Atlantic Coast,VLCC,6.867,USD
2024-10-21,TC2,Caribbean to US Atlantic Coast,VLCC,6.876,USD
2024-10-22,TC2,Caribbean to US Atlantic Coast,VLCC,6.786,USD
2024-10-23,TC2,Caribbean to US Atlantic Coast,VLCC,6.863,USD
2024-10-24,TC2,Caribbean to US Atlantic Coast,VLCC,6.831,USD
2024-10-25,TC2,Caribbean to US Atlantic Coast,VLCC,6.706,USD
2024-10-26,TC2,Caribbean to US Atlantic Coast,VLCC,6.62,USD
2024-10-27,TC2,Caribbean to US Atlantic Coast,VLCC,6.834,USD
2024-10-28,TC2,Caribbean to US Atlantic Coast,VLCC,6.892,USD
2024-10-29,TC2,Caribbean to US Atlantic Coast,VLCC,6.919,USD
2024-10-30,TC2,Caribbean to US Atlantic Coast,VLCC,6.905,USD
2024-10-31,TC2,Caribbean to US Atlantic Coast,VLCC,6.953,USD
2024-11-01,TC2,Caribbean to US Atlantic Coast,VLCC,6.999,USD
2024-11-02,TC2,Caribbean to US Atlantic Coast,VLCC,7.047,USD
2024-11-03,TC2,Caribbean to US Atlantic Coast,VLCC,7.074,USD
2024-11-04,TC2,Caribbean to US Atlantic Coast,VLCC,7.186,USD
2024-11-05,TC2,Caribbean to US Atlantic Coast,VLCC,7.202,USD
2024-11-06,TC2,Caribbean to US Atlantic Coast,VLCC,7.104,USD
2024-11-07,TC2,Caribbean to US Atlantic Coast,VLCC,7.048,USD
2024-11-08,TC2,Caribbean to US Atlantic Coast,VLCC,6.838,USD
2024-11-09,TC2,Caribbean to US Atlantic Coast,VLCC,7.086,USD
2024-11-10,TC2,Caribbean to US Atlantic Coast,VLCC,7.199,USD
2024-11-11,TC2,Caribbean to US Atlantic Coast,VLCC,7.118,USD
2024-11-12,TC2,Caribbean to US Atlantic Coast,VLCC,7.101,USD
2024-11-13,TC2,Caribbean to US Atlantic Coast,VLCC,7.044,USD
2024-11-14,TC2,Caribbean to US Atlantic Coast,VLCC,7.236,USD
2024-11-15,TC2,Caribbean to US Atlantic Coast,VLCC,7.088,USD
2024-11-16,TC2,Caribbean to US Atlantic Coast,VLCC,7.117,USD
2024-11-17,TC2,Caribbean to US Atlantic Coast,VLCC,7.121,USD
2024-11-18,TC2,Caribbean to US Atlantic Coast,VLCC,7.231,USD
2024-11-19,TC2,Caribbean to US Atlantic Coast,VLCC,7.234,USD
2024-11-20,TC2,Caribbean to US Atlantic Coast,VLCC,7.049,USD
2024-11-21,TC2,Caribbean to US Atlantic Coast,VLCC,7.037,USD
2024-11-22,TC2,Caribbean to US Atlantic Coast,VLCC,6.944,USD
2024-11-23,TC2,Caribbean to US Atlantic Coast,VLCC,6.972,USD
2024-11-24,TC2,Caribbean to US Atlantic Coast,VLCC,7.153,USD
2024-11-25,TC2,Caribbean to US Atlantic Coast,VLCC,6.972,USD
2024-11-26,TC2,Caribbean to US Atlantic Coast,VLCC,6.899,USD
2024-11-27,TC2,Caribbean to US Atlantic Coast,VLCC,6.855,USD
2024-11-28,TC2,Caribbean to US Atlantic Coast,VLCC,6.832,USD
2024-11-29,TC2,Caribbean to US Atlantic Coast,VLCC,6.936,USD
2024-11-30,TC2,Caribbean to US Atlantic Coast,VLCC,6.936,USD
2024-12-01,TC2,Caribbean to US Atlantic Coast,VLCC,7.002,USD
2024-12-02,TC2,Caribbean to US Atlantic Coast,VLCC,6.95,USD
2024-12-03,TC2,Caribbean to US Atlantic Coast,VLCC,6.995,USD
2024-12-04,TC2,Caribbean to US Atlantic Coast,VLCC,7.103,USD
2024-12-05,TC2,Caribbean to US Atlantic Coast,VLCC,7.037,USD
2024-12-06,TC2,Caribbean to US Atlantic Coast,VLCC,7.145,USD
2024-12-07,TC2,Caribbean to US Atlantic Coast,VLCC,7.169,USD
2024-12-08,TC2,Caribbean to US Atlantic Coast,VLCC,7.305,USD
2024-12-09,TC2,Caribbean to US Atlantic Coast,VLCC,7.298,USD
2024-12-10,TC2,Caribbean to US Atlantic Coast,VLCC,7.358,USD
2024-12-11,TC2,Caribbean to US Atlantic Coast,VLCC,7.369,USD
2024-12-12,TC2,Caribbean to US Atlantic Coast,VLCC,7.374,USD
2024-12-13,TC2,Caribbean to US Atlantic Coast,VLCC,7.419,USD
2024-12-14,TC2,Caribbean to US Atlantic Coast,VLCC,7.495,USD
2024-12-15,TC2,Caribbean to US Atlantic Coast,VLCC,7.367,USD
2024-12-16,TC2,Caribbean to US Atlantic Coast,VLCC,7.546,USD
2024-12-17,TC2,Caribbean to US Atlantic Coast,VLCC,7.349,USD
2024-12-18,TC2,Caribbean to US Atlantic Coast,VLCC,7.287,USD
2024-12-19,TC2,Caribbean to US Atlantic Coast,VLCC,7.292,USD
2024-12-20,TC2,Caribbean to US Atlantic Coast,VLCC,7.356,USD
2024-12-21,TC2,Caribbean to US Atlantic Coast,VLCC,7.551,USD
2024-12-22,TC2,Caribbean to US Atlantic Coast,VLCC,7.354,USD
2024-12-23,TC2,Caribbean to US Atlantic Coast,VLCC,7.312,USD
2024-12-24,TC2,Caribbean to US Atlantic Coast,VLCC,7.086,USD
2024-12-25,TC2,Caribbean to US Atlantic Coast,VLCC,7.108,USD
2024-12-26,TC2,Caribbean to US Atlantic Coast,VLCC,7.157,USD
2024-12-27,TC2,Caribbean to US Atlantic Coast,VLCC,7.356,USD
2024-12-28,TC2,Caribbean to US Atlantic Coast,VLCC,7.385,USD
2024-12-29,TC2,Caribbean to US Atlantic Coast,VLCC,7.519,USD
2024-12-30,TC2,Caribbean to US Atlantic Coast,VLCC,7.6,USD
2024-12-31,TC2,Caribbean to US Atlantic Coast,VLCC,7.563,USD
2025-01-01,TC2,Caribbean to US Atlantic Coast,VLCC,7.416,USD
2025-01-02,TC2,Caribbean to US Atlantic Coast,VLCC,7.462,USD
2025-01-03,TC2,Caribbean to US Atlantic Coast,VLCC,7.307,USD
2025-01-04,TC2,Caribbean to US Atlantic Coast,VLCC,7.47,USD
2025-01-05,TC2,Caribbean to US Atlantic Coast,VLCC,7.465,USD
2025-01-06,TC2,Caribbean to US Atlantic Coast,VLCC,7.615,USD
2025-01-07,TC2,Caribbean to US Atlantic Coast,VLCC,7.573,USD
2025-01-08,TC2,Caribbean to US Atlantic Coast,VLCC,7.616,USD
2025-01-09,TC2,Caribbean to US Atlantic Coast,VLCC,7.652,USD
2025-01-10,TC2,Caribbean to US Atlantic Coast,VLCC,7.659,USD
2025-01-11,TC2,Caribbean to US Atlantic Coast,VLCC,7.621,USD
2025-01-12,TC2,Caribbean to US Atlantic Coast,VLCC,7.677,USD
2025-01-13,TC2,Caribbean to US Atlantic Coast,VLCC,7.583,USD
2025-01-14,TC2,Caribbean to US Atlantic Coast,VLCC,7.457,USD
2025-01-15,TC2,Caribbean to US Atlantic Coast,VLCC,7.612,USD
2025-01-16,TC2,Caribbean to US Atlantic Coast,VLCC,7.706,USD
2025-01-17,TC2,Caribbean to US Atlantic Coast,VLCC,7.723,USD
2025-01-18,TC2,Caribbean to US Atlantic Coast,VLCC,7.923,USD
2025-01-19,TC2,Caribbean to US Atlantic Coast,VLCC,7.9,USD
2025-01-20,TC2,Caribbean to US Atlantic Coast,VLCC,8.058,USD
2025-01-21,TC2,Caribbean to US Atlantic Coast,VLCC,8.085,USD
2025-01-22,TC2,Caribbean to US Atlantic Coast,VLCC,7.974,USD
2025-01-23,TC2,Caribbean to US Atlantic Coast,VLCC,8.19,USD
2025-01-24,TC2,Caribbean to US Atlantic Coast,VLCC,8.307,USD
2025-01-25,TC2,Caribbean to US Atlantic Coast,VLCC,8.297,USD
2025-01-26,TC2,Caribbean to US Atlantic Coast,VLCC,8.382,USD
2025-01-27,TC2,Caribbean to US Atlantic Coast,VLCC,8.338,USD
2025-01-28,TC2,Caribbean to US Atlantic Coast,VLCC,8.435,USD
2025-01-29,TC2,Caribbean to US Atlantic Coast,VLCC,8.163,USD
2025-01-30,TC2,Caribbean to US Atlantic Coast,VLCC,8.051,USD
2025-01-31,TC2,Caribbean to US Atlantic Coast,VLCC,8.167,USD
2025-02-01,TC2,Caribbean to US Atlantic Coast,VLCC,8.141,USD
2025-02-02,TC2,Caribbean to US Atlantic Coast,VLCC,8.168,USD
2025-02-03,TC2,Caribbean to US Atlantic Coast,VLCC,8.017,USD
2025-02-04,TC2,Caribbean to US Atlantic Coast,VLCC,8.231,USD
2025-02-05,TC2,Caribbean to US Atlantic Coast,VLCC,8.368,USD
2025-02-06,TC2,Caribbean to US Atlantic Coast,VLCC,8.345,USD
2025-02-07,TC2,Caribbean to US Atlantic Coast,VLCC,8.299,USD
2025-02-08,TC2,Caribbean to US Atlantic Coast,VLCC,8.416,USD
2025-02-09,TC2,Caribbean to US Atlantic Coast,VLCC,8.641,USD
2025-02-10,TC2,Caribbean to US Atlantic Coast,VLCC,8.745,USD
2025-02-11,TC2,Caribbean to US Atlantic Coast,VLCC,8.988,USD
2025-02-12,TC2,Caribbean to US Atlantic Coast,VLCC,8.875,USD
2025-02-13,TC2,Caribbean to US Atlantic Coast,VLCC,8.775,USD
2025-02-14,TC2,Caribbean to US Atlantic Coast,VLCC,8.634,USD
2025-02-15,TC2,Caribbean to US Atlantic Coast,VLCC,8.679,USD
2025-02-16,TC2,Caribbean to US Atlantic Coast,VLCC,8.693,USD
2025-02-17,TC2,Caribbean to US Atlantic Coast,VLCC,8.67,USD
2025-02-18,TC2,Caribbean to US Atlantic Coast,VLCC,8.756,USD
2025-02-19,TC2,Caribbean to US Atlantic Coast,VLCC,8.889,USD
2025-02-20,TC2,Caribbean to US Atlantic Coast,VLCC,8.707,USD
2025-02-21,TC2,Caribbean to US Atlantic Coast,VLCC,8.632,USD
2025-02-22,TC2,Caribbean to US Atlantic Coast,VLCC,8.719,USD
2025-02-23,TC2,Caribbean to US Atlantic Coast,VLCC,8.657,USD
2025-02-24,TC2,Caribbean to US Atlantic Coast,VLCC,8.559,USD
2025-02-25,TC2,Caribbean to US Atlantic Coast,VLCC,8.668,USD
2025-02-26,TC2,Caribbean to US Atlantic Coast,VLCC,8.513,USD
2025-02-27,TC2,Caribbean to US Atlantic Coast,VLCC,8.472,USD
2025-02-28,TC2,Caribbean to US Atlantic Coast,VLCC,8.503,USD
2025-03-01,TC2,Caribbean to US Atlantic Coast,VLCC,8.43,USD
2025-03-02,TC2,Caribbean to US Atlantic Coast,VLCC,8.513,USD
2025-03-03,TC2,Caribbean to US Atlantic Coast,VLCC,8.44,USD
2025-03-04,TC2,Caribbean to US Atlantic Coast,VLCC,8.593,USD
2025-03-05,TC2,Caribbean to US Atlantic Coast,VLCC,8.569,USD
2025-03-06,TC2,Caribbean to US Atlantic Coast,VLCC,8.636,USD
2025-03-07,TC2,Caribbean to US Atlantic Coast,VLCC,8.711,USD
2025-03-08,TC2,Caribbean to US Atlantic Coast,VLCC,8.628,USD
2025-03-09,TC2,Caribbean to US Atlantic Coast,VLCC,8.383,USD
2025-03-10,TC2,Caribbean to US Atlantic Coast,VLCC,8.416,USD
2025-03-11,TC2,Caribbean to US Atlantic Coast,VLCC,8.415,USD
2025-03-12,TC2,Caribbean to US Atlantic Coast,VLCC,8.468,USD
2025-03-13,TC2,Caribbean to US Atlantic Coast,VLCC,8.432,USD
2025-03-14,TC2,Caribbean to US Atlantic Coast,VLCC,8.373,USD
2025-03-15,TC2,Caribbean to US Atlantic Coast,VLCC,8.591,USD
2025-03-16,TC2,Caribbean to US Atlantic Coast,VLCC,8.411,USD
2025-03-17,TC2,Caribbean to US Atlantic Coast,VLCC,8.484,USD
2025-03-18,TC2,Caribbean to US Atlantic Coast,VLCC,8.406,USD
2025-03-19,TC2,Caribbean to US Atlantic Coast,VLCC,8.356,USD
2025-03-20,TC2,Caribbean to US Atlantic Coast,VLCC,8.309,USD
2025-03-21,TC2,Caribbean to US Atlantic Coast,VLCC,8.206,USD
2025-03-22,TC2,Caribbean to US Atlantic Coast,VLCC,8.261,USD
2025-03-23,TC2,Caribbean to US Atlantic Coast,VLCC,8.408,USD
2025-03-24,TC2,Caribbean to US Atlantic Coast,VLCC,8.448,USD
2025-03-25,TC2,Caribbean to US Atlantic Coast,VLCC,8.446,USD
2025-03-26,TC2,Caribbean to US Atlantic Coast,VLCC,8.32,USD
2025-03-27,TC2,Caribbean to US Atlantic Coast,VLCC,8.366,USD
2025-03-28,TC2,Caribbean to US Atlantic Coast,VLCC,8.597,USD
2025-03-29,TC2,Caribbean to US Atlantic Coast,VLCC,8.538,USD
2025-03-30,TC2,Caribbean to US Atlantic Coast,VLCC,8.479,USD
2025-03-31,TC2,Caribbean to US Atlantic Coast,VLCC,8.399,USD
2025-04-01,TC2,Caribbean to US Atlantic Coast,VLCC,8.328,USD
2025-04-02,TC2,Caribbean to US Atlantic Coast,VLCC,8.001,USD
2025-04-03,TC2,Caribbean to US Atlantic Coast,VLCC,8.035,USD
2025-04-04,TC2,Caribbean to US Atlantic Coast,VLCC,7.926,USD
2025-04-05,TC2,Caribbean to US Atlantic Coast,VLCC,7.731,USD
2025-04-06,TC2,Caribbean to US Atlantic Coast,VLCC,7.807,USD
2025-04-07,TC2,Caribbean to US Atlantic Coast,VLCC,7.673,USD
2025-04-08,TC2,Caribbean to US Atlantic Coast,VLCC,7.624,USD
2025-04-09,TC2,Caribbean to US Atlantic Coast,VLCC,7.781,USD
2025-04-10,TC2,Caribbean to US Atlantic Coast,VLCC,7.609,USD
2025-04-11,TC2,Caribbean to US Atlantic Coast,VLCC,7.424,USD
2025-04-12,TC2,Caribbean to US Atlantic Coast,VLCC,7.446,USD
2025-04-13,TC2,Caribbean to US Atlantic Coast,VLCC,7.568,USD
2025-04-14,TC2,Caribbean to US Atlantic Coast,VLCC,7.378,USD
2025-04-15,TC2,Caribbean to US Atlantic Coast,VLCC,7.415,USD
2025-04-16,TC2,Caribbean to US Atlantic Coast,VLCC,7.472,USD
2025-04-17,TC2,Caribbean to US Atlantic Coast,VLCC,7.227,USD
2025-04-18,TC2,Caribbean to US Atlantic Coast,VLCC,7.31,USD
2025-04-19,TC2,Caribbean to US Atlantic Coast,VLCC,7.4,USD
2025-04-20,TC2,Caribbean to US Atlantic Coast,VLCC,7.354,USD
2025-04-21,TC2,Caribbean to US Atlantic Coast,VLCC,7.486,USD
2025-04-22,TC2,Caribbean to US Atlantic Coast,VLCC,7.604,USD
2025-04-23,TC2,Caribbean to US Atlantic Coast,VLCC,7.602,USD
2025-04-24,TC2,Caribbean to US Atlantic Coast,VLCC,7.537,USD
2025-04-25,TC2,Caribbean to US Atlantic Coast,VLCC,7.413,USD
2025-04-26,TC2,Caribbean to US Atlantic Coast,VLCC,7.397,USD
2025-04-27,TC2,Caribbean to US Atlantic Coast,VLCC,7.449,USD
2025-04-28,TC2,Caribbean to US Atlantic Coast,VLCC,7.4,USD
2025-04-29,TC2,Caribbean to US Atlantic Coast,VLCC,7.137,USD
2025-04-30,TC2,Caribbean to US Atlantic Coast,VLCC,7.271,USD
2025-05-01,TC2,Caribbean to US Atlantic Coast,VLCC,7.281,USD
2025-05-02,TC2,Caribbean to US Atlantic Coast,VLCC,7.225,USD
2025-05-03,TC2,Caribbean to US Atlantic Coast,VLCC,7.311,USD
2025-05-04,TC2,Caribbean to US Atlantic Coast,VLCC,7.471,USD
2025-05-05,TC2,Caribbean to US Atlantic Coast,VLCC,7.138,USD
2025-05-06,TC2,Caribbean to US Atlantic Coast,VLCC,7.176,USD
2025-05-07,TC2,Caribbean to US Atlantic Coast,VLCC,7.001,USD
2025-05-08,TC2,Caribbean to US Atlantic Coast,VLCC,7.047,USD
2025-05-09,TC2,Caribbean to US Atlantic Coast,VLCC,7.051,USD
2025-05-10,TC2,Caribbean to US Atlantic Coast,VLCC,7.111,USD
2025-05-11,TC2,Caribbean to US Atlantic Coast,VLCC,7.042,USD
2025-05-12,TC2,Caribbean to US Atlantic Coast,VLCC,6.817,USD
2025-05-13,TC2,Caribbean to US Atlantic Coast,VLCC,6.756,USD
2025-05-14,TC2,Caribbean to US Atlantic Coast,VLCC,6.793,USD
2025-05-15,TC2,Caribbean to US Atlantic Coast,VLCC,6.899,USD
2025-05-16,TC2,Caribbean to US Atlantic Coast,VLCC,6.755,USD
2025-05-17,TC2,Caribbean to US Atlantic Coast,VLCC,6.862,USD
2025-05-18,TC2,Caribbean to US Atlantic Coast,VLCC,6.777,USD
2025-05-19,TC2,Caribbean to US Atlantic Coast,VLCC,6.808,USD
2025-05-20,TC2,Caribbean to US Atlantic Coast,VLCC,6.739,USD
2025-05-21,TC2,Caribbean to US Atlantic Coast,VLCC,6.75,USD
2025-05-22,TC2,Caribbean to US Atlantic Coast,VLCC,6.841,USD
2025-05-23,TC2,Caribbean to US Atlantic Coast,VLCC,6.69,USD
2025-05-24,TC2,Caribbean to US Atlantic Coast,VLCC,6.602,USD
2025-05-25,TC2,Caribbean to US Atlantic Coast,VLCC,6.614,USD
2025-05-26,TC2,Caribbean to US Atlantic Coast,VLCC,6.877,USD
2025-05-27,TC2,Caribbean to US Atlantic Coast,VLCC,6.767,USD
2025-05-28,TC2,Caribbean to US Atlantic Coast,VLCC,6.987,USD
2025-05-29,TC2,Caribbean to US Atlantic Coast,VLCC,7.202,USD
2025-05-30,TC2,Caribbean to US Atlantic Coast,VLCC,7.175,USD
2025-05-31,TC2,Caribbean to US Atlantic Coast,VLCC,7.125,USD
2025-06-01,TC2,Caribbean to US Atlantic Coast,VLCC,7.031,USD
2025-06-02,TC2,Caribbean to US Atlantic Coast,VLCC,7.009,USD
2025-06-03,TC2,Caribbean to US Atlantic Coast,VLCC,6.834,USD
2025-06-04,TC2,Caribbean to US Atlantic Coast,VLCC,6.813,USD
2025-06-05,TC2,Caribbean to US Atlantic Coast,VLCC,6.971,USD
2025-06-06,TC2,Caribbean to US Atlantic Coast,VLCC,6.887,USD
2025-06-07,TC2,Caribbean to US Atlantic Coast,VLCC,6.846,USD
2025-06-08,TC2,Caribbean to US Atlantic Coast,VLCC,6.639,USD
2025-06-09,TC2,Caribbean to US Atlantic Coast,VLCC,6.671,USD
2025-06-10,TC2,Caribbean to US Atlantic Coast,VLCC,6.69,USD
2025-06-11,TC2,Caribbean to US Atlantic Coast,VLCC,6.685,USD
2025-06-12,TC2,Caribbean to US Atlantic Coast,VLCC,6.649,USD
2025-06-13,TC2,Caribbean to US Atlantic Coast,VLCC,6.604,USD
2025-06-14,TC2,Caribbean to US Atlantic Coast,VLCC,6.65,USD
2025-06-15,TC2,Caribbean to US Atlantic Coast,VLCC,6.636,USD
2025-06-16,TC2,Caribbean to US Atlantic Coast,VLCC,6.66,USD
2025-06-17,TC2,Caribbean to US Atlantic Coast,VLCC,6.673,USD
2025-06-18,TC2,Caribbean to US Atlantic Coast,VLCC,6.789,USD
2025-06-19,TC2,Caribbean to US Atlantic Coast,VLCC,6.853,USD
2025-06-20,TC2,Caribbean to US Atlantic Coast,VLCC,6.862,USD
2025-06-21,TC2,Caribbean to US Atlantic Coast,VLCC,7.021,USD
2025-06-22,TC2,Caribbean to US Atlantic Coast,VLCC,7.054,USD
2025-06-23,TC2,Caribbean to US Atlantic Coast,VLCC,7.187,USD
2025-06-24,TC2,Caribbean to US Atlantic Coast,VLCC,7.239,USD
2025-06-25,TC2,Caribbean to US Atlantic Coast,VLCC,7.012,USD
2025-06-26,TC2,Caribbean to US Atlantic Coast,VLCC,7.146,USD
2025-06-27,TC2,Caribbean to US Atlantic Coast,VLCC,7.145,USD
2025-06-28,TC2,Caribbean to US Atlantic Coast,VLCC,7.123,USD
2025-06-29,TC2,Caribbean to US Atlantic Coast,VLCC,7.139,USD
2025-06-30,TC2,Caribbean to US Atlantic Coast,VLCC,7.084,USD
2025-07-01,TC2,Caribbean to US Atlantic Coast,VLCC,7.094,USD
2025-07-02,TC2,Caribbean to US Atlantic Coast,VLCC,7.011,USD
2025-07-03,TC2,Caribbean to US Atlantic Coast,VLCC,7.142,USD
2025-07-04,TC2,Caribbean to US Atlantic Coast,VLCC,7.113,USD
2025-07-05,TC2,Caribbean to US Atlantic Coast,VLCC,7.054,USD
2025-07-06,TC2,Caribbean to US Atlantic Coast,VLCC,6.934,USD
2025-07-07,TC2,Caribbean to US Atlantic Coast,VLCC,6.951,USD
2025-07-08,TC2,Caribbean to US Atlantic Coast,VLCC,6.959,USD
2025-07-09,TC2,Caribbean to US Atlantic Coast,VLCC,6.99,USD
2025-07-10,TC2,Caribbean to US Atlantic Coast,VLCC,6.859,USD
2025-07-11,TC2,Caribbean to US Atlantic Coast,VLCC,6.664,USD
2025-07-12,TC2,Caribbean to US Atlantic Coast,VLCC,6.725,USD
2025-07-13,TC2,Caribbean to US Atlantic Coast,VLCC,6.883,USD
2025-07-14,TC2,Caribbean to US Atlantic Coast,VLCC,6.754,USD
2025-07-15,TC2,Caribbean to US Atlantic Coast,VLCC,6.925,USD
2025-07-16,TC2,Caribbean to US Atlantic Coast,VLCC,6.944,USD
2025-07-17,TC2,Caribbean to US Atlantic Coast,VLCC,6.931,USD
2025-07-18,TC2,Caribbean to US Atlantic Coast,VLCC,6.874,USD
2025-07-19,TC2,Caribbean to US Atlantic Coast,VLCC,6.705,USD
2025-07-20,TC2,Caribbean to US Atlantic Coast,VLCC,6.808,USD
2025-07-21,TC2,Caribbean to US Atlantic Coast,VLCC,6.709,USD
2025-07-22,TC2,Caribbean to US Atlantic Coast,VLCC,6.611,USD
2025-07-23,TC2,Caribbean to US Atlantic Coast,VLCC,6.715,USD
2025-07-24,TC2,Caribbean to US Atlantic Coast,VLCC,6.492,USD
2025-07-25,TC2,Caribbean to US Atlantic Coast,VLCC,6.312,USD
2025-07-26,TC2,Caribbean to US Atlantic Coast,VLCC,6.305,USD
2025-07-27,TC2,Caribbean to US Atlantic Coast,VLCC,6.334,USD
2025-07-28,TC2,Caribbean to US Atlantic Coast,VLCC,6.385,USD
2025-07-29,TC2,Caribbean to US Atlantic Coast,VLCC,6.346,USD
2025-07-30,TC2,Caribbean to US Atlantic Coast,VLCC,6.629,USD
2025-07-31,TC2,Caribbean to US Atlantic Coast,VLCC,6.596,USD
2025-08-01,TC2,Caribbean to US Atlantic Coast,VLCC,6.564,USD
2025-08-02,TC2,Caribbean to US Atlantic Coast,VLCC,6.467,USD
2025-08-03,TC2,Caribbean to US Atlantic Coast,VLCC,6.476,USD
2025-08-04,TC2,Caribbean to US Atlantic Coast,VLCC,6.542,USD
2025-08-05,TC2,Caribbean to US Atlantic Coast,VLCC,6.674,USD
2025-08-06,TC2,Caribbean to US Atlantic Coast,VLCC,6.498,USD
2025-08-07,TC2,Caribbean to US Atlantic Coast,VLCC,6.466,USD
2025-08-08,TC2,Caribbean to US Atlantic Coast,VLCC,6.513,USD
2025-08-09,TC2,Caribbean to US Atlantic Coast,VLCC,6.576,USD
2025-08-10,TC2,Caribbean to US Atlantic Coast,VLCC,6.572,USD
2025-08-11,TC2,Caribbean to US Atlantic Coast,VLCC,6.63,USD
2025-08-12,TC2,Caribbean to US Atlantic Coast,VLCC,6.534,USD
2025-08-13,TC2,Caribbean to US Atlantic Coast,VLCC,6.708,USD
2025-08-14,TC2,Caribbean to US Atlantic Coast,VLCC,6.816,USD
2025-08-15,TC2,Caribbean to US Atlantic Coast,VLCC,6.658,USD
2025-08-16,TC2,Caribbean to US Atlantic Coast,VLCC,6.532,USD
2025-08-17,TC2,Caribbean to US Atlantic Coast,VLCC,6.41,USD
2025-08-18,TC2,Caribbean to US Atlantic Coast,VLCC,6.487,USD
2025-08-19,TC2,Caribbean to US Atlantic Coast,VLCC,6.339,USD
2025-08-20,TC2,Caribbean to US Atlantic Coast,VLCC,6.302,USD
2025-08-21,TC2,Caribbean to US Atlantic Coast,VLCC,6.355,USD
2025-08-22,TC2,Caribbean to US Atlantic Coast,VLCC,6.349,USD
2025-08-23,TC2,Caribbean to US Atlantic Coast,VLCC,6.379,USD
2025-08-24,TC2,Caribbean to US Atlantic Coast,VLCC,6.259,USD
2025-08-25,TC2,Caribbean to US Atlantic Coast,VLCC,6.33,USD
2025-08-26,TC2,Caribbean to US Atlantic Coast,VLCC,6.262,USD
2025-08-27,TC2,Caribbean to US Atlantic Coast,VLCC,6.228,USD
2025-08-28,TC2,Caribbean to US Atlantic Coast,VLCC,6.259,USD
2025-08-29,TC2,Caribbean to US Atlantic Coast,VLCC,6.275,USD
2025-08-30,TC2,Caribbean to US Atlantic Coast,VLCC,6.281,USD
2025-08-31,TC2,Caribbean to US Atlantic Coast,VLCC,6.2,USD
2025-09-01,TC2,Caribbean to US Atlantic Coast,VLCC,6.171,USD
2025-09-02,TC2,Caribbean to US Atlantic Coast,VLCC,6.177,USD
2025-09-03,TC2,Caribbean to US Atlantic Coast,VLCC,6.027,USD
2025-09-04,TC2,Caribbean to US Atlantic Coast,VLCC,5.982,USD
2025-09-05,TC2,Caribbean to US Atlantic Coast,VLCC,6.034,USD
2025-09-06,TC2,Caribbean to US Atlantic Coast,VLCC,5.897,USD
2025-09-07,TC2,Caribbean to US Atlantic Coast,VLCC,6.039,USD
2025-09-08,TC2,Caribbean to US Atlantic Coast,VLCC,6.192,USD
2025-09-09,TC2,Caribbean to US Atlantic Coast,VLCC,6.058,USD
2025-09-10,TC2,Caribbean to US Atlantic Coast,VLCC,6.222,USD
2025-09-11,TC2,Caribbean to US Atlantic Coast,VLCC,6.213,USD
2025-09-12,TC2,Caribbean to US Atlantic Coast,VLCC,6.269,USD
2025-09-13,TC2,Caribbean to US Atlantic Coast,VLCC,6.221,USD
2025-09-14,TC2,Caribbean to US Atlantic Coast,VLCC,6.334,USD
2025-09-15,TC2,Caribbean to US Atlantic Coast,VLCC,6.389,USD
2025-09-16,TC2,Caribbean to US Atlantic Coast,VLCC,6.304,USD
2025-09-17,TC2,Caribbean to US Atlantic Coast,VLCC,6.18,USD
2025-09-18,TC2,Caribbean to US Atlantic Coast,VLCC,6.024,USD
2025-09-19,TC2,Caribbean to US Atlantic Coast,VLCC,6.058,USD
2025-09-20,TC2,Caribbean to US Atlantic Coast,VLCC,6.135,USD
2025-09-21,TC2,Caribbean to US Atlantic Coast,VLCC,6.221,USD
2025-09-22,TC2,Caribbean to US Atlantic Coast,VLCC,6.218,USD
2025-09-23,TC2,Caribbean to US Atlantic Coast,VLCC,6.098,USD
2025-09-24,TC2,Caribbean to US Atlantic Coast,VLCC,6.034,USD
2025-09-25,TC2,Caribbean to US Atlantic Coast,VLCC,6.179,USD
2025-09-26,TC2,Caribbean to US Atlantic Coast,VLCC,6.136,USD
2025-09-27,TC2,Caribbean to US Atlantic Coast,VLCC,6.166,USD
2025-09-28,TC2,Caribbean to US Atlantic Coast,VLCC,6.057,USD
2025-09-29,TC2,Caribbean to US Atlantic Coast,VLCC,6.11,USD
2025-09-30,TC2,Caribbean to US Atlantic Coast,VLCC,6.073,USD
2025-10-01,TC2,Caribbean to US Atlantic Coast,VLCC,6.207,USD
2025-10-02,TC2,Caribbean to US Atlantic Coast,VLCC,6.309,USD
2025-10-03,TC2,Caribbean to US Atlantic Coast,VLCC,6.266,USD
2025-10-04,TC2,Caribbean to US Atlantic Coast,VLCC,6.266,USD
2025-10-05,TC2,Caribbean to US Atlantic Coast,VLCC,6.218,USD
2025-10-06,TC2,Caribbean to US Atlantic Coast,VLCC,6.071,USD
2025-10-07,TC2,Caribbean to US Atlantic Coast,VLCC,5.991,USD
2025-10-08,TC2,Caribbean to US Atlantic Coast,VLCC,6.031,USD
2025-10-09,TC2,Caribbean to US Atlantic Coast,VLCC,6.086,USD
2025-10-10,TC2,Caribbean to US Atlantic Coast,VLCC,6.121,USD
2025-10-11,TC2,Caribbean to US Atlantic Coast,VLCC,6.104,USD
2025-10-12,TC2,Caribbean to US Atlantic Coast,VLCC,6.228,USD
2025-10-13,TC2,Caribbean to US Atlantic Coast,VLCC,6.253,USD
2025-10-14,TC2,Caribbean to US Atlantic Coast,VLCC,6.35,USD
2025-10-15,TC2,Caribbean to US Atlantic Coast,VLCC,6.164,USD
2025-10-16,TC2,Caribbean to US Atlantic Coast,VLCC,5.737,USD
2025-10-17,TC2,Caribbean to US Atlantic Coast,VLCC,5.792,USD
2025-10-18,TC2,Caribbean to US Atlantic Coast,VLCC,5.652,USD
2025-10-19,TC2,Caribbean to US Atlantic Coast,VLCC,5.653,USD
2025-10-20,TC2,Caribbean to US Atlantic Coast,VLCC,5.643,USD
2025-10-21,TC2,Caribbean to US Atlantic Coast,VLCC,5.849,USD
2025-10-22,TC2,Caribbean to US Atlantic Coast,VLCC,5.917,USD
2025-10-23,TC2,Caribbean to US Atlantic Coast,VLCC,5.959,USD
2025-10-24,TC2,Caribbean to US Atlantic Coast,VLCC,6.077,USD
2025-10-25,TC2,Caribbean to US Atlantic Coast,VLCC,6.14,USD
2025-10-26,TC2,Caribbean to US Atlantic Coast,VLCC,6.109,USD
2025-10-27,TC2,Caribbean to US Atlantic Coast,VLCC,6.253,USD
2025-10-28,TC2,Caribbean to US Atlantic Coast,VLCC,6.147,USD
2025-10-29,TC2,Caribbean to US Atlantic Coast,VLCC,6.206,USD
2025-10-30,TC2,Caribbean to US Atlantic Coast,VLCC,6.051,USD
2025-10-31,TC2,Caribbean to US Atlantic Coast,VLCC,6.098,USD
2025-11-01,TC2,Caribbean to US Atlantic Coast,VLCC,6.143,USD
2025-11-02,TC2,Caribbean to US Atlantic Coast,VLCC,6.356,USD
2025-11-03,TC2,Caribbean to US Atlantic Coast,VLCC,6.199,USD
2025-11-04,TC2,Caribbean to US Atlantic Coast,VLCC,6.153,USD
2025-11-05,TC2,Caribbean to US Atlantic Coast,VLCC,6.27,USD
2025-11-06,TC2,Caribbean to US Atlantic Coast,VLCC,6.331,USD
2025-11-07,TC2,Caribbean to US Atlantic Coast,VLCC,6.373,USD
2025-11-08,TC2,Caribbean to US Atlantic Coast,VLCC,6.286,USD
2025-11-09,TC2,Caribbean to US Atlantic Coast,VLCC,6.242,USD
2025-11-10,TC2,Caribbean to US Atlantic Coast,VLCC,6.407,USD
2025-11-11,TC2,Caribbean to US Atlantic Coast,VLCC,6.423,USD
2025-11-12,TC2,Caribbean to US Atlantic Coast,VLCC,6.487,USD
2025-11-13,TC2,Caribbean to US Atlantic Coast,VLCC,6.496,USD
2025-11-14,TC2,Caribbean to US Atlantic Coast,VLCC,6.383,USD
2025-11-15,TC2,Caribbean to US Atlantic Coast,VLCC,6.512,USD
2025-11-16,TC2,Caribbean to US Atlantic Coast,VLCC,6.591,USD
2025-11-17,TC2,Caribbean to US Atlantic Coast,VLCC,6.874,USD
2025-11-18,TC2,Caribbean to US Atlantic Coast,VLCC,6.777,USD
2025-11-19,TC2,Caribbean to US Atlantic Coast,VLCC,6.89,USD
2025-11-20,TC2,Caribbean to US Atlantic Coast,VLCC,6.759,USD
2025-11-21,TC2,Caribbean to US Atlantic Coast,VLCC,6.797,USD
2025-11-22,TC2,Caribbean to US Atlantic Coast,VLCC,6.928,USD
2025-11-23,TC2,Caribbean to US Atlantic Coast,VLCC,6.711,USD
2025-11-24,TC2,Caribbean to US Atlantic Coast,VLCC,6.708,USD
2025-11-25,TC2,Caribbean to US Atlantic Coast,VLCC,6.665,USD
2025-11-26,TC2,Caribbean to US Atlantic Coast,VLCC,6.607,USD
2025-11-27,TC2,Caribbean to US Atlantic Coast,VLCC,6.673,USD
2025-11-28,TC2,Caribbean to US Atlantic Coast,VLCC,6.822,USD
2025-11-29,TC2,Caribbean to US Atlantic Coast,VLCC,6.827,USD
2025-11-30,TC2,Caribbean to US Atlantic Coast,VLCC,6.871,USD
2025-12-01,TC2,Caribbean to US Atlantic Coast,VLCC,6.904,USD
2025-12-02,TC2,Caribbean to US Atlantic Coast,VLCC,6.924,USD
2025-12-03,TC2,Caribbean to US Atlantic Coast,VLCC,6.819,USD
2025-12-04,TC2,Caribbean to US Atlantic Coast,VLCC,6.966,USD
2025-12-05,TC2,Caribbean to US Atlantic Coast,VLCC,7.019,USD
2025-12-06,TC2,Caribbean to US Atlantic Coast,VLCC,7.083,USD
2025-12-07,TC2,Caribbean to US Atlantic Coast,VLCC,7.009,USD
2025-12-08,TC2,Caribbean to US Atlantic Coast,VLCC,6.976,USD
2025-12-09,TC2,Caribbean to US Atlantic Coast,VLCC,6.976,USD
2025-12-10,TC2,Caribbean to US Atlantic Coast,VLCC,6.82,USD
2025-12-11,TC2,Caribbean to US Atlantic Coast,VLCC,6.649,USD
2025-12-12,TC2,Caribbean to US Atlantic Coast,VLCC,6.604,USD
2025-12-13,TC2,Caribbean to US Atlantic Coast,VLCC,6.687,USD
2025-12-14,TC2,Caribbean to US Atlantic Coast,VLCC,6.635,USD
2025-12-15,TC2,Caribbean to US Atlantic Coast,VLCC,6.542,USD
2025-12-16,TC2,Caribbean to US Atlantic Coast,VLCC,6.473,USD
2025-12-17,TC2,Caribbean to US Atlantic Coast,VLCC,6.446,USD
2025-12-18,TC2,Caribbean to US Atlantic Coast,VLCC,6.431,USD
2025-12-19,TC2,Caribbean to US Atlantic Coast,VLCC,6.703,USD
2025-12-20,TC2,Caribbean to US Atlantic Coast,VLCC,6.845,USD
2025-12-21,TC2,Caribbean to US Atlantic Coast,VLCC,6.983,USD
2025-12-22,TC2,Caribbean to US Atlantic Coast,VLCC,7.135,USD
2025-12-23,TC2,Caribbean to US Atlantic Coast,VLCC,7.04,USD
2025-12-24,TC2,Caribbean to US Atlantic Coast,VLCC,6.919,USD
2025-12-25,TC2,Caribbean to US Atlantic Coast,VLCC,6.814,USD
2025-12-26,TC2,Caribbean to US Atlantic Coast,VLCC,6.987,USD
2025-12-27,TC2,Caribbean to US Atlantic Coast,VLCC,6.944,USD
2025-12-28,TC2,Caribbean to US Atlantic Coast,VLCC,6.821,USD
2025-12-29,TC2,Caribbean to US Atlantic Coast,VLCC,6.793,USD
2025-12-30,TC2,Caribbean to US Atlantic Coast,VLCC,6.787,USD
2025-12-31,TC2,Caribbean to US Atlantic Coast,VLCC,6.839,USD
2026-01-01,TC2,Caribbean to US Atlantic Coast,VLCC,6.888,USD
2026-01-02,TC2,Caribbean to US Atlantic Coast,VLCC,6.814,USD
2026-01-03,TC2,Caribbean to US Atlantic Coast,VLCC,6.913,USD
2026-01-04,TC2,Caribbean to US Atlantic Coast,VLCC,6.859,USD
2026-01-05,TC2,Caribbean to US Atlantic Coast,VLCC,6.862,USD
2026-01-06,TC2,Caribbean to US Atlantic Coast,VLCC,6.96,USD
2026-01-07,TC2,Caribbean to US Atlantic Coast,VLCC,6.906,USD
2026-01-08,TC2,Caribbean to US Atlantic Coast,VLCC,6.86,USD
2026-01-09,TC2,Caribbean to US Atlantic Coast,VLCC,6.947,USD
2026-01-10,TC2,Caribbean to US Atlantic Coast,VLCC,6.868,USD
2026-01-11,TC2,Caribbean to US Atlantic Coast,VLCC,6.844,USD
2026-01-12,TC2,Caribbean to US Atlantic Coast,VLCC,6.927,USD
2026-01-13,TC2,Caribbean to US Atlantic Coast,VLCC,7.179,USD
2026-01-14,TC2,Caribbean to US Atlantic Coast,VLCC,7.264,USD
2026-01-15,TC2,Caribbean to US Atlantic Coast,VLCC,7.332,USD
2026-01-16,TC2,Caribbean to US Atlantic Coast,VLCC,7.407,USD
2026-01-17,TC2,Caribbean to US Atlantic Coast,VLCC,7.298,USD
2026-01-18,TC2,Caribbean to US Atlantic Coast,VLCC,7.325,USD
2026-01-19,TC2,Caribbean to US Atlantic Coast,VLCC,7.336,USD
2026-01-20,TC2,Caribbean to US Atlantic Coast,VLCC,7.386,USD
2026-01-21,TC2,Caribbean to US Atlantic Coast,VLCC,7.412,USD
2026-01-22,TC2,Caribbean to US Atlantic Coast,VLCC,7.467,USD
2026-01-23,TC2,Caribbean to US Atlantic Coast,VLCC,7.444,USD
2026-01-24,TC2,Caribbean to US Atlantic Coast,VLCC,7.462,USD
2026-01-25,TC2,Caribbean to US Atlantic Coast,VLCC,7.334,USD
2026-01-26,TC2,Caribbean to US Atlantic Coast,VLCC,7.31,USD
2026-01-27,TC2,Caribbean to US Atlantic Coast,VLCC,7.481,USD
2026-01-28,TC2,Caribbean to US Atlantic Coast,VLCC,7.528,USD
2026-01-29,TC2,Caribbean to US Atlantic Coast,VLCC,7.535,USD
2026-01-30,TC2,Caribbean to US Atlantic Coast,VLCC,7.761,USD
2026-01-31,TC2,Caribbean to US Atlantic Coast,VLCC,7.613,USD
2026-02-01,TC2,Caribbean to US Atlantic Coast,VLCC,7.495,USD
2026-02-02,TC2,Caribbean to US Atlantic Coast,VLCC,7.7,USD
2026-02-03,TC2,Caribbean to US Atlantic Coast,VLCC,7.712,USD
2026-02-04,TC2,Caribbean to US Atlantic Coast,VLCC,7.691,USD
2026-02-05,TC2,Caribbean to US Atlantic Coast,VLCC,7.562,USD
2026-02-06,TC2,Caribbean to US Atlantic Coast,VLCC,7.621,USD
2026-02-07,TC2,Caribbean to US Atlantic Coast,VLCC,7.69,USD
2026-02-08,TC2,Caribbean to US Atlantic Coast,VLCC,7.572,USD
2026-02-09,TC2,Caribbean to US Atlantic Coast,VLCC,7.563,USD
2026-02-10,TC2,Caribbean to US Atlantic Coast,VLCC,7.532,USD
2026-02-11,TC2,Caribbean to US Atlantic Coast,VLCC,7.568,USD
2026-02-12,TC2,Caribbean to US Atlantic Coast,VLCC,7.447,USD
2026-02-13,TC2,Caribbean to US Atlantic Coast,VLCC,7.597,USD
2026-02-14,TC2,Caribbean to US Atlantic Coast,VLCC,7.707,USD
2026-02-15,TC2,Caribbean to US Atlantic Coast,VLCC,7.67,USD
2026-02-16,TC2,Caribbean to US Atlantic Coast,VLCC,7.65,USD
2026-02-17,TC2,Caribbean to US Atlantic Coast,VLCC,7.639,USD
2026-02-18,TC2,Caribbean to US Atlantic Coast,VLCC,7.555,USD
2026-02-19,TC2,Caribbean to US Atlantic Coast,VLCC,7.509,USD
2026-02-20,TC2,Caribbean to US Atlantic Coast,VLCC,7.483,USD
2026-02-21,TC2,Caribbean to US Atlantic Coast,VLCC,7.672,USD
2026-02-22,TC2,Caribbean to US Atlantic Coast,VLCC,7.783,USD
2026-02-23,TC2,Caribbean to US Atlantic Coast,VLCC,7.891,USD
2026-02-24,TC2,Caribbean to US Atlantic Coast,VLCC,7.933,USD
2026-02-25,TC2,Caribbean to US Atlantic Coast,VLCC,7.805,USD
2026-02-26,TC2,Caribbean to US Atlantic Coast,VLCC,7.801,USD
2026-02-27,TC2,Caribbean to US Atlantic Coast,VLCC,7.912,USD
2026-02-28,TC2,Caribbean to US Atlantic Coast,VLCC,7.767,USD
2026-03-01,TC2,Caribbean to US Atlantic Coast,VLCC,7.84,USD
2026-03-02,TC2,Caribbean to US Atlantic Coast,VLCC,8.103,USD
2026-03-03,TC2,Caribbean to US Atlantic Coast,VLCC,8.22,USD
2026-03-04,TC2,Caribbean to US Atlantic Coast,VLCC,8.376,USD
2026-03-05,TC2,Caribbean to US Atlantic Coast,VLCC,8.393,USD
2026-03-06,TC2,Caribbean to US Atlantic Coast,VLCC,8.496,USD
2026-03-07,TC2,Caribbean to US Atlantic Coast,VLCC,8.405,USD
2026-03-08,TC2,Caribbean to US Atlantic Coast,VLCC,8.487,USD
2026-03-09,TC2,Caribbean to US Atlantic Coast,VLCC,8.553,USD
2026-03-10,TC2,Caribbean to US Atlantic Coast,VLCC,8.575,USD
2026-03-11,TC2,Caribbean to US Atlantic Coast,VLCC,8.714,USD
2026-03-12,TC2,Caribbean to US Atlantic Coast,VLCC,8.64,USD
2026-03-13,TC2,Caribbean to US Atlantic Coast,VLCC,8.607,USD
2026-03-14,TC2,Caribbean to US Atlantic Coast,VLCC,8.605,USD
2026-03-15,TC2,Caribbean to US Atlantic Coast,VLCC,8.476,USD
2026-03-16,TC2,Caribbean to US Atlantic Coast,VLCC,8.49,USD
2026-03-17,TC2,Caribbean to US Atlantic Coast,VLCC,8.283,USD
2026-03-18,TC2,Caribbean to US Atlantic Coast,VLCC,8.392,USD
2026-03-19,TC2,Caribbean to US Atlantic Coast,VLCC,8.386,USD
2026-03-20,TC2,Caribbean to US Atlantic Coast,VLCC,8.315,USD
2026-03-21,TC2,Caribbean to US Atlantic Coast,VLCC,8.209,USD
2026-03-22,TC2,Caribbean to US Atlantic Coast,VLCC,8.172,USD
2026-03-23,TC2,Caribbean to US Atlantic Coast,VLCC,8.24,USD
2026-03-24,TC2,Caribbean to US Atlantic Coast,VLCC,8.29,USD
2026-03-25,TC2,Caribbean to US Atlantic Coast,VLCC,8.198,USD
2026-03-26,TC2,Caribbean to US Atlantic Coast,VLCC,8.09,USD
2026-03-27,TC2,Caribbean to US Atlantic Coast,VLCC,8.154,USD
2026-03-28,TC2,Caribbean to US Atlantic Coast,VLCC,8.06,USD
2026-03-29,TC2,Caribbean to US Atlantic Coast,VLCC,8.056,USD
2026-03-30,TC2,Caribbean to US Atlantic Coast,VLCC,8.059,USD
2026-03-31,TC2,Caribbean to US Atlantic Coast,VLCC,8.083,USD
2026-04-01,TC2,Caribbean to US Atlantic Coast,VLCC,8.168,USD
2026-04-02,TC2,Caribbean to US Atlantic Coast,VLCC,8.011,USD
2026-04-03,TC2,Caribbean to US Atlantic Coast,VLCC,7.782,USD
2026-04-04,TC2,Caribbean to US Atlantic Coast,VLCC,7.707,USD
2026-04-05,TC2,Caribbean to US Atlantic Coast,VLCC,7.903,USD
2026-04-06,TC2,Caribbean to US Atlantic Coast,VLCC,8.121,USD
2026-04-07,TC2,Caribbean to US Atlantic Coast,VLCC,8.315,USD
2026-04-08,TC2,Caribbean to US Atlantic Coast,VLCC,8.277,USD
2026-04-09,TC2,Caribbean to US Atlantic Coast,VLCC,8.057,USD
2026-04-10,TC2,Caribbean to US Atlantic Coast,VLCC,7.776,USD
2026-04-11,TC2,Caribbean to US Atlantic Coast,VLCC,7.695,USD
2026-04-12,TC2,Caribbean to US Atlantic Coast,VLCC,7.661,USD
2026-04-13,TC2,Caribbean to US Atlantic Coast,VLCC,7.797,USD
2026-04-14,TC2,Caribbean to US Atlantic Coast,VLCC,7.883,USD
2026-04-15,TC2,Caribbean to US Atlantic Coast,VLCC,7.895,USD
2026-04-16,TC2,Caribbean to US Atlantic Coast,VLCC,7.779,USD
2026-04-17,TC2,Caribbean to US Atlantic Coast,VLCC,7.656,USD
2026-04-18,TC2,Caribbean to US Atlantic Coast,VLCC,7.673,USD
2026-04-19,TC2,Caribbean to US Atlantic Coast,VLCC,7.739,USD
2026-04-20,TC2,Caribbean to US Atlantic Coast,VLCC,7.77,USD
2026-04-21,TC2,Caribbean to US Atlantic Coast,VLCC,7.637,USD
2026-04-22,TC2,Caribbean to US Atlantic Coast,VLCC,7.698,USD
2026-04-23,TC2,Caribbean to US Atlantic Coast,VLCC,7.732,USD
2026-04-24,TC2,Caribbean to US Atlantic Coast,VLCC,7.596,USD
2026-04-25,TC2,Caribbean to US Atlantic Coast,VLCC,7.493,USD
2026-04-26,TC2,Caribbean to US Atlantic Coast,VLCC,7.558,USD
2026-04-27,TC2,Caribbean to US Atlantic Coast,VLCC,7.517,USD
2026-04-28,TC2,Caribbean to US Atlantic Coast,VLCC,7.685,USD
2026-04-29,TC2,Caribbean to US Atlantic Coast,VLCC,7.726,USD
2026-04-30,TC2,Caribbean to US Atlantic Coast,VLCC,7.654,USD
2026-05-01,TC2,Caribbean to US Atlantic Coast,VLCC,7.638,USD
2026-05-02,TC2,Caribbean to US Atlantic Coast,VLCC,7.629,USD
2026-05-03,TC2,Caribbean to US Atlantic Coast,VLCC,7.53,USD
2026-05-04,TC2,Caribbean to US Atlantic Coast,VLCC,7.411,USD
2026-05-05,TC2,Caribbean to US Atlantic Coast,VLCC,7.477,USD
2026-05-06,TC2,Caribbean to US Atlantic Coast,VLCC,7.558,USD
2026-05-07,TC2,Caribbean to US Atlantic Coast,VLCC,7.611,USD
2026-05-08,TC2,Caribbean to US Atlantic Coast,VLCC,7.767,USD
2026-05-09,TC2,Caribbean to US Atlantic Coast,VLCC,7.686,USD
2026-05-10,TC2,Caribbean to US Atlantic Coast,VLCC,7.859,USD
2026-05-11,TC2,Caribbean to US Atlantic Coast,VLCC,7.737,USD
2026-05-12,TC2,Caribbean to US Atlantic Coast,VLCC,7.603,USD
2026-05-13,TC2,Caribbean to US Atlantic Coast,VLCC,7.385,USD
2026-05-14,TC2,Caribbean to US Atlantic Coast,VLCC,7.319,USD
2026-05-15,TC2,Caribbean to US Atlantic Coast,VLCC,7.246,USD
2026-05-16,TC2,Caribbean to US Atlantic Coast,VLCC,7.291,USD
2026-05-17,TC2,Caribbean to US Atlantic Coast,VLCC,7.304,USD
2026-05-18,TC2,Caribbean to US Atlantic Coast,VLCC,7.153,USD
2026-05-19,TC2,Caribbean to US Atlantic Coast,VLCC,7.094,USD
2026-05-20,TC2,Caribbean to US Atlantic Coast,VLCC,7.038,USD
2026-05-21,TC2,Caribbean to US Atlantic Coast,VLCC,6.823,USD
2026-05-22,TC2,Caribbean to US Atlantic Coast,VLCC,6.7,USD
2026-05-23,TC2,Caribbean to US Atlantic Coast,VLCC,6.602,USD
2026-05-24,TC2,Caribbean to US Atlantic Coast,VLCC,6.756,USD
2026-05-25,TC2,Caribbean to US Atlantic Coast,VLCC,6.767,USD
2026-05-26,TC2,Caribbean to US Atlantic Coast,VLCC,6.831,USD
2026-05-27,TC2,Caribbean to US Atlantic Coast,VLCC,6.649,USD
2026-05-28,TC2,Caribbean to US Atlantic Coast,VLCC,6.774,USD
2026-05-29,TC2,Caribbean to US Atlantic Coast,VLCC,6.911,USD
2026-05-30,TC2,Caribbean to US Atlantic Coast,VLCC,6.671,USD
2026-05-31,TC2,Caribbean to US Atlantic Coast,VLCC,6.58,USD
2026-06-01,TC2,Caribbean to US Atlantic Coast,VLCC,6.626,USD
2026-06-02,TC2,Caribbean to US Atlantic Coast,VLCC,6.689,USD
2026-06-03,TC2,Caribbean to US Atlantic Coast,VLCC,6.6,USD
2026-06-04,TC2,Caribbean to US Atlantic Coast,VLCC,6.555,USD
2026-06-05,TC2,Caribbean to US Atlantic Coast,VLCC,6.477,USD
2026-06-06,TC2,Caribbean to US Atlantic Coast,VLCC,6.481,USD
2026-06-07,TC2,Caribbean to US Atlantic Coast,VLCC,6.608,USD
2026-06-08,TC2,Caribbean to US Atlantic Coast,VLCC,6.509,USD
2026-06-09,TC2,Caribbean to US Atlantic Coast,VLCC,6.613,USD
2026-06-10,TC2,Caribbean to US Atlantic Coast,VLCC,6.513,USD
2026-06-11,TC2,Caribbean to US Atlantic Coast,VLCC,6.407,USD
2026-06-12,TC2,Caribbean to US Atlantic Coast,VLCC,6.491,USD
2026-06-13,TC2,Caribbean to US Atlantic Coast,VLCC,6.586,USD
2026-06-14,TC2,Caribbean to US Atlantic Coast,VLCC,6.673,USD
2026-06-15,TC2,Caribbean to US Atlantic Coast,VLCC,6.511,USD
2026-06-16,TC2,Caribbean to US Atlantic Coast,VLCC,6.448,USD
2026-06-17,TC2,Caribbean to US Atlantic Coast,VLCC,6.532,USD
2026-06-18,TC2,Caribbean to US Atlantic Coast,VLCC,6.527,USD
2026-06-19,TC2,Caribbean to US Atlantic Coast,VLCC,6.394,USD
2026-06-20,TC2,Caribbean to US Atlantic Coast,VLCC,6.438,USD
2026-06-21,TC2,Caribbean to US Atlantic Coast,VLCC,6.347,USD
2026-06-22,TC2,Caribbean to US Atlantic Coast,VLCC,6.543,USD
2026-06-23,TC2,Caribbean to US Atlantic Coast,VLCC,6.708,USD
2026-06-24,TC2,Caribbean to US Atlantic Coast,VLCC,6.765,USD
2026-06-25,TC2,Caribbean to US Atlantic Coast,VLCC,6.907,USD
2026-06-26,TC2,Caribbean to US Atlantic Coast,VLCC,6.901,USD
2026-06-27,TC2,Caribbean to US Atlantic Coast,VLCC,6.974,USD
2026-06-28,TC2,Caribbean to US Atlantic Coast,VLCC,7.128,USD
2026-06-29,TC2,Caribbean to US Atlantic Coast,VLCC,7.14,USD
2026-06-30,TC2,Caribbean to US Atlantic Coast,VLCC,7.095,USD
2026-07-01,TC2,Caribbean to US Atlantic Coast,VLCC,6.885,USD
2026-07-02,TC2,Caribbean to US Atlantic Coast,VLCC,6.862,USD
2026-07-03,TC2,Caribbean to US Atlantic Coast,VLCC,6.943,USD
2026-07-04,TC2,Caribbean to US Atlantic Coast,VLCC,7.037,USD
2026-07-05,TC2,Caribbean to US Atlantic Coast,VLCC,7.08,USD
2026-07-06,TC2,Caribbean to US Atlantic Coast,VLCC,7.003,USD
2026-07-07,TC2,Caribbean to US Atlantic Coast,VLCC,6.764,USD
2026-07-08,TC2,Caribbean to US Atlantic Coast,VLCC,6.696,USD
2026-07-09,TC2,Caribbean to US Atlantic Coast,VLCC,6.65,USD
2026-07-10,TC2,Caribbean to US Atlantic Coast,VLCC,6.604,USD
2026-07-11,TC2,Caribbean to US Atlantic Coast,VLCC,6.665,USD
2026-07-12,TC2,Caribbean to US Atlantic Coast,VLCC,6.881,USD
2026-07-13,TC2,Caribbean to US Atlantic Coast,VLCC,6.882,USD
2026-07-14,TC2,Caribbean to US Atlantic Coast,VLCC,6.845,USD
2026-07-15,TC2,Caribbean to US Atlantic Coast,VLCC,6.804,USD
2026-07-16,TC2,Caribbean to US Atlantic Coast,VLCC,6.807,USD
2026-07-17,TC2,Caribbean to US Atlantic Coast,VLCC,6.702,USD
2026-07-18,TC2,Caribbean to US Atlantic Coast,VLCC,6.706,USD
2026-07-19,TC2,Caribbean to US Atlantic Coast,VLCC,6.747,USD
2026-07-20,TC2,Caribbean to US Atlantic Coast,VLCC,6.761,USD
2026-07-21,TC2,Caribbean to US Atlantic Coast,VLCC,6.803,USD
2026-07-22,TC2,Caribbean to US Atlantic Coast,VLCC,6.842,USD
2026-07-23,TC2,Caribbean to US Atlantic Coast,VLCC,6.63,USD
2026-07-24,TC2,Caribbean to US Atlantic Coast,VLCC,6.694,USD
2026-07-25,TC2,Caribbean to US Atlantic Coast,VLCC,6.609,USD
2026-07-26,TC2,Caribbean to US Atlantic Coast,VLCC,6.477,USD
2026-07-27,TC2,Caribbean to US Atlantic Coast,VLCC,6.345,USD
2026-07-28,TC2,Caribbean to US Atlantic Coast,VLCC,6.39,USD
2026-07-29,TC2,Caribbean to US Atlantic Coast,VLCC,6.359,USD
2026-07-30,TC2,Caribbean to US Atlantic Coast,VLCC,6.164,USD
2026-07-31,TC2,Caribbean to US Atlantic Coast,VLCC,6.216,USD
2026-08-01,TC2,Caribbean to US Atlantic Coast,VLCC,6.049,USD
2026-08-02,TC2,Caribbean to US Atlantic Coast,VLCC,6.064,USD
2026-08-03,TC2,Caribbean to US Atlantic Coast,VLCC,6.091,USD
2026-08-04,TC2,Caribbean to US Atlantic Coast,VLCC,6.191,USD
2026-08-05,TC2,Caribbean to US Atlantic Coast,VLCC,6.392,USD
2026-08-06,TC2,Caribbean to US Atlantic Coast,VLCC,6.233,USD
2026-08-07,TC2,Caribbean to US Atlantic Coast,VLCC,6.226,USD
2026-08-08,TC2,Caribbean to US Atlantic Coast,VLCC,6.193,USD
2026-08-09,TC2,Caribbean to US Atlantic Coast,VLCC,6.242,USD
2026-08-10,TC2,Caribbean to US Atlantic Coast,VLCC,6.266,USD
2026-08-11,TC2,Caribbean to US Atlantic Coast,VLCC,6.224,USD
2026-08-12,TC2,Caribbean to US Atlantic Coast,VLCC,6.174,USD
2026-08-13,TC2,Caribbean to US Atlantic Coast,VLCC,6.047,USD
2026-08-14,TC2,Caribbean to US Atlantic Coast,VLCC,6.162,USD
2026-08-15,TC2,Caribbean to US Atlantic Coast,VLCC,6.215,USD
2026-08-16,TC2,Caribbean to US Atlantic Coast,VLCC,6.32,USD
2026-08-17,TC2,Caribbean to US Atlantic Coast,VLCC,6.285,USD
2026-08-18,TC2,Caribbean to US Atlantic Coast,VLCC,6.211,USD
2026-08-19,TC2,Caribbean to US Atlantic Coast,VLCC,6.09,USD
2026-08-20,TC2,Caribbean to US Atlantic Coast,VLCC,6.133,USD
2026-08-21,TC2,Caribbean to US Atlantic Coast,VLCC,6.018,USD
2026-08-22,TC2,Caribbean to US Atlantic Coast,VLCC,6.233,USD
2026-08-23,TC2,Caribbean to US Atlantic Coast,VLCC,6.086,USD
2026-08-24,TC2,Caribbean to US Atlantic Coast,VLCC,6.122,USD
2026-08-25,TC2,Caribbean to US Atlantic Coast,VLCC,6.304,USD
2026-08-26,TC2,Caribbean to US Atlantic Coast,VLCC,6.375,USD
2026-08-27,TC2,Caribbean to US Atlantic Coast,VLCC,6.397,USD
2026-08-28,TC2,Caribbean to US Atlantic Coast,VLCC,6.288,USD
2026-08-29,TC2,Caribbean to US Atlantic Coast,VLCC,6.135,USD
2026-08-30,TC2,Caribbean to US Atlantic Coast,VLCC,6.228,USD
2026-08-31,TC2,Caribbean to US Atlantic Coast,VLCC,6.404,USD
2026-09-01,TC2,Caribbean to US Atlantic Coast,VLCC,6.357,USD
2026-09-02,TC2,Caribbean to US Atlantic Coast,VLCC,6.231,USD
2026-09-03,TC2,Caribbean to US Atlantic Coast,VLCC,5.957,USD
2026-09-04,TC2,Caribbean to US Atlantic Coast,VLCC,5.854,USD
2026-09-05,TC2,Caribbean to US Atlantic Coast,VLCC,5.851,USD
2026-09-06,TC2,Caribbean to US Atlantic Coast,VLCC,6.043,USD
2026-09-07,TC2,Caribbean to US Atlantic Coast,VLCC,6.128,USD
2026-09-08,TC2,Caribbean to US Atlantic Coast,VLCC,6.17,USD
2026-09-09,TC2,Caribbean to US Atlantic Coast,VLCC,6.133,USD
2026-09-10,TC2,Caribbean to US Atlantic Coast,VLCC,6.075,USD
2026-09-11,TC2,Caribbean to US Atlantic Coast,VLCC,6.244,USD
2026-09-12,TC2,Caribbean to US Atlantic Coast,VLCC,6.275,USD
2026-09-13,TC2,Caribbean to US Atlantic Coast,VLCC,6.044,USD
2026-09-14,TC2,Caribbean to US Atlantic Coast,VLCC,5.978,USD
2026-09-15,TC2,Caribbean to US Atlantic Coast,VLCC,5.891,USD
2026-09-16,TC2,Caribbean to US Atlantic Coast,VLCC,5.842,USD
2026-09-17,TC2,Caribbean to US Atlantic Coast,VLCC,5.919,USD
2026-09-18,TC2,Caribbean to US Atlantic Coast,VLCC,5.92,USD
2026-09-19,TC2,Caribbean to US Atlantic Coast,VLCC,5.925,USD
2026-09-20,TC2,Caribbean to US Atlantic Coast,VLCC,6.088,USD
2026-09-21,TC2,Caribbean to US Atlantic Coast,VLCC,6.02,USD
2026-09-22,TC2,Caribbean to US Atlantic Coast,VLCC,6.246,USD
2026-09-23,TC2,Caribbean to US Atlantic Coast,VLCC,6.181,USD
2026-09-24,TC2,Caribbean to US Atlantic Coast,VLCC,6.203,USD
2026-09-25,TC2,Caribbean to US Atlantic Coast,VLCC,6.183,USD
2026-09-26,TC2,Caribbean to US Atlantic Coast,VLCC,6.21,USD
2026-09-27,TC2,Caribbean to US Atlantic Coast,VLCC,6.273,USD
2026-09-28,TC2,Caribbean to US Atlantic Coast,VLCC,6.335,USD
2026-09-29,TC2,Caribbean to US Atlantic Coast,VLCC,6.261,USD
2026-09-30,TC2,Caribbean to US Atlantic Coast,VLCC,6.146,USD
2026-10-01,TC2,Caribbean to US Atlantic Coast,VLCC,6.446,USD
2026-10-02,TC2,Caribbean to US Atlantic Coast,VLCC,6.402,USD
2026-10-03,TC2,Caribbean to US Atlantic Coast,VLCC,6.495,USD
2026-10-04,TC2,Caribbean to US Atlantic Coast,VLCC,6.324,USD
2026-10-05,TC2,Caribbean to US Atlantic Coast,VLCC,6.306,USD
2026-10-06,TC2,Caribbean to US Atlantic Coast,VLCC,6.305,USD
2026-10-07,TC2,Caribbean to US Atlantic Coast,VLCC,6.374,USD
2026-10-08,TC2,Caribbean to US Atlantic Coast,VLCC,6.078,USD
2026-10-09,TC2,Caribbean to US Atlantic Coast,VLCC,6.115,USD
2026-10-10,TC2,Caribbean to US Atlantic Coast,VLCC,6.001,USD
2026-10-11,TC2,Caribbean to US Atlantic Coast,VLCC,6.057,USD
2026-10-12,TC2,Caribbean to US Atlantic Coast,VLCC,5.958,USD
2026-10-13,TC2,Caribbean to US Atlantic Coast,VLCC,5.88,USD
2026-10-14,TC2,Caribbean to US Atlantic Coast,VLCC,5.87,USD
2026-10-15,TC2,Caribbean to US Atlantic Coast,VLCC,5.771,USD
2026-10-16,TC2,Caribbean to US Atlantic Coast,VLCC,5.739,USD
2026-10-17,TC2,Caribbean to US Atlantic Coast,VLCC,5.627,USD
2026-10-18,TC2,Caribbean to US Atlantic Coast,VLCC,5.442,USD
2026-10-19,TC2,Caribbean to US Atlantic Coast,VLCC,5.585,USD
2026-10-20,TC2,Caribbean to US Atlantic Coast,VLCC,5.463,USD
2026-10-21,TC2,Caribbean to US Atlantic Coast,VLCC,5.469,USD
2026-10-22,TC2,Caribbean to US Atlantic Coast,VLCC,5.582,USD
2026-10-23,TC2,Caribbean to US Atlantic Coast,VLCC,5.538,USD
2026-10-24,TC2,Caribbean to US Atlantic Coast,VLCC,5.471,USD
2026-10-25,TC2,Caribbean to US Atlantic Coast,VLCC,5.524,USD
2026-10-26,TC2,Caribbean to US Atlantic Coast,VLCC,5.679,USD
2026-10-27,TC2,Caribbean to US Atlantic Coast,VLCC,5.572,USD
2026-10-28,TC2,Caribbean to US Atlantic Coast,VLCC,5.582,USD
2026-10-29,TC2,Caribbean to US Atlantic Coast,VLCC,5.412,USD
2026-10-30,TC2,Caribbean to US Atlantic Coast,VLCC,5.397,USD
2026-10-31,TC2,Caribbean to US Atlantic Coast,VLCC,5.431,USD
2026-11-01,TC2,Caribbean to US Atlantic Coast,VLCC,5.363,USD
2026-11-02,TC2,Caribbean to US Atlantic Coast,VLCC,5.342,USD
2026-11-03,TC2,Caribbean to US Atlantic Coast,VLCC,5.213,USD
2026-11-04,TC2,Caribbean to US Atlantic Coast,VLCC,5.254,USD
2026-11-05,TC2,Caribbean to US Atlantic Coast,VLCC,5.406,USD
2026-11-06,TC2,Caribbean to US Atlantic Coast,VLCC,5.312,USD
2026-11-07,TC2,Caribbean to US Atlantic Coast,VLCC,5.274,USD
2026-11-08,TC2,Caribbean to US Atlantic Coast,VLCC,5.364,USD
2026-11-09,TC2,Caribbean to US Atlantic Coast,VLCC,5.533,USD
2026-11-10,TC2,Caribbean to US Atlantic Coast,VLCC,5.394,USD
2026-11-11,TC2,Caribbean to US Atlantic Coast,VLCC,5.407,USD
2026-11-12,TC2,Caribbean to US Atlantic Coast,VLCC,5.471,USD
2026-11-13,TC2,Caribbean to US Atlantic Coast,VLCC,5.491,USD
2026-11-14,TC2,Caribbean to US Atlantic Coast,VLCC,5.241,USD
2026-11-15,TC2,Caribbean to US Atlantic Coast,VLCC,5.332,USD
2026-11-16,TC2,Caribbean to US Atlantic Coast,VLCC,5.539,USD
2026-11-17,TC2,Caribbean to US Atlantic Coast,VLCC,5.583,USD
2026-11-18,TC2,Caribbean to US Atlantic Coast,VLCC,5.497,USD
2026-11-19,TC2,Caribbean to US Atlantic Coast,VLCC,5.471,USD
2026-11-20,TC2,Caribbean to US Atlantic Coast,VLCC,5.705,USD
2026-11-21,TC2,Caribbean to US Atlantic Coast,VLCC,5.839,USD
2026-11-22,TC2,Caribbean to US Atlantic Coast,VLCC,5.941,USD
2026-11-23,TC2,Caribbean to US Atlantic Coast,VLCC,6.01,USD
2026-11-24,TC2,Caribbean to US Atlantic Coast,VLCC,5.963,USD
2026-11-25,TC2,Caribbean to US Atlantic Coast,VLCC,5.969,USD
2026-11-26,TC2,Caribbean to US Atlantic Coast,VLCC,5.988,USD
2026-11-27,TC2,Caribbean to US Atlantic Coast,VLCC,6.079,USD
2026-11-28,TC2,Caribbean to US Atlantic Coast,VLCC,6.278,USD
2026-11-29,TC2,Caribbean to US Atlantic Coast,VLCC,6.431,USD
2026-11-30,TC2,Caribbean to US Atlantic Coast,VLCC,6.294,USD
2026-12-01,TC2,Caribbean to US Atlantic Coast,VLCC,6.345,USD
2026-12-02,TC2,Caribbean to US Atlantic Coast,VLCC,6.454,USD
2026-12-03,TC2,Caribbean to US Atlantic Coast,VLCC,6.549,USD
2026-12-04,TC2,Caribbean to US Atlantic Coast,VLCC,6.501,USD
2026-12-05,TC2,Caribbean to US Atlantic Coast,VLCC,6.857,USD
2026-12-06,TC2,Caribbean to US Atlantic Coast,VLCC,6.732,USD
2026-12-07,TC2,Caribbean to US Atlantic Coast,VLCC,6.63,USD
2026-12-08,TC2,Caribbean to US Atlantic Coast,VLCC,6.68,USD
2026-12-09,TC2,Caribbean to US Atlantic Coast,VLCC,6.943,USD
2026-12-10,TC2,Caribbean to US Atlantic Coast,VLCC,6.868,USD
2026-12-11,TC2,Caribbean to US Atlantic Coast,VLCC,6.858,USD
2026-12-12,TC2,Caribbean to US Atlantic Coast,VLCC,7.001,USD
2026-12-13,TC2,Caribbean to US Atlantic Coast,VLCC,7.019,USD
2026-12-14,TC2,Caribbean to US Atlantic Coast,VLCC,7.0,USD
2026-12-15,TC2,Caribbean to US Atlantic Coast,VLCC,7.084,USD
2026-12-16,TC2,Caribbean to US Atlantic Coast,VLCC,7.133,USD
2026-12-17,TC2,Caribbean to US Atlantic Coast,VLCC,7.269,USD
2026-12-18,TC2,Caribbean to US Atlantic Coast,VLCC,7.432,USD
2026-12-19,TC2,Caribbean to US Atlantic Coast,VLCC,7.482,USD
2026-12-20,TC2,Caribbean to US Atlantic Coast,VLCC,7.53,USD
2026-12-21,TC2,Caribbean to US Atlantic Coast,VLCC,7.569,USD
2026-12-22,TC2,Caribbean to US Atlantic Coast,VLCC,7.638,USD
2026-12-23,TC2,Caribbean to US Atlantic Coast,VLCC,7.657,USD
2026-12-24,TC2,Caribbean to US Atlantic Coast,VLCC,7.67,USD
2026-12-25,TC2,Caribbean to US Atlantic Coast,VLCC,7.819,USD
2026-12-26,TC2,Caribbean to US Atlantic Coast,VLCC,8.002,USD
2026-12-27,TC2,Caribbean to US Atlantic Coast,VLCC,7.84,USD
2026-12-28,TC2,Caribbean to US Atlantic Coast,VLCC,7.852,USD
2026-12-29,TC2,Caribbean to US Atlantic Coast,VLCC,7.784,USD
2026-12-30,TC2,Caribbean to US Atlantic Coast,VLCC,7.76,USD
2026-12-31,TC2,Caribbean to US Atlantic Coast,VLCC,7.817,USD
2020-01-04,TC5,North Sea to Continent,VLCC,6.916,USD
2020-01-05,TC5,North Sea to Continent,VLCC,6.822,USD
2020-01-06,TC5,North Sea to Continent,VLCC,6.836,USD
2020-01-07,TC5,North Sea to Continent,VLCC,6.739,USD
2020-01-08,TC5,North Sea to Continent,VLCC,6.757,USD
2020-01-09,TC5,North Sea to Continent,VLCC,6.72,USD
2020-01-10,TC5,North Sea to Continent,VLCC,6.985,USD
2020-01-11,TC5,North Sea to Continent,VLCC,6.99,USD
2020-01-12,TC5,North Sea to Continent,VLCC,6.856,USD
2020-01-13,TC5,North Sea to Continent,VLCC,6.852,USD
2020-01-14,TC5,North Sea to Continent,VLCC,6.913,USD
2020-01-15,TC5,North Sea to Continent,VLCC,7.09,USD
2020-01-16,TC5,North Sea to Continent,VLCC,7.037,USD
2020-01-17,TC5,North Sea to Continent,VLCC,6.885,USD
2020-01-18,TC5,North Sea to Continent,VLCC,6.975,USD
2020-01-19,TC5,North Sea to Continent,VLCC,6.844,USD
2020-01-20,TC5,North Sea to Continent,VLCC,6.809,USD
2020-01-21,TC5,North Sea to Continent,VLCC,6.791,USD
2020-01-22,TC5,North Sea to Continent,VLCC,6.793,USD
2020-01-23,TC5,North Sea to Continent,VLCC,6.871,USD
2020-01-24,TC5,North Sea to Continent,VLCC,6.81,USD
2020-01-25,TC5,North Sea to Continent,VLCC,6.791,USD
2020-01-26,TC5,North Sea to Continent,VLCC,6.797,USD
2020-01-27,TC5,North Sea to Continent,VLCC,6.82,USD
2020-01-28,TC5,North Sea to Continent,VLCC,6.837,USD
2020-01-29,TC5,North Sea to Continent,VLCC,6.888,USD
2020-01-30,TC5,North Sea to Continent,VLCC,6.98,USD
2020-01-31,TC5,North Sea to Continent,VLCC,7.025,USD
2020-02-01,TC5,North Sea to Continent,VLCC,7.075,USD
2020-02-02,TC5,North Sea to Continent,VLCC,6.92,USD
2020-02-03,TC5,North Sea to Continent,VLCC,6.931,USD
2020-02-04,TC5,North Sea to Continent,VLCC,6.984,USD
2020-02-05,TC5,North Sea to Continent,VLCC,7.062,USD
2020-02-06,TC5,North Sea to Continent,VLCC,6.996,USD
2020-02-07,TC5,North Sea to Continent,VLCC,6.934,USD
2020-02-08,TC5,North Sea to Continent,VLCC,6.88,USD
2020-02-09,TC5,North Sea to Continent,VLCC,6.939,USD
2020-02-10,TC5,North Sea to Continent,VLCC,7.047,USD
2020-02-11,TC5,North Sea to Continent,VLCC,7.008,USD
2020-02-12,TC5,North Sea to Continent,VLCC,7.102,USD
2020-02-13,TC5,North Sea to Continent,VLCC,7.117,USD
2020-02-14,TC5,North Sea to Continent,VLCC,7.105,USD
2020-02-15,TC5,North Sea to Continent,VLCC,7.086,USD
2020-02-16,TC5,North Sea to Continent,VLCC,7.162,USD
2020-02-17,TC5,North Sea to Continent,VLCC,7.195,USD
2020-02-18,TC5,North Sea to Continent,VLCC,7.423,USD
2020-02-19,TC5,North Sea to Continent,VLCC,7.334,USD
2020-02-20,TC5,North Sea to Continent,VLCC,7.384,USD
2020-02-21,TC5,North Sea to Continent,VLCC,7.328,USD
2020-02-22,TC5,North Sea to Continent,VLCC,7.239,USD
2020-02-23,TC5,North Sea to Continent,VLCC,7.236,USD
2020-02-24,TC5,North Sea to Continent,VLCC,7.247,USD
2020-02-25,TC5,North Sea to Continent,VLCC,7.538,USD
2020-02-26,TC5,North Sea to Continent,VLCC,7.514,USD
2020-02-27,TC5,North Sea to Continent,VLCC,7.395,USD
2020-02-28,TC5,North Sea to Continent,VLCC,7.417,USD
2020-02-29,TC5,North Sea to Continent,VLCC,7.204,USD
2020-03-01,TC5,North Sea to Continent,VLCC,7.192,USD
2020-03-02,TC5,North Sea to Continent,VLCC,7.19,USD
2020-03-03,TC5,North Sea to Continent,VLCC,7.266,USD
2020-03-04,TC5,North Sea to Continent,VLCC,7.359,USD
2020-03-05,TC5,North Sea to Continent,VLCC,7.303,USD
2020-03-06,TC5,North Sea to Continent,VLCC,7.282,USD
2020-03-07,TC5,North Sea to Continent,VLCC,7.2,USD
2020-03-08,TC5,North Sea to Continent,VLCC,7.082,USD
2020-03-09,TC5,North Sea to Continent,VLCC,7.109,USD
2020-03-10,TC5,North Sea to Continent,VLCC,6.977,USD
2020-03-11,TC5,North Sea to Continent,VLCC,6.931,USD
2020-03-12,TC5,North Sea to Continent,VLCC,6.828,USD
2020-03-13,TC5,North Sea to Continent,VLCC,6.881,USD
2020-03-14,TC5,North Sea to Continent,VLCC,7.059,USD
2020-03-15,TC5,North Sea to Continent,VLCC,6.923,USD
2020-03-16,TC5,North Sea to Continent,VLCC,6.732,USD
2020-03-17,TC5,North Sea to Continent,VLCC,6.717,USD
2020-03-18,TC5,North Sea to Continent,VLCC,6.716,USD
2020-03-19,TC5,North Sea to Continent,VLCC,6.735,USD
2020-03-20,TC5,North Sea to Continent,VLCC,6.687,USD
2020-03-21,TC5,North Sea to Continent,VLCC,6.664,USD
2020-03-22,TC5,North Sea to Continent,VLCC,6.697,USD
2020-03-23,TC5,North Sea to Continent,VLCC,6.798,USD
2020-03-24,TC5,North Sea to Continent,VLCC,6.597,USD
2020-03-25,TC5,North Sea to Continent,VLCC,6.556,USD
2020-03-26,TC5,North Sea to Continent,VLCC,6.575,USD
2020-03-27,TC5,North Sea to Continent,VLCC,6.479,USD
2020-03-28,TC5,North Sea to Continent,VLCC,6.65,USD
2020-03-29,TC5,North Sea to Continent,VLCC,6.581,USD
2020-03-30,TC5,North Sea to Continent,VLCC,6.572,USD
2020-03-31,TC5,North Sea to Continent,VLCC,6.624,USD
2020-04-01,TC5,North Sea to Continent,VLCC,6.559,USD
2020-04-02,TC5,North Sea to Continent,VLCC,6.368,USD
2020-04-03,TC5,North Sea to Continent,VLCC,6.322,USD
2020-04-04,TC5,North Sea to Continent,VLCC,6.422,USD
2020-04-05,TC5,North Sea to Continent,VLCC,6.384,USD
2020-04-06,TC5,North Sea to Continent,VLCC,6.295,USD
2020-04-07,TC5,North Sea to Continent,VLCC,6.384,USD
2020-04-08,TC5,North Sea to Continent,VLCC,6.346,USD
2020-04-09,TC5,North Sea to Continent,VLCC,6.29,USD
2020-04-10,TC5,North Sea to Continent,VLCC,6.301,USD
2020-04-11,TC5,North Sea to Continent,VLCC,6.374,USD
2020-04-12,TC5,North Sea to Continent,VLCC,6.607,USD
2020-04-13,TC5,North Sea to Continent,VLCC,6.682,USD
2020-04-14,TC5,North Sea to Continent,VLCC,6.789,USD
2020-04-15,TC5,North Sea to Continent,VLCC,6.728,USD
2020-04-16,TC5,North Sea to Continent,VLCC,6.615,USD
2020-04-17,TC5,North Sea to Continent,VLCC,6.612,USD
2020-04-18,TC5,North Sea to Continent,VLCC,6.613,USD
2020-04-19,TC5,North Sea to Continent,VLCC,6.495,USD
2020-04-20,TC5,North Sea to Continent,VLCC,6.469,USD
2020-04-21,TC5,North Sea to Continent,VLCC,6.5,USD
2020-04-22,TC5,North Sea to Continent,VLCC,6.527,USD
2020-04-23,TC5,North Sea to Continent,VLCC,6.568,USD
2020-04-24,TC5,North Sea to Continent,VLCC,6.587,USD
2020-04-25,TC5,North Sea to Continent,VLCC,6.525,USD
2020-04-26,TC5,North Sea to Continent,VLCC,6.463,USD
2020-04-27,TC5,North Sea to Continent,VLCC,6.333,USD
2020-04-28,TC5,North Sea to Continent,VLCC,6.503,USD
2020-04-29,TC5,North Sea to Continent,VLCC,6.494,USD
2020-04-30,TC5,North Sea to Continent,VLCC,6.461,USD
2020-05-01,TC5,North Sea to Continent,VLCC,6.357,USD
2020-05-02,TC5,North Sea to Continent,VLCC,6.641,USD
2020-05-03,TC5,North Sea to Continent,VLCC,6.521,USD
2020-05-04,TC5,North Sea to Continent,VLCC,6.466,USD
2020-05-05,TC5,North Sea to Continent,VLCC,6.496,USD
2020-05-06,TC5,North Sea to Continent,VLCC,6.544,USD
2020-05-07,TC5,North Sea to Continent,VLCC,6.628,USD
2020-05-08,TC5,North Sea to Continent,VLCC,6.795,USD
2020-05-09,TC5,North Sea to Continent,VLCC,6.831,USD
2020-05-10,TC5,North Sea to Continent,VLCC,6.709,USD
2020-05-11,TC5,North Sea to Continent,VLCC,6.668,USD
2020-05-12,TC5,North Sea to Continent,VLCC,6.684,USD
2020-05-13,TC5,North Sea to Continent,VLCC,6.876,USD
2020-05-14,TC5,North Sea to Continent,VLCC,6.719,USD
2020-05-15,TC5,North Sea to Continent,VLCC,6.824,USD
2020-05-16,TC5,North Sea to Continent,VLCC,6.825,USD
2020-05-17,TC5,North Sea to Continent,VLCC,6.892,USD
2020-05-18,TC5,North Sea to Continent,VLCC,6.864,USD
2020-05-19,TC5,North Sea to Continent,VLCC,6.761,USD
2020-05-20,TC5,North Sea to Continent,VLCC,6.82,USD
2020-05-21,TC5,North Sea to Continent,VLCC,6.868,USD
2020-05-22,TC5,North Sea to Continent,VLCC,6.947,USD
2020-05-23,TC5,North Sea to Continent,VLCC,6.927,USD
2020-05-24,TC5,North Sea to Continent,VLCC,6.847,USD
2020-05-25,TC5,North Sea to Continent,VLCC,6.672,USD
2020-05-26,TC5,North Sea to Continent,VLCC,6.738,USD
2020-05-27,TC5,North Sea to Continent,VLCC,6.763,USD
2020-05-28,TC5,North Sea to Continent,VLCC,6.648,USD
2020-05-29,TC5,North Sea to Continent,VLCC,6.577,USD
2020-05-30,TC5,North Sea to Continent,VLCC,6.514,USD
2020-05-31,TC5,North Sea to Continent,VLCC,6.35,USD
2020-06-01,TC5,North Sea to Continent,VLCC,6.253,USD
2020-06-02,TC5,North Sea to Continent,VLCC,6.126,USD
2020-06-03,TC5,North Sea to Continent,VLCC,6.073,USD
2020-06-04,TC5,North Sea to Continent,VLCC,5.987,USD
2020-06-05,TC5,North Sea to Continent,VLCC,5.813,USD
2020-06-06,TC5,North Sea to Continent,VLCC,6.007,USD
2020-06-07,TC5,North Sea to Continent,VLCC,6.122,USD
2020-06-08,TC5,North Sea to Continent,VLCC,6.031,USD
2020-06-09,TC5,North Sea to Continent,VLCC,6.047,USD
2020-06-10,TC5,North Sea to Continent,VLCC,6.077,USD
2020-06-11,TC5,North Sea to Continent,VLCC,6.185,USD
2020-06-12,TC5,North Sea to Continent,VLCC,6.09,USD
2020-06-13,TC5,North Sea to Continent,VLCC,6.187,USD
2020-06-14,TC5,North Sea to Continent,VLCC,6.119,USD
2020-06-15,TC5,North Sea to Continent,VLCC,5.972,USD
2020-06-16,TC5,North Sea to Continent,VLCC,6.034,USD
2020-06-17,TC5,North Sea to Continent,VLCC,6.152,USD
2020-06-18,TC5,North Sea to Continent,VLCC,6.398,USD
2020-06-19,TC5,North Sea to Continent,VLCC,6.263,USD
2020-06-20,TC5,North Sea to Continent,VLCC,6.319,USD
2020-06-21,TC5,North Sea to Continent,VLCC,6.263,USD
2020-06-22,TC5,North Sea to Continent,VLCC,6.328,USD
2020-06-23,TC5,North Sea to Continent,VLCC,6.165,USD
2020-06-24,TC5,North Sea to Continent,VLCC,6.025,USD
2020-06-25,TC5,North Sea to Continent,VLCC,5.936,USD
2020-06-26,TC5,North Sea to Continent,VLCC,5.933,USD
2020-06-27,TC5,North Sea to Continent,VLCC,5.858,USD
2020-06-28,TC5,North Sea to Continent,VLCC,5.914,USD
2020-06-29,TC5,North Sea to Continent,VLCC,6.007,USD
2020-06-30,TC5,North Sea to Continent,VLCC,6.056,USD
2020-07-01,TC5,North Sea to Continent,VLCC,6.207,USD
2020-07-02,TC5,North Sea to Continent,VLCC,6.235,USD
2020-07-03,TC5,North Sea to Continent,VLCC,6.1,USD
2020-07-04,TC5,North Sea to Continent,VLCC,6.225,USD
2020-07-05,TC5,North Sea to Continent,VLCC,6.151,USD
2020-07-06,TC5,North Sea to Continent,VLCC,6.23,USD
2020-07-07,TC5,North Sea to Continent,VLCC,6.375,USD
2020-07-08,TC5,North Sea to Continent,VLCC,6.406,USD
2020-07-09,TC5,North Sea to Continent,VLCC,6.241,USD
2020-07-10,TC5,North Sea to Continent,VLCC,6.136,USD
2020-07-11,TC5,North Sea to Continent,VLCC,6.257,USD
2020-07-12,TC5,North Sea to Continent,VLCC,6.227,USD
2020-07-13,TC5,North Sea to Continent,VLCC,6.223,USD
2020-07-14,TC5,North Sea to Continent,VLCC,6.287,USD
2020-07-15,TC5,North Sea to Continent,VLCC,6.344,USD
2020-07-16,TC5,North Sea to Continent,VLCC,6.358,USD
2020-07-17,TC5,North Sea to Continent,VLCC,6.324,USD
2020-07-18,TC5,North Sea to Continent,VLCC,6.279,USD
2020-07-19,TC5,North Sea to Continent,VLCC,6.353,USD
2020-07-20,TC5,North Sea to Continent,VLCC,6.396,USD
2020-07-21,TC5,North Sea to Continent,VLCC,6.357,USD
2020-07-22,TC5,North Sea to Continent,VLCC,6.453,USD
2020-07-23,TC5,North Sea to Continent,VLCC,6.426,USD
2020-07-24,TC5,North Sea to Continent,VLCC,6.327,USD
2020-07-25,TC5,North Sea to Continent,VLCC,6.239,USD
2020-07-26,TC5,North Sea to Continent,VLCC,6.13,USD
2020-07-27,TC5,North Sea to Continent,VLCC,6.093,USD
2020-07-28,TC5,North Sea to Continent,VLCC,6.207,USD
2020-07-29,TC5,North Sea to Continent,VLCC,6.116,USD
2020-07-30,TC5,North Sea to Continent,VLCC,6.126,USD
2020-07-31,TC5,North Sea to Continent,VLCC,6.051,USD
2020-08-01,TC5,North Sea to Continent,VLCC,6.017,USD
2020-08-02,TC5,North Sea to Continent,VLCC,5.858,USD
2020-08-03,TC5,North Sea to Continent,VLCC,5.83,USD
2020-08-04,TC5,North Sea to Continent,VLCC,5.805,USD
2020-08-05,TC5,North Sea to Continent,VLCC,5.854,USD
2020-08-06,TC5,North Sea to Continent,VLCC,5.871,USD
2020-08-07,TC5,North Sea to Continent,VLCC,5.746,USD
2020-08-08,TC5,North Sea to Continent,VLCC,5.851,USD
2020-08-09,TC5,North Sea to Continent,VLCC,5.867,USD
2020-08-10,TC5,North Sea to Continent,VLCC,5.882,USD
2020-08-11,TC5,North Sea to Continent,VLCC,5.877,USD
2020-08-12,TC5,North Sea to Continent,VLCC,5.821,USD
2020-08-13,TC5,North Sea to Continent,VLCC,5.839,USD
2020-08-14,TC5,North Sea to Continent,VLCC,5.883,USD
2020-08-15,TC5,North Sea to Continent,VLCC,5.704,USD
2020-08-16,TC5,North Sea to Continent,VLCC,5.648,USD
2020-08-17,TC5,North Sea to Continent,VLCC,5.622,USD
2020-08-18,TC5,North Sea to Continent,VLCC,5.647,USD
2020-08-19,TC5,North Sea to Continent,VLCC,5.766,USD
2020-08-20,TC5,North Sea to Continent,VLCC,5.687,USD
2020-08-21,TC5,North Sea to Continent,VLCC,5.637,USD
2020-08-22,TC5,North Sea to Continent,VLCC,5.586,USD
2020-08-23,TC5,North Sea to Continent,VLCC,5.506,USD
2020-08-24,TC5,North Sea to Continent,VLCC,5.473,USD
2020-08-25,TC5,North Sea to Continent,VLCC,5.553,USD
2020-08-26,TC5,North Sea to Continent,VLCC,5.45,USD
2020-08-27,TC5,North Sea to Continent,VLCC,5.496,USD
2020-08-28,TC5,North Sea to Continent,VLCC,5.328,USD
2020-08-29,TC5,North Sea to Continent,VLCC,5.277,USD
2020-08-30,TC5,North Sea to Continent,VLCC,5.249,USD
2020-08-31,TC5,North Sea to Continent,VLCC,5.424,USD
2020-09-01,TC5,North Sea to Continent,VLCC,5.401,USD
2020-09-02,TC5,North Sea to Continent,VLCC,5.185,USD
2020-09-03,TC5,North Sea to Continent,VLCC,4.992,USD
2020-09-04,TC5,North Sea to Continent,VLCC,5.006,USD
2020-09-05,TC5,North Sea to Continent,VLCC,5.077,USD
2020-09-06,TC5,North Sea to Continent,VLCC,5.124,USD
2020-09-07,TC5,North Sea to Continent,VLCC,5.151,USD
2020-09-08,TC5,North Sea to Continent,VLCC,5.277,USD
2020-09-09,TC5,North Sea to Continent,VLCC,5.231,USD
2020-09-10,TC5,North Sea to Continent,VLCC,5.33,USD
2020-09-11,TC5,North Sea to Continent,VLCC,5.174,USD
2020-09-12,TC5,North Sea to Continent,VLCC,5.093,USD
2020-09-13,TC5,North Sea to Continent,VLCC,4.923,USD
2020-09-14,TC5,North Sea to Continent,VLCC,4.909,USD
2020-09-15,TC5,North Sea to Continent,VLCC,4.917,USD
2020-09-16,TC5,North Sea to Continent,VLCC,4.943,USD
2020-09-17,TC5,North Sea to Continent,VLCC,4.963,USD
2020-09-18,TC5,North Sea to Continent,VLCC,4.883,USD
2020-09-19,TC5,North Sea to Continent,VLCC,4.879,USD
2020-09-20,TC5,North Sea to Continent,VLCC,4.744,USD
2020-09-21,TC5,North Sea to Continent,VLCC,4.897,USD
2020-09-22,TC5,North Sea to Continent,VLCC,4.882,USD
2020-09-23,TC5,North Sea to Continent,VLCC,4.849,USD
2020-09-24,TC5,North Sea to Continent,VLCC,5.025,USD
2020-09-25,TC5,North Sea to Continent,VLCC,4.915,USD
2020-09-26,TC5,North Sea to Continent,VLCC,4.819,USD
2020-09-27,TC5,North Sea to Continent,VLCC,4.726,USD
2020-09-28,TC5,North Sea to Continent,VLCC,4.738,USD
2020-09-29,TC5,North Sea to Continent,VLCC,4.8,USD
2020-09-30,TC5,North Sea to Continent,VLCC,4.893,USD
2020-10-01,TC5,North Sea to Continent,VLCC,5.169,USD
2020-10-02,TC5,North Sea to Continent,VLCC,4.959,USD
2020-10-03,TC5,North Sea to Continent,VLCC,5.038,USD
2020-10-04,TC5,North Sea to Continent,VLCC,4.999,USD
2020-10-05,TC5,North Sea to Continent,VLCC,4.958,USD
2020-10-06,TC5,North Sea to Continent,VLCC,4.914,USD
2020-10-07,TC5,North Sea to Continent,VLCC,4.842,USD
2020-10-08,TC5,North Sea to Continent,VLCC,5.031,USD
2020-10-09,TC5,North Sea to Continent,VLCC,5.134,USD
2020-10-10,TC5,North Sea to Continent,VLCC,5.154,USD
2020-10-11,TC5,North Sea to Continent,VLCC,5.308,USD
2020-10-12,TC5,North Sea to Continent,VLCC,5.172,USD
2020-10-13,TC5,North Sea to Continent,VLCC,5.057,USD
2020-10-14,TC5,North Sea to Continent,VLCC,4.857,USD
2020-10-15,TC5,North Sea to Continent,VLCC,4.809,USD
2020-10-16,TC5,North Sea to Continent,VLCC,4.847,USD
2020-10-17,TC5,North Sea to Continent,VLCC,4.88,USD
2020-10-18,TC5,North Sea to Continent,VLCC,4.917,USD
2020-10-19,TC5,North Sea to Continent,VLCC,4.798,USD
2020-10-20,TC5,North Sea to Continent,VLCC,4.902,USD
2020-10-21,TC5,North Sea to Continent,VLCC,4.948,USD
2020-10-22,TC5,North Sea to Continent,VLCC,5.044,USD
2020-10-23,TC5,North Sea to Continent,VLCC,4.876,USD
2020-10-24,TC5,North Sea to Continent,VLCC,4.931,USD
2020-10-25,TC5,North Sea to Continent,VLCC,4.835,USD
2020-10-26,TC5,North Sea to Continent,VLCC,4.819,USD
2020-10-27,TC5,North Sea to Continent,VLCC,4.897,USD
2020-10-28,TC5,North Sea to Continent,VLCC,4.931,USD
2020-10-29,TC5,North Sea to Continent,VLCC,4.869,USD
2020-10-30,TC5,North Sea to Continent,VLCC,4.895,USD
2020-10-31,TC5,North Sea to Continent,VLCC,4.766,USD
2020-11-01,TC5,North Sea to Continent,VLCC,4.907,USD
2020-11-02,TC5,North Sea to Continent,VLCC,4.912,USD
2020-11-03,TC5,North Sea to Continent,VLCC,5.049,USD
2020-11-04,TC5,North Sea to Continent,VLCC,5.02,USD
2020-11-05,TC5,North Sea to Continent,VLCC,4.992,USD
2020-11-06,TC5,North Sea to Continent,VLCC,4.941,USD
2020-11-07,TC5,North Sea to Continent,VLCC,5.054,USD
2020-11-08,TC5,North Sea to Continent,VLCC,5.008,USD
2020-11-09,TC5,North Sea to Continent,VLCC,5.098,USD
2020-11-10,TC5,North Sea to Continent,VLCC,5.084,USD
2020-11-11,TC5,North Sea to Continent,VLCC,4.91,USD
2020-11-12,TC5,North Sea to Continent,VLCC,4.88,USD
2020-11-13,TC5,North Sea to Continent,VLCC,4.789,USD
2020-11-14,TC5,North Sea to Continent,VLCC,4.82,USD
2020-11-15,TC5,North Sea to Continent,VLCC,4.729,USD
2020-11-16,TC5,North Sea to Continent,VLCC,4.851,USD
2020-11-17,TC5,North Sea to Continent,VLCC,4.87,USD
2020-11-18,TC5,North Sea to Continent,VLCC,4.88,USD
2020-11-19,TC5,North Sea to Continent,VLCC,4.974,USD
2020-11-20,TC5,North Sea to Continent,VLCC,5.098,USD
2020-11-21,TC5,North Sea to Continent,VLCC,5.122,USD
2020-11-22,TC5,North Sea to Continent,VLCC,5.071,USD
2020-11-23,TC5,North Sea to Continent,VLCC,4.919,USD
2020-11-24,TC5,North Sea to Continent,VLCC,4.879,USD
2020-11-25,TC5,North Sea to Continent,VLCC,4.846,USD
2020-11-26,TC5,North Sea to Continent,VLCC,4.886,USD
2020-11-27,TC5,North Sea to Continent,VLCC,4.88,USD
2020-11-28,TC5,North Sea to Continent,VLCC,4.978,USD
2020-11-29,TC5,North Sea to Continent,VLCC,4.945,USD
2020-11-30,TC5,North Sea to Continent,VLCC,4.968,USD
2020-12-01,TC5,North Sea to Continent,VLCC,5.115,USD
2020-12-02,TC5,North Sea to Continent,VLCC,5.176,USD
2020-12-03,TC5,North Sea to Continent,VLCC,5.197,USD
2020-12-04,TC5,North Sea to Continent,VLCC,5.163,USD
2020-12-05,TC5,North Sea to Continent,VLCC,5.126,USD
2020-12-06,TC5,North Sea to Continent,VLCC,5.068,USD
2020-12-07,TC5,North Sea to Continent,VLCC,5.041,USD
2020-12-08,TC5,North Sea to Continent,VLCC,5.146,USD
2020-12-09,TC5,North Sea to Continent,VLCC,5.151,USD
2020-12-10,TC5,North Sea to Continent,VLCC,5.042,USD
2020-12-11,TC5,North Sea to Continent,VLCC,5.248,USD
2020-12-12,TC5,North Sea to Continent,VLCC,5.306,USD
2020-12-13,TC5,North Sea to Continent,VLCC,5.191,USD
2020-12-14,TC5,North Sea to Continent,VLCC,5.174,USD
2020-12-15,TC5,North Sea to Continent,VLCC,5.212,USD
2020-12-16,TC5,North Sea to Continent,VLCC,5.41,USD
2020-12-17,TC5,North Sea to Continent,VLCC,5.323,USD
2020-12-18,TC5,North Sea to Continent,VLCC,5.447,USD
2020-12-19,TC5,North Sea to Continent,VLCC,5.612,USD
2020-12-20,TC5,North Sea to Continent,VLCC,5.572,USD
2020-12-21,TC5,North Sea to Continent,VLCC,5.567,USD
2020-12-22,TC5,North Sea to Continent,VLCC,5.486,USD
2020-12-23,TC5,North Sea to Continent,VLCC,5.49,USD
2020-12-24,TC5,North Sea to Continent,VLCC,5.51,USD
2020-12-25,TC5,North Sea to Continent,VLCC,5.6,USD
2020-12-26,TC5,North Sea to Continent,VLCC,5.732,USD
2020-12-27,TC5,North Sea to Continent,VLCC,5.679,USD
2020-12-28,TC5,North Sea to Continent,VLCC,5.503,USD
2020-12-29,TC5,North Sea to Continent,VLCC,5.525,USD
2020-12-30,TC5,North Sea to Continent,VLCC,5.578,USD
2020-12-31,TC5,North Sea to Continent,VLCC,5.626,USD
2021-01-01,TC5,North Sea to Continent,VLCC,5.615,USD
2021-01-02,TC5,North Sea to Continent,VLCC,5.65,USD
2021-01-03,TC5,North Sea to Continent,VLCC,5.824,USD
2021-01-04,TC5,North Sea to Continent,VLCC,5.883,USD
2021-01-05,TC5,North Sea to Continent,VLCC,5.865,USD
2021-01-06,TC5,North Sea to Continent,VLCC,5.834,USD
2021-01-07,TC5,North Sea to Continent,VLCC,5.837,USD
2021-01-08,TC5,North Sea to Continent,VLCC,6.021,USD
2021-01-09,TC5,North Sea to Continent,VLCC,6.02,USD
2021-01-10,TC5,North Sea to Continent,VLCC,6.036,USD
2021-01-11,TC5,North Sea to Continent,VLCC,6.005,USD
2021-01-12,TC5,North Sea to Continent,VLCC,6.133,USD
2021-01-13,TC5,North Sea to Continent,VLCC,6.346,USD
2021-01-14,TC5,North Sea to Continent,VLCC,6.405,USD
2021-01-15,TC5,North Sea to Continent,VLCC,6.427,USD
2021-01-16,TC5,North Sea to Continent,VLCC,6.443,USD
2021-01-17,TC5,North Sea to Continent,VLCC,6.217,USD
2021-01-18,TC5,North Sea to Continent,VLCC,6.306,USD
2021-01-19,TC5,North Sea to Continent,VLCC,6.334,USD
2021-01-20,TC5,North Sea to Continent,VLCC,6.39,USD
2021-01-21,TC5,North Sea to Continent,VLCC,6.331,USD
2021-01-22,TC5,North Sea to Continent,VLCC,6.306,USD
2021-01-23,TC5,North Sea to Continent,VLCC,6.278,USD
2021-01-24,TC5,North Sea to Continent,VLCC,6.394,USD
2021-01-25,TC5,North Sea to Continent,VLCC,6.368,USD
2021-01-26,TC5,North Sea to Continent,VLCC,6.589,USD
2021-01-27,TC5,North Sea to Continent,VLCC,6.642,USD
2021-01-28,TC5,North Sea to Continent,VLCC,6.524,USD
2021-01-29,TC5,North Sea to Continent,VLCC,6.521,USD
2021-01-30,TC5,North Sea to Continent,VLCC,6.465,USD
2021-01-31,TC5,North Sea to Continent,VLCC,6.255,USD
2021-02-01,TC5,North Sea to Continent,VLCC,6.428,USD
2021-02-02,TC5,North Sea to Continent,VLCC,6.509,USD
2021-02-03,TC5,North Sea to Continent,VLCC,6.572,USD
2021-02-04,TC5,North Sea to Continent,VLCC,6.598,USD
2021-02-05,TC5,North Sea to Continent,VLCC,6.467,USD
2021-02-06,TC5,North Sea to Continent,VLCC,6.428,USD
2021-02-07,TC5,North Sea to Continent,VLCC,6.522,USD
2021-02-08,TC5,North Sea to Continent,VLCC,6.424,USD
2021-02-09,TC5,North Sea to Continent,VLCC,6.179,USD
2021-02-10,TC5,North Sea to Continent,VLCC,6.168,USD
2021-02-11,TC5,North Sea to Continent,VLCC,6.165,USD
2021-02-12,TC5,North Sea to Continent,VLCC,6.19,USD
2021-02-13,TC5,North Sea to Continent,VLCC,6.273,USD
2021-02-14,TC5,North Sea to Continent,VLCC,6.347,USD
2021-02-15,TC5,North Sea to Continent,VLCC,6.382,USD
2021-02-16,TC5,North Sea to Continent,VLCC,6.51,USD
2021-02-17,TC5,North Sea to Continent,VLCC,6.364,USD
2021-02-18,TC5,North Sea to Continent,VLCC,6.422,USD
2021-02-19,TC5,North Sea to Continent,VLCC,6.492,USD
2021-02-20,TC5,North Sea to Continent,VLCC,6.374,USD
2021-02-21,TC5,North Sea to Continent,VLCC,6.23,USD
2021-02-22,TC5,North Sea to Continent,VLCC,6.163,USD
2021-02-23,TC5,North Sea to Continent,VLCC,6.105,USD
2021-02-24,TC5,North Sea to Continent,VLCC,6.19,USD
2021-02-25,TC5,North Sea to Continent,VLCC,6.136,USD
2021-02-26,TC5,North Sea to Continent,VLCC,6.058,USD
2021-02-27,TC5,North Sea to Continent,VLCC,6.006,USD
2021-02-28,TC5,North Sea to Continent,VLCC,6.127,USD
2021-03-01,TC5,North Sea to Continent,VLCC,6.136,USD
2021-03-02,TC5,North Sea to Continent,VLCC,6.125,USD
2021-03-03,TC5,North Sea to Continent,VLCC,6.121,USD
2021-03-04,TC5,North Sea to Continent,VLCC,6.258,USD
2021-03-05,TC5,North Sea to Continent,VLCC,6.188,USD
2021-03-06,TC5,North Sea to Continent,VLCC,6.326,USD
2021-03-07,TC5,North Sea to Continent,VLCC,6.351,USD
2021-03-08,TC5,North Sea to Continent,VLCC,6.338,USD
2021-03-09,TC5,North Sea to Continent,VLCC,6.593,USD
2021-03-10,TC5,North Sea to Continent,VLCC,6.487,USD
2021-03-11,TC5,North Sea to Continent,VLCC,6.453,USD
2021-03-12,TC5,North Sea to Continent,VLCC,6.331,USD
2021-03-13,TC5,North Sea to Continent,VLCC,6.429,USD
2021-03-14,TC5,North Sea to Continent,VLCC,6.6,USD
2021-03-15,TC5,North Sea to Continent,VLCC,6.767,USD
2021-03-16,TC5,North Sea to Continent,VLCC,6.887,USD
2021-03-17,TC5,North Sea to Continent,VLCC,6.863,USD
2021-03-18,TC5,North Sea to Continent,VLCC,6.822,USD
2021-03-19,TC5,North Sea to Continent,VLCC,6.651,USD
2021-03-20,TC5,North Sea to Continent,VLCC,6.853,USD
2021-03-21,TC5,North Sea to Continent,VLCC,6.895,USD
2021-03-22,TC5,North Sea to Continent,VLCC,6.84,USD
2021-03-23,TC5,North Sea to Continent,VLCC,6.968,USD
2021-03-24,TC5,North Sea to Continent,VLCC,6.864,USD
2021-03-25,TC5,North Sea to Continent,VLCC,6.898,USD
2021-03-26,TC5,North Sea to Continent,VLCC,6.874,USD
2021-03-27,TC5,North Sea to Continent,VLCC,6.932,USD
2021-03-28,TC5,North Sea to Continent,VLCC,6.918,USD
2021-03-29,TC5,North Sea to Continent,VLCC,6.765,USD
2021-03-30,TC5,North Sea to Continent,VLCC,6.766,USD
2021-03-31,TC5,North Sea to Continent,VLCC,6.865,USD
2021-04-01,TC5,North Sea to Continent,VLCC,6.854,USD
2021-04-02,TC5,North Sea to Continent,VLCC,6.924,USD
2021-04-03,TC5,North Sea to Continent,VLCC,6.81,USD
2021-04-04,TC5,North Sea to Continent,VLCC,6.8,USD
2021-04-05,TC5,North Sea to Continent,VLCC,6.729,USD
2021-04-06,TC5,North Sea to Continent,VLCC,6.796,USD
2021-04-07,TC5,North Sea to Continent,VLCC,6.791,USD
2021-04-08,TC5,North Sea to Continent,VLCC,6.851,USD
2021-04-09,TC5,North Sea to Continent,VLCC,6.951,USD
2021-04-10,TC5,North Sea to Continent,VLCC,7.009,USD
2021-04-11,TC5,North Sea to Continent,VLCC,7.025,USD
2021-04-12,TC5,North Sea to Continent,VLCC,6.912,USD
2021-04-13,TC5,North Sea to Continent,VLCC,6.901,USD
2021-04-14,TC5,North Sea to Continent,VLCC,6.836,USD
2021-04-15,TC5,North Sea to Continent,VLCC,6.79,USD
2021-04-16,TC5,North Sea to Continent,VLCC,6.742,USD
2021-04-17,TC5,North Sea to Continent,VLCC,6.633,USD
2021-04-18,TC5,North Sea to Continent,VLCC,6.427,USD
2021-04-19,TC5,North Sea to Continent,VLCC,6.352,USD
2021-04-20,TC5,North Sea to Continent,VLCC,6.364,USD
2021-04-21,TC5,North Sea to Continent,VLCC,6.221,USD
2021-04-22,TC5,North Sea to Continent,VLCC,6.216,USD
2021-04-23,TC5,North Sea to Continent,VLCC,6.4,USD
2021-04-24,TC5,North Sea to Continent,VLCC,6.495,USD
2021-04-25,TC5,North Sea to Continent,VLCC,6.65,USD
2021-04-26,TC5,North Sea to Continent,VLCC,6.677,USD
2021-04-27,TC5,North Sea to Continent,VLCC,6.782,USD
2021-04-28,TC5,North Sea to Continent,VLCC,6.696,USD
2021-04-29,TC5,North Sea to Continent,VLCC,6.619,USD
2021-04-30,TC5,North Sea to Continent,VLCC,6.332,USD
2021-05-01,TC5,North Sea to Continent,VLCC,6.442,USD
2021-05-02,TC5,North Sea to Continent,VLCC,6.585,USD
2021-05-03,TC5,North Sea to Continent,VLCC,6.518,USD
2021-05-04,TC5,North Sea to Continent,VLCC,6.48,USD
2021-05-05,TC5,North Sea to Continent,VLCC,6.393,USD
2021-05-06,TC5,North Sea to Continent,VLCC,6.42,USD
2021-05-07,TC5,North Sea to Continent,VLCC,6.522,USD
2021-05-08,TC5,North Sea to Continent,VLCC,6.334,USD
2021-05-09,TC5,North Sea to Continent,VLCC,6.364,USD
2021-05-10,TC5,North Sea to Continent,VLCC,6.325,USD
2021-05-11,TC5,North Sea to Continent,VLCC,6.325,USD
2021-05-12,TC5,North Sea to Continent,VLCC,6.36,USD
2021-05-13,TC5,North Sea to Continent,VLCC,6.329,USD
2021-05-14,TC5,North Sea to Continent,VLCC,6.307,USD
2021-05-15,TC5,North Sea to Continent,VLCC,6.274,USD
2021-05-16,TC5,North Sea to Continent,VLCC,6.36,USD
2021-05-17,TC5,North Sea to Continent,VLCC,6.389,USD
2021-05-18,TC5,North Sea to Continent,VLCC,6.399,USD
2021-05-19,TC5,North Sea to Continent,VLCC,6.258,USD
2021-05-20,TC5,North Sea to Continent,VLCC,6.208,USD
2021-05-21,TC5,North Sea to Continent,VLCC,6.287,USD
2021-05-22,TC5,North Sea to Continent,VLCC,6.278,USD
2021-05-23,TC5,North Sea to Continent,VLCC,6.332,USD
2021-05-24,TC5,North Sea to Continent,VLCC,6.496,USD
2021-05-25,TC5,North Sea to Continent,VLCC,6.585,USD
2021-05-26,TC5,North Sea to Continent,VLCC,6.579,USD
2021-05-27,TC5,North Sea to Continent,VLCC,6.512,USD
2021-05-28,TC5,North Sea to Continent,VLCC,6.24,USD
2021-05-29,TC5,North Sea to Continent,VLCC,6.21,USD
2021-05-30,TC5,North Sea to Continent,VLCC,6.165,USD
2021-05-31,TC5,North Sea to Continent,VLCC,6.192,USD
2021-06-01,TC5,North Sea to Continent,VLCC,6.164,USD
2021-06-02,TC5,North Sea to Continent,VLCC,6.12,USD
2021-06-03,TC5,North Sea to Continent,VLCC,5.929,USD
2021-06-04,TC5,North Sea to Continent,VLCC,5.824,USD
2021-06-05,TC5,North Sea to Continent,VLCC,5.863,USD
2021-06-06,TC5,North Sea to Continent,VLCC,6.026,USD
2021-06-07,TC5,North Sea to Continent,VLCC,6.005,USD
2021-06-08,TC5,North Sea to Continent,VLCC,6.026,USD
2021-06-09,TC5,North Sea to Continent,VLCC,6.111,USD
2021-06-10,TC5,North Sea to Continent,VLCC,6.017,USD
2021-06-11,TC5,North Sea to Continent,VLCC,6.042,USD
2021-06-12,TC5,North Sea to Continent,VLCC,5.956,USD
2021-06-13,TC5,North Sea to Continent,VLCC,6.032,USD
2021-06-14,TC5,North Sea to Continent,VLCC,6.036,USD
2021-06-15,TC5,North Sea to Continent,VLCC,6.054,USD
2021-06-16,TC5,North Sea to Continent,VLCC,5.964,USD
2021-06-17,TC5,North Sea to Continent,VLCC,6.024,USD
2021-06-18,TC5,North Sea to Continent,VLCC,6.221,USD
2021-06-19,TC5,North Sea to Continent,VLCC,6.106,USD
2021-06-20,TC5,North Sea to Continent,VLCC,6.06,USD
2021-06-21,TC5,North Sea to Continent,VLCC,6.071,USD
2021-06-22,TC5,North Sea to Continent,VLCC,6.138,USD
2021-06-23,TC5,North Sea to Continent,VLCC,6.069,USD
2021-06-24,TC5,North Sea to Continent,VLCC,5.772,USD
2021-06-25,TC5,North Sea to Continent,VLCC,5.9,USD
2021-06-26,TC5,North Sea to Continent,VLCC,5.966,USD
2021-06-27,TC5,North Sea to Continent,VLCC,5.78,USD
2021-06-28,TC5,North Sea to Continent,VLCC,5.71,USD
2021-06-29,TC5,North Sea to Continent,VLCC,5.859,USD
2021-06-30,TC5,North Sea to Continent,VLCC,5.994,USD
2021-07-01,TC5,North Sea to Continent,VLCC,6.077,USD
2021-07-02,TC5,North Sea to Continent,VLCC,6.048,USD
2021-07-03,TC5,North Sea to Continent,VLCC,6.045,USD
2021-07-04,TC5,North Sea to Continent,VLCC,6.02,USD
2021-07-05,TC5,North Sea to Continent,VLCC,6.122,USD
2021-07-06,TC5,North Sea to Continent,VLCC,6.022,USD
2021-07-07,TC5,North Sea to Continent,VLCC,5.93,USD
2021-07-08,TC5,North Sea to Continent,VLCC,6.022,USD
2021-07-09,TC5,North Sea to Continent,VLCC,6.007,USD
2021-07-10,TC5,North Sea to Continent,VLCC,6.134,USD
2021-07-11,TC5,North Sea to Continent,VLCC,6.055,USD
2021-07-12,TC5,North Sea to Continent,VLCC,6.039,USD
2021-07-13,TC5,North Sea to Continent,VLCC,5.935,USD
2021-07-14,TC5,North Sea to Continent,VLCC,5.927,USD
2021-07-15,TC5,North Sea to Continent,VLCC,5.769,USD
2021-07-16,TC5,North Sea to Continent,VLCC,5.712,USD
2021-07-17,TC5,North Sea to Continent,VLCC,5.561,USD
2021-07-18,TC5,North Sea to Continent,VLCC,5.626,USD
2021-07-19,TC5,North Sea to Continent,VLCC,5.692,USD
2021-07-20,TC5,North Sea to Continent,VLCC,5.512,USD
2021-07-21,TC5,North Sea to Continent,VLCC,5.641,USD
2021-07-22,TC5,North Sea to Continent,VLCC,5.886,USD
2021-07-23,TC5,North Sea to Continent,VLCC,5.883,USD
2021-07-24,TC5,North Sea to Continent,VLCC,5.811,USD
2021-07-25,TC5,North Sea to Continent,VLCC,6.087,USD
2021-07-26,TC5,North Sea to Continent,VLCC,5.946,USD
2021-07-27,TC5,North Sea to Continent,VLCC,5.94,USD
2021-07-28,TC5,North Sea to Continent,VLCC,5.95,USD
2021-07-29,TC5,North Sea to Continent,VLCC,6.077,USD
2021-07-30,TC5,North Sea to Continent,VLCC,6.105,USD
2021-07-31,TC5,North Sea to Continent,VLCC,6.046,USD
2021-08-01,TC5,North Sea to Continent,VLCC,5.942,USD
2021-08-02,TC5,North Sea to Continent,VLCC,5.901,USD
2021-08-03,TC5,North Sea to Continent,VLCC,5.794,USD
2021-08-04,TC5,North Sea to Continent,VLCC,5.793,USD
2021-08-05,TC5,North Sea to Continent,VLCC,5.732,USD
2021-08-06,TC5,North Sea to Continent,VLCC,5.578,USD
2021-08-07,TC5,North Sea to Continent,VLCC,5.702,USD
2021-08-08,TC5,North Sea to Continent,VLCC,5.648,USD
2021-08-09,TC5,North Sea to Continent,VLCC,5.518,USD
2021-08-10,TC5,North Sea to Continent,VLCC,5.5,USD
2021-08-11,TC5,North Sea to Continent,VLCC,5.506,USD
2021-08-12,TC5,North Sea to Continent,VLCC,5.33,USD
2021-08-13,TC5,North Sea to Continent,VLCC,5.365,USD
2021-08-14,TC5,North Sea to Continent,VLCC,5.261,USD
2021-08-15,TC5,North Sea to Continent,VLCC,5.435,USD
2021-08-16,TC5,North Sea to Continent,VLCC,5.489,USD
2021-08-17,TC5,North Sea to Continent,VLCC,5.449,USD
2021-08-18,TC5,North Sea to Continent,VLCC,5.376,USD
2021-08-19,TC5,North Sea to Continent,VLCC,5.368,USD
2021-08-20,TC5,North Sea to Continent,VLCC,5.432,USD
2021-08-21,TC5,North Sea to Continent,VLCC,5.431,USD
2021-08-22,TC5,North Sea to Continent,VLCC,5.412,USD
2021-08-23,TC5,North Sea to Continent,VLCC,5.42,USD
2021-08-24,TC5,North Sea to Continent,VLCC,5.363,USD
2021-08-25,TC5,North Sea to Continent,VLCC,5.332,USD
2021-08-26,TC5,North Sea to Continent,VLCC,5.127,USD
2021-08-27,TC5,North Sea to Continent,VLCC,5.231,USD
2021-08-28,TC5,North Sea to Continent,VLCC,5.267,USD
2021-08-29,TC5,North Sea to Continent,VLCC,5.195,USD
2021-08-30,TC5,North Sea to Continent,VLCC,5.392,USD
2021-08-31,TC5,North Sea to Continent,VLCC,5.406,USD
2021-09-01,TC5,North Sea to Continent,VLCC,5.306,USD
2021-09-02,TC5,North Sea to Continent,VLCC,5.399,USD
2021-09-03,TC5,North Sea to Continent,VLCC,5.444,USD
2021-09-04,TC5,North Sea to Continent,VLCC,5.489,USD
2021-09-05,TC5,North Sea to Continent,VLCC,5.452,USD
2021-09-06,TC5,North Sea to Continent,VLCC,5.503,USD
2021-09-07,TC5,North Sea to Continent,VLCC,5.482,USD
2021-09-08,TC5,North Sea to Continent,VLCC,5.544,USD
2021-09-09,TC5,North Sea to Continent,VLCC,5.358,USD
2021-09-10,TC5,North Sea to Continent,VLCC,5.322,USD
2021-09-11,TC5,North Sea to Continent,VLCC,5.504,USD
2021-09-12,TC5,North Sea to Continent,VLCC,5.433,USD
2021-09-13,TC5,North Sea to Continent,VLCC,5.38,USD
2021-09-14,TC5,North Sea to Continent,VLCC,5.344,USD
2021-09-15,TC5,North Sea to Continent,VLCC,5.231,USD
2021-09-16,TC5,North Sea to Continent,VLCC,5.02,USD
2021-09-17,TC5,North Sea to Continent,VLCC,5.01,USD
2021-09-18,TC5,North Sea to Continent,VLCC,5.037,USD
2021-09-19,TC5,North Sea to Continent,VLCC,5.045,USD
2021-09-20,TC5,North Sea to Continent,VLCC,5.044,USD
2021-09-21,TC5,North Sea to Continent,VLCC,5.062,USD
2021-09-22,TC5,North Sea to Continent,VLCC,5.178,USD
2021-09-23,TC5,North Sea to Continent,VLCC,5.172,USD
2021-09-24,TC5,North Sea to Continent,VLCC,5.128,USD
2021-09-25,TC5,North Sea to Continent,VLCC,5.114,USD
2021-09-26,TC5,North Sea to Continent,VLCC,5.186,USD
2021-09-27,TC5,North Sea to Continent,VLCC,5.342,USD
2021-09-28,TC5,North Sea to Continent,VLCC,5.291,USD
2021-09-29,TC5,North Sea to Continent,VLCC,5.315,USD
2021-09-30,TC5,North Sea to Continent,VLCC,5.362,USD
2021-10-01,TC5,North Sea to Continent,VLCC,5.275,USD
2021-10-02,TC5,North Sea to Continent,VLCC,5.292,USD
2021-10-03,TC5,North Sea to Continent,VLCC,5.159,USD
2021-10-04,TC5,North Sea to Continent,VLCC,4.997,USD
2021-10-05,TC5,North Sea to Continent,VLCC,5.052,USD
2021-10-06,TC5,North Sea to Continent,VLCC,5.031,USD
2021-10-07,TC5,North Sea to Continent,VLCC,5.069,USD
2021-10-08,TC5,North Sea to Continent,VLCC,5.085,USD
2021-10-09,TC5,North Sea to Continent,VLCC,5.005,USD
2021-10-10,TC5,North Sea to Continent,VLCC,5.02,USD
2021-10-11,TC5,North Sea to Continent,VLCC,4.915,USD
2021-10-12,TC5,North Sea to Continent,VLCC,5.075,USD
2021-10-13,TC5,North Sea to Continent,VLCC,4.958,USD
2021-10-14,TC5,North Sea to Continent,VLCC,4.959,USD
2021-10-15,TC5,North Sea to Continent,VLCC,4.875,USD
2021-10-16,TC5,North Sea to Continent,VLCC,4.954,USD
2021-10-17,TC5,North Sea to Continent,VLCC,4.941,USD
2021-10-18,TC5,North Sea to Continent,VLCC,4.911,USD
2021-10-19,TC5,North Sea to Continent,VLCC,5.019,USD
2021-10-20,TC5,North Sea to Continent,VLCC,5.043,USD
2021-10-21,TC5,North Sea to Continent,VLCC,5.116,USD
2021-10-22,TC5,North Sea to Continent,VLCC,5.038,USD
2021-10-23,TC5,North Sea to Continent,VLCC,4.919,USD
2021-10-24,TC5,North Sea to Continent,VLCC,4.953,USD
2021-10-25,TC5,North Sea to Continent,VLCC,4.944,USD
2021-10-26,TC5,North Sea to Continent,VLCC,5.03,USD
2021-10-27,TC5,North Sea to Continent,VLCC,5.044,USD
2021-10-28,TC5,North Sea to Continent,VLCC,5.088,USD
2021-10-29,TC5,North Sea to Continent,VLCC,4.947,USD
2021-10-30,TC5,North Sea to Continent,VLCC,5.161,USD
2021-10-31,TC5,North Sea to Continent,VLCC,5.166,USD
2021-11-01,TC5,North Sea to Continent,VLCC,5.259,USD
2021-11-02,TC5,North Sea to Continent,VLCC,5.196,USD
2021-11-03,TC5,North Sea to Continent,VLCC,5.249,USD
2021-11-04,TC5,North Sea to Continent,VLCC,5.141,USD
2021-11-05,TC5,North Sea to Continent,VLCC,5.209,USD
2021-11-06,TC5,North Sea to Continent,VLCC,5.196,USD
2021-11-07,TC5,North Sea to Continent,VLCC,5.222,USD
2021-11-08,TC5,North Sea to Continent,VLCC,5.315,USD
2021-11-09,TC5,North Sea to Continent,VLCC,5.214,USD
2021-11-10,TC5,North Sea to Continent,VLCC,5.168,USD
2021-11-11,TC5,North Sea to Continent,VLCC,5.238,USD
2021-11-12,TC5,North Sea to Continent,VLCC,5.473,USD
2021-11-13,TC5,North Sea to Continent,VLCC,5.48,USD
2021-11-14,TC5,North Sea to Continent,VLCC,5.561,USD
2021-11-15,TC5,North Sea to Continent,VLCC,5.571,USD
2021-11-16,TC5,North Sea to Continent,VLCC,5.786,USD
2021-11-17,TC5,North Sea to Continent,VLCC,5.63,USD
2021-11-18,TC5,North Sea to Continent,VLCC,5.66,USD
2021-11-19,TC5,North Sea to Continent,VLCC,5.517,USD
2021-11-20,TC5,North Sea to Continent,VLCC,5.287,USD
2021-11-21,TC5,North Sea to Continent,VLCC,5.341,USD
2021-11-22,TC5,North Sea to Continent,VLCC,5.379,USD
2021-11-23,TC5,North Sea to Continent,VLCC,5.374,USD
2021-11-24,TC5,North Sea to Continent,VLCC,5.387,USD
2021-11-25,TC5,North Sea to Continent,VLCC,5.722,USD
2021-11-26,TC5,North Sea to Continent,VLCC,5.716,USD
2021-11-27,TC5,North Sea to Continent,VLCC,5.788,USD
2021-11-28,TC5,North Sea to Continent,VLCC,5.743,USD
2021-11-29,TC5,North Sea to Continent,VLCC,5.793,USD
2021-11-30,TC5,North Sea to Continent,VLCC,5.789,USD
2021-12-01,TC5,North Sea to Continent,VLCC,5.768,USD
2021-12-02,TC5,North Sea to Continent,VLCC,5.972,USD
2021-12-03,TC5,North Sea to Continent,VLCC,6.108,USD
2021-12-04,TC5,North Sea to Continent,VLCC,6.139,USD
2021-12-05,TC5,North Sea to Continent,VLCC,5.925,USD
2021-12-06,TC5,North Sea to Continent,VLCC,5.908,USD
2021-12-07,TC5,North Sea to Continent,VLCC,6.199,USD
2021-12-08,TC5,North Sea to Continent,VLCC,6.192,USD
2021-12-09,TC5,North Sea to Continent,VLCC,6.32,USD
2021-12-10,TC5,North Sea to Continent,VLCC,6.48,USD
2021-12-11,TC5,North Sea to Continent,VLCC,6.516,USD
2021-12-12,TC5,North Sea to Continent,VLCC,6.445,USD
2021-12-13,TC5,North Sea to Continent,VLCC,6.215,USD
2021-12-14,TC5,North Sea to Continent,VLCC,6.301,USD
2021-12-15,TC5,North Sea to Continent,VLCC,6.235,USD
2021-12-16,TC5,North Sea to Continent,VLCC,6.269,USD
2021-12-17,TC5,North Sea to Continent,VLCC,6.16,USD
2021-12-18,TC5,North Sea to Continent,VLCC,6.15,USD
2021-12-19,TC5,North Sea to Continent,VLCC,6.171,USD
2021-12-20,TC5,North Sea to Continent,VLCC,6.215,USD
2021-12-21,TC5,North Sea to Continent,VLCC,6.12,USD
2021-12-22,TC5,North Sea to Continent,VLCC,6.258,USD
2021-12-23,TC5,North Sea to Continent,VLCC,6.214,USD
2021-12-24,TC5,North Sea to Continent,VLCC,6.063,USD
2021-12-25,TC5,North Sea to Continent,VLCC,6.07,USD
2021-12-26,TC5,North Sea to Continent,VLCC,6.092,USD
2021-12-27,TC5,North Sea to Continent,VLCC,6.126,USD
2021-12-28,TC5,North Sea to Continent,VLCC,6.28,USD
2021-12-29,TC5,North Sea to Continent,VLCC,6.272,USD
2021-12-30,TC5,North Sea to Continent,VLCC,6.276,USD
2021-12-31,TC5,North Sea to Continent,VLCC,6.181,USD
2022-01-01,TC5,North Sea to Continent,VLCC,6.28,USD
2022-01-02,TC5,North Sea to Continent,VLCC,6.315,USD
2022-01-03,TC5,North Sea to Continent,VLCC,6.288,USD
2022-01-04,TC5,North Sea to Continent,VLCC,6.112,USD
2022-01-05,TC5,North Sea to Continent,VLCC,6.274,USD
2022-01-06,TC5,North Sea to Continent,VLCC,6.167,USD
2022-01-07,TC5,North Sea to Continent,VLCC,6.124,USD
2022-01-08,TC5,North Sea to Continent,VLCC,6.177,USD
2022-01-09,TC5,North Sea to Continent,VLCC,6.073,USD
2022-01-10,TC5,North Sea to Continent,VLCC,5.94,USD
2022-01-11,TC5,North Sea to Continent,VLCC,5.745,USD
2022-01-12,TC5,North Sea to Continent,VLCC,5.838,USD
2022-01-13,TC5,North Sea to Continent,VLCC,5.802,USD
2022-01-14,TC5,North Sea to Continent,VLCC,6.116,USD
2022-01-15,TC5,North Sea to Continent,VLCC,6.032,USD
2022-01-16,TC5,North Sea to Continent,VLCC,5.956,USD
2022-01-17,TC5,North Sea to Continent,VLCC,5.917,USD
2022-01-18,TC5,North Sea to Continent,VLCC,5.959,USD
2022-01-19,TC5,North Sea to Continent,VLCC,5.93,USD
2022-01-20,TC5,North Sea to Continent,VLCC,6.008,USD
2022-01-21,TC5,North Sea to Continent,VLCC,5.927,USD
2022-01-22,TC5,North Sea to Continent,VLCC,5.805,USD
2022-01-23,TC5,North Sea to Continent,VLCC,5.643,USD
2022-01-24,TC5,North Sea to Continent,VLCC,5.44,USD
2022-01-25,TC5,North Sea to Continent,VLCC,5.409,USD
2022-01-26,TC5,North Sea to Continent,VLCC,5.401,USD
2022-01-27,TC5,North Sea to Continent,VLCC,5.359,USD
2022-01-28,TC5,North Sea to Continent,VLCC,5.506,USD
2022-01-29,TC5,North Sea to Continent,VLCC,5.649,USD
2022-01-30,TC5,North Sea to Continent,VLCC,5.635,USD
2022-01-31,TC5,North Sea to Continent,VLCC,5.473,USD
2022-02-01,TC5,North Sea to Continent,VLCC,5.436,USD
2022-02-02,TC5,North Sea to Continent,VLCC,5.397,USD
2022-02-03,TC5,North Sea to Continent,VLCC,5.351,USD
2022-02-04,TC5,North Sea to Continent,VLCC,5.302,USD
2022-02-05,TC5,North Sea to Continent,VLCC,5.257,USD
2022-02-06,TC5,North Sea to Continent,VLCC,5.24,USD
2022-02-07,TC5,North Sea to Continent,VLCC,5.198,USD
2022-02-08,TC5,North Sea to Continent,VLCC,5.24,USD
2022-02-09,TC5,North Sea to Continent,VLCC,5.297,USD
2022-02-10,TC5,North Sea to Continent,VLCC,5.226,USD
2022-02-11,TC5,North Sea to Continent,VLCC,5.374,USD
2022-02-12,TC5,North Sea to Continent,VLCC,5.295,USD
2022-02-13,TC5,North Sea to Continent,VLCC,5.152,USD
2022-02-14,TC5,North Sea to Continent,VLCC,5.211,USD
2022-02-15,TC5,North Sea to Continent,VLCC,5.149,USD
2022-02-16,TC5,North Sea to Continent,VLCC,5.202,USD
2022-02-17,TC5,North Sea to Continent,VLCC,4.98,USD
2022-02-18,TC5,North Sea to Continent,VLCC,5.141,USD
2022-02-19,TC5,North Sea to Continent,VLCC,5.229,USD
2022-02-20,TC5,North Sea to Continent,VLCC,5.097,USD
2022-02-21,TC5,North Sea to Continent,VLCC,4.968,USD
2022-02-22,TC5,North Sea to Continent,VLCC,5.157,USD
2022-02-23,TC5,North Sea to Continent,VLCC,5.101,USD
2022-02-24,TC5,North Sea to Continent,VLCC,5.037,USD
2022-02-25,TC5,North Sea to Continent,VLCC,4.829,USD
2022-02-26,TC5,North Sea to Continent,VLCC,4.815,USD
2022-02-27,TC5,North Sea to Continent,VLCC,4.813,USD
2022-02-28,TC5,North Sea to Continent,VLCC,4.906,USD
2022-03-01,TC5,North Sea to Continent,VLCC,4.785,USD
2022-03-02,TC5,North Sea to Continent,VLCC,4.653,USD
2022-03-03,TC5,North Sea to Continent,VLCC,4.72,USD
2022-03-04,TC5,North Sea to Continent,VLCC,4.842,USD
2022-03-05,TC5,North Sea to Continent,VLCC,4.704,USD
2022-03-06,TC5,North Sea to Continent,VLCC,4.833,USD
2022-03-07,TC5,North Sea to Continent,VLCC,4.856,USD
2022-03-08,TC5,North Sea to Continent,VLCC,4.984,USD
2022-03-09,TC5,North Sea to Continent,VLCC,4.994,USD
2022-03-10,TC5,North Sea to Continent,VLCC,4.757,USD
2022-03-11,TC5,North Sea to Continent,VLCC,4.761,USD
2022-03-12,TC5,North Sea to Continent,VLCC,4.885,USD
2022-03-13,TC5,North Sea to Continent,VLCC,4.813,USD
2022-03-14,TC5,North Sea to Continent,VLCC,4.791,USD
2022-03-15,TC5,North Sea to Continent,VLCC,4.791,USD
2022-03-16,TC5,North Sea to Continent,VLCC,4.517,USD
2022-03-17,TC5,North Sea to Continent,VLCC,4.704,USD
2022-03-18,TC5,North Sea to Continent,VLCC,4.631,USD
2022-03-19,TC5,North Sea to Continent,VLCC,4.7,USD
2022-03-20,TC5,North Sea to Continent,VLCC,4.708,USD
2022-03-21,TC5,North Sea to Continent,VLCC,4.851,USD
2022-03-22,TC5,North Sea to Continent,VLCC,4.907,USD
2022-03-23,TC5,North Sea to Continent,VLCC,4.897,USD
2022-03-24,TC5,North Sea to Continent,VLCC,4.821,USD
2022-03-25,TC5,North Sea to Continent,VLCC,4.916,USD
2022-03-26,TC5,North Sea to Continent,VLCC,4.741,USD
2022-03-27,TC5,North Sea to Continent,VLCC,4.821,USD
2022-03-28,TC5,North Sea to Continent,VLCC,4.724,USD
2022-03-29,TC5,North Sea to Continent,VLCC,4.864,USD
2022-03-30,TC5,North Sea to Continent,VLCC,4.893,USD
2022-03-31,TC5,North Sea to Continent,VLCC,4.97,USD
2022-04-01,TC5,North Sea to Continent,VLCC,4.989,USD
2022-04-02,TC5,North Sea to Continent,VLCC,4.824,USD
2022-04-03,TC5,North Sea to Continent,VLCC,4.75,USD
2022-04-04,TC5,North Sea to Continent,VLCC,4.83,USD
2022-04-05,TC5,North Sea to Continent,VLCC,4.858,USD
2022-04-06,TC5,North Sea to Continent,VLCC,4.988,USD
2022-04-07,TC5,North Sea to Continent,VLCC,5.038,USD
2022-04-08,TC5,North Sea to Continent,VLCC,4.949,USD
2022-04-09,TC5,North Sea to Continent,VLCC,4.879,USD
2022-04-10,TC5,North Sea to Continent,VLCC,4.899,USD
2022-04-11,TC5,North Sea to Continent,VLCC,4.676,USD
2022-04-12,TC5,North Sea to Continent,VLCC,4.855,USD
2022-04-13,TC5,North Sea to Continent,VLCC,4.909,USD
2022-04-14,TC5,North Sea to Continent,VLCC,5.041,USD
2022-04-15,TC5,North Sea to Continent,VLCC,4.889,USD
2022-04-16,TC5,North Sea to Continent,VLCC,5.022,USD
2022-04-17,TC5,North Sea to Continent,VLCC,5.253,USD
2022-04-18,TC5,North Sea to Continent,VLCC,5.124,USD
2022-04-19,TC5,North Sea to Continent,VLCC,5.207,USD
2022-04-20,TC5,North Sea to Continent,VLCC,5.211,USD
2022-04-21,TC5,North Sea to Continent,VLCC,5.06,USD
2022-04-22,TC5,North Sea to Continent,VLCC,5.115,USD
2022-04-23,TC5,North Sea to Continent,VLCC,5.203,USD
2022-04-24,TC5,North Sea to Continent,VLCC,5.146,USD
2022-04-25,TC5,North Sea to Continent,VLCC,5.266,USD
2022-04-26,TC5,North Sea to Continent,VLCC,5.101,USD
2022-04-27,TC5,North Sea to Continent,VLCC,4.955,USD
2022-04-28,TC5,North Sea to Continent,VLCC,4.974,USD
2022-04-29,TC5,North Sea to Continent,VLCC,4.981,USD
2022-04-30,TC5,North Sea to Continent,VLCC,4.913,USD
2022-05-01,TC5,North Sea to Continent,VLCC,4.999,USD
2022-05-02,TC5,North Sea to Continent,VLCC,5.056,USD
2022-05-03,TC5,North Sea to Continent,VLCC,5.145,USD
2022-05-04,TC5,North Sea to Continent,VLCC,5.135,USD
2022-05-05,TC5,North Sea to Continent,VLCC,5.197,USD
2022-05-06,TC5,North Sea to Continent,VLCC,5.153,USD
2022-05-07,TC5,North Sea to Continent,VLCC,5.36,USD
2022-05-08,TC5,North Sea to Continent,VLCC,5.278,USD
2022-05-09,TC5,North Sea to Continent,VLCC,5.489,USD
2022-05-10,TC5,North Sea to Continent,VLCC,5.49,USD
2022-05-11,TC5,North Sea to Continent,VLCC,5.349,USD
2022-05-12,TC5,North Sea to Continent,VLCC,5.484,USD
2022-05-13,TC5,North Sea to Continent,VLCC,5.494,USD
2022-05-14,TC5,North Sea to Continent,VLCC,5.576,USD
2022-05-15,TC5,North Sea to Continent,VLCC,5.695,USD
2022-05-16,TC5,North Sea to Continent,VLCC,5.723,USD
2022-05-17,TC5,North Sea to Continent,VLCC,5.657,USD
2022-05-18,TC5,North Sea to Continent,VLCC,5.75,USD
2022-05-19,TC5,North Sea to Continent,VLCC,5.743,USD
2022-05-20,TC5,North Sea to Continent,VLCC,5.805,USD
2022-05-21,TC5,North Sea to Continent,VLCC,5.581,USD
2022-05-22,TC5,North Sea to Continent,VLCC,5.621,USD
2022-05-23,TC5,North Sea to Continent,VLCC,5.551,USD
2022-05-24,TC5,North Sea to Continent,VLCC,5.712,USD
2022-05-25,TC5,North Sea to Continent,VLCC,5.767,USD
2022-05-26,TC5,North Sea to Continent,VLCC,5.783,USD
2022-05-27,TC5,North Sea to Continent,VLCC,5.824,USD
2022-05-28,TC5,North Sea to Continent,VLCC,5.716,USD
2022-05-29,TC5,North Sea to Continent,VLCC,5.871,USD
2022-05-30,TC5,North Sea to Continent,VLCC,6.062,USD
2022-05-31,TC5,North Sea to Continent,VLCC,6.09,USD
2022-06-01,TC5,North Sea to Continent,VLCC,6.238,USD
2022-06-02,TC5,North Sea to Continent,VLCC,6.168,USD
2022-06-03,TC5,North Sea to Continent,VLCC,6.076,USD
2022-06-04,TC5,North Sea to Continent,VLCC,6.068,USD
2022-06-05,TC5,North Sea to Continent,VLCC,6.1,USD
2022-06-06,TC5,North Sea to Continent,VLCC,6.049,USD
2022-06-07,TC5,North Sea to Continent,VLCC,6.091,USD
2022-06-08,TC5,North Sea to Continent,VLCC,6.11,USD
2022-06-09,TC5,North Sea to Continent,VLCC,5.997,USD
2022-06-10,TC5,North Sea to Continent,VLCC,6.038,USD
2022-06-11,TC5,North Sea to Continent,VLCC,6.113,USD
2022-06-12,TC5,North Sea to Continent,VLCC,6.118,USD
2022-06-13,TC5,North Sea to Continent,VLCC,6.221,USD
2022-06-14,TC5,North Sea to Continent,VLCC,6.086,USD
2022-06-15,TC5,North Sea to Continent,VLCC,6.12,USD
2022-06-16,TC5,North Sea to Continent,VLCC,5.99,USD
2022-06-17,TC5,North Sea to Continent,VLCC,5.867,USD
2022-06-18,TC5,North Sea to Continent,VLCC,5.794,USD
2022-06-19,TC5,North Sea to Continent,VLCC,5.69,USD
2022-06-20,TC5,North Sea to Continent,VLCC,5.626,USD
2022-06-21,TC5,North Sea to Continent,VLCC,5.597,USD
2022-06-22,TC5,North Sea to Continent,VLCC,5.674,USD
2022-06-23,TC5,North Sea to Continent,VLCC,5.634,USD
2022-06-24,TC5,North Sea to Continent,VLCC,5.467,USD
2022-06-25,TC5,North Sea to Continent,VLCC,5.575,USD
2022-06-26,TC5,North Sea to Continent,VLCC,5.484,USD
2022-06-27,TC5,North Sea to Continent,VLCC,5.472,USD
2022-06-28,TC5,North Sea to Continent,VLCC,5.511,USD
2022-06-29,TC5,North Sea to Continent,VLCC,5.524,USD
2022-06-30,TC5,North Sea to Continent,VLCC,5.628,USD
2022-07-01,TC5,North Sea to Continent,VLCC,5.668,USD
2022-07-02,TC5,North Sea to Continent,VLCC,5.574,USD
2022-07-03,TC5,North Sea to Continent,VLCC,5.786,USD
2022-07-04,TC5,North Sea to Continent,VLCC,5.797,USD
2022-07-05,TC5,North Sea to Continent,VLCC,5.773,USD
2022-07-06,TC5,North Sea to Continent,VLCC,5.861,USD
2022-07-07,TC5,North Sea to Continent,VLCC,5.877,USD
2022-07-08,TC5,North Sea to Continent,VLCC,5.908,USD
2022-07-09,TC5,North Sea to Continent,VLCC,6.148,USD
2022-07-10,TC5,North Sea to Continent,VLCC,6.108,USD
2022-07-11,TC5,North Sea to Continent,VLCC,6.065,USD
2022-07-12,TC5,North Sea to Continent,VLCC,6.066,USD
2022-07-13,TC5,North Sea to Continent,VLCC,6.162,USD
2022-07-14,TC5,North Sea to Continent,VLCC,5.999,USD
2022-07-15,TC5,North Sea to Continent,VLCC,5.792,USD
2022-07-16,TC5,North Sea to Continent,VLCC,5.725,USD
2022-07-17,TC5,North Sea to Continent,VLCC,5.554,USD
2022-07-18,TC5,North Sea to Continent,VLCC,5.506,USD
2022-07-19,TC5,North Sea to Continent,VLCC,5.552,USD
2022-07-20,TC5,North Sea to Continent,VLCC,5.458,USD
2022-07-21,TC5,North Sea to Continent,VLCC,5.31,USD
2022-07-22,TC5,North Sea to Continent,VLCC,5.315,USD
2022-07-23,TC5,North Sea to Continent,VLCC,5.399,USD
2022-07-24,TC5,North Sea to Continent,VLCC,5.226,USD
2022-07-25,TC5,North Sea to Continent,VLCC,5.308,USD
2022-07-26,TC5,North Sea to Continent,VLCC,5.388,USD
2022-07-27,TC5,North Sea to Continent,VLCC,5.482,USD
2022-07-28,TC5,North Sea to Continent,VLCC,5.601,USD
2022-07-29,TC5,North Sea to Continent,VLCC,5.818,USD
2022-07-30,TC5,North Sea to Continent,VLCC,5.776,USD
2022-07-31,TC5,North Sea to Continent,VLCC,5.781,USD
2022-08-01,TC5,North Sea to Continent,VLCC,5.734,USD
2022-08-02,TC5,North Sea to Continent,VLCC,5.729,USD
2022-08-03,TC5,North Sea to Continent,VLCC,5.879,USD
2022-08-04,TC5,North Sea to Continent,VLCC,5.738,USD
2022-08-05,TC5,North Sea to Continent,VLCC,5.647,USD
2022-08-06,TC5,North Sea to Continent,VLCC,5.782,USD
2022-08-07,TC5,North Sea to Continent,VLCC,5.88,USD
2022-08-08,TC5,North Sea to Continent,VLCC,5.838,USD
2022-08-09,TC5,North Sea to Continent,VLCC,5.92,USD
2022-08-10,TC5,North Sea to Continent,VLCC,5.949,USD
2022-08-11,TC5,North Sea to Continent,VLCC,6.094,USD
2022-08-12,TC5,North Sea to Continent,VLCC,6.095,USD
2022-08-13,TC5,North Sea to Continent,VLCC,6.192,USD
2022-08-14,TC5,North Sea to Continent,VLCC,6.45,USD
2022-08-15,TC5,North Sea to Continent,VLCC,6.501,USD
2022-08-16,TC5,North Sea to Continent,VLCC,6.496,USD
2022-08-17,TC5,North Sea to Continent,VLCC,6.559,USD
2022-08-18,TC5,North Sea to Continent,VLCC,6.512,USD
2022-08-19,TC5,North Sea to Continent,VLCC,6.743,USD
2022-08-20,TC5,North Sea to Continent,VLCC,6.75,USD
2022-08-21,TC5,North Sea to Continent,VLCC,6.711,USD
2022-08-22,TC5,North Sea to Continent,VLCC,6.617,USD
2022-08-23,TC5,North Sea to Continent,VLCC,6.718,USD
2022-08-24,TC5,North Sea to Continent,VLCC,6.795,USD
2022-08-25,TC5,North Sea to Continent,VLCC,6.734,USD
2022-08-26,TC5,North Sea to Continent,VLCC,6.782,USD
2022-08-27,TC5,North Sea to Continent,VLCC,6.621,USD
2022-08-28,TC5,North Sea to Continent,VLCC,6.631,USD
2022-08-29,TC5,North Sea to Continent,VLCC,6.669,USD
2022-08-30,TC5,North Sea to Continent,VLCC,6.832,USD
2022-08-31,TC5,North Sea to Continent,VLCC,6.745,USD
2022-09-01,TC5,North Sea to Continent,VLCC,6.608,USD
2022-09-02,TC5,North Sea to Continent,VLCC,6.512,USD
2022-09-03,TC5,North Sea to Continent,VLCC,6.372,USD
2022-09-04,TC5,North Sea to Continent,VLCC,6.502,USD
2022-09-05,TC5,North Sea to Continent,VLCC,6.653,USD
2022-09-06,TC5,North Sea to Continent,VLCC,6.679,USD
2022-09-07,TC5,North Sea to Continent,VLCC,6.795,USD
2022-09-08,TC5,North Sea to Continent,VLCC,6.801,USD
2022-09-09,TC5,North Sea to Continent,VLCC,6.785,USD
2022-09-10,TC5,North Sea to Continent,VLCC,6.745,USD
2022-09-11,TC5,North Sea to Continent,VLCC,6.708,USD
2022-09-12,TC5,North Sea to Continent,VLCC,6.547,USD
2022-09-13,TC5,North Sea to Continent,VLCC,6.57,USD
2022-09-14,TC5,North Sea to Continent,VLCC,6.563,USD
2022-09-15,TC5,North Sea to Continent,VLCC,6.635,USD
2022-09-16,TC5,North Sea to Continent,VLCC,6.641,USD
2022-09-17,TC5,North Sea to Continent,VLCC,6.621,USD
2022-09-18,TC5,North Sea to Continent,VLCC,6.531,USD
2022-09-19,TC5,North Sea to Continent,VLCC,6.537,USD
2022-09-20,TC5,North Sea to Continent,VLCC,6.609,USD
2022-09-21,TC5,North Sea to Continent,VLCC,6.493,USD
2022-09-22,TC5,North Sea to Continent,VLCC,6.501,USD
2022-09-23,TC5,North Sea to Continent,VLCC,6.524,USD
2022-09-24,TC5,North Sea to Continent,VLCC,6.452,USD
2022-09-25,TC5,North Sea to Continent,VLCC,6.393,USD
2022-09-26,TC5,North Sea to Continent,VLCC,6.418,USD
2022-09-27,TC5,North Sea to Continent,VLCC,6.306,USD
2022-09-28,TC5,North Sea to Continent,VLCC,6.344,USD
2022-09-29,TC5,North Sea to Continent,VLCC,6.257,USD
2022-09-30,TC5,North Sea to Continent,VLCC,6.367,USD
2022-10-01,TC5,North Sea to Continent,VLCC,6.605,USD
2022-10-02,TC5,North Sea to Continent,VLCC,6.52,USD
2022-10-03,TC5,North Sea to Continent,VLCC,6.576,USD
2022-10-04,TC5,North Sea to Continent,VLCC,6.504,USD
2022-10-05,TC5,North Sea to Continent,VLCC,6.612,USD
2022-10-06,TC5,North Sea to Continent,VLCC,6.487,USD
2022-10-07,TC5,North Sea to Continent,VLCC,6.538,USD
2022-10-08,TC5,North Sea to Continent,VLCC,6.454,USD
2022-10-09,TC5,North Sea to Continent,VLCC,6.437,USD
2022-10-10,TC5,North Sea to Continent,VLCC,6.338,USD
2022-10-11,TC5,North Sea to Continent,VLCC,6.427,USD
2022-10-12,TC5,North Sea to Continent,VLCC,6.348,USD
2022-10-13,TC5,North Sea to Continent,VLCC,6.41,USD
2022-10-14,TC5,North Sea to Continent,VLCC,6.381,USD
2022-10-15,TC5,North Sea to Continent,VLCC,6.376,USD
2022-10-16,TC5,North Sea to Continent,VLCC,6.398,USD
2022-10-17,TC5,North Sea to Continent,VLCC,6.328,USD
2022-10-18,TC5,North Sea to Continent,VLCC,6.357,USD
2022-10-19,TC5,North Sea to Continent,VLCC,6.518,USD
2022-10-20,TC5,North Sea to Continent,VLCC,6.446,USD
2022-10-21,TC5,North Sea to Continent,VLCC,6.571,USD
2022-10-22,TC5,North Sea to Continent,VLCC,6.727,USD
2022-10-23,TC5,North Sea to Continent,VLCC,6.65,USD
2022-10-24,TC5,North Sea to Continent,VLCC,6.51,USD
2022-10-25,TC5,North Sea to Continent,VLCC,6.548,USD
2022-10-26,TC5,North Sea to Continent,VLCC,6.5,USD
2022-10-27,TC5,North Sea to Continent,VLCC,6.695,USD
2022-10-28,TC5,North Sea to Continent,VLCC,6.705,USD
2022-10-29,TC5,North Sea to Continent,VLCC,6.631,USD
2022-10-30,TC5,North Sea to Continent,VLCC,6.523,USD
2022-10-31,TC5,North Sea to Continent,VLCC,6.641,USD
2022-11-01,TC5,North Sea to Continent,VLCC,6.591,USD
2022-11-02,TC5,North Sea to Continent,VLCC,6.603,USD
2022-11-03,TC5,North Sea to Continent,VLCC,6.708,USD
2022-11-04,TC5,North Sea to Continent,VLCC,6.666,USD
2022-11-05,TC5,North Sea to Continent,VLCC,6.67,USD
2022-11-06,TC5,North Sea to Continent,VLCC,6.676,USD
2022-11-07,TC5,North Sea to Continent,VLCC,6.753,USD
2022-11-08,TC5,North Sea to Continent,VLCC,6.82,USD
2022-11-09,TC5,North Sea to Continent,VLCC,6.805,USD
2022-11-10,TC5,North Sea to Continent,VLCC,6.819,USD
2022-11-11,TC5,North Sea to Continent,VLCC,6.789,USD
2022-11-12,TC5,North Sea to Continent,VLCC,6.649,USD
2022-11-13,TC5,North Sea to Continent,VLCC,6.684,USD
2022-11-14,TC5,North Sea to Continent,VLCC,6.884,USD
2022-11-15,TC5,North Sea to Continent,VLCC,6.802,USD
2022-11-16,TC5,North Sea to Continent,VLCC,6.733,USD
2022-11-17,TC5,North Sea to Continent,VLCC,6.655,USD
2022-11-18,TC5,North Sea to Continent,VLCC,6.738,USD
2022-11-19,TC5,North Sea to Continent,VLCC,6.793,USD
2022-11-20,TC5,North Sea to Continent,VLCC,6.786,USD
2022-11-21,TC5,North Sea to Continent,VLCC,6.703,USD
2022-11-22,TC5,North Sea to Continent,VLCC,6.722,USD
2022-11-23,TC5,North Sea to Continent,VLCC,6.575,USD
2022-11-24,TC5,North Sea to Continent,VLCC,6.601,USD
2022-11-25,TC5,North Sea to Continent,VLCC,6.701,USD
2022-11-26,TC5,North Sea to Continent,VLCC,6.586,USD
2022-11-27,TC5,North Sea to Continent,VLCC,6.444,USD
2022-11-28,TC5,North Sea to Continent,VLCC,6.616,USD
2022-11-29,TC5,North Sea to Continent,VLCC,6.566,USD
2022-11-30,TC5,North Sea to Continent,VLCC,6.693,USD
2022-12-01,TC5,North Sea to Continent,VLCC,6.688,USD
2022-12-02,TC5,North Sea to Continent,VLCC,6.683,USD
2022-12-03,TC5,North Sea to Continent,VLCC,6.739,USD
2022-12-04,TC5,North Sea to Continent,VLCC,6.661,USD
2022-12-05,TC5,North Sea to Continent,VLCC,6.686,USD
2022-12-06,TC5,North Sea to Continent,VLCC,6.66,USD
2022-12-07,TC5,North Sea to Continent,VLCC,6.539,USD
2022-12-08,TC5,North Sea to Continent,VLCC,6.586,USD
2022-12-09,TC5,North Sea to Continent,VLCC,6.573,USD
2022-12-10,TC5,North Sea to Continent,VLCC,6.57,USD
2022-12-11,TC5,North Sea to Continent,VLCC,6.461,USD
2022-12-12,TC5,North Sea to Continent,VLCC,6.635,USD
2022-12-13,TC5,North Sea to Continent,VLCC,6.736,USD
2022-12-14,TC5,North Sea to Continent,VLCC,6.844,USD
2022-12-15,TC5,North Sea to Continent,VLCC,6.824,USD
2022-12-16,TC5,North Sea to Continent,VLCC,6.661,USD
2022-12-17,TC5,North Sea to Continent,VLCC,6.869,USD
2022-12-18,TC5,North Sea to Continent,VLCC,6.873,USD
2022-12-19,TC5,North Sea to Continent,VLCC,6.808,USD
2022-12-20,TC5,North Sea to Continent,VLCC,6.861,USD
2022-12-21,TC5,North Sea to Continent,VLCC,6.988,USD
2022-12-22,TC5,North Sea to Continent,VLCC,6.995,USD
2022-12-23,TC5,North Sea to Continent,VLCC,7.133,USD
2022-12-24,TC5,North Sea to Continent,VLCC,7.249,USD
2022-12-25,TC5,North Sea to Continent,VLCC,7.147,USD
2022-12-26,TC5,North Sea to Continent,VLCC,7.087,USD
2022-12-27,TC5,North Sea to Continent,VLCC,7.191,USD
2022-12-28,TC5,North Sea to Continent,VLCC,6.925,USD
2022-12-29,TC5,North Sea to Continent,VLCC,6.92,USD
2022-12-30,TC5,North Sea to Continent,VLCC,6.786,USD
2022-12-31,TC5,North Sea to Continent,VLCC,6.749,USD
2023-01-01,TC5,North Sea to Continent,VLCC,6.73,USD
2023-01-02,TC5,North Sea to Continent,VLCC,6.705,USD
2023-01-03,TC5,North Sea to Continent,VLCC,6.661,USD
2023-01-04,TC5,North Sea to Continent,VLCC,6.563,USD
2023-01-05,TC5,North Sea to Continent,VLCC,6.805,USD
2023-01-06,TC5,North Sea to Continent,VLCC,7.003,USD
2023-01-07,TC5,North Sea to Continent,VLCC,6.894,USD
2023-01-08,TC5,North Sea to Continent,VLCC,7.062,USD
2023-01-09,TC5,North Sea to Continent,VLCC,7.03,USD
2023-01-10,TC5,North Sea to Continent,VLCC,7.05,USD
2023-01-11,TC5,North Sea to Continent,VLCC,7.051,USD
2023-01-12,TC5,North Sea to Continent,VLCC,6.992,USD
2023-01-13,TC5,North Sea to Continent,VLCC,7.099,USD
2023-01-14,TC5,North Sea to Continent,VLCC,7.118,USD
2023-01-15,TC5,North Sea to Continent,VLCC,7.076,USD
2023-01-16,TC5,North Sea to Continent,VLCC,6.952,USD
2023-01-17,TC5,North Sea to Continent,VLCC,6.87,USD
2023-01-18,TC5,North Sea to Continent,VLCC,6.713,USD
2023-01-19,TC5,North Sea to Continent,VLCC,6.724,USD
2023-01-20,TC5,North Sea to Continent,VLCC,6.613,USD
2023-01-21,TC5,North Sea to Continent,VLCC,6.597,USD
2023-01-22,TC5,North Sea to Continent,VLCC,6.745,USD
2023-01-23,TC5,North Sea to Continent,VLCC,6.875,USD
2023-01-24,TC5,North Sea to Continent,VLCC,6.879,USD
2023-01-25,TC5,North Sea to Continent,VLCC,6.877,USD
2023-01-26,TC5,North Sea to Continent,VLCC,7.073,USD
2023-01-27,TC5,North Sea to Continent,VLCC,7.13,USD
2023-01-28,TC5,North Sea to Continent,VLCC,7.102,USD
2023-01-29,TC5,North Sea to Continent,VLCC,6.963,USD
2023-01-30,TC5,North Sea to Continent,VLCC,7.008,USD
2023-01-31,TC5,North Sea to Continent,VLCC,7.096,USD
2023-02-01,TC5,North Sea to Continent,VLCC,7.037,USD
2023-02-02,TC5,North Sea to Continent,VLCC,7.07,USD
2023-02-03,TC5,North Sea to Continent,VLCC,7.038,USD
2023-02-04,TC5,North Sea to Continent,VLCC,7.023,USD
2023-02-05,TC5,North Sea to Continent,VLCC,6.777,USD
2023-02-06,TC5,North Sea to Continent,VLCC,6.761,USD
2023-02-07,TC5,North Sea to Continent,VLCC,6.865,USD
2023-02-08,TC5,North Sea to Continent,VLCC,6.806,USD
2023-02-09,TC5,North Sea to Continent,VLCC,6.817,USD
2023-02-10,TC5,North Sea to Continent,VLCC,6.746,USD
2023-02-11,TC5,North Sea to Continent,VLCC,6.788,USD
2023-02-12,TC5,North Sea to Continent,VLCC,6.771,USD
2023-02-13,TC5,North Sea to Continent,VLCC,6.681,USD
2023-02-14,TC5,North Sea to Continent,VLCC,6.821,USD
2023-02-15,TC5,North Sea to Continent,VLCC,6.918,USD
2023-02-16,TC5,North Sea to Continent,VLCC,6.86,USD
2023-02-17,TC5,North Sea to Continent,VLCC,6.913,USD
2023-02-18,TC5,North Sea to Continent,VLCC,6.969,USD
2023-02-19,TC5,North Sea to Continent,VLCC,7.035,USD
2023-02-20,TC5,North Sea to Continent,VLCC,6.865,USD
2023-02-21,TC5,North Sea to Continent,VLCC,6.969,USD
2023-02-22,TC5,North Sea to Continent,VLCC,6.912,USD
2023-02-23,TC5,North Sea to Continent,VLCC,6.877,USD
2023-02-24,TC5,North Sea to Continent,VLCC,7.144,USD
2023-02-25,TC5,North Sea to Continent,VLCC,7.172,USD
2023-02-26,TC5,North Sea to Continent,VLCC,7.131,USD
2023-02-27,TC5,North Sea to Continent,VLCC,6.908,USD
2023-02-28,TC5,North Sea to Continent,VLCC,7.047,USD
2023-03-01,TC5,North Sea to Continent,VLCC,6.911,USD
2023-03-02,TC5,North Sea to Continent,VLCC,6.809,USD
2023-03-03,TC5,North Sea to Continent,VLCC,6.776,USD
2023-03-04,TC5,North Sea to Continent,VLCC,6.919,USD
2023-03-05,TC5,North Sea to Continent,VLCC,6.995,USD
2023-03-06,TC5,North Sea to Continent,VLCC,6.977,USD
2023-03-07,TC5,North Sea to Continent,VLCC,7.005,USD
2023-03-08,TC5,North Sea to Continent,VLCC,6.942,USD
2023-03-09,TC5,North Sea to Continent,VLCC,6.954,USD
2023-03-10,TC5,North Sea to Continent,VLCC,6.958,USD
2023-03-11,TC5,North Sea to Continent,VLCC,7.052,USD
2023-03-12,TC5,North Sea to Continent,VLCC,7.145,USD
2023-03-13,TC5,North Sea to Continent,VLCC,7.189,USD
2023-03-14,TC5,North Sea to Continent,VLCC,7.146,USD
2023-03-15,TC5,North Sea to Continent,VLCC,7.214,USD
2023-03-16,TC5,North Sea to Continent,VLCC,7.198,USD
2023-03-17,TC5,North Sea to Continent,VLCC,7.082,USD
2023-03-18,TC5,North Sea to Continent,VLCC,7.035,USD
2023-03-19,TC5,North Sea to Continent,VLCC,7.037,USD
2023-03-20,TC5,North Sea to Continent,VLCC,7.122,USD
2023-03-21,TC5,North Sea to Continent,VLCC,7.096,USD
2023-03-22,TC5,North Sea to Continent,VLCC,6.968,USD
2023-03-23,TC5,North Sea to Continent,VLCC,6.967,USD
2023-03-24,TC5,North Sea to Continent,VLCC,6.971,USD
2023-03-25,TC5,North Sea to Continent,VLCC,6.983,USD
2023-03-26,TC5,North Sea to Continent,VLCC,7.068,USD
2023-03-27,TC5,North Sea to Continent,VLCC,7.162,USD
2023-03-28,TC5,North Sea to Continent,VLCC,7.092,USD
2023-03-29,TC5,North Sea to Continent,VLCC,7.021,USD
2023-03-30,TC5,North Sea to Continent,VLCC,6.908,USD
2023-03-31,TC5,North Sea to Continent,VLCC,6.97,USD
2023-04-01,TC5,North Sea to Continent,VLCC,7.107,USD
2023-04-02,TC5,North Sea to Continent,VLCC,7.065,USD
2023-04-03,TC5,North Sea to Continent,VLCC,7.03,USD
2023-04-04,TC5,North Sea to Continent,VLCC,7.167,USD
2023-04-05,TC5,North Sea to Continent,VLCC,7.206,USD
2023-04-06,TC5,North Sea to Continent,VLCC,7.237,USD
2023-04-07,TC5,North Sea to Continent,VLCC,7.105,USD
2023-04-08,TC5,North Sea to Continent,VLCC,7.161,USD
2023-04-09,TC5,North Sea to Continent,VLCC,7.055,USD
2023-04-10,TC5,North Sea to Continent,VLCC,6.929,USD
2023-04-11,TC5,North Sea to Continent,VLCC,6.883,USD
2023-04-12,TC5,North Sea to Continent,VLCC,6.814,USD
2023-04-13,TC5,North Sea to Continent,VLCC,6.781,USD
2023-04-14,TC5,North Sea to Continent,VLCC,6.626,USD
2023-04-15,TC5,North Sea to Continent,VLCC,6.714,USD
2023-04-16,TC5,North Sea to Continent,VLCC,6.817,USD
2023-04-17,TC5,North Sea to Continent,VLCC,6.61,USD
2023-04-18,TC5,North Sea to Continent,VLCC,6.699,USD
2023-04-19,TC5,North Sea to Continent,VLCC,6.607,USD
2023-04-20,TC5,North Sea to Continent,VLCC,6.683,USD
2023-04-21,TC5,North Sea to Continent,VLCC,6.665,USD
2023-04-22,TC5,North Sea to Continent,VLCC,6.657,USD
2023-04-23,TC5,North Sea to Continent,VLCC,6.628,USD
2023-04-24,TC5,North Sea to Continent,VLCC,6.739,USD
2023-04-25,TC5,North Sea to Continent,VLCC,6.602,USD
2023-04-26,TC5,North Sea to Continent,VLCC,6.652,USD
2023-04-27,TC5,North Sea to Continent,VLCC,6.751,USD
2023-04-28,TC5,North Sea to Continent,VLCC,6.809,USD
2023-04-29,TC5,North Sea to Continent,VLCC,7.029,USD
2023-04-30,TC5,North Sea to Continent,VLCC,6.96,USD
2023-05-01,TC5,North Sea to Continent,VLCC,7.04,USD
2023-05-02,TC5,North Sea to Continent,VLCC,7.013,USD
2023-05-03,TC5,North Sea to Continent,VLCC,7.12,USD
2023-05-04,TC5,North Sea to Continent,VLCC,7.101,USD
2023-05-05,TC5,North Sea to Continent,VLCC,7.044,USD
2023-05-06,TC5,North Sea to Continent,VLCC,7.158,USD
2023-05-07,TC5,North Sea to Continent,VLCC,7.09,USD
2023-05-08,TC5,North Sea to Continent,VLCC,6.93,USD
2023-05-09,TC5,North Sea to Continent,VLCC,6.861,USD
2023-05-10,TC5,North Sea to Continent,VLCC,6.907,USD
2023-05-11,TC5,North Sea to Continent,VLCC,7.029,USD
2023-05-12,TC5,North Sea to Continent,VLCC,7.022,USD
2023-05-13,TC5,North Sea to Continent,VLCC,7.136,USD
2023-05-14,TC5,North Sea to Continent,VLCC,6.98,USD
2023-05-15,TC5,North Sea to Continent,VLCC,6.917,USD
2023-05-16,TC5,North Sea to Continent,VLCC,6.87,USD
2023-05-17,TC5,North Sea to Continent,VLCC,6.841,USD
2023-05-18,TC5,North Sea to Continent,VLCC,6.832,USD
2023-05-19,TC5,North Sea to Continent,VLCC,6.884,USD
2023-05-20,TC5,North Sea to Continent,VLCC,6.821,USD
2023-05-21,TC5,North Sea to Continent,VLCC,6.817,USD
2023-05-22,TC5,North Sea to Continent,VLCC,6.795,USD
2023-05-23,TC5,North Sea to Continent,VLCC,6.684,USD
2023-05-24,TC5,North Sea to Continent,VLCC,6.656,USD
2023-05-25,TC5,North Sea to Continent,VLCC,6.625,USD
2023-05-26,TC5,North Sea to Continent,VLCC,6.593,USD
2023-05-27,TC5,North Sea to Continent,VLCC,6.58,USD
2023-05-28,TC5,North Sea to Continent,VLCC,6.571,USD
2023-05-29,TC5,North Sea to Continent,VLCC,6.512,USD
2023-05-30,TC5,North Sea to Continent,VLCC,6.624,USD
2023-05-31,TC5,North Sea to Continent,VLCC,6.49,USD
2023-06-01,TC5,North Sea to Continent,VLCC,6.402,USD
2023-06-02,TC5,North Sea to Continent,VLCC,6.666,USD
2023-06-03,TC5,North Sea to Continent,VLCC,6.545,USD
2023-06-04,TC5,North Sea to Continent,VLCC,6.392,USD
2023-06-05,TC5,North Sea to Continent,VLCC,6.451,USD
2023-06-06,TC5,North Sea to Continent,VLCC,6.227,USD
2023-06-07,TC5,North Sea to Continent,VLCC,6.19,USD
2023-06-08,TC5,North Sea to Continent,VLCC,6.393,USD
2023-06-09,TC5,North Sea to Continent,VLCC,6.223,USD
2023-06-10,TC5,North Sea to Continent,VLCC,6.01,USD
2023-06-11,TC5,North Sea to Continent,VLCC,5.848,USD
2023-06-12,TC5,North Sea to Continent,VLCC,5.929,USD
2023-06-13,TC5,North Sea to Continent,VLCC,6.031,USD
2023-06-14,TC5,North Sea to Continent,VLCC,5.968,USD
2023-06-15,TC5,North Sea to Continent,VLCC,6.026,USD
2023-06-16,TC5,North Sea to Continent,VLCC,6.154,USD
2023-06-17,TC5,North Sea to Continent,VLCC,6.32,USD
2023-06-18,TC5,North Sea to Continent,VLCC,6.281,USD
2023-06-19,TC5,North Sea to Continent,VLCC,6.035,USD
2023-06-20,TC5,North Sea to Continent,VLCC,5.941,USD
2023-06-21,TC5,North Sea to Continent,VLCC,5.888,USD
2023-06-22,TC5,North Sea to Continent,VLCC,5.851,USD
2023-06-23,TC5,North Sea to Continent,VLCC,5.822,USD
2023-06-24,TC5,North Sea to Continent,VLCC,5.925,USD
2023-06-25,TC5,North Sea to Continent,VLCC,6.043,USD
2023-06-26,TC5,North Sea to Continent,VLCC,6.014,USD
2023-06-27,TC5,North Sea to Continent,VLCC,6.112,USD
2023-06-28,TC5,North Sea to Continent,VLCC,6.136,USD
2023-06-29,TC5,North Sea to Continent,VLCC,6.13,USD
2023-06-30,TC5,North Sea to Continent,VLCC,6.208,USD
2023-07-01,TC5,North Sea to Continent,VLCC,6.202,USD
2023-07-02,TC5,North Sea to Continent,VLCC,6.396,USD
2023-07-03,TC5,North Sea to Continent,VLCC,6.236,USD
2023-07-04,TC5,North Sea to Continent,VLCC,6.171,USD
2023-07-05,TC5,North Sea to Continent,VLCC,6.146,USD
2023-07-06,TC5,North Sea to Continent,VLCC,6.178,USD
2023-07-07,TC5,North Sea to Continent,VLCC,6.292,USD
2023-07-08,TC5,North Sea to Continent,VLCC,6.276,USD
2023-07-09,TC5,North Sea to Continent,VLCC,6.12,USD
2023-07-10,TC5,North Sea to Continent,VLCC,6.193,USD
2023-07-11,TC5,North Sea to Continent,VLCC,6.256,USD
2023-07-12,TC5,North Sea to Continent,VLCC,6.049,USD
2023-07-13,TC5,North Sea to Continent,VLCC,6.037,USD
2023-07-14,TC5,North Sea to Continent,VLCC,5.867,USD
2023-07-15,TC5,North Sea to Continent,VLCC,5.792,USD
2023-07-16,TC5,North Sea to Continent,VLCC,5.693,USD
2023-07-17,TC5,North Sea to Continent,VLCC,5.768,USD
2023-07-18,TC5,North Sea to Continent,VLCC,5.772,USD
2023-07-19,TC5,North Sea to Continent,VLCC,5.636,USD
2023-07-20,TC5,North Sea to Continent,VLCC,5.718,USD
2023-07-21,TC5,North Sea to Continent,VLCC,5.568,USD
2023-07-22,TC5,North Sea to Continent,VLCC,5.596,USD
2023-07-23,TC5,North Sea to Continent,VLCC,5.509,USD
2023-07-24,TC5,North Sea to Continent,VLCC,5.469,USD
2023-07-25,TC5,North Sea to Continent,VLCC,5.516,USD
2023-07-26,TC5,North Sea to Continent,VLCC,5.564,USD
2023-07-27,TC5,North Sea to Continent,VLCC,5.695,USD
2023-07-28,TC5,North Sea to Continent,VLCC,5.681,USD
2023-07-29,TC5,North Sea to Continent,VLCC,5.707,USD
2023-07-30,TC5,North Sea to Continent,VLCC,5.658,USD
2023-07-31,TC5,North Sea to Continent,VLCC,5.672,USD
2023-08-01,TC5,North Sea to Continent,VLCC,5.712,USD
2023-08-02,TC5,North Sea to Continent,VLCC,5.697,USD
2023-08-03,TC5,North Sea to Continent,VLCC,5.512,USD
2023-08-04,TC5,North Sea to Continent,VLCC,5.543,USD
2023-08-05,TC5,North Sea to Continent,VLCC,5.577,USD
2023-08-06,TC5,North Sea to Continent,VLCC,5.506,USD
2023-08-07,TC5,North Sea to Continent,VLCC,5.376,USD
2023-08-08,TC5,North Sea to Continent,VLCC,5.524,USD
2023-08-09,TC5,North Sea to Continent,VLCC,5.572,USD
2023-08-10,TC5,North Sea to Continent,VLCC,5.547,USD
2023-08-11,TC5,North Sea to Continent,VLCC,5.432,USD
2023-08-12,TC5,North Sea to Continent,VLCC,5.349,USD
2023-08-13,TC5,North Sea to Continent,VLCC,5.481,USD
2023-08-14,TC5,North Sea to Continent,VLCC,5.495,USD
2023-08-15,TC5,North Sea to Continent,VLCC,5.44,USD
2023-08-16,TC5,North Sea to Continent,VLCC,5.492,USD
2023-08-17,TC5,North Sea to Continent,VLCC,5.411,USD
2023-08-18,TC5,North Sea to Continent,VLCC,5.563,USD
2023-08-19,TC5,North Sea to Continent,VLCC,5.699,USD
2023-08-20,TC5,North Sea to Continent,VLCC,5.652,USD
2023-08-21,TC5,North Sea to Continent,VLCC,5.588,USD
2023-08-22,TC5,North Sea to Continent,VLCC,5.326,USD
2023-08-23,TC5,North Sea to Continent,VLCC,5.181,USD
2023-08-24,TC5,North Sea to Continent,VLCC,5.052,USD
2023-08-25,TC5,North Sea to Continent,VLCC,5.072,USD
2023-08-26,TC5,North Sea to Continent,VLCC,5.047,USD
2023-08-27,TC5,North Sea to Continent,VLCC,4.919,USD
2023-08-28,TC5,North Sea to Continent,VLCC,4.899,USD
2023-08-29,TC5,North Sea to Continent,VLCC,4.96,USD
2023-08-30,TC5,North Sea to Continent,VLCC,5.021,USD
2023-08-31,TC5,North Sea to Continent,VLCC,4.839,USD
2023-09-01,TC5,North Sea to Continent,VLCC,4.837,USD
2023-09-02,TC5,North Sea to Continent,VLCC,4.709,USD
2023-09-03,TC5,North Sea to Continent,VLCC,4.812,USD
2023-09-04,TC5,North Sea to Continent,VLCC,4.903,USD
2023-09-05,TC5,North Sea to Continent,VLCC,4.823,USD
2023-09-06,TC5,North Sea to Continent,VLCC,4.759,USD
2023-09-07,TC5,North Sea to Continent,VLCC,4.725,USD
2023-09-08,TC5,North Sea to Continent,VLCC,4.513,USD
2023-09-09,TC5,North Sea to Continent,VLCC,4.562,USD
2023-09-10,TC5,North Sea to Continent,VLCC,4.551,USD
2023-09-11,TC5,North Sea to Continent,VLCC,4.664,USD
2023-09-12,TC5,North Sea to Continent,VLCC,4.569,USD
2023-09-13,TC5,North Sea to Continent,VLCC,4.523,USD
2023-09-14,TC5,North Sea to Continent,VLCC,4.389,USD
2023-09-15,TC5,North Sea to Continent,VLCC,4.307,USD
2023-09-16,TC5,North Sea to Continent,VLCC,4.208,USD
2023-09-17,TC5,North Sea to Continent,VLCC,4.329,USD
2023-09-18,TC5,North Sea to Continent,VLCC,4.279,USD
2023-09-19,TC5,North Sea to Continent,VLCC,4.313,USD
2023-09-20,TC5,North Sea to Continent,VLCC,4.295,USD
2023-09-21,TC5,North Sea to Continent,VLCC,4.189,USD
2023-09-22,TC5,North Sea to Continent,VLCC,4.195,USD
2023-09-23,TC5,North Sea to Continent,VLCC,4.278,USD
2023-09-24,TC5,North Sea to Continent,VLCC,4.178,USD
2023-09-25,TC5,North Sea to Continent,VLCC,4.283,USD
2023-09-26,TC5,North Sea to Continent,VLCC,4.22,USD
2023-09-27,TC5,North Sea to Continent,VLCC,4.196,USD
2023-09-28,TC5,North Sea to Continent,VLCC,4.273,USD
2023-09-29,TC5,North Sea to Continent,VLCC,4.23,USD
2023-09-30,TC5,North Sea to Continent,VLCC,4.258,USD
2023-10-01,TC5,North Sea to Continent,VLCC,4.25,USD
2023-10-02,TC5,North Sea to Continent,VLCC,4.288,USD
2023-10-03,TC5,North Sea to Continent,VLCC,4.073,USD
2023-10-04,TC5,North Sea to Continent,VLCC,3.916,USD
2023-10-05,TC5,North Sea to Continent,VLCC,4.007,USD
2023-10-06,TC5,North Sea to Continent,VLCC,4.139,USD
2023-10-07,TC5,North Sea to Continent,VLCC,4.074,USD
2023-10-08,TC5,North Sea to Continent,VLCC,4.078,USD
2023-10-09,TC5,North Sea to Continent,VLCC,4.135,USD
2023-10-10,TC5,North Sea to Continent,VLCC,4.233,USD
2023-10-11,TC5,North Sea to Continent,VLCC,4.056,USD
2023-10-12,TC5,North Sea to Continent,VLCC,3.996,USD
2023-10-13,TC5,North Sea to Continent,VLCC,3.992,USD
2023-10-14,TC5,North Sea to Continent,VLCC,4.093,USD
2023-10-15,TC5,North Sea to Continent,VLCC,4.373,USD
2023-10-16,TC5,North Sea to Continent,VLCC,4.377,USD
2023-10-17,TC5,North Sea to Continent,VLCC,4.263,USD
2023-10-18,TC5,North Sea to Continent,VLCC,4.332,USD
2023-10-19,TC5,North Sea to Continent,VLCC,4.492,USD
2023-10-20,TC5,North Sea to Continent,VLCC,4.529,USD
2023-10-21,TC5,North Sea to Continent,VLCC,4.465,USD
2023-10-22,TC5,North Sea to Continent,VLCC,4.588,USD
2023-10-23,TC5,North Sea to Continent,VLCC,4.681,USD
2023-10-24,TC5,North Sea to Continent,VLCC,4.603,USD
2023-10-25,TC5,North Sea to Continent,VLCC,4.668,USD
2023-10-26,TC5,North Sea to Continent,VLCC,4.794,USD
2023-10-27,TC5,North Sea to Continent,VLCC,4.938,USD
2023-10-28,TC5,North Sea to Continent,VLCC,4.955,USD
2023-10-29,TC5,North Sea to Continent,VLCC,4.943,USD
2023-10-30,TC5,North Sea to Continent,VLCC,5.09,USD
2023-10-31,TC5,North Sea to Continent,VLCC,4.991,USD
2023-11-01,TC5,North Sea to Continent,VLCC,5.059,USD
2023-11-02,TC5,North Sea to Continent,VLCC,4.945,USD
2023-11-03,TC5,North Sea to Continent,VLCC,5.077,USD
2023-11-04,TC5,North Sea to Continent,VLCC,5.075,USD
2023-11-05,TC5,North Sea to Continent,VLCC,5.226,USD
2023-11-06,TC5,North Sea to Continent,VLCC,5.298,USD
2023-11-07,TC5,North Sea to Continent,VLCC,5.197,USD
2023-11-08,TC5,North Sea to Continent,VLCC,5.364,USD
2023-11-09,TC5,North Sea to Continent,VLCC,5.541,USD
2023-11-10,TC5,North Sea to Continent,VLCC,5.65,USD
2023-11-11,TC5,North Sea to Continent,VLCC,5.593,USD
2023-11-12,TC5,North Sea to Continent,VLCC,5.582,USD
2023-11-13,TC5,North Sea to Continent,VLCC,5.617,USD
2023-11-14,TC5,North Sea to Continent,VLCC,5.566,USD
2023-11-15,TC5,North Sea to Continent,VLCC,5.756,USD
2023-11-16,TC5,North Sea to Continent,VLCC,5.79,USD
2023-11-17,TC5,North Sea to Continent,VLCC,5.537,USD
2023-11-18,TC5,North Sea to Continent,VLCC,5.593,USD
2023-11-19,TC5,North Sea to Continent,VLCC,5.579,USD
2023-11-20,TC5,North Sea to Continent,VLCC,5.592,USD
2023-11-21,TC5,North Sea to Continent,VLCC,5.576,USD
2023-11-22,TC5,North Sea to Continent,VLCC,5.679,USD
2023-11-23,TC5,North Sea to Continent,VLCC,5.812,USD
2023-11-24,TC5,North Sea to Continent,VLCC,5.86,USD
2023-11-25,TC5,North Sea to Continent,VLCC,5.845,USD
2023-11-26,TC5,North Sea to Continent,VLCC,5.86,USD
2023-11-27,TC5,North Sea to Continent,VLCC,5.881,USD
2023-11-28,TC5,North Sea to Continent,VLCC,5.819,USD
2023-11-29,TC5,North Sea to Continent,VLCC,5.897,USD
2023-11-30,TC5,North Sea to Continent,VLCC,5.963,USD
2023-12-01,TC5,North Sea to Continent,VLCC,6.136,USD
2023-12-02,TC5,North Sea to Continent,VLCC,6.279,USD
2023-12-03,TC5,North Sea to Continent,VLCC,6.225,USD
2023-12-04,TC5,North Sea to Continent,VLCC,6.324,USD
2023-12-05,TC5,North Sea to Continent,VLCC,6.244,USD
2023-12-06,TC5,North Sea to Continent,VLCC,6.33,USD
2023-12-07,TC5,North Sea to Continent,VLCC,6.293,USD
2023-12-08,TC5,North Sea to Continent,VLCC,6.206,USD
2023-12-09,TC5,North Sea to Continent,VLCC,6.251,USD
2023-12-10,TC5,North Sea to Continent,VLCC,5.998,USD
2023-12-11,TC5,North Sea to Continent,VLCC,5.841,USD
2023-12-12,TC5,North Sea to Continent,VLCC,5.844,USD
2023-12-13,TC5,North Sea to Continent,VLCC,5.873,USD
2023-12-14,TC5,North Sea to Continent,VLCC,5.856,USD
2023-12-15,TC5,North Sea to Continent,VLCC,5.717,USD
2023-12-16,TC5,North Sea to Continent,VLCC,5.657,USD
2023-12-17,TC5,North Sea to Continent,VLCC,5.719,USD
2023-12-18,TC5,North Sea to Continent,VLCC,5.799,USD
2023-12-19,TC5,North Sea to Continent,VLCC,5.818,USD
2023-12-20,TC5,North Sea to Continent,VLCC,5.955,USD
2023-12-21,TC5,North Sea to Continent,VLCC,6.014,USD
2023-12-22,TC5,North Sea to Continent,VLCC,5.958,USD
2023-12-23,TC5,North Sea to Continent,VLCC,5.949,USD
2023-12-24,TC5,North Sea to Continent,VLCC,5.828,USD
2023-12-25,TC5,North Sea to Continent,VLCC,5.837,USD
2023-12-26,TC5,North Sea to Continent,VLCC,5.969,USD
2023-12-27,TC5,North Sea to Continent,VLCC,6.057,USD
2023-12-28,TC5,North Sea to Continent,VLCC,6.216,USD
2023-12-29,TC5,North Sea to Continent,VLCC,6.202,USD
2023-12-30,TC5,North Sea to Continent,VLCC,6.354,USD
2023-12-31,TC5,North Sea to Continent,VLCC,6.35,USD
2024-01-01,TC5,North Sea to Continent,VLCC,6.513,USD
2024-01-02,TC5,North Sea to Continent,VLCC,6.524,USD
2024-01-03,TC5,North Sea to Continent,VLCC,6.608,USD
2024-01-04,TC5,North Sea to Continent,VLCC,6.769,USD
2024-01-05,TC5,North Sea to Continent,VLCC,6.76,USD
2024-01-06,TC5,North Sea to Continent,VLCC,6.792,USD
2024-01-07,TC5,North Sea to Continent,VLCC,6.932,USD
2024-01-08,TC5,North Sea to Continent,VLCC,6.927,USD
2024-01-09,TC5,North Sea to Continent,VLCC,6.803,USD
2024-01-10,TC5,North Sea to Continent,VLCC,7.029,USD
2024-01-11,TC5,North Sea to Continent,VLCC,6.989,USD
2024-01-12,TC5,North Sea to Continent,VLCC,7.013,USD
2024-01-13,TC5,North Sea to Continent,VLCC,7.136,USD
2024-01-14,TC5,North Sea to Continent,VLCC,7.081,USD
2024-01-15,TC5,North Sea to Continent,VLCC,6.987,USD
2024-01-16,TC5,North Sea to Continent,VLCC,7.019,USD
2024-01-17,TC5,North Sea to Continent,VLCC,6.846,USD
2024-01-18,TC5,North Sea to Continent,VLCC,6.826,USD
2024-01-19,TC5,North Sea to Continent,VLCC,6.859,USD
2024-01-20,TC5,North Sea to Continent,VLCC,6.84,USD
2024-01-21,TC5,North Sea to Continent,VLCC,6.694,USD
2024-01-22,TC5,North Sea to Continent,VLCC,6.863,USD
2024-01-23,TC5,North Sea to Continent,VLCC,6.881,USD
2024-01-24,TC5,North Sea to Continent,VLCC,7.032,USD
2024-01-25,TC5,North Sea to Continent,VLCC,7.012,USD
2024-01-26,TC5,North Sea to Continent,VLCC,6.929,USD
2024-01-27,TC5,North Sea to Continent,VLCC,6.963,USD
2024-01-28,TC5,North Sea to Continent,VLCC,6.947,USD
2024-01-29,TC5,North Sea to Continent,VLCC,6.835,USD
2024-01-30,TC5,North Sea to Continent,VLCC,6.989,USD
2024-01-31,TC5,North Sea to Continent,VLCC,6.932,USD
2024-02-01,TC5,North Sea to Continent,VLCC,6.753,USD
2024-02-02,TC5,North Sea to Continent,VLCC,6.893,USD
2024-02-03,TC5,North Sea to Continent,VLCC,6.848,USD
2024-02-04,TC5,North Sea to Continent,VLCC,6.793,USD
2024-02-05,TC5,North Sea to Continent,VLCC,6.622,USD
2024-02-06,TC5,North Sea to Continent,VLCC,6.804,USD
2024-02-07,TC5,North Sea to Continent,VLCC,6.681,USD
2024-02-08,TC5,North Sea to Continent,VLCC,6.693,USD
2024-02-09,TC5,North Sea to Continent,VLCC,6.791,USD
2024-02-10,TC5,North Sea to Continent,VLCC,6.839,USD
2024-02-11,TC5,North Sea to Continent,VLCC,6.838,USD
2024-02-12,TC5,North Sea to Continent,VLCC,6.671,USD
2024-02-13,TC5,North Sea to Continent,VLCC,6.596,USD
2024-02-14,TC5,North Sea to Continent,VLCC,6.621,USD
2024-02-15,TC5,North Sea to Continent,VLCC,6.548,USD
2024-02-16,TC5,North Sea to Continent,VLCC,6.574,USD
2024-02-17,TC5,North Sea to Continent,VLCC,6.649,USD
2024-02-18,TC5,North Sea to Continent,VLCC,6.75,USD
2024-02-19,TC5,North Sea to Continent,VLCC,6.631,USD
2024-02-20,TC5,North Sea to Continent,VLCC,6.856,USD
2024-02-21,TC5,North Sea to Continent,VLCC,6.935,USD
2024-02-22,TC5,North Sea to Continent,VLCC,6.936,USD
2024-02-23,TC5,North Sea to Continent,VLCC,7.047,USD
2024-02-24,TC5,North Sea to Continent,VLCC,7.284,USD
2024-02-25,TC5,North Sea to Continent,VLCC,7.136,USD
2024-02-26,TC5,North Sea to Continent,VLCC,7.112,USD
2024-02-27,TC5,North Sea to Continent,VLCC,6.871,USD
2024-02-28,TC5,North Sea to Continent,VLCC,6.891,USD
2024-02-29,TC5,North Sea to Continent,VLCC,6.928,USD
2024-03-01,TC5,North Sea to Continent,VLCC,6.923,USD
2024-03-02,TC5,North Sea to Continent,VLCC,6.856,USD
2024-03-03,TC5,North Sea to Continent,VLCC,6.65,USD
2024-03-04,TC5,North Sea to Continent,VLCC,6.689,USD
2024-03-05,TC5,North Sea to Continent,VLCC,6.836,USD
2024-03-06,TC5,North Sea to Continent,VLCC,6.775,USD
2024-03-07,TC5,North Sea to Continent,VLCC,6.819,USD
2024-03-08,TC5,North Sea to Continent,VLCC,6.66,USD
2024-03-09,TC5,North Sea to Continent,VLCC,6.706,USD
2024-03-10,TC5,North Sea to Continent,VLCC,6.666,USD
2024-03-11,TC5,North Sea to Continent,VLCC,6.588,USD
2024-03-12,TC5,North Sea to Continent,VLCC,6.512,USD
2024-03-13,TC5,North Sea to Continent,VLCC,6.473,USD
2024-03-14,TC5,North Sea to Continent,VLCC,6.512,USD
2024-03-15,TC5,North Sea to Continent,VLCC,6.38,USD
2024-03-16,TC5,North Sea to Continent,VLCC,6.341,USD
2024-03-17,TC5,North Sea to Continent,VLCC,6.338,USD
2024-03-18,TC5,North Sea to Continent,VLCC,6.229,USD
2024-03-19,TC5,North Sea to Continent,VLCC,6.411,USD
2024-03-20,TC5,North Sea to Continent,VLCC,6.324,USD
2024-03-21,TC5,North Sea to Continent,VLCC,6.257,USD
2024-03-22,TC5,North Sea to Continent,VLCC,6.16,USD
2024-03-23,TC5,North Sea to Continent,VLCC,6.342,USD
2024-03-24,TC5,North Sea to Continent,VLCC,6.396,USD
2024-03-25,TC5,North Sea to Continent,VLCC,6.301,USD
2024-03-26,TC5,North Sea to Continent,VLCC,6.411,USD
2024-03-27,TC5,North Sea to Continent,VLCC,6.429,USD
2024-03-28,TC5,North Sea to Continent,VLCC,6.452,USD
2024-03-29,TC5,North Sea to Continent,VLCC,6.414,USD
2024-03-30,TC5,North Sea to Continent,VLCC,6.336,USD
2024-03-31,TC5,North Sea to Continent,VLCC,6.368,USD
2024-04-01,TC5,North Sea to Continent,VLCC,6.31,USD
2024-04-02,TC5,North Sea to Continent,VLCC,6.489,USD
2024-04-03,TC5,North Sea to Continent,VLCC,6.357,USD
2024-04-04,TC5,North Sea to Continent,VLCC,6.508,USD
2024-04-05,TC5,North Sea to Continent,VLCC,6.491,USD
2024-04-06,TC5,North Sea to Continent,VLCC,6.515,USD
2024-04-07,TC5,North Sea to Continent,VLCC,6.593,USD
2024-04-08,TC5,North Sea to Continent,VLCC,6.523,USD
2024-04-09,TC5,North Sea to Continent,VLCC,6.603,USD
2024-04-10,TC5,North Sea to Continent,VLCC,6.323,USD
2024-04-11,TC5,North Sea to Continent,VLCC,6.246,USD
2024-04-12,TC5,North Sea to Continent,VLCC,6.148,USD
2024-04-13,TC5,North Sea to Continent,VLCC,6.019,USD
2024-04-14,TC5,North Sea to Continent,VLCC,5.994,USD
2024-04-15,TC5,North Sea to Continent,VLCC,6.03,USD
2024-04-16,TC5,North Sea to Continent,VLCC,6.097,USD
2024-04-17,TC5,North Sea to Continent,VLCC,6.117,USD
2024-04-18,TC5,North Sea to Continent,VLCC,6.046,USD
2024-04-19,TC5,North Sea to Continent,VLCC,6.079,USD
2024-04-20,TC5,North Sea to Continent,VLCC,6.086,USD
2024-04-21,TC5,North Sea to Continent,VLCC,6.175,USD
2024-04-22,TC5,North Sea to Continent,VLCC,6.247,USD
2024-04-23,TC5,North Sea to Continent,VLCC,6.243,USD
2024-04-24,TC5,North Sea to Continent,VLCC,6.145,USD
2024-04-25,TC5,North Sea to Continent,VLCC,6.073,USD
2024-04-26,TC5,North Sea to Continent,VLCC,6.012,USD
2024-04-27,TC5,North Sea to Continent,VLCC,5.975,USD
2024-04-28,TC5,North Sea to Continent,VLCC,5.996,USD
2024-04-29,TC5,North Sea to Continent,VLCC,6.062,USD
2024-04-30,TC5,North Sea to Continent,VLCC,6.05,USD
2024-05-01,TC5,North Sea to Continent,VLCC,6.045,USD
2024-05-02,TC5,North Sea to Continent,VLCC,6.052,USD
2024-05-03,TC5,North Sea to Continent,VLCC,5.993,USD
2024-05-04,TC5,North Sea to Continent,VLCC,5.894,USD
2024-05-05,TC5,North Sea to Continent,VLCC,5.711,USD
2024-05-06,TC5,North Sea to Continent,VLCC,5.637,USD
2024-05-07,TC5,North Sea to Continent,VLCC,5.681,USD
2024-05-08,TC5,North Sea to Continent,VLCC,5.606,USD
2024-05-09,TC5,North Sea to Continent,VLCC,5.578,USD
2024-05-10,TC5,North Sea to Continent,VLCC,5.621,USD
2024-05-11,TC5,North Sea to Continent,VLCC,5.669,USD
2024-05-12,TC5,North Sea to Continent,VLCC,5.556,USD
2024-05-13,TC5,North Sea to Continent,VLCC,5.652,USD
2024-05-14,TC5,North Sea to Continent,VLCC,5.76,USD
2024-05-15,TC5,North Sea to Continent,VLCC,5.64,USD
2024-05-16,TC5,North Sea to Continent,VLCC,5.552,USD
2024-05-17,TC5,North Sea to Continent,VLCC,5.667,USD
2024-05-18,TC5,North Sea to Continent,VLCC,5.647,USD
2024-05-19,TC5,North Sea to Continent,VLCC,5.418,USD
2024-05-20,TC5,North Sea to Continent,VLCC,5.274,USD
2024-05-21,TC5,North Sea to Continent,VLCC,5.247,USD
2024-05-22,TC5,North Sea to Continent,VLCC,5.128,USD
2024-05-23,TC5,North Sea to Continent,VLCC,5.085,USD
2024-05-24,TC5,North Sea to Continent,VLCC,5.088,USD
2024-05-25,TC5,North Sea to Continent,VLCC,5.234,USD
2024-05-26,TC5,North Sea to Continent,VLCC,5.202,USD
2024-05-27,TC5,North Sea to Continent,VLCC,5.307,USD
2024-05-28,TC5,North Sea to Continent,VLCC,5.447,USD
2024-05-29,TC5,North Sea to Continent,VLCC,5.586,USD
2024-05-30,TC5,North Sea to Continent,VLCC,5.609,USD
2024-05-31,TC5,North Sea to Continent,VLCC,5.405,USD
2024-06-01,TC5,North Sea to Continent,VLCC,5.446,USD
2024-06-02,TC5,North Sea to Continent,VLCC,5.546,USD
2024-06-03,TC5,North Sea to Continent,VLCC,5.532,USD
2024-06-04,TC5,North Sea to Continent,VLCC,5.701,USD
2024-06-05,TC5,North Sea to Continent,VLCC,5.779,USD
2024-06-06,TC5,North Sea to Continent,VLCC,5.827,USD
2024-06-07,TC5,North Sea to Continent,VLCC,5.927,USD
2024-06-08,TC5,North Sea to Continent,VLCC,5.95,USD
2024-06-09,TC5,North Sea to Continent,VLCC,5.689,USD
2024-06-10,TC5,North Sea to Continent,VLCC,5.631,USD
2024-06-11,TC5,North Sea to Continent,VLCC,5.744,USD
2024-06-12,TC5,North Sea to Continent,VLCC,5.654,USD
2024-06-13,TC5,North Sea to Continent,VLCC,5.623,USD
2024-06-14,TC5,North Sea to Continent,VLCC,5.511,USD
2024-06-15,TC5,North Sea to Continent,VLCC,5.684,USD
2024-06-16,TC5,North Sea to Continent,VLCC,5.844,USD
2024-06-17,TC5,North Sea to Continent,VLCC,5.746,USD
2024-06-18,TC5,North Sea to Continent,VLCC,5.751,USD
2024-06-19,TC5,North Sea to Continent,VLCC,5.674,USD
2024-06-20,TC5,North Sea to Continent,VLCC,5.728,USD
2024-06-21,TC5,North Sea to Continent,VLCC,5.77,USD
2024-06-22,TC5,North Sea to Continent,VLCC,5.843,USD
2024-06-23,TC5,North Sea to Continent,VLCC,5.866,USD
2024-06-24,TC5,North Sea to Continent,VLCC,6.151,USD
2024-06-25,TC5,North Sea to Continent,VLCC,6.035,USD
2024-06-26,TC5,North Sea to Continent,VLCC,5.851,USD
2024-06-27,TC5,North Sea to Continent,VLCC,5.802,USD
2024-06-28,TC5,North Sea to Continent,VLCC,5.635,USD
2024-06-29,TC5,North Sea to Continent,VLCC,5.478,USD
2024-06-30,TC5,North Sea to Continent,VLCC,5.372,USD
2024-07-01,TC5,North Sea to Continent,VLCC,5.274,USD
2024-07-02,TC5,North Sea to Continent,VLCC,5.175,USD
2024-07-03,TC5,North Sea to Continent,VLCC,5.224,USD
2024-07-04,TC5,North Sea to Continent,VLCC,5.17,USD
2024-07-05,TC5,North Sea to Continent,VLCC,5.149,USD
2024-07-06,TC5,North Sea to Continent,VLCC,5.237,USD
2024-07-07,TC5,North Sea to Continent,VLCC,5.157,USD
2024-07-08,TC5,North Sea to Continent,VLCC,5.128,USD
2024-07-09,TC5,North Sea to Continent,VLCC,5.163,USD
2024-07-10,TC5,North Sea to Continent,VLCC,4.966,USD
2024-07-11,TC5,North Sea to Continent,VLCC,4.726,USD
2024-07-12,TC5,North Sea to Continent,VLCC,4.764,USD
2024-07-13,TC5,North Sea to Continent,VLCC,4.815,USD
2024-07-14,TC5,North Sea to Continent,VLCC,5.024,USD
2024-07-15,TC5,North Sea to Continent,VLCC,5.04,USD
2024-07-16,TC5,North Sea to Continent,VLCC,5.122,USD
2024-07-17,TC5,North Sea to Continent,VLCC,5.102,USD
2024-07-18,TC5,North Sea to Continent,VLCC,5.131,USD
2024-07-19,TC5,North Sea to Continent,VLCC,5.297,USD
2024-07-20,TC5,North Sea to Continent,VLCC,5.082,USD
2024-07-21,TC5,North Sea to Continent,VLCC,5.123,USD
2024-07-22,TC5,North Sea to Continent,VLCC,5.338,USD
2024-07-23,TC5,North Sea to Continent,VLCC,5.364,USD
2024-07-24,TC5,North Sea to Continent,VLCC,5.527,USD
2024-07-25,TC5,North Sea to Continent,VLCC,5.46,USD
2024-07-26,TC5,North Sea to Continent,VLCC,5.454,USD
2024-07-27,TC5,North Sea to Continent,VLCC,5.454,USD
2024-07-28,TC5,North Sea to Continent,VLCC,5.229,USD
2024-07-29,TC5,North Sea to Continent,VLCC,5.111,USD
2024-07-30,TC5,North Sea to Continent,VLCC,5.002,USD
2024-07-31,TC5,North Sea to Continent,VLCC,5.087,USD
2024-08-01,TC5,North Sea to Continent,VLCC,5.176,USD
2024-08-02,TC5,North Sea to Continent,VLCC,5.21,USD
2024-08-03,TC5,North Sea to Continent,VLCC,5.293,USD
2024-08-04,TC5,North Sea to Continent,VLCC,5.277,USD
2024-08-05,TC5,North Sea to Continent,VLCC,5.398,USD
2024-08-06,TC5,North Sea to Continent,VLCC,5.398,USD
2024-08-07,TC5,North Sea to Continent,VLCC,5.404,USD
2024-08-08,TC5,North Sea to Continent,VLCC,5.377,USD
2024-08-09,TC5,North Sea to Continent,VLCC,5.446,USD
2024-08-10,TC5,North Sea to Continent,VLCC,5.404,USD
2024-08-11,TC5,North Sea to Continent,VLCC,5.502,USD
2024-08-12,TC5,North Sea to Continent,VLCC,5.388,USD
2024-08-13,TC5,North Sea to Continent,VLCC,5.279,USD
2024-08-14,TC5,North Sea to Continent,VLCC,5.35,USD
2024-08-15,TC5,North Sea to Continent,VLCC,5.343,USD
2024-08-16,TC5,North Sea to Continent,VLCC,5.299,USD
2024-08-17,TC5,North Sea to Continent,VLCC,5.391,USD
2024-08-18,TC5,North Sea to Continent,VLCC,5.333,USD
2024-08-19,TC5,North Sea to Continent,VLCC,5.315,USD
2024-08-20,TC5,North Sea to Continent,VLCC,5.459,USD
2024-08-21,TC5,North Sea to Continent,VLCC,5.616,USD
2024-08-22,TC5,North Sea to Continent,VLCC,5.774,USD
2024-08-23,TC5,North Sea to Continent,VLCC,5.745,USD
2024-08-24,TC5,North Sea to Continent,VLCC,5.869,USD
2024-08-25,TC5,North Sea to Continent,VLCC,5.772,USD
2024-08-26,TC5,North Sea to Continent,VLCC,5.681,USD
2024-08-27,TC5,North Sea to Continent,VLCC,5.447,USD
2024-08-28,TC5,North Sea to Continent,VLCC,5.618,USD
2024-08-29,TC5,North Sea to Continent,VLCC,5.534,USD
2024-08-30,TC5,North Sea to Continent,VLCC,5.525,USD
2024-08-31,TC5,North Sea to Continent,VLCC,5.437,USD
2024-09-01,TC5,North Sea to Continent,VLCC,5.512,USD
2024-09-02,TC5,North Sea to Continent,VLCC,5.479,USD
2024-09-03,TC5,North Sea to Continent,VLCC,5.353,USD
2024-09-04,TC5,North Sea to Continent,VLCC,5.403,USD
2024-09-05,TC5,North Sea to Continent,VLCC,5.266,USD
2024-09-06,TC5,North Sea to Continent,VLCC,5.19,USD
2024-09-07,TC5,North Sea to Continent,VLCC,4.987,USD
2024-09-08,TC5,North Sea to Continent,VLCC,4.855,USD
2024-09-09,TC5,North Sea to Continent,VLCC,4.886,USD
2024-09-10,TC5,North Sea to Continent,VLCC,4.701,USD
2024-09-11,TC5,North Sea to Continent,VLCC,4.568,USD
2024-09-12,TC5,North Sea to Continent,VLCC,4.584,USD
2024-09-13,TC5,North Sea to Continent,VLCC,4.546,USD
2024-09-14,TC5,North Sea to Continent,VLCC,4.763,USD
2024-09-15,TC5,North Sea to Continent,VLCC,4.962,USD
2024-09-16,TC5,North Sea to Continent,VLCC,4.889,USD
2024-09-17,TC5,North Sea to Continent,VLCC,4.959,USD
2024-09-18,TC5,North Sea to Continent,VLCC,5.048,USD
2024-09-19,TC5,North Sea to Continent,VLCC,5.002,USD
2024-09-20,TC5,North Sea to Continent,VLCC,4.866,USD
2024-09-21,TC5,North Sea to Continent,VLCC,4.88,USD
2024-09-22,TC5,North Sea to Continent,VLCC,4.879,USD
2024-09-23,TC5,North Sea to Continent,VLCC,4.851,USD
2024-09-24,TC5,North Sea to Continent,VLCC,4.913,USD
2024-09-25,TC5,North Sea to Continent,VLCC,4.854,USD
2024-09-26,TC5,North Sea to Continent,VLCC,4.755,USD
2024-09-27,TC5,North Sea to Continent,VLCC,4.784,USD
2024-09-28,TC5,North Sea to Continent,VLCC,4.842,USD
2024-09-29,TC5,North Sea to Continent,VLCC,4.742,USD
2024-09-30,TC5,North Sea to Continent,VLCC,4.854,USD
2024-10-01,TC5,North Sea to Continent,VLCC,4.695,USD
2024-10-02,TC5,North Sea to Continent,VLCC,4.657,USD
2024-10-03,TC5,North Sea to Continent,VLCC,4.652,USD
2024-10-04,TC5,North Sea to Continent,VLCC,4.61,USD
2024-10-05,TC5,North Sea to Continent,VLCC,4.575,USD
2024-10-06,TC5,North Sea to Continent,VLCC,4.785,USD
2024-10-07,TC5,North Sea to Continent,VLCC,4.721,USD
2024-10-08,TC5,North Sea to Continent,VLCC,4.987,USD
2024-10-09,TC5,North Sea to Continent,VLCC,5.05,USD
2024-10-10,TC5,North Sea to Continent,VLCC,5.078,USD
2024-10-11,TC5,North Sea to Continent,VLCC,5.145,USD
2024-10-12,TC5,North Sea to Continent,VLCC,5.417,USD
2024-10-13,TC5,North Sea to Continent,VLCC,5.333,USD
2024-10-14,TC5,North Sea to Continent,VLCC,5.238,USD
2024-10-15,TC5,North Sea to Continent,VLCC,5.18,USD
2024-10-16,TC5,North Sea to Continent,VLCC,5.202,USD
2024-10-17,TC5,North Sea to Continent,VLCC,5.048,USD
2024-10-18,TC5,North Sea to Continent,VLCC,5.071,USD
2024-10-19,TC5,North Sea to Continent,VLCC,5.261,USD
2024-10-20,TC5,North Sea to Continent,VLCC,5.296,USD
2024-10-21,TC5,North Sea to Continent,VLCC,5.285,USD
2024-10-22,TC5,North Sea to Continent,VLCC,5.242,USD
2024-10-23,TC5,North Sea to Continent,VLCC,5.352,USD
2024-10-24,TC5,North Sea to Continent,VLCC,5.288,USD
2024-10-25,TC5,North Sea to Continent,VLCC,5.494,USD
2024-10-26,TC5,North Sea to Continent,VLCC,5.706,USD
2024-10-27,TC5,North Sea to Continent,VLCC,5.748,USD
2024-10-28,TC5,North Sea to Continent,VLCC,5.762,USD
2024-10-29,TC5,North Sea to Continent,VLCC,5.882,USD
2024-10-30,TC5,North Sea to Continent,VLCC,6.006,USD
2024-10-31,TC5,North Sea to Continent,VLCC,5.939,USD
2024-11-01,TC5,North Sea to Continent,VLCC,5.901,USD
2024-11-02,TC5,North Sea to Continent,VLCC,5.784,USD
2024-11-03,TC5,North Sea to Continent,VLCC,5.841,USD
2024-11-04,TC5,North Sea to Continent,VLCC,5.925,USD
2024-11-05,TC5,North Sea to Continent,VLCC,5.805,USD
2024-11-06,TC5,North Sea to Continent,VLCC,5.776,USD
2024-11-07,TC5,North Sea to Continent,VLCC,5.658,USD
2024-11-08,TC5,North Sea to Continent,VLCC,5.587,USD
2024-11-09,TC5,North Sea to Continent,VLCC,5.662,USD
2024-11-10,TC5,North Sea to Continent,VLCC,5.607,USD
2024-11-11,TC5,North Sea to Continent,VLCC,5.597,USD
2024-11-12,TC5,North Sea to Continent,VLCC,5.453,USD
2024-11-13,TC5,North Sea to Continent,VLCC,5.494,USD
2024-11-14,TC5,North Sea to Continent,VLCC,5.511,USD
2024-11-15,TC5,North Sea to Continent,VLCC,5.459,USD
2024-11-16,TC5,North Sea to Continent,VLCC,5.462,USD
2024-11-17,TC5,North Sea to Continent,VLCC,5.502,USD
2024-11-18,TC5,North Sea to Continent,VLCC,5.442,USD
2024-11-19,TC5,North Sea to Continent,VLCC,5.317,USD
2024-11-20,TC5,North Sea to Continent,VLCC,5.522,USD
2024-11-21,TC5,North Sea to Continent,VLCC,5.48,USD
2024-11-22,TC5,North Sea to Continent,VLCC,5.493,USD
2024-11-23,TC5,North Sea to Continent,VLCC,5.617,USD
2024-11-24,TC5,North Sea to Continent,VLCC,5.993,USD
2024-11-25,TC5,North Sea to Continent,VLCC,5.886,USD
2024-11-26,TC5,North Sea to Continent,VLCC,5.95,USD
2024-11-27,TC5,North Sea to Continent,VLCC,5.897,USD
2024-11-28,TC5,North Sea to Continent,VLCC,5.862,USD
2024-11-29,TC5,North Sea to Continent,VLCC,5.809,USD
2024-11-30,TC5,North Sea to Continent,VLCC,5.716,USD
2024-12-01,TC5,North Sea to Continent,VLCC,5.733,USD
2024-12-02,TC5,North Sea to Continent,VLCC,5.606,USD
2024-12-03,TC5,North Sea to Continent,VLCC,5.723,USD
2024-12-04,TC5,North Sea to Continent,VLCC,5.75,USD
2024-12-05,TC5,North Sea to Continent,VLCC,5.814,USD
2024-12-06,TC5,North Sea to Continent,VLCC,5.787,USD
2024-12-07,TC5,North Sea to Continent,VLCC,5.771,USD
2024-12-08,TC5,North Sea to Continent,VLCC,5.821,USD
2024-12-09,TC5,North Sea to Continent,VLCC,5.725,USD
2024-12-10,TC5,North Sea to Continent,VLCC,5.71,USD
2024-12-11,TC5,North Sea to Continent,VLCC,5.646,USD
2024-12-12,TC5,North Sea to Continent,VLCC,5.579,USD
2024-12-13,TC5,North Sea to Continent,VLCC,5.39,USD
2024-12-14,TC5,North Sea to Continent,VLCC,5.549,USD
2024-12-15,TC5,North Sea to Continent,VLCC,5.504,USD
2024-12-16,TC5,North Sea to Continent,VLCC,5.644,USD
2024-12-17,TC5,North Sea to Continent,VLCC,5.774,USD
2024-12-18,TC5,North Sea to Continent,VLCC,5.666,USD
2024-12-19,TC5,North Sea to Continent,VLCC,5.579,USD
2024-12-20,TC5,North Sea to Continent,VLCC,5.859,USD
2024-12-21,TC5,North Sea to Continent,VLCC,6.055,USD
2024-12-22,TC5,North Sea to Continent,VLCC,6.071,USD
2024-12-23,TC5,North Sea to Continent,VLCC,6.115,USD
2024-12-24,TC5,North Sea to Continent,VLCC,6.069,USD
2024-12-25,TC5,North Sea to Continent,VLCC,6.131,USD
2024-12-26,TC5,North Sea to Continent,VLCC,6.076,USD
2024-12-27,TC5,North Sea to Continent,VLCC,5.89,USD
2024-12-28,TC5,North Sea to Continent,VLCC,5.777,USD
2024-12-29,TC5,North Sea to Continent,VLCC,5.8,USD
2024-12-30,TC5,North Sea to Continent,VLCC,5.707,USD
2024-12-31,TC5,North Sea to Continent,VLCC,5.722,USD
2025-01-01,TC5,North Sea to Continent,VLCC,5.635,USD
2025-01-02,TC5,North Sea to Continent,VLCC,5.579,USD
2025-01-03,TC5,North Sea to Continent,VLCC,5.687,USD
2025-01-04,TC5,North Sea to Continent,VLCC,5.734,USD
2025-01-05,TC5,North Sea to Continent,VLCC,5.753,USD
2025-01-06,TC5,North Sea to Continent,VLCC,5.862,USD
2025-01-07,TC5,North Sea to Continent,VLCC,5.93,USD
2025-01-08,TC5,North Sea to Continent,VLCC,6.094,USD
2025-01-09,TC5,North Sea to Continent,VLCC,6.065,USD
2025-01-10,TC5,North Sea to Continent,VLCC,6.039,USD
2025-01-11,TC5,North Sea to Continent,VLCC,5.926,USD
2025-01-12,TC5,North Sea to Continent,VLCC,5.901,USD
2025-01-13,TC5,North Sea to Continent,VLCC,6.016,USD
2025-01-14,TC5,North Sea to Continent,VLCC,6.164,USD
2025-01-15,TC5,North Sea to Continent,VLCC,6.276,USD
2025-01-16,TC5,North Sea to Continent,VLCC,6.11,USD
2025-01-17,TC5,North Sea to Continent,VLCC,6.235,USD
2025-01-18,TC5,North Sea to Continent,VLCC,6.065,USD
2025-01-19,TC5,North Sea to Continent,VLCC,6.171,USD
2025-01-20,TC5,North Sea to Continent,VLCC,6.149,USD
2025-01-21,TC5,North Sea to Continent,VLCC,6.235,USD
2025-01-22,TC5,North Sea to Continent,VLCC,6.115,USD
2025-01-23,TC5,North Sea to Continent,VLCC,6.247,USD
2025-01-24,TC5,North Sea to Continent,VLCC,6.114,USD
2025-01-25,TC5,North Sea to Continent,VLCC,6.062,USD
2025-01-26,TC5,North Sea to Continent,VLCC,5.976,USD
2025-01-27,TC5,North Sea to Continent,VLCC,5.816,USD
2025-01-28,TC5,North Sea to Continent,VLCC,5.843,USD
2025-01-29,TC5,North Sea to Continent,VLCC,6.041,USD
2025-01-30,TC5,North Sea to Continent,VLCC,6.323,USD
2025-01-31,TC5,North Sea to Continent,VLCC,6.345,USD
2025-02-01,TC5,North Sea to Continent,VLCC,6.468,USD
2025-02-02,TC5,North Sea to Continent,VLCC,6.501,USD
2025-02-03,TC5,North Sea to Continent,VLCC,6.561,USD
2025-02-04,TC5,North Sea to Continent,VLCC,6.535,USD
2025-02-05,TC5,North Sea to Continent,VLCC,6.563,USD
2025-02-06,TC5,North Sea to Continent,VLCC,6.625,USD
2025-02-07,TC5,North Sea to Continent,VLCC,6.574,USD
2025-02-08,TC5,North Sea to Continent,VLCC,6.574,USD
2025-02-09,TC5,North Sea to Continent,VLCC,6.576,USD
2025-02-10,TC5,North Sea to Continent,VLCC,6.666,USD
2025-02-11,TC5,North Sea to Continent,VLCC,6.565,USD
2025-02-12,TC5,North Sea to Continent,VLCC,6.567,USD
2025-02-13,TC5,North Sea to Continent,VLCC,6.765,USD
2025-02-14,TC5,North Sea to Continent,VLCC,6.886,USD
2025-02-15,TC5,North Sea to Continent,VLCC,7.025,USD
2025-02-16,TC5,North Sea to Continent,VLCC,7.029,USD
2025-02-17,TC5,North Sea to Continent,VLCC,7.062,USD
2025-02-18,TC5,North Sea to Continent,VLCC,7.163,USD
2025-02-19,TC5,North Sea to Continent,VLCC,7.319,USD
2025-02-20,TC5,North Sea to Continent,VLCC,7.121,USD
2025-02-21,TC5,North Sea to Continent,VLCC,6.988,USD
2025-02-22,TC5,North Sea to Continent,VLCC,7.12,USD
2025-02-23,TC5,North Sea to Continent,VLCC,7.091,USD
2025-02-24,TC5,North Sea to Continent,VLCC,7.023,USD
2025-02-25,TC5,North Sea to Continent,VLCC,6.896,USD
2025-02-26,TC5,North Sea to Continent,VLCC,6.841,USD
2025-02-27,TC5,North Sea to Continent,VLCC,6.7,USD
2025-02-28,TC5,North Sea to Continent,VLCC,6.912,USD
2025-03-01,TC5,North Sea to Continent,VLCC,6.909,USD
2025-03-02,TC5,North Sea to Continent,VLCC,6.903,USD
2025-03-03,TC5,North Sea to Continent,VLCC,6.961,USD
2025-03-04,TC5,North Sea to Continent,VLCC,7.056,USD
2025-03-05,TC5,North Sea to Continent,VLCC,7.148,USD
2025-03-06,TC5,North Sea to Continent,VLCC,7.251,USD
2025-03-07,TC5,North Sea to Continent,VLCC,7.183,USD
2025-03-08,TC5,North Sea to Continent,VLCC,7.148,USD
2025-03-09,TC5,North Sea to Continent,VLCC,7.22,USD
2025-03-10,TC5,North Sea to Continent,VLCC,7.161,USD
2025-03-11,TC5,North Sea to Continent,VLCC,7.155,USD
2025-03-12,TC5,North Sea to Continent,VLCC,7.189,USD
2025-03-13,TC5,North Sea to Continent,VLCC,7.262,USD
2025-03-14,TC5,North Sea to Continent,VLCC,7.076,USD
2025-03-15,TC5,North Sea to Continent,VLCC,7.142,USD
2025-03-16,TC5,North Sea to Continent,VLCC,7.112,USD
2025-03-17,TC5,North Sea to Continent,VLCC,7.176,USD
2025-03-18,TC5,North Sea to Continent,VLCC,7.247,USD
2025-03-19,TC5,North Sea to Continent,VLCC,7.4,USD
2025-03-20,TC5,North Sea to Continent,VLCC,7.525,USD
2025-03-21,TC5,North Sea to Continent,VLCC,7.649,USD
2025-03-22,TC5,North Sea to Continent,VLCC,7.78,USD
2025-03-23,TC5,North Sea to Continent,VLCC,7.795,USD
2025-03-24,TC5,North Sea to Continent,VLCC,7.783,USD
2025-03-25,TC5,North Sea to Continent,VLCC,7.855,USD
2025-03-26,TC5,North Sea to Continent,VLCC,7.912,USD
2025-03-27,TC5,North Sea to Continent,VLCC,7.864,USD
2025-03-28,TC5,North Sea to Continent,VLCC,7.887,USD
2025-03-29,TC5,North Sea to Continent,VLCC,7.866,USD
2025-03-30,TC5,North Sea to Continent,VLCC,7.763,USD
2025-03-31,TC5,North Sea to Continent,VLCC,7.876,USD
2025-04-01,TC5,North Sea to Continent,VLCC,7.863,USD
2025-04-02,TC5,North Sea to Continent,VLCC,8.05,USD
2025-04-03,TC5,North Sea to Continent,VLCC,7.867,USD
2025-04-04,TC5,North Sea to Continent,VLCC,7.792,USD
2025-04-05,TC5,North Sea to Continent,VLCC,7.777,USD
2025-04-06,TC5,North Sea to Continent,VLCC,7.873,USD
2025-04-07,TC5,North Sea to Continent,VLCC,7.893,USD
2025-04-08,TC5,North Sea to Continent,VLCC,7.904,USD
2025-04-09,TC5,North Sea to Continent,VLCC,7.771,USD
2025-04-10,TC5,North Sea to Continent,VLCC,7.635,USD
2025-04-11,TC5,North Sea to Continent,VLCC,7.649,USD
2025-04-12,TC5,North Sea to Continent,VLCC,7.494,USD
2025-04-13,TC5,North Sea to Continent,VLCC,7.423,USD
2025-04-14,TC5,North Sea to Continent,VLCC,7.456,USD
2025-04-15,TC5,North Sea to Continent,VLCC,7.34,USD
2025-04-16,TC5,North Sea to Continent,VLCC,7.485,USD
2025-04-17,TC5,North Sea to Continent,VLCC,7.59,USD
2025-04-18,TC5,North Sea to Continent,VLCC,7.413,USD
2025-04-19,TC5,North Sea to Continent,VLCC,7.301,USD
2025-04-20,TC5,North Sea to Continent,VLCC,7.055,USD
2025-04-21,TC5,North Sea to Continent,VLCC,6.961,USD
2025-04-22,TC5,North Sea to Continent,VLCC,7.024,USD
2025-04-23,TC5,North Sea to Continent,VLCC,6.968,USD
2025-04-24,TC5,North Sea to Continent,VLCC,6.999,USD
2025-04-25,TC5,North Sea to Continent,VLCC,6.831,USD
2025-04-26,TC5,North Sea to Continent,VLCC,6.898,USD
2025-04-27,TC5,North Sea to Continent,VLCC,6.828,USD
2025-04-28,TC5,North Sea to Continent,VLCC,6.815,USD
2025-04-29,TC5,North Sea to Continent,VLCC,6.791,USD
2025-04-30,TC5,North Sea to Continent,VLCC,6.65,USD
2025-05-01,TC5,North Sea to Continent,VLCC,6.521,USD
2025-05-02,TC5,North Sea to Continent,VLCC,6.607,USD
2025-05-03,TC5,North Sea to Continent,VLCC,6.634,USD
2025-05-04,TC5,North Sea to Continent,VLCC,6.726,USD
2025-05-05,TC5,North Sea to Continent,VLCC,6.744,USD
2025-05-06,TC5,North Sea to Continent,VLCC,6.744,USD
2025-05-07,TC5,North Sea to Continent,VLCC,6.556,USD
2025-05-08,TC5,North Sea to Continent,VLCC,6.515,USD
2025-05-09,TC5,North Sea to Continent,VLCC,6.5,USD
2025-05-10,TC5,North Sea to Continent,VLCC,6.683,USD
2025-05-11,TC5,North Sea to Continent,VLCC,6.737,USD
2025-05-12,TC5,North Sea to Continent,VLCC,6.876,USD
2025-05-13,TC5,North Sea to Continent,VLCC,6.918,USD
2025-05-14,TC5,North Sea to Continent,VLCC,6.829,USD
2025-05-15,TC5,North Sea to Continent,VLCC,6.824,USD
2025-05-16,TC5,North Sea to Continent,VLCC,6.83,USD
2025-05-17,TC5,North Sea to Continent,VLCC,6.719,USD
2025-05-18,TC5,North Sea to Continent,VLCC,6.664,USD
2025-05-19,TC5,North Sea to Continent,VLCC,6.627,USD
2025-05-20,TC5,North Sea to Continent,VLCC,6.773,USD
2025-05-21,TC5,North Sea to Continent,VLCC,6.547,USD
2025-05-22,TC5,North Sea to Continent,VLCC,6.652,USD
2025-05-23,TC5,North Sea to Continent,VLCC,6.542,USD
2025-05-24,TC5,North Sea to Continent,VLCC,6.389,USD
2025-05-25,TC5,North Sea to Continent,VLCC,6.494,USD
2025-05-26,TC5,North Sea to Continent,VLCC,6.552,USD
2025-05-27,TC5,North Sea to Continent,VLCC,6.662,USD
2025-05-28,TC5,North Sea to Continent,VLCC,6.726,USD
2025-05-29,TC5,North Sea to Continent,VLCC,6.915,USD
2025-05-30,TC5,North Sea to Continent,VLCC,6.951,USD
2025-05-31,TC5,North Sea to Continent,VLCC,6.915,USD
2025-06-01,TC5,North Sea to Continent,VLCC,6.93,USD
2025-06-02,TC5,North Sea to Continent,VLCC,7.035,USD
2025-06-03,TC5,North Sea to Continent,VLCC,6.935,USD
2025-06-04,TC5,North Sea to Continent,VLCC,6.849,USD
2025-06-05,TC5,North Sea to Continent,VLCC,6.799,USD
2025-06-06,TC5,North Sea to Continent,VLCC,6.569,USD
2025-06-07,TC5,North Sea to Continent,VLCC,6.566,USD
2025-06-08,TC5,North Sea to Continent,VLCC,6.36,USD
2025-06-09,TC5,North Sea to Continent,VLCC,6.35,USD
2025-06-10,TC5,North Sea to Continent,VLCC,6.422,USD
2025-06-11,TC5,North Sea to Continent,VLCC,6.359,USD
2025-06-12,TC5,North Sea to Continent,VLCC,6.512,USD
2025-06-13,TC5,North Sea to Continent,VLCC,6.349,USD
2025-06-14,TC5,North Sea to Continent,VLCC,6.454,USD
2025-06-15,TC5,North Sea to Continent,VLCC,6.506,USD
2025-06-16,TC5,North Sea to Continent,VLCC,6.317,USD
2025-06-17,TC5,North Sea to Continent,VLCC,6.575,USD
2025-06-18,TC5,North Sea to Continent,VLCC,6.551,USD
2025-06-19,TC5,North Sea to Continent,VLCC,6.446,USD
2025-06-20,TC5,North Sea to Continent,VLCC,6.289,USD
2025-06-21,TC5,North Sea to Continent,VLCC,6.253,USD
2025-06-22,TC5,North Sea to Continent,VLCC,6.226,USD
2025-06-23,TC5,North Sea to Continent,VLCC,6.222,USD
2025-06-24,TC5,North Sea to Continent,VLCC,6.179,USD
2025-06-25,TC5,North Sea to Continent,VLCC,6.229,USD
2025-06-26,TC5,North Sea to Continent,VLCC,6.177,USD
2025-06-27,TC5,North Sea to Continent,VLCC,5.97,USD
2025-06-28,TC5,North Sea to Continent,VLCC,5.944,USD
2025-06-29,TC5,North Sea to Continent,VLCC,5.695,USD
2025-06-30,TC5,North Sea to Continent,VLCC,5.723,USD
2025-07-01,TC5,North Sea to Continent,VLCC,5.616,USD
2025-07-02,TC5,North Sea to Continent,VLCC,5.625,USD
2025-07-03,TC5,North Sea to Continent,VLCC,5.75,USD
2025-07-04,TC5,North Sea to Continent,VLCC,5.646,USD
2025-07-05,TC5,North Sea to Continent,VLCC,5.746,USD
2025-07-06,TC5,North Sea to Continent,VLCC,5.694,USD
2025-07-07,TC5,North Sea to Continent,VLCC,5.862,USD
2025-07-08,TC5,North Sea to Continent,VLCC,5.816,USD
2025-07-09,TC5,North Sea to Continent,VLCC,5.723,USD
2025-07-10,TC5,North Sea to Continent,VLCC,5.784,USD
2025-07-11,TC5,North Sea to Continent,VLCC,5.733,USD
2025-07-12,TC5,North Sea to Continent,VLCC,5.64,USD
2025-07-13,TC5,North Sea to Continent,VLCC,5.586,USD
2025-07-14,TC5,North Sea to Continent,VLCC,5.576,USD
2025-07-15,TC5,North Sea to Continent,VLCC,5.705,USD
2025-07-16,TC5,North Sea to Continent,VLCC,5.504,USD
2025-07-17,TC5,North Sea to Continent,VLCC,5.501,USD
2025-07-18,TC5,North Sea to Continent,VLCC,5.559,USD
2025-07-19,TC5,North Sea to Continent,VLCC,5.574,USD
2025-07-20,TC5,North Sea to Continent,VLCC,5.7,USD
2025-07-21,TC5,North Sea to Continent,VLCC,5.686,USD
2025-07-22,TC5,North Sea to Continent,VLCC,5.662,USD
2025-07-23,TC5,North Sea to Continent,VLCC,5.716,USD
2025-07-24,TC5,North Sea to Continent,VLCC,5.72,USD
2025-07-25,TC5,North Sea to Continent,VLCC,5.675,USD
2025-07-26,TC5,North Sea to Continent,VLCC,5.722,USD
2025-07-27,TC5,North Sea to Continent,VLCC,5.651,USD
2025-07-28,TC5,North Sea to Continent,VLCC,5.585,USD
2025-07-29,TC5,North Sea to Continent,VLCC,5.528,USD
2025-07-30,TC5,North Sea to Continent,VLCC,5.66,USD
2025-07-31,TC5,North Sea to Continent,VLCC,5.333,USD
2025-08-01,TC5,North Sea to Continent,VLCC,5.372,USD
2025-08-02,TC5,North Sea to Continent,VLCC,5.374,USD
2025-08-03,TC5,North Sea to Continent,VLCC,5.205,USD
2025-08-04,TC5,North Sea to Continent,VLCC,5.237,USD
2025-08-05,TC5,North Sea to Continent,VLCC,5.285,USD
2025-08-06,TC5,North Sea to Continent,VLCC,5.345,USD
2025-08-07,TC5,North Sea to Continent,VLCC,5.079,USD
2025-08-08,TC5,North Sea to Continent,VLCC,5.219,USD
2025-08-09,TC5,North Sea to Continent,VLCC,5.147,USD
2025-08-10,TC5,North Sea to Continent,VLCC,5.219,USD
2025-08-11,TC5,North Sea to Continent,VLCC,5.296,USD
2025-08-12,TC5,North Sea to Continent,VLCC,5.209,USD
2025-08-13,TC5,North Sea to Continent,VLCC,5.278,USD
2025-08-14,TC5,North Sea to Continent,VLCC,5.242,USD
2025-08-15,TC5,North Sea to Continent,VLCC,5.037,USD
2025-08-16,TC5,North Sea to Continent,VLCC,5.159,USD
2025-08-17,TC5,North Sea to Continent,VLCC,5.086,USD
2025-08-18,TC5,North Sea to Continent,VLCC,5.005,USD
2025-08-19,TC5,North Sea to Continent,VLCC,4.971,USD
2025-08-20,TC5,North Sea to Continent,VLCC,5.005,USD
2025-08-21,TC5,North Sea to Continent,VLCC,5.005,USD
2025-08-22,TC5,North Sea to Continent,VLCC,5.067,USD
2025-08-23,TC5,North Sea to Continent,VLCC,4.939,USD
2025-08-24,TC5,North Sea to Continent,VLCC,4.873,USD
2025-08-25,TC5,North Sea to Continent,VLCC,4.87,USD
2025-08-26,TC5,North Sea to Continent,VLCC,5.07,USD
2025-08-27,TC5,North Sea to Continent,VLCC,5.065,USD
2025-08-28,TC5,North Sea to Continent,VLCC,5.182,USD
2025-08-29,TC5,North Sea to Continent,VLCC,5.193,USD
2025-08-30,TC5,North Sea to Continent,VLCC,5.151,USD
2025-08-31,TC5,North Sea to Continent,VLCC,5.134,USD
2025-09-01,TC5,North Sea to Continent,VLCC,5.125,USD
2025-09-02,TC5,North Sea to Continent,VLCC,5.194,USD
2025-09-03,TC5,North Sea to Continent,VLCC,5.34,USD
2025-09-04,TC5,North Sea to Continent,VLCC,5.382,USD
2025-09-05,TC5,North Sea to Continent,VLCC,5.508,USD
2025-09-06,TC5,North Sea to Continent,VLCC,5.417,USD
2025-09-07,TC5,North Sea to Continent,VLCC,5.382,USD
2025-09-08,TC5,North Sea to Continent,VLCC,5.316,USD
2025-09-09,TC5,North Sea to Continent,VLCC,5.356,USD
2025-09-10,TC5,North Sea to Continent,VLCC,5.328,USD
2025-09-11,TC5,North Sea to Continent,VLCC,5.41,USD
2025-09-12,TC5,North Sea to Continent,VLCC,5.324,USD
2025-09-13,TC5,North Sea to Continent,VLCC,5.338,USD
2025-09-14,TC5,North Sea to Continent,VLCC,5.416,USD
2025-09-15,TC5,North Sea to Continent,VLCC,5.217,USD
2025-09-16,TC5,North Sea to Continent,VLCC,5.441,USD
2025-09-17,TC5,North Sea to Continent,VLCC,5.422,USD
2025-09-18,TC5,North Sea to Continent,VLCC,5.228,USD
2025-09-19,TC5,North Sea to Continent,VLCC,5.255,USD
2025-09-20,TC5,North Sea to Continent,VLCC,5.27,USD
2025-09-21,TC5,North Sea to Continent,VLCC,5.274,USD
2025-09-22,TC5,North Sea to Continent,VLCC,5.385,USD
2025-09-23,TC5,North Sea to Continent,VLCC,5.472,USD
2025-09-24,TC5,North Sea to Continent,VLCC,5.512,USD
2025-09-25,TC5,North Sea to Continent,VLCC,5.568,USD
2025-09-26,TC5,North Sea to Continent,VLCC,5.567,USD
2025-09-27,TC5,North Sea to Continent,VLCC,5.756,USD
2025-09-28,TC5,North Sea to Continent,VLCC,5.616,USD
2025-09-29,TC5,North Sea to Continent,VLCC,5.64,USD
2025-09-30,TC5,North Sea to Continent,VLCC,5.657,USD
2025-10-01,TC5,North Sea to Continent,VLCC,5.749,USD
2025-10-02,TC5,North Sea to Continent,VLCC,5.674,USD
2025-10-03,TC5,North Sea to Continent,VLCC,5.51,USD
2025-10-04,TC5,North Sea to Continent,VLCC,5.539,USD
2025-10-05,TC5,North Sea to Continent,VLCC,5.58,USD
2025-10-06,TC5,North Sea to Continent,VLCC,5.742,USD
2025-10-07,TC5,North Sea to Continent,VLCC,5.625,USD
2025-10-08,TC5,North Sea to Continent,VLCC,5.754,USD
2025-10-09,TC5,North Sea to Continent,VLCC,6.003,USD
2025-10-10,TC5,North Sea to Continent,VLCC,5.974,USD
2025-10-11,TC5,North Sea to Continent,VLCC,5.854,USD
2025-10-12,TC5,North Sea to Continent,VLCC,5.825,USD
2025-10-13,TC5,North Sea to Continent,VLCC,5.838,USD
2025-10-14,TC5,North Sea to Continent,VLCC,5.906,USD
2025-10-15,TC5,North Sea to Continent,VLCC,5.858,USD
2025-10-16,TC5,North Sea to Continent,VLCC,6.027,USD
2025-10-17,TC5,North Sea to Continent,VLCC,5.925,USD
2025-10-18,TC5,North Sea to Continent,VLCC,5.763,USD
2025-10-19,TC5,North Sea to Continent,VLCC,5.888,USD
2025-10-20,TC5,North Sea to Continent,VLCC,5.672,USD
2025-10-21,TC5,North Sea to Continent,VLCC,5.667,USD
2025-10-22,TC5,North Sea to Continent,VLCC,5.995,USD
2025-10-23,TC5,North Sea to Continent,VLCC,6.006,USD
2025-10-24,TC5,North Sea to Continent,VLCC,5.906,USD
2025-10-25,TC5,North Sea to Continent,VLCC,5.914,USD
2025-10-26,TC5,North Sea to Continent,VLCC,5.923,USD
2025-10-27,TC5,North Sea to Continent,VLCC,5.953,USD
2025-10-28,TC5,North Sea to Continent,VLCC,6.033,USD
2025-10-29,TC5,North Sea to Continent,VLCC,5.942,USD
2025-10-30,TC5,North Sea to Continent,VLCC,6.125,USD
2025-10-31,TC5,North Sea to Continent,VLCC,6.163,USD
2025-11-01,TC5,North Sea to Continent,VLCC,6.248,USD
2025-11-02,TC5,North Sea to Continent,VLCC,6.197,USD
2025-11-03,TC5,North Sea to Continent,VLCC,6.339,USD
2025-11-04,TC5,North Sea to Continent,VLCC,6.324,USD
2025-11-05,TC5,North Sea to Continent,VLCC,6.364,USD
2025-11-06,TC5,North Sea to Continent,VLCC,6.281,USD
2025-11-07,TC5,North Sea to Continent,VLCC,6.194,USD
2025-11-08,TC5,North Sea to Continent,VLCC,6.276,USD
2025-11-09,TC5,North Sea to Continent,VLCC,6.244,USD
2025-11-10,TC5,North Sea to Continent,VLCC,6.172,USD
2025-11-11,TC5,North Sea to Continent,VLCC,6.121,USD
2025-11-12,TC5,North Sea to Continent,VLCC,6.206,USD
2025-11-13,TC5,North Sea to Continent,VLCC,6.157,USD
2025-11-14,TC5,North Sea to Continent,VLCC,6.16,USD
2025-11-15,TC5,North Sea to Continent,VLCC,6.177,USD
2025-11-16,TC5,North Sea to Continent,VLCC,5.999,USD
2025-11-17,TC5,North Sea to Continent,VLCC,5.868,USD
2025-11-18,TC5,North Sea to Continent,VLCC,5.92,USD
2025-11-19,TC5,North Sea to Continent,VLCC,5.864,USD
2025-11-20,TC5,North Sea to Continent,VLCC,5.988,USD
2025-11-21,TC5,North Sea to Continent,VLCC,6.103,USD
2025-11-22,TC5,North Sea to Continent,VLCC,6.191,USD
2025-11-23,TC5,North Sea to Continent,VLCC,6.39,USD
2025-11-24,TC5,North Sea to Continent,VLCC,6.395,USD
2025-11-25,TC5,North Sea to Continent,VLCC,6.474,USD
2025-11-26,TC5,North Sea to Continent,VLCC,6.428,USD
2025-11-27,TC5,North Sea to Continent,VLCC,6.688,USD
2025-11-28,TC5,North Sea to Continent,VLCC,6.898,USD
2025-11-29,TC5,North Sea to Continent,VLCC,6.909,USD
2025-11-30,TC5,North Sea to Continent,VLCC,6.956,USD
2025-12-01,TC5,North Sea to Continent,VLCC,7.102,USD
2025-12-02,TC5,North Sea to Continent,VLCC,7.094,USD
2025-12-03,TC5,North Sea to Continent,VLCC,7.036,USD
2025-12-04,TC5,North Sea to Continent,VLCC,7.131,USD
2025-12-05,TC5,North Sea to Continent,VLCC,7.147,USD
2025-12-06,TC5,North Sea to Continent,VLCC,7.172,USD
2025-12-07,TC5,North Sea to Continent,VLCC,7.095,USD
2025-12-08,TC5,North Sea to Continent,VLCC,6.93,USD
2025-12-09,TC5,North Sea to Continent,VLCC,6.964,USD
2025-12-10,TC5,North Sea to Continent,VLCC,7.064,USD
2025-12-11,TC5,North Sea to Continent,VLCC,7.049,USD
2025-12-12,TC5,North Sea to Continent,VLCC,7.202,USD
2025-12-13,TC5,North Sea to Continent,VLCC,7.138,USD
2025-12-14,TC5,North Sea to Continent,VLCC,7.039,USD
2025-12-15,TC5,North Sea to Continent,VLCC,7.041,USD
2025-12-16,TC5,North Sea to Continent,VLCC,7.041,USD
2025-12-17,TC5,North Sea to Continent,VLCC,7.127,USD
2025-12-18,TC5,North Sea to Continent,VLCC,7.057,USD
2025-12-19,TC5,North Sea to Continent,VLCC,7.203,USD
2025-12-20,TC5,North Sea to Continent,VLCC,7.407,USD
2025-12-21,TC5,North Sea to Continent,VLCC,7.408,USD
2025-12-22,TC5,North Sea to Continent,VLCC,7.538,USD
2025-12-23,TC5,North Sea to Continent,VLCC,7.436,USD
2025-12-24,TC5,North Sea to Continent,VLCC,7.548,USD
2025-12-25,TC5,North Sea to Continent,VLCC,7.657,USD
2025-12-26,TC5,North Sea to Continent,VLCC,7.745,USD
2025-12-27,TC5,North Sea to Continent,VLCC,7.745,USD
2025-12-28,TC5,North Sea to Continent,VLCC,7.45,USD
2025-12-29,TC5,North Sea to Continent,VLCC,7.39,USD
2025-12-30,TC5,North Sea to Continent,VLCC,7.332,USD
2025-12-31,TC5,North Sea to Continent,VLCC,7.239,USD
2026-01-01,TC5,North Sea to Continent,VLCC,7.257,USD
2026-01-02,TC5,North Sea to Continent,VLCC,7.221,USD
2026-01-03,TC5,North Sea to Continent,VLCC,7.144,USD
2026-01-04,TC5,North Sea to Continent,VLCC,7.045,USD
2026-01-05,TC5,North Sea to Continent,VLCC,6.981,USD
2026-01-06,TC5,North Sea to Continent,VLCC,7.102,USD
2026-01-07,TC5,North Sea to Continent,VLCC,7.042,USD
2026-01-08,TC5,North Sea to Continent,VLCC,6.998,USD
2026-01-09,TC5,North Sea to Continent,VLCC,6.96,USD
2026-01-10,TC5,North Sea to Continent,VLCC,7.003,USD
2026-01-11,TC5,North Sea to Continent,VLCC,7.056,USD
2026-01-12,TC5,North Sea to Continent,VLCC,6.757,USD
2026-01-13,TC5,North Sea to Continent,VLCC,6.87,USD
2026-01-14,TC5,North Sea to Continent,VLCC,7.023,USD
2026-01-15,TC5,North Sea to Continent,VLCC,6.924,USD
2026-01-16,TC5,North Sea to Continent,VLCC,6.835,USD
2026-01-17,TC5,North Sea to Continent,VLCC,6.798,USD
2026-01-18,TC5,North Sea to Continent,VLCC,6.731,USD
2026-01-19,TC5,North Sea to Continent,VLCC,6.763,USD
2026-01-20,TC5,North Sea to Continent,VLCC,6.577,USD
2026-01-21,TC5,North Sea to Continent,VLCC,6.475,USD
2026-01-22,TC5,North Sea to Continent,VLCC,6.641,USD
2026-01-23,TC5,North Sea to Continent,VLCC,6.558,USD
2026-01-24,TC5,North Sea to Continent,VLCC,6.693,USD
2026-01-25,TC5,North Sea to Continent,VLCC,6.738,USD
2026-01-26,TC5,North Sea to Continent,VLCC,6.564,USD
2026-01-27,TC5,North Sea to Continent,VLCC,6.638,USD
2026-01-28,TC5,North Sea to Continent,VLCC,6.635,USD
2026-01-29,TC5,North Sea to Continent,VLCC,6.598,USD
2026-01-30,TC5,North Sea to Continent,VLCC,6.632,USD
2026-01-31,TC5,North Sea to Continent,VLCC,6.688,USD
2026-02-01,TC5,North Sea to Continent,VLCC,6.767,USD
2026-02-02,TC5,North Sea to Continent,VLCC,6.892,USD
2026-02-03,TC5,North Sea to Continent,VLCC,6.939,USD
2026-02-04,TC5,North Sea to Continent,VLCC,6.805,USD
2026-02-05,TC5,North Sea to Continent,VLCC,6.764,USD
2026-02-06,TC5,North Sea to Continent,VLCC,7.065,USD
2026-02-07,TC5,North Sea to Continent,VLCC,7.141,USD
2026-02-08,TC5,North Sea to Continent,VLCC,7.381,USD
2026-02-09,TC5,North Sea to Continent,VLCC,7.52,USD
2026-02-10,TC5,North Sea to Continent,VLCC,7.542,USD
2026-02-11,TC5,North Sea to Continent,VLCC,7.57,USD
2026-02-12,TC5,North Sea to Continent,VLCC,7.563,USD
2026-02-13,TC5,North Sea to Continent,VLCC,7.385,USD
2026-02-14,TC5,North Sea to Continent,VLCC,7.385,USD
2026-02-15,TC5,North Sea to Continent,VLCC,7.505,USD
2026-02-16,TC5,North Sea to Continent,VLCC,7.441,USD
2026-02-17,TC5,North Sea to Continent,VLCC,7.48,USD
2026-02-18,TC5,North Sea to Continent,VLCC,7.561,USD
2026-02-19,TC5,North Sea to Continent,VLCC,7.465,USD
2026-02-20,TC5,North Sea to Continent,VLCC,7.416,USD
2026-02-21,TC5,North Sea to Continent,VLCC,7.31,USD
2026-02-22,TC5,North Sea to Continent,VLCC,7.225,USD
2026-02-23,TC5,North Sea to Continent,VLCC,7.094,USD
2026-02-24,TC5,North Sea to Continent,VLCC,7.002,USD
2026-02-25,TC5,North Sea to Continent,VLCC,7.144,USD
2026-02-26,TC5,North Sea to Continent,VLCC,7.05,USD
2026-02-27,TC5,North Sea to Continent,VLCC,7.061,USD
2026-02-28,TC5,North Sea to Continent,VLCC,7.009,USD
2026-03-01,TC5,North Sea to Continent,VLCC,7.126,USD
2026-03-02,TC5,North Sea to Continent,VLCC,7.255,USD
2026-03-03,TC5,North Sea to Continent,VLCC,7.337,USD
2026-03-04,TC5,North Sea to Continent,VLCC,7.362,USD
2026-03-05,TC5,North Sea to Continent,VLCC,7.333,USD
2026-03-06,TC5,North Sea to Continent,VLCC,7.207,USD
2026-03-07,TC5,North Sea to Continent,VLCC,7.397,USD
2026-03-08,TC5,North Sea to Continent,VLCC,7.314,USD
2026-03-09,TC5,North Sea to Continent,VLCC,7.374,USD
2026-03-10,TC5,North Sea to Continent,VLCC,7.473,USD
2026-03-11,TC5,North Sea to Continent,VLCC,7.408,USD
2026-03-12,TC5,North Sea to Continent,VLCC,7.504,USD
2026-03-13,TC5,North Sea to Continent,VLCC,7.572,USD
2026-03-14,TC5,North Sea to Continent,VLCC,7.735,USD
2026-03-15,TC5,North Sea to Continent,VLCC,7.675,USD
2026-03-16,TC5,North Sea to Continent,VLCC,7.534,USD
2026-03-17,TC5,North Sea to Continent,VLCC,7.472,USD
2026-03-18,TC5,North Sea to Continent,VLCC,7.483,USD
2026-03-19,TC5,North Sea to Continent,VLCC,7.478,USD
2026-03-20,TC5,North Sea to Continent,VLCC,7.427,USD
2026-03-21,TC5,North Sea to Continent,VLCC,7.225,USD
2026-03-22,TC5,North Sea to Continent,VLCC,7.263,USD
2026-03-23,TC5,North Sea to Continent,VLCC,7.451,USD
2026-03-24,TC5,North Sea to Continent,VLCC,7.486,USD
2026-03-25,TC5,North Sea to Continent,VLCC,7.535,USD
2026-03-26,TC5,North Sea to Continent,VLCC,7.579,USD
2026-03-27,TC5,North Sea to Continent,VLCC,7.605,USD
2026-03-28,TC5,North Sea to Continent,VLCC,7.684,USD
2026-03-29,TC5,North Sea to Continent,VLCC,7.708,USD
2026-03-30,TC5,North Sea to Continent,VLCC,7.661,USD
2026-03-31,TC5,North Sea to Continent,VLCC,7.565,USD
2026-04-01,TC5,North Sea to Continent,VLCC,7.525,USD
2026-04-02,TC5,North Sea to Continent,VLCC,7.542,USD
2026-04-03,TC5,North Sea to Continent,VLCC,7.495,USD
2026-04-04,TC5,North Sea to Continent,VLCC,7.511,USD
2026-04-05,TC5,North Sea to Continent,VLCC,7.54,USD
2026-04-06,TC5,North Sea to Continent,VLCC,7.607,USD
2026-04-07,TC5,North Sea to Continent,VLCC,7.719,USD
2026-04-08,TC5,North Sea to Continent,VLCC,7.709,USD
2026-04-09,TC5,North Sea to Continent,VLCC,7.559,USD
2026-04-10,TC5,North Sea to Continent,VLCC,7.507,USD
2026-04-11,TC5,North Sea to Continent,VLCC,7.494,USD
2026-04-12,TC5,North Sea to Continent,VLCC,7.293,USD
2026-04-13,TC5,North Sea to Continent,VLCC,7.417,USD
2026-04-14,TC5,North Sea to Continent,VLCC,7.415,USD
2026-04-15,TC5,North Sea to Continent,VLCC,7.436,USD
2026-04-16,TC5,North Sea to Continent,VLCC,7.555,USD
2026-04-17,TC5,North Sea to Continent,VLCC,7.473,USD
2026-04-18,TC5,North Sea to Continent,VLCC,7.513,USD
2026-04-19,TC5,North Sea to Continent,VLCC,7.483,USD
2026-04-20,TC5,North Sea to Continent,VLCC,7.445,USD
2026-04-21,TC5,North Sea to Continent,VLCC,7.349,USD
2026-04-22,TC5,North Sea to Continent,VLCC,7.498,USD
2026-04-23,TC5,North Sea to Continent,VLCC,7.441,USD
2026-04-24,TC5,North Sea to Continent,VLCC,7.492,USD
2026-04-25,TC5,North Sea to Continent,VLCC,7.284,USD
2026-04-26,TC5,North Sea to Continent,VLCC,7.384,USD
2026-04-27,TC5,North Sea to Continent,VLCC,7.47,USD
2026-04-28,TC5,North Sea to Continent,VLCC,7.46,USD
2026-04-29,TC5,North Sea to Continent,VLCC,7.416,USD
2026-04-30,TC5,North Sea to Continent,VLCC,7.436,USD
2026-05-01,TC5,North Sea to Continent,VLCC,7.645,USD
2026-05-02,TC5,North Sea to Continent,VLCC,7.445,USD
2026-05-03,TC5,North Sea to Continent,VLCC,7.503,USD
2026-05-04,TC5,North Sea to Continent,VLCC,7.389,USD
2026-05-05,TC5,North Sea to Continent,VLCC,7.366,USD
2026-05-06,TC5,North Sea to Continent,VLCC,7.321,USD
2026-05-07,TC5,North Sea to Continent,VLCC,7.257,USD
2026-05-08,TC5,North Sea to Continent,VLCC,7.236,USD
2026-05-09,TC5,North Sea to Continent,VLCC,7.102,USD
2026-05-10,TC5,North Sea to Continent,VLCC,7.186,USD
2026-05-11,TC5,North Sea to Continent,VLCC,6.986,USD
2026-05-12,TC5,North Sea to Continent,VLCC,7.022,USD
2026-05-13,TC5,North Sea to Continent,VLCC,6.971,USD
2026-05-14,TC5,North Sea to Continent,VLCC,6.835,USD
2026-05-15,TC5,North Sea to Continent,VLCC,6.838,USD
2026-05-16,TC5,North Sea to Continent,VLCC,6.664,USD
2026-05-17,TC5,North Sea to Continent,VLCC,6.653,USD
2026-05-18,TC5,North Sea to Continent,VLCC,6.494,USD
2026-05-19,TC5,North Sea to Continent,VLCC,6.526,USD
2026-05-20,TC5,North Sea to Continent,VLCC,6.419,USD
2026-05-21,TC5,North Sea to Continent,VLCC,6.36,USD
2026-05-22,TC5,North Sea to Continent,VLCC,6.376,USD
2026-05-23,TC5,North Sea to Continent,VLCC,6.285,USD
2026-05-24,TC5,North Sea to Continent,VLCC,6.266,USD
2026-05-25,TC5,North Sea to Continent,VLCC,6.101,USD
2026-05-26,TC5,North Sea to Continent,VLCC,6.154,USD
2026-05-27,TC5,North Sea to Continent,VLCC,6.319,USD
2026-05-28,TC5,North Sea to Continent,VLCC,6.586,USD
2026-05-29,TC5,North Sea to Continent,VLCC,6.579,USD
2026-05-30,TC5,North Sea to Continent,VLCC,6.642,USD
2026-05-31,TC5,North Sea to Continent,VLCC,6.446,USD
2026-06-01,TC5,North Sea to Continent,VLCC,6.581,USD
2026-06-02,TC5,North Sea to Continent,VLCC,6.643,USD
2026-06-03,TC5,North Sea to Continent,VLCC,6.577,USD
2026-06-04,TC5,North Sea to Continent,VLCC,6.684,USD
2026-06-05,TC5,North Sea to Continent,VLCC,6.641,USD
2026-06-06,TC5,North Sea to Continent,VLCC,6.578,USD
2026-06-07,TC5,North Sea to Continent,VLCC,6.609,USD
2026-06-08,TC5,North Sea to Continent,VLCC,6.485,USD
2026-06-09,TC5,North Sea to Continent,VLCC,6.571,USD
2026-06-10,TC5,North Sea to Continent,VLCC,6.448,USD
2026-06-11,TC5,North Sea to Continent,VLCC,6.327,USD
2026-06-12,TC5,North Sea to Continent,VLCC,6.221,USD
2026-06-13,TC5,North Sea to Continent,VLCC,6.284,USD
2026-06-14,TC5,North Sea to Continent,VLCC,6.208,USD
2026-06-15,TC5,North Sea to Continent,VLCC,6.059,USD
2026-06-16,TC5,North Sea to Continent,VLCC,5.986,USD
2026-06-17,TC5,North Sea to Continent,VLCC,5.971,USD
2026-06-18,TC5,North Sea to Continent,VLCC,5.842,USD
2026-06-19,TC5,North Sea to Continent,VLCC,5.716,USD
2026-06-20,TC5,North Sea to Continent,VLCC,5.92,USD
2026-06-21,TC5,North Sea to Continent,VLCC,5.823,USD
2026-06-22,TC5,North Sea to Continent,VLCC,5.781,USD
2026-06-23,TC5,North Sea to Continent,VLCC,5.735,USD
2026-06-24,TC5,North Sea to Continent,VLCC,5.684,USD
2026-06-25,TC5,North Sea to Continent,VLCC,5.738,USD
2026-06-26,TC5,North Sea to Continent,VLCC,5.824,USD
2026-06-27,TC5,North Sea to Continent,VLCC,5.784,USD
2026-06-28,TC5,North Sea to Continent,VLCC,5.651,USD
2026-06-29,TC5,North Sea to Continent,VLCC,5.771,USD
2026-06-30,TC5,North Sea to Continent,VLCC,5.753,USD
2026-07-01,TC5,North Sea to Continent,VLCC,5.918,USD
2026-07-02,TC5,North Sea to Continent,VLCC,5.682,USD
2026-07-03,TC5,North Sea to Continent,VLCC,5.694,USD
2026-07-04,TC5,North Sea to Continent,VLCC,5.879,USD
2026-07-05,TC5,North Sea to Continent,VLCC,5.833,USD
2026-07-06,TC5,North Sea to Continent,VLCC,5.802,USD
2026-07-07,TC5,North Sea to Continent,VLCC,5.823,USD
2026-07-08,TC5,North Sea to Continent,VLCC,5.758,USD
2026-07-09,TC5,North Sea to Continent,VLCC,5.718,USD
2026-07-10,TC5,North Sea to Continent,VLCC,5.677,USD
2026-07-11,TC5,North Sea to Continent,VLCC,5.607,USD
2026-07-12,TC5,North Sea to Continent,VLCC,5.724,USD
2026-07-13,TC5,North Sea to Continent,VLCC,5.763,USD
2026-07-14,TC5,North Sea to Continent,VLCC,5.78,USD
2026-07-15,TC5,North Sea to Continent,VLCC,5.853,USD
2026-07-16,TC5,North Sea to Continent,VLCC,5.819,USD
2026-07-17,TC5,North Sea to Continent,VLCC,5.733,USD
2026-07-18,TC5,North Sea to Continent,VLCC,5.666,USD
2026-07-19,TC5,North Sea to Continent,VLCC,5.66,USD
2026-07-20,TC5,North Sea to Continent,VLCC,5.547,USD
2026-07-21,TC5,North Sea to Continent,VLCC,5.492,USD
2026-07-22,TC5,North Sea to Continent,VLCC,5.437,USD
2026-07-23,TC5,North Sea to Continent,VLCC,5.647,USD
2026-07-24,TC5,North Sea to Continent,VLCC,5.363,USD
2026-07-25,TC5,North Sea to Continent,VLCC,5.343,USD
2026-07-26,TC5,North Sea to Continent,VLCC,5.514,USD
2026-07-27,TC5,North Sea to Continent,VLCC,5.523,USD
2026-07-28,TC5,North Sea to Continent,VLCC,5.595,USD
2026-07-29,TC5,North Sea to Continent,VLCC,5.601,USD
2026-07-30,TC5,North Sea to Continent,VLCC,5.53,USD
2026-07-31,TC5,North Sea to Continent,VLCC,5.302,USD
2026-08-01,TC5,North Sea to Continent,VLCC,5.323,USD
2026-08-02,TC5,North Sea to Continent,VLCC,5.244,USD
2026-08-03,TC5,North Sea to Continent,VLCC,5.164,USD
2026-08-04,TC5,North Sea to Continent,VLCC,5.116,USD
2026-08-05,TC5,North Sea to Continent,VLCC,5.293,USD
2026-08-06,TC5,North Sea to Continent,VLCC,5.535,USD
2026-08-07,TC5,North Sea to Continent,VLCC,5.555,USD
2026-08-08,TC5,North Sea to Continent,VLCC,5.507,USD
2026-08-09,TC5,North Sea to Continent,VLCC,5.387,USD
2026-08-10,TC5,North Sea to Continent,VLCC,5.435,USD
2026-08-11,TC5,North Sea to Continent,VLCC,5.614,USD
2026-08-12,TC5,North Sea to Continent,VLCC,5.588,USD
2026-08-13,TC5,North Sea to Continent,VLCC,5.348,USD
2026-08-14,TC5,North Sea to Continent,VLCC,5.417,USD
2026-08-15,TC5,North Sea to Continent,VLCC,5.517,USD
2026-08-16,TC5,North Sea to Continent,VLCC,5.358,USD
2026-08-17,TC5,North Sea to Continent,VLCC,5.378,USD
2026-08-18,TC5,North Sea to Continent,VLCC,5.425,USD
2026-08-19,TC5,North Sea to Continent,VLCC,5.42,USD
2026-08-20,TC5,North Sea to Continent,VLCC,5.343,USD
2026-08-21,TC5,North Sea to Continent,VLCC,5.448,USD
2026-08-22,TC5,North Sea to Continent,VLCC,5.41,USD
2026-08-23,TC5,North Sea to Continent,VLCC,5.264,USD
2026-08-24,TC5,North Sea to Continent,VLCC,5.063,USD
2026-08-25,TC5,North Sea to Continent,VLCC,5.196,USD
2026-08-26,TC5,North Sea to Continent,VLCC,5.264,USD
2026-08-27,TC5,North Sea to Continent,VLCC,5.278,USD
2026-08-28,TC5,North Sea to Continent,VLCC,5.239,USD
2026-08-29,TC5,North Sea to Continent,VLCC,5.192,USD
2026-08-30,TC5,North Sea to Continent,VLCC,5.091,USD
2026-08-31,TC5,North Sea to Continent,VLCC,5.056,USD
2026-09-01,TC5,North Sea to Continent,VLCC,4.852,USD
2026-09-02,TC5,North Sea to Continent,VLCC,4.789,USD
2026-09-03,TC5,North Sea to Continent,VLCC,4.77,USD
2026-09-04,TC5,North Sea to Continent,VLCC,4.843,USD
2026-09-05,TC5,North Sea to Continent,VLCC,4.851,USD
2026-09-06,TC5,North Sea to Continent,VLCC,4.943,USD
2026-09-07,TC5,North Sea to Continent,VLCC,5.09,USD
2026-09-08,TC5,North Sea to Continent,VLCC,5.206,USD
2026-09-09,TC5,North Sea to Continent,VLCC,5.263,USD
2026-09-10,TC5,North Sea to Continent,VLCC,5.273,USD
2026-09-11,TC5,North Sea to Continent,VLCC,5.184,USD
2026-09-12,TC5,North Sea to Continent,VLCC,5.268,USD
2026-09-13,TC5,North Sea to Continent,VLCC,5.447,USD
2026-09-14,TC5,North Sea to Continent,VLCC,5.489,USD
2026-09-15,TC5,North Sea to Continent,VLCC,5.69,USD
2026-09-16,TC5,North Sea to Continent,VLCC,5.543,USD
2026-09-17,TC5,North Sea to Continent,VLCC,5.435,USD
2026-09-18,TC5,North Sea to Continent,VLCC,5.53,USD
2026-09-19,TC5,North Sea to Continent,VLCC,5.565,USD
2026-09-20,TC5,North Sea to Continent,VLCC,5.705,USD
2026-09-21,TC5,North Sea to Continent,VLCC,5.711,USD
2026-09-22,TC5,North Sea to Continent,VLCC,5.632,USD
2026-09-23,TC5,North Sea to Continent,VLCC,5.619,USD
2026-09-24,TC5,North Sea to Continent,VLCC,5.474,USD
2026-09-25,TC5,North Sea to Continent,VLCC,5.372,USD
2026-09-26,TC5,North Sea to Continent,VLCC,5.481,USD
2026-09-27,TC5,North Sea to Continent,VLCC,5.58,USD
2026-09-28,TC5,North Sea to Continent,VLCC,5.627,USD
2026-09-29,TC5,North Sea to Continent,VLCC,5.464,USD
2026-09-30,TC5,North Sea to Continent,VLCC,5.441,USD
2026-10-01,TC5,North Sea to Continent,VLCC,5.33,USD
2026-10-02,TC5,North Sea to Continent,VLCC,5.462,USD
2026-10-03,TC5,North Sea to Continent,VLCC,5.417,USD
2026-10-04,TC5,North Sea to Continent,VLCC,5.321,USD
2026-10-05,TC5,North Sea to Continent,VLCC,5.339,USD
2026-10-06,TC5,North Sea to Continent,VLCC,5.29,USD
2026-10-07,TC5,North Sea to Continent,VLCC,5.454,USD
2026-10-08,TC5,North Sea to Continent,VLCC,5.395,USD
2026-10-09,TC5,North Sea to Continent,VLCC,5.269,USD
2026-10-10,TC5,North Sea to Continent,VLCC,5.07,USD
2026-10-11,TC5,North Sea to Continent,VLCC,5.086,USD
2026-10-12,TC5,North Sea to Continent,VLCC,5.048,USD
2026-10-13,TC5,North Sea to Continent,VLCC,4.924,USD
2026-10-14,TC5,North Sea to Continent,VLCC,5.065,USD
2026-10-15,TC5,North Sea to Continent,VLCC,5.151,USD
2026-10-16,TC5,North Sea to Continent,VLCC,5.168,USD
2026-10-17,TC5,North Sea to Continent,VLCC,5.324,USD
2026-10-18,TC5,North Sea to Continent,VLCC,5.408,USD
2026-10-19,TC5,North Sea to Continent,VLCC,5.343,USD
2026-10-20,TC5,North Sea to Continent,VLCC,5.257,USD
2026-10-21,TC5,North Sea to Continent,VLCC,5.358,USD
2026-10-22,TC5,North Sea to Continent,VLCC,5.417,USD
2026-10-23,TC5,North Sea to Continent,VLCC,5.452,USD
2026-10-24,TC5,North Sea to Continent,VLCC,5.385,USD
2026-10-25,TC5,North Sea to Continent,VLCC,5.465,USD
2026-10-26,TC5,North Sea to Continent,VLCC,5.407,USD
2026-10-27,TC5,North Sea to Continent,VLCC,5.416,USD
2026-10-28,TC5,North Sea to Continent,VLCC,5.58,USD
2026-10-29,TC5,North Sea to Continent,VLCC,5.532,USD
2026-10-30,TC5,North Sea to Continent,VLCC,5.392,USD
2026-10-31,TC5,North Sea to Continent,VLCC,5.307,USD
2026-11-01,TC5,North Sea to Continent,VLCC,5.427,USD
2026-11-02,TC5,North Sea to Continent,VLCC,5.473,USD
2026-11-03,TC5,North Sea to Continent,VLCC,5.48,USD
2026-11-04,TC5,North Sea to Continent,VLCC,5.449,USD
2026-11-05,TC5,North Sea to Continent,VLCC,5.518,USD
2026-11-06,TC5,North Sea to Continent,VLCC,5.452,USD
2026-11-07,TC5,North Sea to Continent,VLCC,5.504,USD
2026-11-08,TC5,North Sea to Continent,VLCC,5.451,USD
2026-11-09,TC5,North Sea to Continent,VLCC,5.381,USD
2026-11-10,TC5,North Sea to Continent,VLCC,5.339,USD
2026-11-11,TC5,North Sea to Continent,VLCC,5.324,USD
2026-11-12,TC5,North Sea to Continent,VLCC,5.342,USD
2026-11-13,TC5,North Sea to Continent,VLCC,5.388,USD
2026-11-14,TC5,North Sea to Continent,VLCC,5.041,USD
2026-11-15,TC5,North Sea to Continent,VLCC,4.985,USD
2026-11-16,TC5,North Sea to Continent,VLCC,4.973,USD
2026-11-17,TC5,North Sea to Continent,VLCC,5.151,USD
2026-11-18,TC5,North Sea to Continent,VLCC,5.068,USD
2026-11-19,TC5,North Sea to Continent,VLCC,5.111,USD
2026-11-20,TC5,North Sea to Continent,VLCC,5.287,USD
2026-11-21,TC5,North Sea to Continent,VLCC,5.179,USD
2026-11-22,TC5,North Sea to Continent,VLCC,5.244,USD
2026-11-23,TC5,North Sea to Continent,VLCC,5.189,USD
2026-11-24,TC5,North Sea to Continent,VLCC,5.164,USD
2026-11-25,TC5,North Sea to Continent,VLCC,5.109,USD
2026-11-26,TC5,North Sea to Continent,VLCC,5.063,USD
2026-11-27,TC5,North Sea to Continent,VLCC,5.363,USD
2026-11-28,TC5,North Sea to Continent,VLCC,5.472,USD
2026-11-29,TC5,North Sea to Continent,VLCC,5.606,USD
2026-11-30,TC5,North Sea to Continent,VLCC,5.678,USD
2026-12-01,TC5,North Sea to Continent,VLCC,5.538,USD
2026-12-02,TC5,North Sea to Continent,VLCC,5.6,USD
2026-12-03,TC5,North Sea to Continent,VLCC,5.731,USD
2026-12-04,TC5,North Sea to Continent,VLCC,5.666,USD
2026-12-05,TC5,North Sea to Continent,VLCC,5.785,USD
2026-12-06,TC5,North Sea to Continent,VLCC,5.876,USD
2026-12-07,TC5,North Sea to Continent,VLCC,6.082,USD
2026-12-08,TC5,North Sea to Continent,VLCC,6.058,USD
2026-12-09,TC5,North Sea to Continent,VLCC,5.966,USD
2026-12-10,TC5,North Sea to Continent,VLCC,5.949,USD
2026-12-11,TC5,North Sea to Continent,VLCC,6.112,USD
2026-12-12,TC5,North Sea to Continent,VLCC,5.946,USD
2026-12-13,TC5,North Sea to Continent,VLCC,5.758,USD
2026-12-14,TC5,North Sea to Continent,VLCC,5.788,USD
2026-12-15,TC5,North Sea to Continent,VLCC,5.765,USD
2026-12-16,TC5,North Sea to Continent,VLCC,5.787,USD
2026-12-17,TC5,North Sea to Continent,VLCC,5.903,USD
2026-12-18,TC5,North Sea to Continent,VLCC,5.867,USD
2026-12-19,TC5,North Sea to Continent,VLCC,5.699,USD
2026-12-20,TC5,North Sea to Continent,VLCC,5.927,USD
2026-12-21,TC5,North Sea to Continent,VLCC,5.846,USD
2026-12-22,TC5,North Sea to Continent,VLCC,5.76,USD
2026-12-23,TC5,North Sea to Continent,VLCC,5.892,USD
2026-12-24,TC5,North Sea to Continent,VLCC,5.874,USD
2026-12-25,TC5,North Sea to Continent,VLCC,5.887,USD
2026-12-26,TC5,North Sea to Continent,VLCC,5.956,USD
2026-12-27,TC5,North Sea to Continent,VLCC,6.084,USD
2026-12-28,TC5,North Sea to Continent,VLCC,6.068,USD
2026-12-29,TC5,North Sea to Continent,VLCC,6.239,USD
2026-12-30,TC5,North Sea to Continent,VLCC,6.041,USD
2026-12-31,TC5,North Sea to Continent,VLCC,6.135,USD
2020-01-04,TD20,West Africa to US Gulf,VLCC,11.527,USD
2020-01-05,TD20,West Africa to US Gulf,VLCC,11.607,USD
2020-01-06,TD20,West Africa to US Gulf,VLCC,11.476,USD
2020-01-07,TD20,West Africa to US Gulf,VLCC,11.581,USD
2020-01-08,TD20,West Africa to US Gulf,VLCC,11.155,USD
2020-01-09,TD20,West Africa to US Gulf,VLCC,11.174,USD
2020-01-10,TD20,West Africa to US Gulf,VLCC,11.247,USD
2020-01-11,TD20,West Africa to US Gulf,VLCC,11.419,USD
2020-01-12,TD20,West Africa to US Gulf,VLCC,11.265,USD
2020-01-13,TD20,West Africa to US Gulf,VLCC,11.296,USD
2020-01-14,TD20,West Africa to US Gulf,VLCC,11.158,USD
2020-01-15,TD20,West Africa to US Gulf,VLCC,11.218,USD
2020-01-16,TD20,West Africa to US Gulf,VLCC,11.085,USD
2020-01-17,TD20,West Africa to US Gulf,VLCC,11.035,USD
2020-01-18,TD20,West Africa to US Gulf,VLCC,10.886,USD
2020-01-19,TD20,West Africa to US Gulf,VLCC,11.015,USD
2020-01-20,TD20,West Africa to US Gulf,VLCC,11.176,USD
2020-01-21,TD20,West Africa to US Gulf,VLCC,11.153,USD
2020-01-22,TD20,West Africa to US Gulf,VLCC,11.176,USD
2020-01-23,TD20,West Africa to US Gulf,VLCC,10.949,USD
2020-01-24,TD20,West Africa to US Gulf,VLCC,10.917,USD
2020-01-25,TD20,West Africa to US Gulf,VLCC,10.926,USD
2020-01-26,TD20,West Africa to US Gulf,VLCC,11.382,USD
2020-01-27,TD20,West Africa to US Gulf,VLCC,11.209,USD
2020-01-28,TD20,West Africa to US Gulf,VLCC,11.468,USD
2020-01-29,TD20,West Africa to US Gulf,VLCC,11.646,USD
2020-01-30,TD20,West Africa to US Gulf,VLCC,11.702,USD
2020-01-31,TD20,West Africa to US Gulf,VLCC,12.005,USD
2020-02-01,TD20,West Africa to US Gulf,VLCC,12.072,USD
2020-02-02,TD20,West Africa to US Gulf,VLCC,12.141,USD
2020-02-03,TD20,West Africa to US Gulf,VLCC,12.135,USD
2020-02-04,TD20,West Africa to US Gulf,VLCC,12.343,USD
2020-02-05,TD20,West Africa to US Gulf,VLCC,12.527,USD
2020-02-06,TD20,West Africa to US Gulf,VLCC,12.42,USD
2020-02-07,TD20,West Africa to US Gulf,VLCC,12.199,USD
2020-02-08,TD20,West Africa to US Gulf,VLCC,12.166,USD
2020-02-09,TD20,West Africa to US Gulf,VLCC,12.033,USD
2020-02-10,TD20,West Africa to US Gulf,VLCC,12.024,USD
2020-02-11,TD20,West Africa to US Gulf,VLCC,12.233,USD
2020-02-12,TD20,West Africa to US Gulf,VLCC,12.156,USD
2020-02-13,TD20,West Africa to US Gulf,VLCC,12.148,USD
2020-02-14,TD20,West Africa to US Gulf,VLCC,12.157,USD
2020-02-15,TD20,West Africa to US Gulf,VLCC,12.298,USD
2020-02-16,TD20,West Africa to US Gulf,VLCC,11.919,USD
2020-02-17,TD20,West Africa to US Gulf,VLCC,11.818,USD
2020-02-18,TD20,West Africa to US Gulf,VLCC,11.855,USD
2020-02-19,TD20,West Africa to US Gulf,VLCC,12.056,USD
2020-02-20,TD20,West Africa to US Gulf,VLCC,11.972,USD
2020-02-21,TD20,West Africa to US Gulf,VLCC,11.657,USD
2020-02-22,TD20,West Africa to US Gulf,VLCC,11.762,USD
2020-02-23,TD20,West Africa to US Gulf,VLCC,11.655,USD
2020-02-24,TD20,West Africa to US Gulf,VLCC,11.457,USD
2020-02-25,TD20,West Africa to US Gulf,VLCC,11.354,USD
2020-02-26,TD20,West Africa to US Gulf,VLCC,11.326,USD
2020-02-27,TD20,West Africa to US Gulf,VLCC,11.228,USD
2020-02-28,TD20,West Africa to US Gulf,VLCC,10.862,USD
2020-02-29,TD20,West Africa to US Gulf,VLCC,11.019,USD
2020-03-01,TD20,West Africa to US Gulf,VLCC,11.236,USD
2020-03-02,TD20,West Africa to US Gulf,VLCC,11.347,USD
2020-03-03,TD20,West Africa to US Gulf,VLCC,11.157,USD
2020-03-04,TD20,West Africa to US Gulf,VLCC,11.126,USD
2020-03-05,TD20,West Africa to US Gulf,VLCC,11.126,USD
2020-03-06,TD20,West Africa to US Gulf,VLCC,11.228,USD
2020-03-07,TD20,West Africa to US Gulf,VLCC,11.34,USD
2020-03-08,TD20,West Africa to US Gulf,VLCC,11.215,USD
2020-03-09,TD20,West Africa to US Gulf,VLCC,11.228,USD
2020-03-10,TD20,West Africa to US Gulf,VLCC,11.303,USD
2020-03-11,TD20,West Africa to US Gulf,VLCC,11.544,USD
2020-03-12,TD20,West Africa to US Gulf,VLCC,11.657,USD
2020-03-13,TD20,West Africa to US Gulf,VLCC,11.782,USD
2020-03-14,TD20,West Africa to US Gulf,VLCC,11.787,USD
2020-03-15,TD20,West Africa to US Gulf,VLCC,12.014,USD
2020-03-16,TD20,West Africa to US Gulf,VLCC,12.071,USD
2020-03-17,TD20,West Africa to US Gulf,VLCC,11.914,USD
2020-03-18,TD20,West Africa to US Gulf,VLCC,12.137,USD
2020-03-19,TD20,West Africa to US Gulf,VLCC,12.24,USD
2020-03-20,TD20,West Africa to US Gulf,VLCC,12.15,USD
2020-03-21,TD20,West Africa to US Gulf,VLCC,12.054,USD
2020-03-22,TD20,West Africa to US Gulf,VLCC,12.089,USD
2020-03-23,TD20,West Africa to US Gulf,VLCC,12.151,USD
2020-03-24,TD20,West Africa to US Gulf,VLCC,12.167,USD
2020-03-25,TD20,West Africa to US Gulf,VLCC,12.202,USD
2020-03-26,TD20,West Africa to US Gulf,VLCC,12.469,USD
2020-03-27,TD20,West Africa to US Gulf,VLCC,12.627,USD
2020-03-28,TD20,West Africa to US Gulf,VLCC,12.636,USD
2020-03-29,TD20,West Africa to US Gulf,VLCC,12.77,USD
2020-03-30,TD20,West Africa to US Gulf,VLCC,12.571,USD
2020-03-31,TD20,West Africa to US Gulf,VLCC,12.614,USD
2020-04-01,TD20,West Africa to US Gulf,VLCC,12.892,USD
2020-04-02,TD20,West Africa to US Gulf,VLCC,12.828,USD
2020-04-03,TD20,West Africa to US Gulf,VLCC,12.658,USD
2020-04-04,TD20,West Africa to US Gulf,VLCC,12.523,USD
2020-04-05,TD20,West Africa to US Gulf,VLCC,12.315,USD
2020-04-06,TD20,West Africa to US Gulf,VLCC,12.16,USD
2020-04-07,TD20,West Africa to US Gulf,VLCC,12.075,USD
2020-04-08,TD20,West Africa to US Gulf,VLCC,11.817,USD
2020-04-09,TD20,West Africa to US Gulf,VLCC,11.8,USD
2020-04-10,TD20,West Africa to US Gulf,VLCC,11.93,USD
2020-04-11,TD20,West Africa to US Gulf,VLCC,11.757,USD
2020-04-12,TD20,West Africa to US Gulf,VLCC,11.99,USD
2020-04-13,TD20,West Africa to US Gulf,VLCC,12.052,USD
2020-04-14,TD20,West Africa to US Gulf,VLCC,12.2,USD
2020-04-15,TD20,West Africa to US Gulf,VLCC,12.063,USD
2020-04-16,TD20,West Africa to US Gulf,VLCC,12.181,USD
2020-04-17,TD20,West Africa to US Gulf,VLCC,11.971,USD
2020-04-18,TD20,West Africa to US Gulf,VLCC,12.095,USD
2020-04-19,TD20,West Africa to US Gulf,VLCC,12.097,USD
2020-04-20,TD20,West Africa to US Gulf,VLCC,12.162,USD
2020-04-21,TD20,West Africa to US Gulf,VLCC,11.937,USD
2020-04-22,TD20,West Africa to US Gulf,VLCC,11.761,USD
2020-04-23,TD20,West Africa to US Gulf,VLCC,11.836,USD
2020-04-24,TD20,West Africa to US Gulf,VLCC,11.651,USD
2020-04-25,TD20,West Africa to US Gulf,VLCC,11.704,USD
2020-04-26,TD20,West Africa to US Gulf,VLCC,11.45,USD
2020-04-27,TD20,West Africa to US Gulf,VLCC,11.568,USD
2020-04-28,TD20,West Africa to US Gulf,VLCC,11.337,USD
2020-04-29,TD20,West Africa to US Gulf,VLCC,11.407,USD
2020-04-30,TD20,West Africa to US Gulf,VLCC,11.487,USD
2020-05-01,TD20,West Africa to US Gulf,VLCC,11.346,USD
2020-05-02,TD20,West Africa to US Gulf,VLCC,11.419,USD
2020-05-03,TD20,West Africa to US Gulf,VLCC,11.438,USD
2020-05-04,TD20,West Africa to US Gulf,VLCC,11.322,USD
2020-05-05,TD20,West Africa to US Gulf,VLCC,11.128,USD
2020-05-06,TD20,West Africa to US Gulf,VLCC,10.777,USD
2020-05-07,TD20,West Africa to US Gulf,VLCC,10.816,USD
2020-05-08,TD20,West Africa to US Gulf,VLCC,10.533,USD
2020-05-09,TD20,West Africa to US Gulf,VLCC,10.531,USD
2020-05-10,TD20,West Africa to US Gulf,VLCC,10.469,USD
2020-05-11,TD20,West Africa to US Gulf,VLCC,10.564,USD
2020-05-12,TD20,West Africa to US Gulf,VLCC,10.495,USD
2020-05-13,TD20,West Africa to US Gulf,VLCC,10.421,USD
2020-05-14,TD20,West Africa to US Gulf,VLCC,10.525,USD
2020-05-15,TD20,West Africa to US Gulf,VLCC,10.562,USD
2020-05-16,TD20,West Africa to US Gulf,VLCC,10.594,USD
2020-05-17,TD20,West Africa to US Gulf,VLCC,10.652,USD
2020-05-18,TD20,West Africa to US Gulf,VLCC,10.374,USD
2020-05-19,TD20,West Africa to US Gulf,VLCC,10.481,USD
2020-05-20,TD20,West Africa to US Gulf,VLCC,10.563,USD
2020-05-21,TD20,West Africa to US Gulf,VLCC,10.372,USD
2020-05-22,TD20,West Africa to US Gulf,VLCC,10.311,USD
2020-05-23,TD20,West Africa to US Gulf,VLCC,10.286,USD
2020-05-24,TD20,West Africa to US Gulf,VLCC,10.244,USD
2020-05-25,TD20,West Africa to US Gulf,VLCC,10.281,USD
2020-05-26,TD20,West Africa to US Gulf,VLCC,10.501,USD
2020-05-27,TD20,West Africa to US Gulf,VLCC,10.66,USD
2020-05-28,TD20,West Africa to US Gulf,VLCC,10.417,USD
2020-05-29,TD20,West Africa to US Gulf,VLCC,10.499,USD
2020-05-30,TD20,West Africa to US Gulf,VLCC,10.699,USD
2020-05-31,TD20,West Africa to US Gulf,VLCC,10.739,USD
2020-06-01,TD20,West Africa to US Gulf,VLCC,10.897,USD
2020-06-02,TD20,West Africa to US Gulf,VLCC,11.207,USD
2020-06-03,TD20,West Africa to US Gulf,VLCC,11.348,USD
2020-06-04,TD20,West Africa to US Gulf,VLCC,11.358,USD
2020-06-05,TD20,West Africa to US Gulf,VLCC,11.501,USD
2020-06-06,TD20,West Africa to US Gulf,VLCC,11.492,USD
2020-06-07,TD20,West Africa to US Gulf,VLCC,11.463,USD
2020-06-08,TD20,West Africa to US Gulf,VLCC,11.371,USD
2020-06-09,TD20,West Africa to US Gulf,VLCC,11.6,USD
2020-06-10,TD20,West Africa to US Gulf,VLCC,11.429,USD
2020-06-11,TD20,West Africa to US Gulf,VLCC,11.652,USD
2020-06-12,TD20,West Africa to US Gulf,VLCC,11.7,USD
2020-06-13,TD20,West Africa to US Gulf,VLCC,11.43,USD
2020-06-14,TD20,West Africa to US Gulf,VLCC,11.459,USD
2020-06-15,TD20,West Africa to US Gulf,VLCC,11.074,USD
2020-06-16,TD20,West Africa to US Gulf,VLCC,11.149,USD
2020-06-17,TD20,West Africa to US Gulf,VLCC,11.266,USD
2020-06-18,TD20,West Africa to US Gulf,VLCC,11.136,USD
2020-06-19,TD20,West Africa to US Gulf,VLCC,11.126,USD
2020-06-20,TD20,West Africa to US Gulf,VLCC,11.423,USD
2020-06-21,TD20,West Africa to US Gulf,VLCC,11.305,USD
2020-06-22,TD20,West Africa to US Gulf,VLCC,11.095,USD
2020-06-23,TD20,West Africa to US Gulf,VLCC,11.313,USD
2020-06-24,TD20,West Africa to US Gulf,VLCC,11.61,USD
2020-06-25,TD20,West Africa to US Gulf,VLCC,11.575,USD
2020-06-26,TD20,West Africa to US Gulf,VLCC,11.71,USD
2020-06-27,TD20,West Africa to US Gulf,VLCC,11.898,USD
2020-06-28,TD20,West Africa to US Gulf,VLCC,11.736,USD
2020-06-29,TD20,West Africa to US Gulf,VLCC,11.619,USD
2020-06-30,TD20,West Africa to US Gulf,VLCC,11.79,USD
2020-07-01,TD20,West Africa to US Gulf,VLCC,12.036,USD
2020-07-02,TD20,West Africa to US Gulf,VLCC,12.091,USD
2020-07-03,TD20,West Africa to US Gulf,VLCC,11.904,USD
2020-07-04,TD20,West Africa to US Gulf,VLCC,12.2,USD
2020-07-05,TD20,West Africa to US Gulf,VLCC,12.07,USD
2020-07-06,TD20,West Africa to US Gulf,VLCC,11.976,USD
2020-07-07,TD20,West Africa to US Gulf,VLCC,11.995,USD
2020-07-08,TD20,West Africa to US Gulf,VLCC,12.217,USD
2020-07-09,TD20,West Africa to US Gulf,VLCC,12.32,USD
2020-07-10,TD20,West Africa to US Gulf,VLCC,12.349,USD
2020-07-11,TD20,West Africa to US Gulf,VLCC,12.386,USD
2020-07-12,TD20,West Africa to US Gulf,VLCC,12.352,USD
2020-07-13,TD20,West Africa to US Gulf,VLCC,12.405,USD
2020-07-14,TD20,West Africa to US Gulf,VLCC,11.94,USD
2020-07-15,TD20,West Africa to US Gulf,VLCC,11.855,USD
2020-07-16,TD20,West Africa to US Gulf,VLCC,11.86,USD
2020-07-17,TD20,West Africa to US Gulf,VLCC,11.632,USD
2020-07-18,TD20,West Africa to US Gulf,VLCC,11.664,USD
2020-07-19,TD20,West Africa to US Gulf,VLCC,11.598,USD
2020-07-20,TD20,West Africa to US Gulf,VLCC,11.86,USD
2020-07-21,TD20,West Africa to US Gulf,VLCC,12.089,USD
2020-07-22,TD20,West Africa to US Gulf,VLCC,11.975,USD
2020-07-23,TD20,West Africa to US Gulf,VLCC,11.915,USD
2020-07-24,TD20,West Africa to US Gulf,VLCC,11.868,USD
2020-07-25,TD20,West Africa to US Gulf,VLCC,11.759,USD
2020-07-26,TD20,West Africa to US Gulf,VLCC,11.76,USD
2020-07-27,TD20,West Africa to US Gulf,VLCC,11.601,USD
2020-07-28,TD20,West Africa to US Gulf,VLCC,11.382,USD
2020-07-29,TD20,West Africa to US Gulf,VLCC,11.459,USD
2020-07-30,TD20,West Africa to US Gulf,VLCC,11.537,USD
2020-07-31,TD20,West Africa to US Gulf,VLCC,11.374,USD
2020-08-01,TD20,West Africa to US Gulf,VLCC,11.497,USD
2020-08-02,TD20,West Africa to US Gulf,VLCC,11.364,USD
2020-08-03,TD20,West Africa to US Gulf,VLCC,11.381,USD
2020-08-04,TD20,West Africa to US Gulf,VLCC,11.492,USD
2020-08-05,TD20,West Africa to US Gulf,VLCC,11.46,USD
2020-08-06,TD20,West Africa to US Gulf,VLCC,11.51,USD
2020-08-07,TD20,West Africa to US Gulf,VLCC,11.398,USD
2020-08-08,TD20,West Africa to US Gulf,VLCC,11.34,USD
2020-08-09,TD20,West Africa to US Gulf,VLCC,11.282,USD
2020-08-10,TD20,West Africa to US Gulf,VLCC,11.135,USD
2020-08-11,TD20,West Africa to US Gulf,VLCC,11.084,USD
2020-08-12,TD20,West Africa to US Gulf,VLCC,10.805,USD
2020-08-13,TD20,West Africa to US Gulf,VLCC,10.706,USD
2020-08-14,TD20,West Africa to US Gulf,VLCC,10.643,USD
2020-08-15,TD20,West Africa to US Gulf,VLCC,10.585,USD
2020-08-16,TD20,West Africa to US Gulf,VLCC,10.531,USD
2020-08-17,TD20,West Africa to US Gulf,VLCC,10.508,USD
2020-08-18,TD20,West Africa to US Gulf,VLCC,10.576,USD
2020-08-19,TD20,West Africa to US Gulf,VLCC,10.71,USD
2020-08-20,TD20,West Africa to US Gulf,VLCC,10.588,USD
2020-08-21,TD20,West Africa to US Gulf,VLCC,10.374,USD
2020-08-22,TD20,West Africa to US Gulf,VLCC,10.191,USD
2020-08-23,TD20,West Africa to US Gulf,VLCC,10.102,USD
2020-08-24,TD20,West Africa to US Gulf,VLCC,10.037,USD
2020-08-25,TD20,West Africa to US Gulf,VLCC,9.904,USD
2020-08-26,TD20,West Africa to US Gulf,VLCC,9.684,USD
2020-08-27,TD20,West Africa to US Gulf,VLCC,9.607,USD
2020-08-28,TD20,West Africa to US Gulf,VLCC,9.638,USD
2020-08-29,TD20,West Africa to US Gulf,VLCC,9.738,USD
2020-08-30,TD20,West Africa to US Gulf,VLCC,9.645,USD
2020-08-31,TD20,West Africa to US Gulf,VLCC,9.578,USD
2020-09-01,TD20,West Africa to US Gulf,VLCC,9.425,USD
2020-09-02,TD20,West Africa to US Gulf,VLCC,9.425,USD
2020-09-03,TD20,West Africa to US Gulf,VLCC,9.288,USD
2020-09-04,TD20,West Africa to US Gulf,VLCC,9.39,USD
2020-09-05,TD20,West Africa to US Gulf,VLCC,9.098,USD
2020-09-06,TD20,West Africa to US Gulf,VLCC,9.047,USD
2020-09-07,TD20,West Africa to US Gulf,VLCC,9.108,USD
2020-09-08,TD20,West Africa to US Gulf,VLCC,9.149,USD
2020-09-09,TD20,West Africa to US Gulf,VLCC,9.61,USD
2020-09-10,TD20,West Africa to US Gulf,VLCC,9.674,USD
2020-09-11,TD20,West Africa to US Gulf,VLCC,9.512,USD
2020-09-12,TD20,West Africa to US Gulf,VLCC,9.504,USD
2020-09-13,TD20,West Africa to US Gulf,VLCC,9.215,USD
2020-09-14,TD20,West Africa to US Gulf,VLCC,9.214,USD
2020-09-15,TD20,West Africa to US Gulf,VLCC,9.087,USD
2020-09-16,TD20,West Africa to US Gulf,VLCC,9.254,USD
2020-09-17,TD20,West Africa to US Gulf,VLCC,9.174,USD
2020-09-18,TD20,West Africa to US Gulf,VLCC,9.169,USD
2020-09-19,TD20,West Africa to US Gulf,VLCC,9.077,USD
2020-09-20,TD20,West Africa to US Gulf,VLCC,9.384,USD
2020-09-21,TD20,West Africa to US Gulf,VLCC,9.343,USD
2020-09-22,TD20,West Africa to US Gulf,VLCC,9.664,USD
2020-09-23,TD20,West Africa to US Gulf,VLCC,9.811,USD
2020-09-24,TD20,West Africa to US Gulf,VLCC,9.902,USD
2020-09-25,TD20,West Africa to US Gulf,VLCC,9.973,USD
2020-09-26,TD20,West Africa to US Gulf,VLCC,10.049,USD
2020-09-27,TD20,West Africa to US Gulf,VLCC,9.735,USD
2020-09-28,TD20,West Africa to US Gulf,VLCC,9.701,USD
2020-09-29,TD20,West Africa to US Gulf,VLCC,9.856,USD
2020-09-30,TD20,West Africa to US Gulf,VLCC,9.86,USD
2020-10-01,TD20,West Africa to US Gulf,VLCC,9.638,USD
2020-10-02,TD20,West Africa to US Gulf,VLCC,9.644,USD
2020-10-03,TD20,West Africa to US Gulf,VLCC,9.945,USD
2020-10-04,TD20,West Africa to US Gulf,VLCC,10.167,USD
2020-10-05,TD20,West Africa to US Gulf,VLCC,10.168,USD
2020-10-06,TD20,West Africa to US Gulf,VLCC,10.339,USD
2020-10-07,TD20,West Africa to US Gulf,VLCC,10.288,USD
2020-10-08,TD20,West Africa to US Gulf,VLCC,10.014,USD
2020-10-09,TD20,West Africa to US Gulf,VLCC,9.874,USD
2020-10-10,TD20,West Africa to US Gulf,VLCC,10.152,USD
2020-10-11,TD20,West Africa to US Gulf,VLCC,10.12,USD
2020-10-12,TD20,West Africa to US Gulf,VLCC,10.094,USD
2020-10-13,TD20,West Africa to US Gulf,VLCC,10.059,USD
2020-10-14,TD20,West Africa to US Gulf,VLCC,10.394,USD
2020-10-15,TD20,West Africa to US Gulf,VLCC,10.679,USD
2020-10-16,TD20,West Africa to US Gulf,VLCC,11.061,USD
2020-10-17,TD20,West Africa to US Gulf,VLCC,11.042,USD
2020-10-18,TD20,West Africa to US Gulf,VLCC,11.099,USD
2020-10-19,TD20,West Africa to US Gulf,VLCC,10.853,USD
2020-10-20,TD20,West Africa to US Gulf,VLCC,11.11,USD
2020-10-21,TD20,West Africa to US Gulf,VLCC,10.923,USD
2020-10-22,TD20,West Africa to US Gulf,VLCC,10.97,USD
2020-10-23,TD20,West Africa to US Gulf,VLCC,10.797,USD
2020-10-24,TD20,West Africa to US Gulf,VLCC,10.711,USD
2020-10-25,TD20,West Africa to US Gulf,VLCC,10.584,USD
2020-10-26,TD20,West Africa to US Gulf,VLCC,10.498,USD
2020-10-27,TD20,West Africa to US Gulf,VLCC,10.424,USD
2020-10-28,TD20,West Africa to US Gulf,VLCC,10.35,USD
2020-10-29,TD20,West Africa to US Gulf,VLCC,10.508,USD
2020-10-30,TD20,West Africa to US Gulf,VLCC,10.341,USD
2020-10-31,TD20,West Africa to US Gulf,VLCC,10.397,USD
2020-11-01,TD20,West Africa to US Gulf,VLCC,10.62,USD
2020-11-02,TD20,West Africa to US Gulf,VLCC,10.552,USD
2020-11-03,TD20,West Africa to US Gulf,VLCC,10.45,USD
2020-11-04,TD20,West Africa to US Gulf,VLCC,10.431,USD
2020-11-05,TD20,West Africa to US Gulf,VLCC,10.649,USD
2020-11-06,TD20,West Africa to US Gulf,VLCC,10.699,USD
2020-11-07,TD20,West Africa to US Gulf,VLCC,10.628,USD
2020-11-08,TD20,West Africa to US Gulf,VLCC,10.728,USD
2020-11-09,TD20,West Africa to US Gulf,VLCC,10.562,USD
2020-11-10,TD20,West Africa to US Gulf,VLCC,10.697,USD
2020-11-11,TD20,West Africa to US Gulf,VLCC,10.784,USD
2020-11-12,TD20,West Africa to US Gulf,VLCC,10.751,USD
2020-11-13,TD20,West Africa to US Gulf,VLCC,10.63,USD
2020-11-14,TD20,West Africa to US Gulf,VLCC,10.502,USD
2020-11-15,TD20,West Africa to US Gulf,VLCC,10.614,USD
2020-11-16,TD20,West Africa to US Gulf,VLCC,10.841,USD
2020-11-17,TD20,West Africa to US Gulf,VLCC,10.754,USD
2020-11-18,TD20,West Africa to US Gulf,VLCC,10.851,USD
2020-11-19,TD20,West Africa to US Gulf,VLCC,10.521,USD
2020-11-20,TD20,West Africa to US Gulf,VLCC,10.446,USD
2020-11-21,TD20,West Africa to US Gulf,VLCC,10.465,USD
2020-11-22,TD20,West Africa to US Gulf,VLCC,10.337,USD
2020-11-23,TD20,West Africa to US Gulf,VLCC,10.206,USD
2020-11-24,TD20,West Africa to US Gulf,VLCC,10.121,USD
2020-11-25,TD20,West Africa to US Gulf,VLCC,10.198,USD
2020-11-26,TD20,West Africa to US Gulf,VLCC,10.194,USD
2020-11-27,TD20,West Africa to US Gulf,VLCC,9.848,USD
2020-11-28,TD20,West Africa to US Gulf,VLCC,9.524,USD
2020-11-29,TD20,West Africa to US Gulf,VLCC,9.457,USD
2020-11-30,TD20,West Africa to US Gulf,VLCC,9.569,USD
2020-12-01,TD20,West Africa to US Gulf,VLCC,9.144,USD
2020-12-02,TD20,West Africa to US Gulf,VLCC,9.1,USD
2020-12-03,TD20,West Africa to US Gulf,VLCC,9.051,USD
2020-12-04,TD20,West Africa to US Gulf,VLCC,9.323,USD
2020-12-05,TD20,West Africa to US Gulf,VLCC,9.297,USD
2020-12-06,TD20,West Africa to US Gulf,VLCC,9.399,USD
2020-12-07,TD20,West Africa to US Gulf,VLCC,9.459,USD
2020-12-08,TD20,West Africa to US Gulf,VLCC,9.139,USD
2020-12-09,TD20,West Africa to US Gulf,VLCC,9.307,USD
2020-12-10,TD20,West Africa to US Gulf,VLCC,9.381,USD
2020-12-11,TD20,West Africa to US Gulf,VLCC,9.504,USD
2020-12-12,TD20,West Africa to US Gulf,VLCC,10.197,USD
2020-12-13,TD20,West Africa to US Gulf,VLCC,9.878,USD
2020-12-14,TD20,West Africa to US Gulf,VLCC,10.199,USD
2020-12-15,TD20,West Africa to US Gulf,VLCC,10.181,USD
2020-12-16,TD20,West Africa to US Gulf,VLCC,10.258,USD
2020-12-17,TD20,West Africa to US Gulf,VLCC,10.28,USD
2020-12-18,TD20,West Africa to US Gulf,VLCC,10.237,USD
2020-12-19,TD20,West Africa to US Gulf,VLCC,10.171,USD
2020-12-20,TD20,West Africa to US Gulf,VLCC,10.256,USD
2020-12-21,TD20,West Africa to US Gulf,VLCC,10.031,USD
2020-12-22,TD20,West Africa to US Gulf,VLCC,10.188,USD
2020-12-23,TD20,West Africa to US Gulf,VLCC,10.148,USD
2020-12-24,TD20,West Africa to US Gulf,VLCC,9.989,USD
2020-12-25,TD20,West Africa to US Gulf,VLCC,9.945,USD
2020-12-26,TD20,West Africa to US Gulf,VLCC,10.187,USD
2020-12-27,TD20,West Africa to US Gulf,VLCC,10.127,USD
2020-12-28,TD20,West Africa to US Gulf,VLCC,10.217,USD
2020-12-29,TD20,West Africa to US Gulf,VLCC,10.124,USD
2020-12-30,TD20,West Africa to US Gulf,VLCC,10.281,USD
2020-12-31,TD20,West Africa to US Gulf,VLCC,10.424,USD
2021-01-01,TD20,West Africa to US Gulf,VLCC,10.76,USD
2021-01-02,TD20,West Africa to US Gulf,VLCC,10.754,USD
2021-01-03,TD20,West Africa to US Gulf,VLCC,10.889,USD
2021-01-04,TD20,West Africa to US Gulf,VLCC,10.927,USD
2021-01-05,TD20,West Africa to US Gulf,VLCC,11.165,USD
2021-01-06,TD20,West Africa to US Gulf,VLCC,11.063,USD
2021-01-07,TD20,West Africa to US Gulf,VLCC,11.208,USD
2021-01-08,TD20,West Africa to US Gulf,VLCC,11.193,USD
2021-01-09,TD20,West Africa to US Gulf,VLCC,11.201,USD
2021-01-10,TD20,West Africa to US Gulf,VLCC,11.234,USD
2021-01-11,TD20,West Africa to US Gulf,VLCC,11.293,USD
2021-01-12,TD20,West Africa to US Gulf,VLCC,11.29,USD
2021-01-13,TD20,West Africa to US Gulf,VLCC,11.343,USD
2021-01-14,TD20,West Africa to US Gulf,VLCC,11.623,USD
2021-01-15,TD20,West Africa to US Gulf,VLCC,11.8,USD
2021-01-16,TD20,West Africa to US Gulf,VLCC,11.956,USD
2021-01-17,TD20,West Africa to US Gulf,VLCC,11.889,USD
2021-01-18,TD20,West Africa to US Gulf,VLCC,11.75,USD
2021-01-19,TD20,West Africa to US Gulf,VLCC,11.92,USD
2021-01-20,TD20,West Africa to US Gulf,VLCC,12.076,USD
2021-01-21,TD20,West Africa to US Gulf,VLCC,12.329,USD
2021-01-22,TD20,West Africa to US Gulf,VLCC,12.232,USD
2021-01-23,TD20,West Africa to US Gulf,VLCC,12.199,USD
2021-01-24,TD20,West Africa to US Gulf,VLCC,11.929,USD
2021-01-25,TD20,West Africa to US Gulf,VLCC,11.871,USD
2021-01-26,TD20,West Africa to US Gulf,VLCC,12.046,USD
2021-01-27,TD20,West Africa to US Gulf,VLCC,11.973,USD
2021-01-28,TD20,West Africa to US Gulf,VLCC,12.087,USD
2021-01-29,TD20,West Africa to US Gulf,VLCC,12.06,USD
2021-01-30,TD20,West Africa to US Gulf,VLCC,12.119,USD
2021-01-31,TD20,West Africa to US Gulf,VLCC,11.93,USD
2021-02-01,TD20,West Africa to US Gulf,VLCC,11.95,USD
2021-02-02,TD20,West Africa to US Gulf,VLCC,11.455,USD
2021-02-03,TD20,West Africa to US Gulf,VLCC,11.433,USD
2021-02-04,TD20,West Africa to US Gulf,VLCC,11.17,USD
2021-02-05,TD20,West Africa to US Gulf,VLCC,11.383,USD
2021-02-06,TD20,West Africa to US Gulf,VLCC,11.523,USD
2021-02-07,TD20,West Africa to US Gulf,VLCC,11.609,USD
2021-02-08,TD20,West Africa to US Gulf,VLCC,11.87,USD
2021-02-09,TD20,West Africa to US Gulf,VLCC,11.714,USD
2021-02-10,TD20,West Africa to US Gulf,VLCC,12.012,USD
2021-02-11,TD20,West Africa to US Gulf,VLCC,12.169,USD
2021-02-12,TD20,West Africa to US Gulf,VLCC,12.129,USD
2021-02-13,TD20,West Africa to US Gulf,VLCC,12.319,USD
2021-02-14,TD20,West Africa to US Gulf,VLCC,12.131,USD
2021-02-15,TD20,West Africa to US Gulf,VLCC,11.992,USD
2021-02-16,TD20,West Africa to US Gulf,VLCC,11.89,USD
2021-02-17,TD20,West Africa to US Gulf,VLCC,11.802,USD
2021-02-18,TD20,West Africa to US Gulf,VLCC,11.626,USD
2021-02-19,TD20,West Africa to US Gulf,VLCC,11.833,USD
2021-02-20,TD20,West Africa to US Gulf,VLCC,11.79,USD
2021-02-21,TD20,West Africa to US Gulf,VLCC,11.849,USD
2021-02-22,TD20,West Africa to US Gulf,VLCC,11.752,USD
2021-02-23,TD20,West Africa to US Gulf,VLCC,11.447,USD
2021-02-24,TD20,West Africa to US Gulf,VLCC,11.495,USD
2021-02-25,TD20,West Africa to US Gulf,VLCC,11.176,USD
2021-02-26,TD20,West Africa to US Gulf,VLCC,11.169,USD
2021-02-27,TD20,West Africa to US Gulf,VLCC,10.944,USD
2021-02-28,TD20,West Africa to US Gulf,VLCC,11.282,USD
2021-03-01,TD20,West Africa to US Gulf,VLCC,11.436,USD
2021-03-02,TD20,West Africa to US Gulf,VLCC,11.454,USD
2021-03-03,TD20,West Africa to US Gulf,VLCC,11.665,USD
2021-03-04,TD20,West Africa to US Gulf,VLCC,11.52,USD
2021-03-05,TD20,West Africa to US Gulf,VLCC,11.609,USD
2021-03-06,TD20,West Africa to US Gulf,VLCC,11.639,USD
2021-03-07,TD20,West Africa to US Gulf,VLCC,11.679,USD
2021-03-08,TD20,West Africa to US Gulf,VLCC,11.887,USD
2021-03-09,TD20,West Africa to US Gulf,VLCC,12.002,USD
2021-03-10,TD20,West Africa to US Gulf,VLCC,12.041,USD
2021-03-11,TD20,West Africa to US Gulf,VLCC,11.754,USD
2021-03-12,TD20,West Africa to US Gulf,VLCC,11.586,USD
2021-03-13,TD20,West Africa to US Gulf,VLCC,11.559,USD
2021-03-14,TD20,West Africa to US Gulf,VLCC,11.568,USD
2021-03-15,TD20,West Africa to US Gulf,VLCC,11.372,USD
2021-03-16,TD20,West Africa to US Gulf,VLCC,11.771,USD
2021-03-17,TD20,West Africa to US Gulf,VLCC,12.015,USD
2021-03-18,TD20,West Africa to US Gulf,VLCC,12.103,USD
2021-03-19,TD20,West Africa to US Gulf,VLCC,12.101,USD
2021-03-20,TD20,West Africa to US Gulf,VLCC,12.051,USD
2021-03-21,TD20,West Africa to US Gulf,VLCC,11.877,USD
2021-03-22,TD20,West Africa to US Gulf,VLCC,11.877,USD
2021-03-23,TD20,West Africa to US Gulf,VLCC,11.907,USD
2021-03-24,TD20,West Africa to US Gulf,VLCC,11.685,USD
2021-03-25,TD20,West Africa to US Gulf,VLCC,11.728,USD
2021-03-26,TD20,West Africa to US Gulf,VLCC,11.689,USD
2021-03-27,TD20,West Africa to US Gulf,VLCC,11.356,USD
2021-03-28,TD20,West Africa to US Gulf,VLCC,11.202,USD
2021-03-29,TD20,West Africa to US Gulf,VLCC,11.124,USD
2021-03-30,TD20,West Africa to US Gulf,VLCC,11.43,USD
2021-03-31,TD20,West Africa to US Gulf,VLCC,11.511,USD
2021-04-01,TD20,West Africa to US Gulf,VLCC,11.274,USD
2021-04-02,TD20,West Africa to US Gulf,VLCC,11.344,USD
2021-04-03,TD20,West Africa to US Gulf,VLCC,11.072,USD
2021-04-04,TD20,West Africa to US Gulf,VLCC,11.242,USD
2021-04-05,TD20,West Africa to US Gulf,VLCC,11.151,USD
2021-04-06,TD20,West Africa to US Gulf,VLCC,11.123,USD
2021-04-07,TD20,West Africa to US Gulf,VLCC,11.332,USD
2021-04-08,TD20,West Africa to US Gulf,VLCC,11.102,USD
2021-04-09,TD20,West Africa to US Gulf,VLCC,10.855,USD
2021-04-10,TD20,West Africa to US Gulf,VLCC,10.747,USD
2021-04-11,TD20,West Africa to US Gulf,VLCC,10.91,USD
2021-04-12,TD20,West Africa to US Gulf,VLCC,10.644,USD
2021-04-13,TD20,West Africa to US Gulf,VLCC,10.16,USD
2021-04-14,TD20,West Africa to US Gulf,VLCC,10.079,USD
2021-04-15,TD20,West Africa to US Gulf,VLCC,10.166,USD
2021-04-16,TD20,West Africa to US Gulf,VLCC,10.36,USD
2021-04-17,TD20,West Africa to US Gulf,VLCC,10.274,USD
2021-04-18,TD20,West Africa to US Gulf,VLCC,10.197,USD
2021-04-19,TD20,West Africa to US Gulf,VLCC,10.382,USD
2021-04-20,TD20,West Africa to US Gulf,VLCC,10.059,USD
2021-04-21,TD20,West Africa to US Gulf,VLCC,9.987,USD
2021-04-22,TD20,West Africa to US Gulf,VLCC,10.012,USD
2021-04-23,TD20,West Africa to US Gulf,VLCC,10.08,USD
2021-04-24,TD20,West Africa to US Gulf,VLCC,9.986,USD
2021-04-25,TD20,West Africa to US Gulf,VLCC,9.983,USD
2021-04-26,TD20,West Africa to US Gulf,VLCC,9.559,USD
2021-04-27,TD20,West Africa to US Gulf,VLCC,9.444,USD
2021-04-28,TD20,West Africa to US Gulf,VLCC,9.516,USD
2021-04-29,TD20,West Africa to US Gulf,VLCC,9.347,USD
2021-04-30,TD20,West Africa to US Gulf,VLCC,9.354,USD
2021-05-01,TD20,West Africa to US Gulf,VLCC,9.425,USD
2021-05-02,TD20,West Africa to US Gulf,VLCC,9.363,USD
2021-05-03,TD20,West Africa to US Gulf,VLCC,9.387,USD
2021-05-04,TD20,West Africa to US Gulf,VLCC,9.221,USD
2021-05-05,TD20,West Africa to US Gulf,VLCC,9.182,USD
2021-05-06,TD20,West Africa to US Gulf,VLCC,9.281,USD
2021-05-07,TD20,West Africa to US Gulf,VLCC,9.302,USD
2021-05-08,TD20,West Africa to US Gulf,VLCC,9.199,USD
2021-05-09,TD20,West Africa to US Gulf,VLCC,9.232,USD
2021-05-10,TD20,West Africa to US Gulf,VLCC,9.346,USD
2021-05-11,TD20,West Africa to US Gulf,VLCC,8.996,USD
2021-05-12,TD20,West Africa to US Gulf,VLCC,9.187,USD
2021-05-13,TD20,West Africa to US Gulf,VLCC,9.125,USD
2021-05-14,TD20,West Africa to US Gulf,VLCC,9.191,USD
2021-05-15,TD20,West Africa to US Gulf,VLCC,9.385,USD
2021-05-16,TD20,West Africa to US Gulf,VLCC,9.147,USD
2021-05-17,TD20,West Africa to US Gulf,VLCC,9.022,USD
2021-05-18,TD20,West Africa to US Gulf,VLCC,8.968,USD
2021-05-19,TD20,West Africa to US Gulf,VLCC,8.832,USD
2021-05-20,TD20,West Africa to US Gulf,VLCC,9.119,USD
2021-05-21,TD20,West Africa to US Gulf,VLCC,8.968,USD
2021-05-22,TD20,West Africa to US Gulf,VLCC,8.87,USD
2021-05-23,TD20,West Africa to US Gulf,VLCC,8.899,USD
2021-05-24,TD20,West Africa to US Gulf,VLCC,8.693,USD
2021-05-25,TD20,West Africa to US Gulf,VLCC,8.623,USD
2021-05-26,TD20,West Africa to US Gulf,VLCC,8.673,USD
2021-05-27,TD20,West Africa to US Gulf,VLCC,8.614,USD
2021-05-28,TD20,West Africa to US Gulf,VLCC,8.595,USD
2021-05-29,TD20,West Africa to US Gulf,VLCC,8.503,USD
2021-05-30,TD20,West Africa to US Gulf,VLCC,8.247,USD
2021-05-31,TD20,West Africa to US Gulf,VLCC,8.301,USD
2021-06-01,TD20,West Africa to US Gulf,VLCC,8.594,USD
2021-06-02,TD20,West Africa to US Gulf,VLCC,8.593,USD
2021-06-03,TD20,West Africa to US Gulf,VLCC,8.627,USD
2021-06-04,TD20,West Africa to US Gulf,VLCC,8.739,USD
2021-06-05,TD20,West Africa to US Gulf,VLCC,8.521,USD
2021-06-06,TD20,West Africa to US Gulf,VLCC,8.802,USD
2021-06-07,TD20,West Africa to US Gulf,VLCC,8.83,USD
2021-06-08,TD20,West Africa to US Gulf,VLCC,9.096,USD
2021-06-09,TD20,West Africa to US Gulf,VLCC,8.964,USD
2021-06-10,TD20,West Africa to US Gulf,VLCC,9.26,USD
2021-06-11,TD20,West Africa to US Gulf,VLCC,9.378,USD
2021-06-12,TD20,West Africa to US Gulf,VLCC,9.458,USD
2021-06-13,TD20,West Africa to US Gulf,VLCC,9.484,USD
2021-06-14,TD20,West Africa to US Gulf,VLCC,9.428,USD
2021-06-15,TD20,West Africa to US Gulf,VLCC,9.616,USD
2021-06-16,TD20,West Africa to US Gulf,VLCC,9.624,USD
2021-06-17,TD20,West Africa to US Gulf,VLCC,9.28,USD
2021-06-18,TD20,West Africa to US Gulf,VLCC,9.081,USD
2021-06-19,TD20,West Africa to US Gulf,VLCC,9.04,USD
2021-06-20,TD20,West Africa to US Gulf,VLCC,9.083,USD
2021-06-21,TD20,West Africa to US Gulf,VLCC,9.063,USD
2021-06-22,TD20,West Africa to US Gulf,VLCC,9.258,USD
2021-06-23,TD20,West Africa to US Gulf,VLCC,8.92,USD
2021-06-24,TD20,West Africa to US Gulf,VLCC,8.935,USD
2021-06-25,TD20,West Africa to US Gulf,VLCC,8.623,USD
2021-06-26,TD20,West Africa to US Gulf,VLCC,8.745,USD
2021-06-27,TD20,West Africa to US Gulf,VLCC,8.723,USD
2021-06-28,TD20,West Africa to US Gulf,VLCC,8.787,USD
2021-06-29,TD20,West Africa to US Gulf,VLCC,8.636,USD
2021-06-30,TD20,West Africa to US Gulf,VLCC,8.845,USD
2021-07-01,TD20,West Africa to US Gulf,VLCC,9.012,USD
2021-07-02,TD20,West Africa to US Gulf,VLCC,9.101,USD
2021-07-03,TD20,West Africa to US Gulf,VLCC,9.07,USD
2021-07-04,TD20,West Africa to US Gulf,VLCC,9.158,USD
2021-07-05,TD20,West Africa to US Gulf,VLCC,9.03,USD
2021-07-06,TD20,West Africa to US Gulf,VLCC,9.165,USD
2021-07-07,TD20,West Africa to US Gulf,VLCC,9.431,USD
2021-07-08,TD20,West Africa to US Gulf,VLCC,9.598,USD
2021-07-09,TD20,West Africa to US Gulf,VLCC,9.462,USD
2021-07-10,TD20,West Africa to US Gulf,VLCC,9.511,USD
2021-07-11,TD20,West Africa to US Gulf,VLCC,9.282,USD
2021-07-12,TD20,West Africa to US Gulf,VLCC,9.367,USD
2021-07-13,TD20,West Africa to US Gulf,VLCC,9.432,USD
2021-07-14,TD20,West Africa to US Gulf,VLCC,9.108,USD
2021-07-15,TD20,West Africa to US Gulf,VLCC,8.906,USD
2021-07-16,TD20,West Africa to US Gulf,VLCC,8.853,USD
2021-07-17,TD20,West Africa to US Gulf,VLCC,8.798,USD
2021-07-18,TD20,West Africa to US Gulf,VLCC,8.591,USD
2021-07-19,TD20,West Africa to US Gulf,VLCC,8.654,USD
2021-07-20,TD20,West Africa to US Gulf,VLCC,8.694,USD
2021-07-21,TD20,West Africa to US Gulf,VLCC,8.659,USD
2021-07-22,TD20,West Africa to US Gulf,VLCC,8.531,USD
2021-07-23,TD20,West Africa to US Gulf,VLCC,8.706,USD
2021-07-24,TD20,West Africa to US Gulf,VLCC,8.981,USD
2021-07-25,TD20,West Africa to US Gulf,VLCC,8.896,USD
2021-07-26,TD20,West Africa to US Gulf,VLCC,8.79,USD
2021-07-27,TD20,West Africa to US Gulf,VLCC,8.87,USD
2021-07-28,TD20,West Africa to US Gulf,VLCC,8.808,USD
2021-07-29,TD20,West Africa to US Gulf,VLCC,8.783,USD
2021-07-30,TD20,West Africa to US Gulf,VLCC,8.905,USD
2021-07-31,TD20,West Africa to US Gulf,VLCC,8.584,USD
2021-08-01,TD20,West Africa to US Gulf,VLCC,8.806,USD
2021-08-02,TD20,West Africa to US Gulf,VLCC,8.817,USD
2021-08-03,TD20,West Africa to US Gulf,VLCC,8.748,USD
2021-08-04,TD20,West Africa to US Gulf,VLCC,8.734,USD
2021-08-05,TD20,West Africa to US Gulf,VLCC,8.729,USD
2021-08-06,TD20,West Africa to US Gulf,VLCC,8.441,USD
2021-08-07,TD20,West Africa to US Gulf,VLCC,8.695,USD
2021-08-08,TD20,West Africa to US Gulf,VLCC,8.705,USD
2021-08-09,TD20,West Africa to US Gulf,VLCC,8.782,USD
2021-08-10,TD20,West Africa to US Gulf,VLCC,8.943,USD
2021-08-11,TD20,West Africa to US Gulf,VLCC,8.773,USD
2021-08-12,TD20,West Africa to US Gulf,VLCC,8.855,USD
2021-08-13,TD20,West Africa to US Gulf,VLCC,8.813,USD
2021-08-14,TD20,West Africa to US Gulf,VLCC,8.958,USD
2021-08-15,TD20,West Africa to US Gulf,VLCC,8.604,USD
2021-08-16,TD20,West Africa to US Gulf,VLCC,8.594,USD
2021-08-17,TD20,West Africa to US Gulf,VLCC,8.5,USD
2021-08-18,TD20,West Africa to US Gulf,VLCC,8.58,USD
2021-08-19,TD20,West Africa to US Gulf,VLCC,8.666,USD
2021-08-20,TD20,West Africa to US Gulf,VLCC,8.555,USD
2021-08-21,TD20,West Africa to US Gulf,VLCC,8.444,USD
2021-08-22,TD20,West Africa to US Gulf,VLCC,8.435,USD
2021-08-23,TD20,West Africa to US Gulf,VLCC,8.296,USD
2021-08-24,TD20,West Africa to US Gulf,VLCC,8.449,USD
2021-08-25,TD20,West Africa to US Gulf,VLCC,8.398,USD
2021-08-26,TD20,West Africa to US Gulf,VLCC,7.924,USD
2021-08-27,TD20,West Africa to US Gulf,VLCC,7.878,USD
2021-08-28,TD20,West Africa to US Gulf,VLCC,7.722,USD
2021-08-29,TD20,West Africa to US Gulf,VLCC,7.469,USD
2021-08-30,TD20,West Africa to US Gulf,VLCC,7.285,USD
2021-08-31,TD20,West Africa to US Gulf,VLCC,7.329,USD
2021-09-01,TD20,West Africa to US Gulf,VLCC,7.576,USD
2021-09-02,TD20,West Africa to US Gulf,VLCC,7.652,USD
2021-09-03,TD20,West Africa to US Gulf,VLCC,7.573,USD
2021-09-04,TD20,West Africa to US Gulf,VLCC,7.673,USD
2021-09-05,TD20,West Africa to US Gulf,VLCC,7.62,USD
2021-09-06,TD20,West Africa to US Gulf,VLCC,7.528,USD
2021-09-07,TD20,West Africa to US Gulf,VLCC,7.36,USD
2021-09-08,TD20,West Africa to US Gulf,VLCC,7.095,USD
2021-09-09,TD20,West Africa to US Gulf,VLCC,7.06,USD
2021-09-10,TD20,West Africa to US Gulf,VLCC,7.118,USD
2021-09-11,TD20,West Africa to US Gulf,VLCC,7.134,USD
2021-09-12,TD20,West Africa to US Gulf,VLCC,7.096,USD
2021-09-13,TD20,West Africa to US Gulf,VLCC,6.97,USD
2021-09-14,TD20,West Africa to US Gulf,VLCC,7.106,USD
2021-09-15,TD20,West Africa to US Gulf,VLCC,6.919,USD
2021-09-16,TD20,West Africa to US Gulf,VLCC,7.084,USD
2021-09-17,TD20,West Africa to US Gulf,VLCC,6.951,USD
2021-09-18,TD20,West Africa to US Gulf,VLCC,6.861,USD
2021-09-19,TD20,West Africa to US Gulf,VLCC,6.653,USD
2021-09-20,TD20,West Africa to US Gulf,VLCC,6.61,USD
2021-09-21,TD20,West Africa to US Gulf,VLCC,6.814,USD
2021-09-22,TD20,West Africa to US Gulf,VLCC,6.939,USD
2021-09-23,TD20,West Africa to US Gulf,VLCC,7.141,USD
2021-09-24,TD20,West Africa to US Gulf,VLCC,7.266,USD
2021-09-25,TD20,West Africa to US Gulf,VLCC,7.117,USD
2021-09-26,TD20,West Africa to US Gulf,VLCC,7.1,USD
2021-09-27,TD20,West Africa to US Gulf,VLCC,7.008,USD
2021-09-28,TD20,West Africa to US Gulf,VLCC,7.27,USD
2021-09-29,TD20,West Africa to US Gulf,VLCC,7.108,USD
2021-09-30,TD20,West Africa to US Gulf,VLCC,7.297,USD
2021-10-01,TD20,West Africa to US Gulf,VLCC,7.485,USD
2021-10-02,TD20,West Africa to US Gulf,VLCC,7.828,USD
2021-10-03,TD20,West Africa to US Gulf,VLCC,7.793,USD
2021-10-04,TD20,West Africa to US Gulf,VLCC,7.947,USD
2021-10-05,TD20,West Africa to US Gulf,VLCC,8.362,USD
2021-10-06,TD20,West Africa to US Gulf,VLCC,8.289,USD
2021-10-07,TD20,West Africa to US Gulf,VLCC,8.063,USD
2021-10-08,TD20,West Africa to US Gulf,VLCC,7.782,USD
2021-10-09,TD20,West Africa to US Gulf,VLCC,7.938,USD
2021-10-10,TD20,West Africa to US Gulf,VLCC,7.659,USD
2021-10-11,TD20,West Africa to US Gulf,VLCC,7.635,USD
2021-10-12,TD20,West Africa to US Gulf,VLCC,7.748,USD
2021-10-13,TD20,West Africa to US Gulf,VLCC,7.818,USD
2021-10-14,TD20,West Africa to US Gulf,VLCC,7.927,USD
2021-10-15,TD20,West Africa to US Gulf,VLCC,8.002,USD
2021-10-16,TD20,West Africa to US Gulf,VLCC,8.254,USD
2021-10-17,TD20,West Africa to US Gulf,VLCC,8.13,USD
2021-10-18,TD20,West Africa to US Gulf,VLCC,8.053,USD
2021-10-19,TD20,West Africa to US Gulf,VLCC,7.962,USD
2021-10-20,TD20,West Africa to US Gulf,VLCC,8.14,USD
2021-10-21,TD20,West Africa to US Gulf,VLCC,8.329,USD
2021-10-22,TD20,West Africa to US Gulf,VLCC,8.441,USD
2021-10-23,TD20,West Africa to US Gulf,VLCC,8.675,USD
2021-10-24,TD20,West Africa to US Gulf,VLCC,8.511,USD
2021-10-25,TD20,West Africa to US Gulf,VLCC,8.826,USD
2021-10-26,TD20,West Africa to US Gulf,VLCC,9.114,USD
2021-10-27,TD20,West Africa to US Gulf,VLCC,9.267,USD
2021-10-28,TD20,West Africa to US Gulf,VLCC,9.595,USD
2021-10-29,TD20,West Africa to US Gulf,VLCC,9.344,USD
2021-10-30,TD20,West Africa to US Gulf,VLCC,9.285,USD
2021-10-31,TD20,West Africa to US Gulf,VLCC,9.192,USD
2021-11-01,TD20,West Africa to US Gulf,VLCC,9.344,USD
2021-11-02,TD20,West Africa to US Gulf,VLCC,9.198,USD
2021-11-03,TD20,West Africa to US Gulf,VLCC,9.357,USD
2021-11-04,TD20,West Africa to US Gulf,VLCC,9.617,USD
2021-11-05,TD20,West Africa to US Gulf,VLCC,9.761,USD
2021-11-06,TD20,West Africa to US Gulf,VLCC,9.836,USD
2021-11-07,TD20,West Africa to US Gulf,VLCC,9.697,USD
2021-11-08,TD20,West Africa to US Gulf,VLCC,9.584,USD
2021-11-09,TD20,West Africa to US Gulf,VLCC,9.823,USD
2021-11-10,TD20,West Africa to US Gulf,VLCC,9.981,USD
2021-11-11,TD20,West Africa to US Gulf,VLCC,10.001,USD
2021-11-12,TD20,West Africa to US Gulf,VLCC,9.957,USD
2021-11-13,TD20,West Africa to US Gulf,VLCC,9.646,USD
2021-11-14,TD20,West Africa to US Gulf,VLCC,9.497,USD
2021-11-15,TD20,West Africa to US Gulf,VLCC,9.849,USD
2021-11-16,TD20,West Africa to US Gulf,VLCC,9.664,USD
2021-11-17,TD20,West Africa to US Gulf,VLCC,9.726,USD
2021-11-18,TD20,West Africa to US Gulf,VLCC,9.926,USD
2021-11-19,TD20,West Africa to US Gulf,VLCC,9.744,USD
2021-11-20,TD20,West Africa to US Gulf,VLCC,9.806,USD
2021-11-21,TD20,West Africa to US Gulf,VLCC,9.994,USD
2021-11-22,TD20,West Africa to US Gulf,VLCC,10.025,USD
2021-11-23,TD20,West Africa to US Gulf,VLCC,10.533,USD
2021-11-24,TD20,West Africa to US Gulf,VLCC,10.278,USD
2021-11-25,TD20,West Africa to US Gulf,VLCC,10.481,USD
2021-11-26,TD20,West Africa to US Gulf,VLCC,10.477,USD
2021-11-27,TD20,West Africa to US Gulf,VLCC,10.631,USD
2021-11-28,TD20,West Africa to US Gulf,VLCC,10.729,USD
2021-11-29,TD20,West Africa to US Gulf,VLCC,10.629,USD
2021-11-30,TD20,West Africa to US Gulf,VLCC,10.691,USD
2021-12-01,TD20,West Africa to US Gulf,VLCC,10.403,USD
2021-12-02,TD20,West Africa to US Gulf,VLCC,10.531,USD
2021-12-03,TD20,West Africa to US Gulf,VLCC,10.606,USD
2021-12-04,TD20,West Africa to US Gulf,VLCC,10.737,USD
2021-12-05,TD20,West Africa to US Gulf,VLCC,10.937,USD
2021-12-06,TD20,West Africa to US Gulf,VLCC,11.02,USD
2021-12-07,TD20,West Africa to US Gulf,VLCC,11.066,USD
2021-12-08,TD20,West Africa to US Gulf,VLCC,10.939,USD
2021-12-09,TD20,West Africa to US Gulf,VLCC,10.842,USD
2021-12-10,TD20,West Africa to US Gulf,VLCC,11.063,USD
2021-12-11,TD20,West Africa to US Gulf,VLCC,11.324,USD
2021-12-12,TD20,West Africa to US Gulf,VLCC,11.302,USD
2021-12-13,TD20,West Africa to US Gulf,VLCC,11.328,USD
2021-12-14,TD20,West Africa to US Gulf,VLCC,11.195,USD
2021-12-15,TD20,West Africa to US Gulf,VLCC,11.411,USD
2021-12-16,TD20,West Africa to US Gulf,VLCC,11.539,USD
2021-12-17,TD20,West Africa to US Gulf,VLCC,11.88,USD
2021-12-18,TD20,West Africa to US Gulf,VLCC,11.746,USD
2021-12-19,TD20,West Africa to US Gulf,VLCC,11.697,USD
2021-12-20,TD20,West Africa to US Gulf,VLCC,11.75,USD
2021-12-21,TD20,West Africa to US Gulf,VLCC,11.872,USD
2021-12-22,TD20,West Africa to US Gulf,VLCC,11.849,USD
2021-12-23,TD20,West Africa to US Gulf,VLCC,11.716,USD
2021-12-24,TD20,West Africa to US Gulf,VLCC,11.878,USD
2021-12-25,TD20,West Africa to US Gulf,VLCC,12.011,USD
2021-12-26,TD20,West Africa to US Gulf,VLCC,11.869,USD
2021-12-27,TD20,West Africa to US Gulf,VLCC,12.109,USD
2021-12-28,TD20,West Africa to US Gulf,VLCC,12.315,USD
2021-12-29,TD20,West Africa to US Gulf,VLCC,12.345,USD
2021-12-30,TD20,West Africa to US Gulf,VLCC,12.366,USD
2021-12-31,TD20,West Africa to US Gulf,VLCC,12.466,USD
2022-01-01,TD20,West Africa to US Gulf,VLCC,12.328,USD
2022-01-02,TD20,West Africa to US Gulf,VLCC,12.341,USD
2022-01-03,TD20,West Africa to US Gulf,VLCC,11.988,USD
2022-01-04,TD20,West Africa to US Gulf,VLCC,12.145,USD
2022-01-05,TD20,West Africa to US Gulf,VLCC,11.893,USD
2022-01-06,TD20,West Africa to US Gulf,VLCC,12.156,USD
2022-01-07,TD20,West Africa to US Gulf,VLCC,12.11,USD
2022-01-08,TD20,West Africa to US Gulf,VLCC,12.083,USD
2022-01-09,TD20,West Africa to US Gulf,VLCC,11.988,USD
2022-01-10,TD20,West Africa to US Gulf,VLCC,11.949,USD
2022-01-11,TD20,West Africa to US Gulf,VLCC,12.197,USD
2022-01-12,TD20,West Africa to US Gulf,VLCC,11.788,USD
2022-01-13,TD20,West Africa to US Gulf,VLCC,12.013,USD
2022-01-14,TD20,West Africa to US Gulf,VLCC,12.079,USD
2022-01-15,TD20,West Africa to US Gulf,VLCC,11.885,USD
2022-01-16,TD20,West Africa to US Gulf,VLCC,11.715,USD
2022-01-17,TD20,West Africa to US Gulf,VLCC,12.007,USD
2022-01-18,TD20,West Africa to US Gulf,VLCC,11.857,USD
2022-01-19,TD20,West Africa to US Gulf,VLCC,11.674,USD
2022-01-20,TD20,West Africa to US Gulf,VLCC,11.875,USD
2022-01-21,TD20,West Africa to US Gulf,VLCC,11.941,USD
2022-01-22,TD20,West Africa to US Gulf,VLCC,11.792,USD
2022-01-23,TD20,West Africa to US Gulf,VLCC,11.837,USD
2022-01-24,TD20,West Africa to US Gulf,VLCC,11.674,USD
2022-01-25,TD20,West Africa to US Gulf,VLCC,11.869,USD
2022-01-26,TD20,West Africa to US Gulf,VLCC,12.054,USD
2022-01-27,TD20,West Africa to US Gulf,VLCC,12.149,USD
2022-01-28,TD20,West Africa to US Gulf,VLCC,12.214,USD
2022-01-29,TD20,West Africa to US Gulf,VLCC,12.512,USD
2022-01-30,TD20,West Africa to US Gulf,VLCC,12.512,USD
2022-01-31,TD20,West Africa to US Gulf,VLCC,12.314,USD
2022-02-01,TD20,West Africa to US Gulf,VLCC,12.391,USD
2022-02-02,TD20,West Africa to US Gulf,VLCC,12.741,USD
2022-02-03,TD20,West Africa to US Gulf,VLCC,12.568,USD
2022-02-04,TD20,West Africa to US Gulf,VLCC,12.505,USD
2022-02-05,TD20,West Africa to US Gulf,VLCC,12.574,USD
2022-02-06,TD20,West Africa to US Gulf,VLCC,12.562,USD
2022-02-07,TD20,West Africa to US Gulf,VLCC,12.395,USD
2022-02-08,TD20,West Africa to US Gulf,VLCC,12.581,USD
2022-02-09,TD20,West Africa to US Gulf,VLCC,12.966,USD
2022-02-10,TD20,West Africa to US Gulf,VLCC,12.991,USD
2022-02-11,TD20,West Africa to US Gulf,VLCC,12.832,USD
2022-02-12,TD20,West Africa to US Gulf,VLCC,12.565,USD
2022-02-13,TD20,West Africa to US Gulf,VLCC,12.604,USD
2022-02-14,TD20,West Africa to US Gulf,VLCC,12.783,USD
2022-02-15,TD20,West Africa to US Gulf,VLCC,12.855,USD
2022-02-16,TD20,West Africa to US Gulf,VLCC,12.845,USD
2022-02-17,TD20,West Africa to US Gulf,VLCC,12.738,USD
2022-02-18,TD20,West Africa to US Gulf,VLCC,12.547,USD
2022-02-19,TD20,West Africa to US Gulf,VLCC,12.68,USD
2022-02-20,TD20,West Africa to US Gulf,VLCC,12.824,USD
2022-02-21,TD20,West Africa to US Gulf,VLCC,12.555,USD
2022-02-22,TD20,West Africa to US Gulf,VLCC,12.813,USD
2022-02-23,TD20,West Africa to US Gulf,VLCC,12.898,USD
2022-02-24,TD20,West Africa to US Gulf,VLCC,13.12,USD
2022-02-25,TD20,West Africa to US Gulf,VLCC,12.881,USD
2022-02-26,TD20,West Africa to US Gulf,VLCC,12.639,USD
2022-02-27,TD20,West Africa to US Gulf,VLCC,12.603,USD
2022-02-28,TD20,West Africa to US Gulf,VLCC,12.677,USD
2022-03-01,TD20,West Africa to US Gulf,VLCC,12.965,USD
2022-03-02,TD20,West Africa to US Gulf,VLCC,13.068,USD
2022-03-03,TD20,West Africa to US Gulf,VLCC,13.011,USD
2022-03-04,TD20,West Africa to US Gulf,VLCC,12.822,USD
2022-03-05,TD20,West Africa to US Gulf,VLCC,13.013,USD
2022-03-06,TD20,West Africa to US Gulf,VLCC,12.834,USD
2022-03-07,TD20,West Africa to US Gulf,VLCC,13.09,USD
2022-03-08,TD20,West Africa to US Gulf,VLCC,13.024,USD
2022-03-09,TD20,West Africa to US Gulf,VLCC,13.271,USD
2022-03-10,TD20,West Africa to US Gulf,VLCC,13.363,USD
2022-03-11,TD20,West Africa to US Gulf,VLCC,13.317,USD
2022-03-12,TD20,West Africa to US Gulf,VLCC,13.207,USD
2022-03-13,TD20,West Africa to US Gulf,VLCC,13.127,USD
2022-03-14,TD20,West Africa to US Gulf,VLCC,13.177,USD
2022-03-15,TD20,West Africa to US Gulf,VLCC,13.167,USD
2022-03-16,TD20,West Africa to US Gulf,VLCC,13.044,USD
2022-03-17,TD20,West Africa to US Gulf,VLCC,12.994,USD
2022-03-18,TD20,West Africa to US Gulf,VLCC,12.984,USD
2022-03-19,TD20,West Africa to US Gulf,VLCC,12.605,USD
2022-03-20,TD20,West Africa to US Gulf,VLCC,12.663,USD
2022-03-21,TD20,West Africa to US Gulf,VLCC,12.478,USD
2022-03-22,TD20,West Africa to US Gulf,VLCC,12.266,USD
2022-03-23,TD20,West Africa to US Gulf,VLCC,11.967,USD
2022-03-24,TD20,West Africa to US Gulf,VLCC,11.652,USD
2022-03-25,TD20,West Africa to US Gulf,VLCC,11.413,USD
2022-03-26,TD20,West Africa to US Gulf,VLCC,11.284,USD
2022-03-27,TD20,West Africa to US Gulf,VLCC,11.601,USD
2022-03-28,TD20,West Africa to US Gulf,VLCC,11.501,USD
2022-03-29,TD20,West Africa to US Gulf,VLCC,11.518,USD
2022-03-30,TD20,West Africa to US Gulf,VLCC,11.572,USD
2022-03-31,TD20,West Africa to US Gulf,VLCC,11.58,USD
2022-04-01,TD20,West Africa to US Gulf,VLCC,11.553,USD
2022-04-02,TD20,West Africa to US Gulf,VLCC,11.338,USD
2022-04-03,TD20,West Africa to US Gulf,VLCC,11.568,USD
2022-04-04,TD20,West Africa to US Gulf,VLCC,11.855,USD
2022-04-05,TD20,West Africa to US Gulf,VLCC,11.555,USD
2022-04-06,TD20,West Africa to US Gulf,VLCC,11.367,USD
2022-04-07,TD20,West Africa to US Gulf,VLCC,11.306,USD
2022-04-08,TD20,West Africa to US Gulf,VLCC,11.13,USD
2022-04-09,TD20,West Africa to US Gulf,VLCC,11.201,USD
2022-04-10,TD20,West Africa to US Gulf,VLCC,11.065,USD
2022-04-11,TD20,West Africa to US Gulf,VLCC,11.414,USD
2022-04-12,TD20,West Africa to US Gulf,VLCC,11.595,USD
2022-04-13,TD20,West Africa to US Gulf,VLCC,11.612,USD
2022-04-14,TD20,West Africa to US Gulf,VLCC,11.763,USD
2022-04-15,TD20,West Africa to US Gulf,VLCC,11.926,USD
2022-04-16,TD20,West Africa to US Gulf,VLCC,11.808,USD
2022-04-17,TD20,West Africa to US Gulf,VLCC,11.648,USD
2022-04-18,TD20,West Africa to US Gulf,VLCC,11.639,USD
2022-04-19,TD20,West Africa to US Gulf,VLCC,11.761,USD
2022-04-20,TD20,West Africa to US Gulf,VLCC,11.76,USD
2022-04-21,TD20,West Africa to US Gulf,VLCC,11.472,USD
2022-04-22,TD20,West Africa to US Gulf,VLCC,11.316,USD
2022-04-23,TD20,West Africa to US Gulf,VLCC,11.283,USD
2022-04-24,TD20,West Africa to US Gulf,VLCC,11.25,USD
2022-04-25,TD20,West Africa to US Gulf,VLCC,11.559,USD
2022-04-26,TD20,West Africa to US Gulf,VLCC,11.303,USD
2022-04-27,TD20,West Africa to US Gulf,VLCC,11.366,USD
2022-04-28,TD20,West Africa to US Gulf,VLCC,11.592,USD
2022-04-29,TD20,West Africa to US Gulf,VLCC,11.947,USD
2022-04-30,TD20,West Africa to US Gulf,VLCC,11.85,USD
2022-05-01,TD20,West Africa to US Gulf,VLCC,11.903,USD
2022-05-02,TD20,West Africa to US Gulf,VLCC,11.969,USD
2022-05-03,TD20,West Africa to US Gulf,VLCC,11.971,USD
2022-05-04,TD20,West Africa to US Gulf,VLCC,11.924,USD
2022-05-05,TD20,West Africa to US Gulf,VLCC,11.966,USD
2022-05-06,TD20,West Africa to US Gulf,VLCC,11.511,USD
2022-05-07,TD20,West Africa to US Gulf,VLCC,11.598,USD
2022-05-08,TD20,West Africa to US Gulf,VLCC,11.591,USD
2022-05-09,TD20,West Africa to US Gulf,VLCC,11.525,USD
2022-05-10,TD20,West Africa to US Gulf,VLCC,11.839,USD
2022-05-11,TD20,West Africa to US Gulf,VLCC,11.695,USD
2022-05-12,TD20,West Africa to US Gulf,VLCC,11.597,USD
2022-05-13,TD20,West Africa to US Gulf,VLCC,11.9,USD
2022-05-14,TD20,West Africa to US Gulf,VLCC,11.728,USD
2022-05-15,TD20,West Africa to US Gulf,VLCC,11.604,USD
2022-05-16,TD20,West Africa to US Gulf,VLCC,11.549,USD
2022-05-17,TD20,West Africa to US Gulf,VLCC,11.659,USD
2022-05-18,TD20,West Africa to US Gulf,VLCC,11.662,USD
2022-05-19,TD20,West Africa to US Gulf,VLCC,11.414,USD
2022-05-20,TD20,West Africa to US Gulf,VLCC,11.296,USD
2022-05-21,TD20,West Africa to US Gulf,VLCC,11.165,USD
2022-05-22,TD20,West Africa to US Gulf,VLCC,11.125,USD
2022-05-23,TD20,West Africa to US Gulf,VLCC,11.169,USD
2022-05-24,TD20,West Africa to US Gulf,VLCC,11.211,USD
2022-05-25,TD20,West Africa to US Gulf,VLCC,10.885,USD
2022-05-26,TD20,West Africa to US Gulf,VLCC,11.037,USD
2022-05-27,TD20,West Africa to US Gulf,VLCC,11.052,USD
2022-05-28,TD20,West Africa to US Gulf,VLCC,11.256,USD
2022-05-29,TD20,West Africa to US Gulf,VLCC,11.301,USD
2022-05-30,TD20,West Africa to US Gulf,VLCC,11.455,USD
2022-05-31,TD20,West Africa to US Gulf,VLCC,11.501,USD
2022-06-01,TD20,West Africa to US Gulf,VLCC,11.693,USD
2022-06-02,TD20,West Africa to US Gulf,VLCC,11.746,USD
2022-06-03,TD20,West Africa to US Gulf,VLCC,11.694,USD
2022-06-04,TD20,West Africa to US Gulf,VLCC,12.039,USD
2022-06-05,TD20,West Africa to US Gulf,VLCC,12.149,USD
2022-06-06,TD20,West Africa to US Gulf,VLCC,12.206,USD
2022-06-07,TD20,West Africa to US Gulf,VLCC,11.952,USD
2022-06-08,TD20,West Africa to US Gulf,VLCC,11.698,USD
2022-06-09,TD20,West Africa to US Gulf,VLCC,11.711,USD
2022-06-10,TD20,West Africa to US Gulf,VLCC,11.7,USD
2022-06-11,TD20,West Africa to US Gulf,VLCC,11.562,USD
2022-06-12,TD20,West Africa to US Gulf,VLCC,11.551,USD
2022-06-13,TD20,West Africa to US Gulf,VLCC,11.782,USD
2022-06-14,TD20,West Africa to US Gulf,VLCC,11.862,USD
2022-06-15,TD20,West Africa to US Gulf,VLCC,11.633,USD
2022-06-16,TD20,West Africa to US Gulf,VLCC,11.579,USD
2022-06-17,TD20,West Africa to US Gulf,VLCC,11.41,USD
2022-06-18,TD20,West Africa to US Gulf,VLCC,11.312,USD
2022-06-19,TD20,West Africa to US Gulf,VLCC,11.211,USD
2022-06-20,TD20,West Africa to US Gulf,VLCC,11.099,USD
2022-06-21,TD20,West Africa to US Gulf,VLCC,10.859,USD
2022-06-22,TD20,West Africa to US Gulf,VLCC,10.81,USD
2022-06-23,TD20,West Africa to US Gulf,VLCC,10.69,USD
2022-06-24,TD20,West Africa to US Gulf,VLCC,10.174,USD
2022-06-25,TD20,West Africa to US Gulf,VLCC,10.496,USD
2022-06-26,TD20,West Africa to US Gulf,VLCC,10.655,USD
2022-06-27,TD20,West Africa to US Gulf,VLCC,10.566,USD
2022-06-28,TD20,West Africa to US Gulf,VLCC,10.545,USD
2022-06-29,TD20,West Africa to US Gulf,VLCC,10.325,USD
2022-06-30,TD20,West Africa to US Gulf,VLCC,10.587,USD
2022-07-01,TD20,West Africa to US Gulf,VLCC,10.88,USD
2022-07-02,TD20,West Africa to US Gulf,VLCC,10.878,USD
2022-07-03,TD20,West Africa to US Gulf,VLCC,11.023,USD
2022-07-04,TD20,West Africa to US Gulf,VLCC,11.023,USD
2022-07-05,TD20,West Africa to US Gulf,VLCC,10.771,USD
2022-07-06,TD20,West Africa to US Gulf,VLCC,10.677,USD
2022-07-07,TD20,West Africa to US Gulf,VLCC,10.674,USD
2022-07-08,TD20,West Africa to US Gulf,VLCC,10.573,USD
2022-07-09,TD20,West Africa to US Gulf,VLCC,10.513,USD
2022-07-10,TD20,West Africa to US Gulf,VLCC,10.475,USD
2022-07-11,TD20,West Africa to US Gulf,VLCC,10.439,USD
2022-07-12,TD20,West Africa to US Gulf,VLCC,10.427,USD
2022-07-13,TD20,West Africa to US Gulf,VLCC,10.228,USD
2022-07-14,TD20,West Africa to US Gulf,VLCC,10.089,USD
2022-07-15,TD20,West Africa to US Gulf,VLCC,9.856,USD
2022-07-16,TD20,West Africa to US Gulf,VLCC,10.005,USD
2022-07-17,TD20,West Africa to US Gulf,VLCC,9.636,USD
2022-07-18,TD20,West Africa to US Gulf,VLCC,9.816,USD
2022-07-19,TD20,West Africa to US Gulf,VLCC,10.034,USD
2022-07-20,TD20,West Africa to US Gulf,VLCC,9.967,USD
2022-07-21,TD20,West Africa to US Gulf,VLCC,9.517,USD
2022-07-22,TD20,West Africa to US Gulf,VLCC,9.446,USD
2022-07-23,TD20,West Africa to US Gulf,VLCC,9.425,USD
2022-07-24,TD20,West Africa to US Gulf,VLCC,9.247,USD
2022-07-25,TD20,West Africa to US Gulf,VLCC,9.154,USD
2022-07-26,TD20,West Africa to US Gulf,VLCC,9.404,USD
2022-07-27,TD20,West Africa to US Gulf,VLCC,9.507,USD
2022-07-28,TD20,West Africa to US Gulf,VLCC,9.344,USD
2022-07-29,TD20,West Africa to US Gulf,VLCC,9.069,USD
2022-07-30,TD20,West Africa to US Gulf,VLCC,9.011,USD
2022-07-31,TD20,West Africa to US Gulf,VLCC,8.972,USD
2022-08-01,TD20,West Africa to US Gulf,VLCC,9.052,USD
2022-08-02,TD20,West Africa to US Gulf,VLCC,8.96,USD
2022-08-03,TD20,West Africa to US Gulf,VLCC,9.044,USD
2022-08-04,TD20,West Africa to US Gulf,VLCC,9.365,USD
2022-08-05,TD20,West Africa to US Gulf,VLCC,9.496,USD
2022-08-06,TD20,West Africa to US Gulf,VLCC,9.482,USD
2022-08-07,TD20,West Africa to US Gulf,VLCC,9.446,USD
2022-08-08,TD20,West Africa to US Gulf,VLCC,9.381,USD
2022-08-09,TD20,West Africa to US Gulf,VLCC,9.575,USD
2022-08-10,TD20,West Africa to US Gulf,VLCC,9.464,USD
2022-08-11,TD20,West Africa to US Gulf,VLCC,9.467,USD
2022-08-12,TD20,West Africa to US Gulf,VLCC,9.472,USD
2022-08-13,TD20,West Africa to US Gulf,VLCC,9.384,USD
2022-08-14,TD20,West Africa to US Gulf,VLCC,9.152,USD
2022-08-15,TD20,West Africa to US Gulf,VLCC,9.207,USD
2022-08-16,TD20,West Africa to US Gulf,VLCC,9.196,USD
2022-08-17,TD20,West Africa to US Gulf,VLCC,9.281,USD
2022-08-18,TD20,West Africa to US Gulf,VLCC,9.192,USD
2022-08-19,TD20,West Africa to US Gulf,VLCC,9.397,USD
2022-08-20,TD20,West Africa to US Gulf,VLCC,9.25,USD
2022-08-21,TD20,West Africa to US Gulf,VLCC,9.538,USD
2022-08-22,TD20,West Africa to US Gulf,VLCC,9.245,USD
2022-08-23,TD20,West Africa to US Gulf,VLCC,9.32,USD
2022-08-24,TD20,West Africa to US Gulf,VLCC,9.401,USD
2022-08-25,TD20,West Africa to US Gulf,VLCC,9.27,USD
2022-08-26,TD20,West Africa to US Gulf,VLCC,9.344,USD
2022-08-27,TD20,West Africa to US Gulf,VLCC,9.561,USD
2022-08-28,TD20,West Africa to US Gulf,VLCC,9.191,USD
2022-08-29,TD20,West Africa to US Gulf,VLCC,9.281,USD
2022-08-30,TD20,West Africa to US Gulf,VLCC,8.868,USD
2022-08-31,TD20,West Africa to US Gulf,VLCC,8.716,USD
2022-09-01,TD20,West Africa to US Gulf,VLCC,9.0,USD
2022-09-02,TD20,West Africa to US Gulf,VLCC,8.911,USD
2022-09-03,TD20,West Africa to US Gulf,VLCC,8.725,USD
2022-09-04,TD20,West Africa to US Gulf,VLCC,8.704,USD
2022-09-05,TD20,West Africa to US Gulf,VLCC,9.063,USD
2022-09-06,TD20,West Africa to US Gulf,VLCC,8.767,USD
2022-09-07,TD20,West Africa to US Gulf,VLCC,8.604,USD
2022-09-08,TD20,West Africa to US Gulf,VLCC,8.87,USD
2022-09-09,TD20,West Africa to US Gulf,VLCC,9.194,USD
2022-09-10,TD20,West Africa to US Gulf,VLCC,9.187,USD
2022-09-11,TD20,West Africa to US Gulf,VLCC,8.99,USD
2022-09-12,TD20,West Africa to US Gulf,VLCC,9.354,USD
2022-09-13,TD20,West Africa to US Gulf,VLCC,9.631,USD
2022-09-14,TD20,West Africa to US Gulf,VLCC,9.752,USD
2022-09-15,TD20,West Africa to US Gulf,VLCC,9.623,USD
2022-09-16,TD20,West Africa to US Gulf,VLCC,9.623,USD
2022-09-17,TD20,West Africa to US Gulf,VLCC,9.606,USD
2022-09-18,TD20,West Africa to US Gulf,VLCC,9.671,USD
2022-09-19,TD20,West Africa to US Gulf,VLCC,9.923,USD
2022-09-20,TD20,West Africa to US Gulf,VLCC,10.077,USD
2022-09-21,TD20,West Africa to US Gulf,VLCC,9.903,USD
2022-09-22,TD20,West Africa to US Gulf,VLCC,10.142,USD
2022-09-23,TD20,West Africa to US Gulf,VLCC,10.201,USD
2022-09-24,TD20,West Africa to US Gulf,VLCC,10.322,USD
2022-09-25,TD20,West Africa to US Gulf,VLCC,10.573,USD
2022-09-26,TD20,West Africa to US Gulf,VLCC,10.39,USD
2022-09-27,TD20,West Africa to US Gulf,VLCC,10.39,USD
2022-09-28,TD20,West Africa to US Gulf,VLCC,10.307,USD
2022-09-29,TD20,West Africa to US Gulf,VLCC,10.052,USD
2022-09-30,TD20,West Africa to US Gulf,VLCC,10.121,USD
2022-10-01,TD20,West Africa to US Gulf,VLCC,10.551,USD
2022-10-02,TD20,West Africa to US Gulf,VLCC,10.249,USD
2022-10-03,TD20,West Africa to US Gulf,VLCC,10.253,USD
2022-10-04,TD20,West Africa to US Gulf,VLCC,10.371,USD
2022-10-05,TD20,West Africa to US Gulf,VLCC,10.401,USD
2022-10-06,TD20,West Africa to US Gulf,VLCC,10.391,USD
2022-10-07,TD20,West Africa to US Gulf,VLCC,10.184,USD
2022-10-08,TD20,West Africa to US Gulf,VLCC,10.235,USD
2022-10-09,TD20,West Africa to US Gulf,VLCC,10.121,USD
2022-10-10,TD20,West Africa to US Gulf,VLCC,9.768,USD
2022-10-11,TD20,West Africa to US Gulf,VLCC,9.986,USD
2022-10-12,TD20,West Africa to US Gulf,VLCC,10.162,USD
2022-10-13,TD20,West Africa to US Gulf,VLCC,10.185,USD
2022-10-14,TD20,West Africa to US Gulf,VLCC,10.239,USD
2022-10-15,TD20,West Africa to US Gulf,VLCC,10.433,USD
2022-10-16,TD20,West Africa to US Gulf,VLCC,10.484,USD
2022-10-17,TD20,West Africa to US Gulf,VLCC,10.648,USD
2022-10-18,TD20,West Africa to US Gulf,VLCC,10.61,USD
2022-10-19,TD20,West Africa to US Gulf,VLCC,10.842,USD
2022-10-20,TD20,West Africa to US Gulf,VLCC,10.906,USD
2022-10-21,TD20,West Africa to US Gulf,VLCC,10.949,USD
2022-10-22,TD20,West Africa to US Gulf,VLCC,10.747,USD
2022-10-23,TD20,West Africa to US Gulf,VLCC,10.807,USD
2022-10-24,TD20,West Africa to US Gulf,VLCC,10.681,USD
2022-10-25,TD20,West Africa to US Gulf,VLCC,10.588,USD
2022-10-26,TD20,West Africa to US Gulf,VLCC,10.467,USD
2022-10-27,TD20,West Africa to US Gulf,VLCC,10.305,USD
2022-10-28,TD20,West Africa to US Gulf,VLCC,10.679,USD
2022-10-29,TD20,West Africa to US Gulf,VLCC,10.918,USD
2022-10-30,TD20,West Africa to US Gulf,VLCC,11.252,USD
2022-10-31,TD20,West Africa to US Gulf,VLCC,11.058,USD
2022-11-01,TD20,West Africa to US Gulf,VLCC,11.083,USD
2022-11-02,TD20,West Africa to US Gulf,VLCC,10.879,USD
2022-11-03,TD20,West Africa to US Gulf,VLCC,10.777,USD
2022-11-04,TD20,West Africa to US Gulf,VLCC,10.64,USD
2022-11-05,TD20,West Africa to US Gulf,VLCC,10.866,USD
2022-11-06,TD20,West Africa to US Gulf,VLCC,10.815,USD
2022-11-07,TD20,West Africa to US Gulf,VLCC,11.011,USD
2022-11-08,TD20,West Africa to US Gulf,VLCC,11.127,USD
2022-11-09,TD20,West Africa to US Gulf,VLCC,11.527,USD
2022-11-10,TD20,West Africa to US Gulf,VLCC,11.29,USD
2022-11-11,TD20,West Africa to US Gulf,VLCC,11.514,USD
2022-11-12,TD20,West Africa to US Gulf,VLCC,11.717,USD
2022-11-13,TD20,West Africa to US Gulf,VLCC,11.564,USD
2022-11-14,TD20,West Africa to US Gulf,VLCC,11.744,USD
2022-11-15,TD20,West Africa to US Gulf,VLCC,11.81,USD
2022-11-16,TD20,West Africa to US Gulf,VLCC,11.781,USD
2022-11-17,TD20,West Africa to US Gulf,VLCC,11.653,USD
2022-11-18,TD20,West Africa to US Gulf,VLCC,11.544,USD
2022-11-19,TD20,West Africa to US Gulf,VLCC,11.9,USD
2022-11-20,TD20,West Africa to US Gulf,VLCC,11.909,USD
2022-11-21,TD20,West Africa to US Gulf,VLCC,12.05,USD
2022-11-22,TD20,West Africa to US Gulf,VLCC,11.925,USD
2022-11-23,TD20,West Africa to US Gulf,VLCC,11.805,USD
2022-11-24,TD20,West Africa to US Gulf,VLCC,11.997,USD
2022-11-25,TD20,West Africa to US Gulf,VLCC,11.78,USD
2022-11-26,TD20,West Africa to US Gulf,VLCC,11.723,USD
2022-11-27,TD20,West Africa to US Gulf,VLCC,11.741,USD
2022-11-28,TD20,West Africa to US Gulf,VLCC,11.772,USD
2022-11-29,TD20,West Africa to US Gulf,VLCC,11.754,USD
2022-11-30,TD20,West Africa to US Gulf,VLCC,11.833,USD
2022-12-01,TD20,West Africa to US Gulf,VLCC,11.961,USD
2022-12-02,TD20,West Africa to US Gulf,VLCC,12.094,USD
2022-12-03,TD20,West Africa to US Gulf,VLCC,11.939,USD
2022-12-04,TD20,West Africa to US Gulf,VLCC,11.903,USD
2022-12-05,TD20,West Africa to US Gulf,VLCC,12.114,USD
2022-12-06,TD20,West Africa to US Gulf,VLCC,12.274,USD
2022-12-07,TD20,West Africa to US Gulf,VLCC,12.052,USD
2022-12-08,TD20,West Africa to US Gulf,VLCC,12.122,USD
2022-12-09,TD20,West Africa to US Gulf,VLCC,11.8,USD
2022-12-10,TD20,West Africa to US Gulf,VLCC,11.821,USD
2022-12-11,TD20,West Africa to US Gulf,VLCC,12.152,USD
2022-12-12,TD20,West Africa to US Gulf,VLCC,12.003,USD
2022-12-13,TD20,West Africa to US Gulf,VLCC,11.875,USD
2022-12-14,TD20,West Africa to US Gulf,VLCC,12.016,USD
2022-12-15,TD20,West Africa to US Gulf,VLCC,11.769,USD
2022-12-16,TD20,West Africa to US Gulf,VLCC,11.677,USD
2022-12-17,TD20,West Africa to US Gulf,VLCC,11.791,USD
2022-12-18,TD20,West Africa to US Gulf,VLCC,11.699,USD
2022-12-19,TD20,West Africa to US Gulf,VLCC,11.674,USD
2022-12-20,TD20,West Africa to US Gulf,VLCC,11.813,USD
2022-12-21,TD20,West Africa to US Gulf,VLCC,11.897,USD
2022-12-22,TD20,West Africa to US Gulf,VLCC,11.954,USD
2022-12-23,TD20,West Africa to US Gulf,VLCC,11.909,USD
2022-12-24,TD20,West Africa to US Gulf,VLCC,11.984,USD
2022-12-25,TD20,West Africa to US Gulf,VLCC,11.975,USD
2022-12-26,TD20,West Africa to US Gulf,VLCC,12.063,USD
2022-12-27,TD20,West Africa to US Gulf,VLCC,11.99,USD
2022-12-28,TD20,West Africa to US Gulf,VLCC,11.971,USD
2022-12-29,TD20,West Africa to US Gulf,VLCC,11.817,USD
2022-12-30,TD20,West Africa to US Gulf,VLCC,11.824,USD
2022-12-31,TD20,West Africa to US Gulf,VLCC,11.701,USD
2023-01-01,TD20,West Africa to US Gulf,VLCC,11.529,USD
2023-01-02,TD20,West Africa to US Gulf,VLCC,11.588,USD
2023-01-03,TD20,West Africa to US Gulf,VLCC,11.638,USD
2023-01-04,TD20,West Africa to US Gulf,VLCC,11.783,USD
2023-01-05,TD20,West Africa to US Gulf,VLCC,11.724,USD
2023-01-06,TD20,West Africa to US Gulf,VLCC,11.805,USD
2023-01-07,TD20,West Africa to US Gulf,VLCC,11.91,USD
2023-01-08,TD20,West Africa to US Gulf,VLCC,11.995,USD
2023-01-09,TD20,West Africa to US Gulf,VLCC,11.867,USD
2023-01-10,TD20,West Africa to US Gulf,VLCC,11.903,USD
2023-01-11,TD20,West Africa to US Gulf,VLCC,11.975,USD
2023-01-12,TD20,West Africa to US Gulf,VLCC,11.986,USD
2023-01-13,TD20,West Africa to US Gulf,VLCC,11.646,USD
2023-01-14,TD20,West Africa to US Gulf,VLCC,11.686,USD
2023-01-15,TD20,West Africa to US Gulf,VLCC,12.068,USD
2023-01-16,TD20,West Africa to US Gulf,VLCC,12.016,USD
2023-01-17,TD20,West Africa to US Gulf,VLCC,11.902,USD
2023-01-18,TD20,West Africa to US Gulf,VLCC,11.974,USD
2023-01-19,TD20,West Africa to US Gulf,VLCC,12.035,USD
2023-01-20,TD20,West Africa to US Gulf,VLCC,12.242,USD
2023-01-21,TD20,West Africa to US Gulf,VLCC,12.037,USD
2023-01-22,TD20,West Africa to US Gulf,VLCC,12.166,USD
2023-01-23,TD20,West Africa to US Gulf,VLCC,12.271,USD
2023-01-24,TD20,West Africa to US Gulf,VLCC,12.251,USD
2023-01-25,TD20,West Africa to US Gulf,VLCC,12.312,USD
2023-01-26,TD20,West Africa to US Gulf,VLCC,12.488,USD
2023-01-27,TD20,West Africa to US Gulf,VLCC,12.635,USD
2023-01-28,TD20,West Africa to US Gulf,VLCC,12.443,USD
2023-01-29,TD20,West Africa to US Gulf,VLCC,12.582,USD
2023-01-30,TD20,West Africa to US Gulf,VLCC,12.57,USD
2023-01-31,TD20,West Africa to US Gulf,VLCC,12.582,USD
2023-02-01,TD20,West Africa to US Gulf,VLCC,12.593,USD
2023-02-02,TD20,West Africa to US Gulf,VLCC,12.567,USD
2023-02-03,TD20,West Africa to US Gulf,VLCC,12.765,USD
2023-02-04,TD20,West Africa to US Gulf,VLCC,12.747,USD
2023-02-05,TD20,West Africa to US Gulf,VLCC,12.556,USD
2023-02-06,TD20,West Africa to US Gulf,VLCC,12.487,USD
2023-02-07,TD20,West Africa to US Gulf,VLCC,12.515,USD
2023-02-08,TD20,West Africa to US Gulf,VLCC,12.719,USD
2023-02-09,TD20,West Africa to US Gulf,VLCC,12.815,USD
2023-02-10,TD20,West Africa to US Gulf,VLCC,12.666,USD
2023-02-11,TD20,West Africa to US Gulf,VLCC,13.077,USD
2023-02-12,TD20,West Africa to US Gulf,VLCC,13.112,USD
2023-02-13,TD20,West Africa to US Gulf,VLCC,13.315,USD
2023-02-14,TD20,West Africa to US Gulf,VLCC,13.277,USD
2023-02-15,TD20,West Africa to US Gulf,VLCC,13.353,USD
2023-02-16,TD20,West Africa to US Gulf,VLCC,13.48,USD
2023-02-17,TD20,West Africa to US Gulf,VLCC,13.668,USD
2023-02-18,TD20,West Africa to US Gulf,VLCC,13.828,USD
2023-02-19,TD20,West Africa to US Gulf,VLCC,13.954,USD
2023-02-20,TD20,West Africa to US Gulf,VLCC,13.88,USD
2023-02-21,TD20,West Africa to US Gulf,VLCC,13.764,USD
2023-02-22,TD20,West Africa to US Gulf,VLCC,13.799,USD
2023-02-23,TD20,West Africa to US Gulf,VLCC,13.934,USD
2023-02-24,TD20,West Africa to US Gulf,VLCC,13.874,USD
2023-02-25,TD20,West Africa to US Gulf,VLCC,14.03,USD
2023-02-26,TD20,West Africa to US Gulf,VLCC,14.249,USD
2023-02-27,TD20,West Africa to US Gulf,VLCC,14.069,USD
2023-02-28,TD20,West Africa to US Gulf,VLCC,13.903,USD
2023-03-01,TD20,West Africa to US Gulf,VLCC,13.855,USD
2023-03-02,TD20,West Africa to US Gulf,VLCC,13.883,USD
2023-03-03,TD20,West Africa to US Gulf,VLCC,13.77,USD
2023-03-04,TD20,West Africa to US Gulf,VLCC,13.972,USD
2023-03-05,TD20,West Africa to US Gulf,VLCC,14.016,USD
2023-03-06,TD20,West Africa to US Gulf,VLCC,13.995,USD
2023-03-07,TD20,West Africa to US Gulf,VLCC,13.727,USD
2023-03-08,TD20,West Africa to US Gulf,VLCC,13.482,USD
2023-03-09,TD20,West Africa to US Gulf,VLCC,13.505,USD
2023-03-10,TD20,West Africa to US Gulf,VLCC,13.124,USD
2023-03-11,TD20,West Africa to US Gulf,VLCC,13.273,USD
2023-03-12,TD20,West Africa to US Gulf,VLCC,13.224,USD
2023-03-13,TD20,West Africa to US Gulf,VLCC,13.744,USD
2023-03-14,TD20,West Africa to US Gulf,VLCC,14.102,USD
2023-03-15,TD20,West Africa to US Gulf,VLCC,14.039,USD
2023-03-16,TD20,West Africa to US Gulf,VLCC,13.989,USD
2023-03-17,TD20,West Africa to US Gulf,VLCC,14.124,USD
2023-03-18,TD20,West Africa to US Gulf,VLCC,14.375,USD
2023-03-19,TD20,West Africa to US Gulf,VLCC,14.064,USD
2023-03-20,TD20,West Africa to US Gulf,VLCC,13.731,USD
2023-03-21,TD20,West Africa to US Gulf,VLCC,13.596,USD
2023-03-22,TD20,West Africa to US Gulf,VLCC,13.663,USD
2023-03-23,TD20,West Africa to US Gulf,VLCC,13.715,USD
2023-03-24,TD20,West Africa to US Gulf,VLCC,13.862,USD
2023-03-25,TD20,West Africa to US Gulf,VLCC,13.627,USD
2023-03-26,TD20,West Africa to US Gulf,VLCC,13.207,USD
2023-03-27,TD20,West Africa to US Gulf,VLCC,13.322,USD
2023-03-28,TD20,West Africa to US Gulf,VLCC,13.154,USD
2023-03-29,TD20,West Africa to US Gulf,VLCC,12.787,USD
2023-03-30,TD20,West Africa to US Gulf,VLCC,12.786,USD
2023-03-31,TD20,West Africa to US Gulf,VLCC,12.892,USD
2023-04-01,TD20,West Africa to US Gulf,VLCC,12.844,USD
2023-04-02,TD20,West Africa to US Gulf,VLCC,12.74,USD
2023-04-03,TD20,West Africa to US Gulf,VLCC,12.687,USD
2023-04-04,TD20,West Africa to US Gulf,VLCC,12.598,USD
2023-04-05,TD20,West Africa to US Gulf,VLCC,12.346,USD
2023-04-06,TD20,West Africa to US Gulf,VLCC,12.203,USD
2023-04-07,TD20,West Africa to US Gulf,VLCC,12.267,USD
2023-04-08,TD20,West Africa to US Gulf,VLCC,12.296,USD
2023-04-09,TD20,West Africa to US Gulf,VLCC,12.3,USD
2023-04-10,TD20,West Africa to US Gulf,VLCC,12.108,USD
2023-04-11,TD20,West Africa to US Gulf,VLCC,12.053,USD
2023-04-12,TD20,West Africa to US Gulf,VLCC,11.665,USD
2023-04-13,TD20,West Africa to US Gulf,VLCC,11.675,USD
2023-04-14,TD20,West Africa to US Gulf,VLCC,11.893,USD
2023-04-15,TD20,West Africa to US Gulf,VLCC,11.623,USD
2023-04-16,TD20,West Africa to US Gulf,VLCC,11.504,USD
2023-04-17,TD20,West Africa to US Gulf,VLCC,11.539,USD
2023-04-18,TD20,West Africa to US Gulf,VLCC,11.728,USD
2023-04-19,TD20,West Africa to US Gulf,VLCC,11.63,USD
2023-04-20,TD20,West Africa to US Gulf,VLCC,11.491,USD
2023-04-21,TD20,West Africa to US Gulf,VLCC,11.14,USD
2023-04-22,TD20,West Africa to US Gulf,VLCC,11.139,USD
2023-04-23,TD20,West Africa to US Gulf,VLCC,11.462,USD
2023-04-24,TD20,West Africa to US Gulf,VLCC,11.486,USD
2023-04-25,TD20,West Africa to US Gulf,VLCC,11.459,USD
2023-04-26,TD20,West Africa to US Gulf,VLCC,11.49,USD
2023-04-27,TD20,West Africa to US Gulf,VLCC,11.465,USD
2023-04-28,TD20,West Africa to US Gulf,VLCC,11.305,USD
2023-04-29,TD20,West Africa to US Gulf,VLCC,11.42,USD
2023-04-30,TD20,West Africa to US Gulf,VLCC,11.434,USD
2023-05-01,TD20,West Africa to US Gulf,VLCC,11.412,USD
2023-05-02,TD20,West Africa to US Gulf,VLCC,11.224,USD
2023-05-03,TD20,West Africa to US Gulf,VLCC,11.419,USD
2023-05-04,TD20,West Africa to US Gulf,VLCC,11.505,USD
2023-05-05,TD20,West Africa to US Gulf,VLCC,11.386,USD
2023-05-06,TD20,West Africa to US Gulf,VLCC,11.528,USD
2023-05-07,TD20,West Africa to US Gulf,VLCC,11.417,USD
2023-05-08,TD20,West Africa to US Gulf,VLCC,11.26,USD
2023-05-09,TD20,West Africa to US Gulf,VLCC,11.107,USD
2023-05-10,TD20,West Africa to US Gulf,VLCC,10.787,USD
2023-05-11,TD20,West Africa to US Gulf,VLCC,10.845,USD
2023-05-12,TD20,West Africa to US Gulf,VLCC,10.516,USD
2023-05-13,TD20,West Africa to US Gulf,VLCC,10.292,USD
2023-05-14,TD20,West Africa to US Gulf,VLCC,9.928,USD
2023-05-15,TD20,West Africa to US Gulf,VLCC,9.9,USD
2023-05-16,TD20,West Africa to US Gulf,VLCC,9.861,USD
2023-05-17,TD20,West Africa to US Gulf,VLCC,9.793,USD
2023-05-18,TD20,West Africa to US Gulf,VLCC,9.605,USD
2023-05-19,TD20,West Africa to US Gulf,VLCC,9.398,USD
2023-05-20,TD20,West Africa to US Gulf,VLCC,9.466,USD
2023-05-21,TD20,West Africa to US Gulf,VLCC,9.364,USD
2023-05-22,TD20,West Africa to US Gulf,VLCC,9.407,USD
2023-05-23,TD20,West Africa to US Gulf,VLCC,9.249,USD
2023-05-24,TD20,West Africa to US Gulf,VLCC,9.27,USD
2023-05-25,TD20,West Africa to US Gulf,VLCC,9.479,USD
2023-05-26,TD20,West Africa to US Gulf,VLCC,9.565,USD
2023-05-27,TD20,West Africa to US Gulf,VLCC,9.484,USD
2023-05-28,TD20,West Africa to US Gulf,VLCC,9.515,USD
2023-05-29,TD20,West Africa to US Gulf,VLCC,9.462,USD
2023-05-30,TD20,West Africa to US Gulf,VLCC,9.452,USD
2023-05-31,TD20,West Africa to US Gulf,VLCC,9.385,USD
2023-06-01,TD20,West Africa to US Gulf,VLCC,9.346,USD
2023-06-02,TD20,West Africa to US Gulf,VLCC,9.37,USD
2023-06-03,TD20,West Africa to US Gulf,VLCC,9.192,USD
2023-06-04,TD20,West Africa to US Gulf,VLCC,9.012,USD
2023-06-05,TD20,West Africa to US Gulf,VLCC,8.772,USD
2023-06-06,TD20,West Africa to US Gulf,VLCC,8.498,USD
2023-06-07,TD20,West Africa to US Gulf,VLCC,8.291,USD
2023-06-08,TD20,West Africa to US Gulf,VLCC,8.316,USD
2023-06-09,TD20,West Africa to US Gulf,VLCC,8.165,USD
2023-06-10,TD20,West Africa to US Gulf,VLCC,8.251,USD
2023-06-11,TD20,West Africa to US Gulf,VLCC,8.255,USD
2023-06-12,TD20,West Africa to US Gulf,VLCC,7.925,USD
2023-06-13,TD20,West Africa to US Gulf,VLCC,8.036,USD
2023-06-14,TD20,West Africa to US Gulf,VLCC,8.172,USD
2023-06-15,TD20,West Africa to US Gulf,VLCC,8.006,USD
2023-06-16,TD20,West Africa to US Gulf,VLCC,8.077,USD
2023-06-17,TD20,West Africa to US Gulf,VLCC,7.934,USD
2023-06-18,TD20,West Africa to US Gulf,VLCC,7.952,USD
2023-06-19,TD20,West Africa to US Gulf,VLCC,7.742,USD
2023-06-20,TD20,West Africa to US Gulf,VLCC,7.445,USD
2023-06-21,TD20,West Africa to US Gulf,VLCC,7.388,USD
2023-06-22,TD20,West Africa to US Gulf,VLCC,7.374,USD
2023-06-23,TD20,West Africa to US Gulf,VLCC,7.315,USD
2023-06-24,TD20,West Africa to US Gulf,VLCC,7.124,USD
2023-06-25,TD20,West Africa to US Gulf,VLCC,7.067,USD
2023-06-26,TD20,West Africa to US Gulf,VLCC,7.123,USD
2023-06-27,TD20,West Africa to US Gulf,VLCC,7.125,USD
2023-06-28,TD20,West Africa to US Gulf,VLCC,7.166,USD
2023-06-29,TD20,West Africa to US Gulf,VLCC,7.063,USD
2023-06-30,TD20,West Africa to US Gulf,VLCC,7.27,USD
2023-07-01,TD20,West Africa to US Gulf,VLCC,7.082,USD
2023-07-02,TD20,West Africa to US Gulf,VLCC,7.174,USD
2023-07-03,TD20,West Africa to US Gulf,VLCC,7.382,USD
2023-07-04,TD20,West Africa to US Gulf,VLCC,7.47,USD
2023-07-05,TD20,West Africa to US Gulf,VLCC,7.443,USD
2023-07-06,TD20,West Africa to US Gulf,VLCC,7.362,USD
2023-07-07,TD20,West Africa to US Gulf,VLCC,7.544,USD
2023-07-08,TD20,West Africa to US Gulf,VLCC,7.313,USD
2023-07-09,TD20,West Africa to US Gulf,VLCC,7.16,USD
2023-07-10,TD20,West Africa to US Gulf,VLCC,7.104,USD
2023-07-11,TD20,West Africa to US Gulf,VLCC,7.322,USD
2023-07-12,TD20,West Africa to US Gulf,VLCC,7.396,USD
2023-07-13,TD20,West Africa to US Gulf,VLCC,7.242,USD
2023-07-14,TD20,West Africa to US Gulf,VLCC,7.201,USD
2023-07-15,TD20,West Africa to US Gulf,VLCC,7.11,USD
2023-07-16,TD20,West Africa to US Gulf,VLCC,7.003,USD
2023-07-17,TD20,West Africa to US Gulf,VLCC,7.181,USD
2023-07-18,TD20,West Africa to US Gulf,VLCC,6.963,USD
2023-07-19,TD20,West Africa to US Gulf,VLCC,7.247,USD
2023-07-20,TD20,West Africa to US Gulf,VLCC,7.397,USD
2023-07-21,TD20,West Africa to US Gulf,VLCC,7.59,USD
2023-07-22,TD20,West Africa to US Gulf,VLCC,7.521,USD
2023-07-23,TD20,West Africa to US Gulf,VLCC,7.506,USD
2023-07-24,TD20,West Africa to US Gulf,VLCC,7.276,USD
2023-07-25,TD20,West Africa to US Gulf,VLCC,7.201,USD
2023-07-26,TD20,West Africa to US Gulf,VLCC,7.297,USD
2023-07-27,TD20,West Africa to US Gulf,VLCC,7.527,USD
2023-07-28,TD20,West Africa to US Gulf,VLCC,7.353,USD
2023-07-29,TD20,West Africa to US Gulf,VLCC,7.305,USD
2023-07-30,TD20,West Africa to US Gulf,VLCC,7.293,USD
2023-07-31,TD20,West Africa to US Gulf,VLCC,7.073,USD
2023-08-01,TD20,West Africa to US Gulf,VLCC,7.189,USD
2023-08-02,TD20,West Africa to US Gulf,VLCC,7.083,USD
2023-08-03,TD20,West Africa to US Gulf,VLCC,7.068,USD
2023-08-04,TD20,West Africa to US Gulf,VLCC,7.01,USD
2023-08-05,TD20,West Africa to US Gulf,VLCC,6.896,USD
2023-08-06,TD20,West Africa to US Gulf,VLCC,6.915,USD
2023-08-07,TD20,West Africa to US Gulf,VLCC,6.898,USD
2023-08-08,TD20,West Africa to US Gulf,VLCC,6.857,USD
2023-08-09,TD20,West Africa to US Gulf,VLCC,6.756,USD
2023-08-10,TD20,West Africa to US Gulf,VLCC,6.832,USD
2023-08-11,TD20,West Africa to US Gulf,VLCC,7.131,USD
2023-08-12,TD20,West Africa to US Gulf,VLCC,7.174,USD
2023-08-13,TD20,West Africa to US Gulf,VLCC,7.36,USD
2023-08-14,TD20,West Africa to US Gulf,VLCC,7.145,USD
2023-08-15,TD20,West Africa to US Gulf,VLCC,7.192,USD
2023-08-16,TD20,West Africa to US Gulf,VLCC,7.028,USD
2023-08-17,TD20,West Africa to US Gulf,VLCC,6.803,USD
2023-08-18,TD20,West Africa to US Gulf,VLCC,6.704,USD
2023-08-19,TD20,West Africa to US Gulf,VLCC,6.93,USD
2023-08-20,TD20,West Africa to US Gulf,VLCC,7.113,USD
2023-08-21,TD20,West Africa to US Gulf,VLCC,7.177,USD
2023-08-22,TD20,West Africa to US Gulf,VLCC,6.943,USD
2023-08-23,TD20,West Africa to US Gulf,VLCC,6.936,USD
2023-08-24,TD20,West Africa to US Gulf,VLCC,7.012,USD
2023-08-25,TD20,West Africa to US Gulf,VLCC,7.067,USD
2023-08-26,TD20,West Africa to US Gulf,VLCC,6.784,USD
2023-08-27,TD20,West Africa to US Gulf,VLCC,6.663,USD
2023-08-28,TD20,West Africa to US Gulf,VLCC,6.683,USD
2023-08-29,TD20,West Africa to US Gulf,VLCC,6.803,USD
2023-08-30,TD20,West Africa to US Gulf,VLCC,6.465,USD
2023-08-31,TD20,West Africa to US Gulf,VLCC,6.471,USD
2023-09-01,TD20,West Africa to US Gulf,VLCC,6.529,USD
2023-09-02,TD20,West Africa to US Gulf,VLCC,6.704,USD
2023-09-03,TD20,West Africa to US Gulf,VLCC,6.852,USD
2023-09-04,TD20,West Africa to US Gulf,VLCC,6.981,USD
2023-09-05,TD20,West Africa to US Gulf,VLCC,6.877,USD
2023-09-06,TD20,West Africa to US Gulf,VLCC,6.59,USD
2023-09-07,TD20,West Africa to US Gulf,VLCC,6.559,USD
2023-09-08,TD20,West Africa to US Gulf,VLCC,6.762,USD
2023-09-09,TD20,West Africa to US Gulf,VLCC,7.03,USD
2023-09-10,TD20,West Africa to US Gulf,VLCC,7.181,USD
2023-09-11,TD20,West Africa to US Gulf,VLCC,7.283,USD
2023-09-12,TD20,West Africa to US Gulf,VLCC,7.377,USD
2023-09-13,TD20,West Africa to US Gulf,VLCC,7.314,USD
2023-09-14,TD20,West Africa to US Gulf,VLCC,7.323,USD
2023-09-15,TD20,West Africa to US Gulf,VLCC,7.633,USD
2023-09-16,TD20,West Africa to US Gulf,VLCC,7.504,USD
2023-09-17,TD20,West Africa to US Gulf,VLCC,7.804,USD
2023-09-18,TD20,West Africa to US Gulf,VLCC,7.778,USD
2023-09-19,TD20,West Africa to US Gulf,VLCC,8.028,USD
2023-09-20,TD20,West Africa to US Gulf,VLCC,7.819,USD
2023-09-21,TD20,West Africa to US Gulf,VLCC,7.946,USD
2023-09-22,TD20,West Africa to US Gulf,VLCC,7.851,USD
2023-09-23,TD20,West Africa to US Gulf,VLCC,7.643,USD
2023-09-24,TD20,West Africa to US Gulf,VLCC,7.712,USD
2023-09-25,TD20,West Africa to US Gulf,VLCC,7.912,USD
2023-09-26,TD20,West Africa to US Gulf,VLCC,7.801,USD
2023-09-27,TD20,West Africa to US Gulf,VLCC,7.581,USD
2023-09-28,TD20,West Africa to US Gulf,VLCC,7.6,USD
2023-09-29,TD20,West Africa to US Gulf,VLCC,7.62,USD
2023-09-30,TD20,West Africa to US Gulf,VLCC,7.746,USD
2023-10-01,TD20,West Africa to US Gulf,VLCC,7.939,USD
2023-10-02,TD20,West Africa to US Gulf,VLCC,7.962,USD
2023-10-03,TD20,West Africa to US Gulf,VLCC,8.305,USD
2023-10-04,TD20,West Africa to US Gulf,VLCC,8.372,USD
2023-10-05,TD20,West Africa to US Gulf,VLCC,8.343,USD
2023-10-06,TD20,West Africa to US Gulf,VLCC,8.103,USD
2023-10-07,TD20,West Africa to US Gulf,VLCC,8.092,USD
2023-10-08,TD20,West Africa to US Gulf,VLCC,8.069,USD
2023-10-09,TD20,West Africa to US Gulf,VLCC,8.264,USD
2023-10-10,TD20,West Africa to US Gulf,VLCC,8.374,USD
2023-10-11,TD20,West Africa to US Gulf,VLCC,8.208,USD
2023-10-12,TD20,West Africa to US Gulf,VLCC,8.271,USD
2023-10-13,TD20,West Africa to US Gulf,VLCC,8.417,USD
2023-10-14,TD20,West Africa to US Gulf,VLCC,8.705,USD
2023-10-15,TD20,West Africa to US Gulf,VLCC,8.883,USD
2023-10-16,TD20,West Africa to US Gulf,VLCC,9.039,USD
2023-10-17,TD20,West Africa to US Gulf,VLCC,9.077,USD
2023-10-18,TD20,West Africa to US Gulf,VLCC,9.169,USD
2023-10-19,TD20,West Africa to US Gulf,VLCC,9.405,USD
2023-10-20,TD20,West Africa to US Gulf,VLCC,9.207,USD
2023-10-21,TD20,West Africa to US Gulf,VLCC,9.176,USD
2023-10-22,TD20,West Africa to US Gulf,VLCC,9.075,USD
2023-10-23,TD20,West Africa to US Gulf,VLCC,9.167,USD
2023-10-24,TD20,West Africa to US Gulf,VLCC,9.402,USD
2023-10-25,TD20,West Africa to US Gulf,VLCC,9.329,USD
2023-10-26,TD20,West Africa to US Gulf,VLCC,8.957,USD
2023-10-27,TD20,West Africa to US Gulf,VLCC,8.92,USD
2023-10-28,TD20,West Africa to US Gulf,VLCC,9.105,USD
2023-10-29,TD20,West Africa to US Gulf,VLCC,9.227,USD
2023-10-30,TD20,West Africa to US Gulf,VLCC,9.328,USD
2023-10-31,TD20,West Africa to US Gulf,VLCC,9.311,USD
2023-11-01,TD20,West Africa to US Gulf,VLCC,9.127,USD
2023-11-02,TD20,West Africa to US Gulf,VLCC,9.246,USD
2023-11-03,TD20,West Africa to US Gulf,VLCC,9.138,USD
2023-11-04,TD20,West Africa to US Gulf,VLCC,9.536,USD
2023-11-05,TD20,West Africa to US Gulf,VLCC,9.66,USD
2023-11-06,TD20,West Africa to US Gulf,VLCC,9.591,USD
2023-11-07,TD20,West Africa to US Gulf,VLCC,9.518,USD
2023-11-08,TD20,West Africa to US Gulf,VLCC,9.533,USD
2023-11-09,TD20,West Africa to US Gulf,VLCC,9.523,USD
2023-11-10,TD20,West Africa to US Gulf,VLCC,9.74,USD
2023-11-11,TD20,West Africa to US Gulf,VLCC,9.8,USD
2023-11-12,TD20,West Africa to US Gulf,VLCC,9.706,USD
2023-11-13,TD20,West Africa to US Gulf,VLCC,10.052,USD
2023-11-14,TD20,West Africa to US Gulf,VLCC,10.087,USD
2023-11-15,TD20,West Africa to US Gulf,VLCC,10.242,USD
2023-11-16,TD20,West Africa to US Gulf,VLCC,10.165,USD
2023-11-17,TD20,West Africa to US Gulf,VLCC,10.252,USD
2023-11-18,TD20,West Africa to US Gulf,VLCC,10.329,USD
2023-11-19,TD20,West Africa to US Gulf,VLCC,10.038,USD
2023-11-20,TD20,West Africa to US Gulf,VLCC,10.403,USD
2023-11-21,TD20,West Africa to US Gulf,VLCC,10.644,USD
2023-11-22,TD20,West Africa to US Gulf,VLCC,10.6,USD
2023-11-23,TD20,West Africa to US Gulf,VLCC,10.438,USD
2023-11-24,TD20,West Africa to US Gulf,VLCC,10.521,USD
2023-11-25,TD20,West Africa to US Gulf,VLCC,10.56,USD
2023-11-26,TD20,West Africa to US Gulf,VLCC,10.643,USD
2023-11-27,TD20,West Africa to US Gulf,VLCC,10.698,USD
2023-11-28,TD20,West Africa to US Gulf,VLCC,10.806,USD
2023-11-29,TD20,West Africa to US Gulf,VLCC,11.07,USD
2023-11-30,TD20,West Africa to US Gulf,VLCC,11.184,USD
2023-12-01,TD20,West Africa to US Gulf,VLCC,11.027,USD
2023-12-02,TD20,West Africa to US Gulf,VLCC,11.275,USD
2023-12-03,TD20,West Africa to US Gulf,VLCC,11.568,USD
2023-12-04,TD20,West Africa to US Gulf,VLCC,12.11,USD
2023-12-05,TD20,West Africa to US Gulf,VLCC,11.932,USD
2023-12-06,TD20,West Africa to US Gulf,VLCC,11.984,USD
2023-12-07,TD20,West Africa to US Gulf,VLCC,11.646,USD
2023-12-08,TD20,West Africa to US Gulf,VLCC,11.754,USD
2023-12-09,TD20,West Africa to US Gulf,VLCC,11.675,USD
2023-12-10,TD20,West Africa to US Gulf,VLCC,12.012,USD
2023-12-11,TD20,West Africa to US Gulf,VLCC,11.893,USD
2023-12-12,TD20,West Africa to US Gulf,VLCC,11.623,USD
2023-12-13,TD20,West Africa to US Gulf,VLCC,11.559,USD
2023-12-14,TD20,West Africa to US Gulf,VLCC,11.245,USD
2023-12-15,TD20,West Africa to US Gulf,VLCC,11.389,USD
2023-12-16,TD20,West Africa to US Gulf,VLCC,11.061,USD
2023-12-17,TD20,West Africa to US Gulf,VLCC,11.087,USD
2023-12-18,TD20,West Africa to US Gulf,VLCC,10.76,USD
2023-12-19,TD20,West Africa to US Gulf,VLCC,10.73,USD
2023-12-20,TD20,West Africa to US Gulf,VLCC,11.03,USD
2023-12-21,TD20,West Africa to US Gulf,VLCC,11.111,USD
2023-12-22,TD20,West Africa to US Gulf,VLCC,10.987,USD
2023-12-23,TD20,West Africa to US Gulf,VLCC,11.003,USD
2023-12-24,TD20,West Africa to US Gulf,VLCC,11.028,USD
2023-12-25,TD20,West Africa to US Gulf,VLCC,11.128,USD
2023-12-26,TD20,West Africa to US Gulf,VLCC,10.919,USD
2023-12-27,TD20,West Africa to US Gulf,VLCC,11.041,USD
2023-12-28,TD20,West Africa to US Gulf,VLCC,10.609,USD
2023-12-29,TD20,West Africa to US Gulf,VLCC,10.529,USD
2023-12-30,TD20,West Africa to US Gulf,VLCC,10.473,USD
2023-12-31,TD20,West Africa to US Gulf,VLCC,10.605,USD
2024-01-01,TD20,West Africa to US Gulf,VLCC,10.634,USD
2024-01-02,TD20,West Africa to US Gulf,VLCC,10.423,USD
2024-01-03,TD20,West Africa to US Gulf,VLCC,10.285,USD
2024-01-04,TD20,West Africa to US Gulf,VLCC,10.346,USD
2024-01-05,TD20,West Africa to US Gulf,VLCC,10.36,USD
2024-01-06,TD20,West Africa to US Gulf,VLCC,10.29,USD
2024-01-07,TD20,West Africa to US Gulf,VLCC,10.237,USD
2024-01-08,TD20,West Africa to US Gulf,VLCC,10.381,USD
2024-01-09,TD20,West Africa to US Gulf,VLCC,10.321,USD
2024-01-10,TD20,West Africa to US Gulf,VLCC,10.332,USD
2024-01-11,TD20,West Africa to US Gulf,VLCC,10.722,USD
2024-01-12,TD20,West Africa to US Gulf,VLCC,10.506,USD
2024-01-13,TD20,West Africa to US Gulf,VLCC,10.22,USD
2024-01-14,TD20,West Africa to US Gulf,VLCC,10.378,USD
2024-01-15,TD20,West Africa to US Gulf,VLCC,10.29,USD
2024-01-16,TD20,West Africa to US Gulf,VLCC,10.263,USD
2024-01-17,TD20,West Africa to US Gulf,VLCC,10.158,USD
2024-01-18,TD20,West Africa to US Gulf,VLCC,10.141,USD
2024-01-19,TD20,West Africa to US Gulf,VLCC,10.435,USD
2024-01-20,TD20,West Africa to US Gulf,VLCC,10.593,USD
2024-01-21,TD20,West Africa to US Gulf,VLCC,10.759,USD
2024-01-22,TD20,West Africa to US Gulf,VLCC,10.542,USD
2024-01-23,TD20,West Africa to US Gulf,VLCC,10.371,USD
2024-01-24,TD20,West Africa to US Gulf,VLCC,9.92,USD
2024-01-25,TD20,West Africa to US Gulf,VLCC,9.812,USD
2024-01-26,TD20,West Africa to US Gulf,VLCC,10.0,USD
2024-01-27,TD20,West Africa to US Gulf,VLCC,10.113,USD
2024-01-28,TD20,West Africa to US Gulf,VLCC,10.101,USD
2024-01-29,TD20,West Africa to US Gulf,VLCC,10.121,USD
2024-01-30,TD20,West Africa to US Gulf,VLCC,10.03,USD
2024-01-31,TD20,West Africa to US Gulf,VLCC,10.089,USD
2024-02-01,TD20,West Africa to US Gulf,VLCC,10.241,USD
2024-02-02,TD20,West Africa to US Gulf,VLCC,9.993,USD
2024-02-03,TD20,West Africa to US Gulf,VLCC,10.068,USD
2024-02-04,TD20,West Africa to US Gulf,VLCC,10.247,USD
2024-02-05,TD20,West Africa to US Gulf,VLCC,10.198,USD
2024-02-06,TD20,West Africa to US Gulf,VLCC,10.337,USD
2024-02-07,TD20,West Africa to US Gulf,VLCC,10.827,USD
2024-02-08,TD20,West Africa to US Gulf,VLCC,10.824,USD
2024-02-09,TD20,West Africa to US Gulf,VLCC,10.904,USD
2024-02-10,TD20,West Africa to US Gulf,VLCC,10.793,USD
2024-02-11,TD20,West Africa to US Gulf,VLCC,10.837,USD
2024-02-12,TD20,West Africa to US Gulf,VLCC,10.927,USD
2024-02-13,TD20,West Africa to US Gulf,VLCC,10.972,USD
2024-02-14,TD20,West Africa to US Gulf,VLCC,10.812,USD
2024-02-15,TD20,West Africa to US Gulf,VLCC,10.858,USD
2024-02-16,TD20,West Africa to US Gulf,VLCC,11.114,USD
2024-02-17,TD20,West Africa to US Gulf,VLCC,11.198,USD
2024-02-18,TD20,West Africa to US Gulf,VLCC,11.366,USD
2024-02-19,TD20,West Africa to US Gulf,VLCC,11.331,USD
2024-02-20,TD20,West Africa to US Gulf,VLCC,11.461,USD
2024-02-21,TD20,West Africa to US Gulf,VLCC,11.511,USD
2024-02-22,TD20,West Africa to US Gulf,VLCC,11.355,USD
2024-02-23,TD20,West Africa to US Gulf,VLCC,11.412,USD
2024-02-24,TD20,West Africa to US Gulf,VLCC,11.248,USD
2024-02-25,TD20,West Africa to US Gulf,VLCC,11.146,USD
2024-02-26,TD20,West Africa to US Gulf,VLCC,11.182,USD
2024-02-27,TD20,West Africa to US Gulf,VLCC,11.236,USD
2024-02-28,TD20,West Africa to US Gulf,VLCC,11.04,USD
2024-02-29,TD20,West Africa to US Gulf,VLCC,11.22,USD
2024-03-01,TD20,West Africa to US Gulf,VLCC,11.318,USD
2024-03-02,TD20,West Africa to US Gulf,VLCC,11.201,USD
2024-03-03,TD20,West Africa to US Gulf,VLCC,10.945,USD
2024-03-04,TD20,West Africa to US Gulf,VLCC,10.924,USD
2024-03-05,TD20,West Africa to US Gulf,VLCC,10.853,USD
2024-03-06,TD20,West Africa to US Gulf,VLCC,10.876,USD
2024-03-07,TD20,West Africa to US Gulf,VLCC,10.818,USD
2024-03-08,TD20,West Africa to US Gulf,VLCC,10.485,USD
2024-03-09,TD20,West Africa to US Gulf,VLCC,10.426,USD
2024-03-10,TD20,West Africa to US Gulf,VLCC,10.381,USD
2024-03-11,TD20,West Africa to US Gulf,VLCC,10.494,USD
2024-03-12,TD20,West Africa to US Gulf,VLCC,10.382,USD
2024-03-13,TD20,West Africa to US Gulf,VLCC,10.668,USD
2024-03-14,TD20,West Africa to US Gulf,VLCC,10.35,USD
2024-03-15,TD20,West Africa to US Gulf,VLCC,10.574,USD
2024-03-16,TD20,West Africa to US Gulf,VLCC,10.539,USD
2024-03-17,TD20,West Africa to US Gulf,VLCC,10.685,USD
2024-03-18,TD20,West Africa to US Gulf,VLCC,10.699,USD
2024-03-19,TD20,West Africa to US Gulf,VLCC,10.889,USD
2024-03-20,TD20,West Africa to US Gulf,VLCC,10.821,USD
2024-03-21,TD20,West Africa to US Gulf,VLCC,10.635,USD
2024-03-22,TD20,West Africa to US Gulf,VLCC,10.872,USD
2024-03-23,TD20,West Africa to US Gulf,VLCC,10.849,USD
2024-03-24,TD20,West Africa to US Gulf,VLCC,10.882,USD
2024-03-25,TD20,West Africa to US Gulf,VLCC,11.084,USD
2024-03-26,TD20,West Africa to US Gulf,VLCC,10.904,USD
2024-03-27,TD20,West Africa to US Gulf,VLCC,10.997,USD
2024-03-28,TD20,West Africa to US Gulf,VLCC,10.891,USD
2024-03-29,TD20,West Africa to US Gulf,VLCC,10.863,USD
2024-03-30,TD20,West Africa to US Gulf,VLCC,10.868,USD
2024-03-31,TD20,West Africa to US Gulf,VLCC,10.61,USD
2024-04-01,TD20,West Africa to US Gulf,VLCC,10.474,USD
2024-04-02,TD20,West Africa to US Gulf,VLCC,10.696,USD
2024-04-03,TD20,West Africa to US Gulf,VLCC,10.838,USD
2024-04-04,TD20,West Africa to US Gulf,VLCC,10.818,USD
2024-04-05,TD20,West Africa to US Gulf,VLCC,10.85,USD
2024-04-06,TD20,West Africa to US Gulf,VLCC,10.791,USD
2024-04-07,TD20,West Africa to US Gulf,VLCC,11.009,USD
2024-04-08,TD20,West Africa to US Gulf,VLCC,10.963,USD
2024-04-09,TD20,West Africa to US Gulf,VLCC,10.99,USD
2024-04-10,TD20,West Africa to US Gulf,VLCC,11.169,USD
2024-04-11,TD20,West Africa to US Gulf,VLCC,11.024,USD
2024-04-12,TD20,West Africa to US Gulf,VLCC,11.271,USD
2024-04-13,TD20,West Africa to US Gulf,VLCC,10.999,USD
2024-04-14,TD20,West Africa to US Gulf,VLCC,11.257,USD
2024-04-15,TD20,West Africa to US Gulf,VLCC,11.177,USD
2024-04-16,TD20,West Africa to US Gulf,VLCC,11.12,USD
2024-04-17,TD20,West Africa to US Gulf,VLCC,10.787,USD
2024-04-18,TD20,West Africa to US Gulf,VLCC,10.697,USD
2024-04-19,TD20,West Africa to US Gulf,VLCC,10.51,USD
2024-04-20,TD20,West Africa to US Gulf,VLCC,10.396,USD
2024-04-21,TD20,West Africa to US Gulf,VLCC,10.362,USD
2024-04-22,TD20,West Africa to US Gulf,VLCC,10.511,USD
2024-04-23,TD20,West Africa to US Gulf,VLCC,10.533,USD
2024-04-24,TD20,West Africa to US Gulf,VLCC,10.571,USD
2024-04-25,TD20,West Africa to US Gulf,VLCC,10.374,USD
2024-04-26,TD20,West Africa to US Gulf,VLCC,10.214,USD
2024-04-27,TD20,West Africa to US Gulf,VLCC,10.503,USD
2024-04-28,TD20,West Africa to US Gulf,VLCC,10.366,USD
2024-04-29,TD20,West Africa to US Gulf,VLCC,10.629,USD
2024-04-30,TD20,West Africa to US Gulf,VLCC,10.572,USD
2024-05-01,TD20,West Africa to US Gulf,VLCC,10.556,USD
2024-05-02,TD20,West Africa to US Gulf,VLCC,10.719,USD
2024-05-03,TD20,West Africa to US Gulf,VLCC,10.913,USD
2024-05-04,TD20,West Africa to US Gulf,VLCC,10.874,USD
2024-05-05,TD20,West Africa to US Gulf,VLCC,10.789,USD
2024-05-06,TD20,West Africa to US Gulf,VLCC,10.759,USD
2024-05-07,TD20,West Africa to US Gulf,VLCC,10.796,USD
2024-05-08,TD20,West Africa to US Gulf,VLCC,10.924,USD
2024-05-09,TD20,West Africa to US Gulf,VLCC,10.903,USD
2024-05-10,TD20,West Africa to US Gulf,VLCC,10.984,USD
2024-05-11,TD20,West Africa to US Gulf,VLCC,11.235,USD
2024-05-12,TD20,West Africa to US Gulf,VLCC,11.273,USD
2024-05-13,TD20,West Africa to US Gulf,VLCC,11.298,USD
2024-05-14,TD20,West Africa to US Gulf,VLCC,11.017,USD
2024-05-15,TD20,West Africa to US Gulf,VLCC,10.552,USD
2024-05-16,TD20,West Africa to US Gulf,VLCC,10.596,USD
2024-05-17,TD20,West Africa to US Gulf,VLCC,10.559,USD
2024-05-18,TD20,West Africa to US Gulf,VLCC,10.452,USD
2024-05-19,TD20,West Africa to US Gulf,VLCC,10.473,USD
2024-05-20,TD20,West Africa to US Gulf,VLCC,10.443,USD
2024-05-21,TD20,West Africa to US Gulf,VLCC,10.611,USD
2024-05-22,TD20,West Africa to US Gulf,VLCC,10.603,USD
2024-05-23,TD20,West Africa to US Gulf,VLCC,10.456,USD
2024-05-24,TD20,West Africa to US Gulf,VLCC,10.6,USD
2024-05-25,TD20,West Africa to US Gulf,VLCC,10.541,USD
2024-05-26,TD20,West Africa to US Gulf,VLCC,10.607,USD
2024-05-27,TD20,West Africa to US Gulf,VLCC,10.504,USD
2024-05-28,TD20,West Africa to US Gulf,VLCC,10.373,USD
2024-05-29,TD20,West Africa to US Gulf,VLCC,10.366,USD
2024-05-30,TD20,West Africa to US Gulf,VLCC,10.347,USD
2024-05-31,TD20,West Africa to US Gulf,VLCC,10.406,USD
2024-06-01,TD20,West Africa to US Gulf,VLCC,10.339,USD
2024-06-02,TD20,West Africa to US Gulf,VLCC,10.011,USD
2024-06-03,TD20,West Africa to US Gulf,VLCC,9.92,USD
2024-06-04,TD20,West Africa to US Gulf,VLCC,10.035,USD
2024-06-05,TD20,West Africa to US Gulf,VLCC,9.967,USD
2024-06-06,TD20,West Africa to US Gulf,VLCC,9.908,USD
2024-06-07,TD20,West Africa to US Gulf,VLCC,10.055,USD
2024-06-08,TD20,West Africa to US Gulf,VLCC,9.917,USD
2024-06-09,TD20,West Africa to US Gulf,VLCC,9.641,USD
2024-06-10,TD20,West Africa to US Gulf,VLCC,9.599,USD
2024-06-11,TD20,West Africa to US Gulf,VLCC,9.503,USD
2024-06-12,TD20,West Africa to US Gulf,VLCC,9.328,USD
2024-06-13,TD20,West Africa to US Gulf,VLCC,9.286,USD
2024-06-14,TD20,West Africa to US Gulf,VLCC,9.356,USD
2024-06-15,TD20,West Africa to US Gulf,VLCC,9.342,USD
2024-06-16,TD20,West Africa to US Gulf,VLCC,9.381,USD
2024-06-17,TD20,West Africa to US Gulf,VLCC,9.672,USD
2024-06-18,TD20,West Africa to US Gulf,VLCC,9.599,USD
2024-06-19,TD20,West Africa to US Gulf,VLCC,9.63,USD
2024-06-20,TD20,West Africa to US Gulf,VLCC,9.53,USD
2024-06-21,TD20,West Africa to US Gulf,VLCC,9.374,USD
2024-06-22,TD20,West Africa to US Gulf,VLCC,9.263,USD
2024-06-23,TD20,West Africa to US Gulf,VLCC,9.172,USD
2024-06-24,TD20,West Africa to US Gulf,VLCC,9.221,USD
2024-06-25,TD20,West Africa to US Gulf,VLCC,9.603,USD
2024-06-26,TD20,West Africa to US Gulf,VLCC,9.468,USD
2024-06-27,TD20,West Africa to US Gulf,VLCC,9.385,USD
2024-06-28,TD20,West Africa to US Gulf,VLCC,9.362,USD
2024-06-29,TD20,West Africa to US Gulf,VLCC,9.416,USD
2024-06-30,TD20,West Africa to US Gulf,VLCC,9.447,USD
2024-07-01,TD20,West Africa to US Gulf,VLCC,9.649,USD
2024-07-02,TD20,West Africa to US Gulf,VLCC,9.228,USD
2024-07-03,TD20,West Africa to US Gulf,VLCC,8.818,USD
2024-07-04,TD20,West Africa to US Gulf,VLCC,8.729,USD
2024-07-05,TD20,West Africa to US Gulf,VLCC,8.907,USD
2024-07-06,TD20,West Africa to US Gulf,VLCC,8.638,USD
2024-07-07,TD20,West Africa to US Gulf,VLCC,8.131,USD
2024-07-08,TD20,West Africa to US Gulf,VLCC,8.227,USD
2024-07-09,TD20,West Africa to US Gulf,VLCC,8.268,USD
2024-07-10,TD20,West Africa to US Gulf,VLCC,8.086,USD
2024-07-11,TD20,West Africa to US Gulf,VLCC,7.923,USD
2024-07-12,TD20,West Africa to US Gulf,VLCC,7.764,USD
2024-07-13,TD20,West Africa to US Gulf,VLCC,7.788,USD
2024-07-14,TD20,West Africa to US Gulf,VLCC,7.688,USD
2024-07-15,TD20,West Africa to US Gulf,VLCC,7.778,USD
2024-07-16,TD20,West Africa to US Gulf,VLCC,7.306,USD
2024-07-17,TD20,West Africa to US Gulf,VLCC,7.173,USD
2024-07-18,TD20,West Africa to US Gulf,VLCC,6.997,USD
2024-07-19,TD20,West Africa to US Gulf,VLCC,6.969,USD
2024-07-20,TD20,West Africa to US Gulf,VLCC,6.893,USD
2024-07-21,TD20,West Africa to US Gulf,VLCC,7.043,USD
2024-07-22,TD20,West Africa to US Gulf,VLCC,6.746,USD
2024-07-23,TD20,West Africa to US Gulf,VLCC,6.771,USD
2024-07-24,TD20,West Africa to US Gulf,VLCC,6.882,USD
2024-07-25,TD20,West Africa to US Gulf,VLCC,7.21,USD
2024-07-26,TD20,West Africa to US Gulf,VLCC,7.143,USD
2024-07-27,TD20,West Africa to US Gulf,VLCC,7.212,USD
2024-07-28,TD20,West Africa to US Gulf,VLCC,6.924,USD
2024-07-29,TD20,West Africa to US Gulf,VLCC,6.542,USD
2024-07-30,TD20,West Africa to US Gulf,VLCC,6.705,USD
2024-07-31,TD20,West Africa to US Gulf,VLCC,6.724,USD
2024-08-01,TD20,West Africa to US Gulf,VLCC,6.941,USD
2024-08-02,TD20,West Africa to US Gulf,VLCC,6.73,USD
2024-08-03,TD20,West Africa to US Gulf,VLCC,6.838,USD
2024-08-04,TD20,West Africa to US Gulf,VLCC,7.171,USD
2024-08-05,TD20,West Africa to US Gulf,VLCC,7.258,USD
2024-08-06,TD20,West Africa to US Gulf,VLCC,7.321,USD
2024-08-07,TD20,West Africa to US Gulf,VLCC,7.338,USD
2024-08-08,TD20,West Africa to US Gulf,VLCC,7.092,USD
2024-08-09,TD20,West Africa to US Gulf,VLCC,7.338,USD
2024-08-10,TD20,West Africa to US Gulf,VLCC,7.253,USD
2024-08-11,TD20,West Africa to US Gulf,VLCC,7.355,USD
2024-08-12,TD20,West Africa to US Gulf,VLCC,7.111,USD
2024-08-13,TD20,West Africa to US Gulf,VLCC,6.934,USD
2024-08-14,TD20,West Africa to US Gulf,VLCC,7.197,USD
2024-08-15,TD20,West Africa to US Gulf,VLCC,7.159,USD
2024-08-16,TD20,West Africa to US Gulf,VLCC,7.423,USD
2024-08-17,TD20,West Africa to US Gulf,VLCC,7.429,USD
2024-08-18,TD20,West Africa to US Gulf,VLCC,7.139,USD
2024-08-19,TD20,West Africa to US Gulf,VLCC,7.311,USD
2024-08-20,TD20,West Africa to US Gulf,VLCC,7.233,USD
2024-08-21,TD20,West Africa to US Gulf,VLCC,7.372,USD
2024-08-22,TD20,West Africa to US Gulf,VLCC,7.397,USD
2024-08-23,TD20,West Africa to US Gulf,VLCC,7.16,USD
2024-08-24,TD20,West Africa to US Gulf,VLCC,7.212,USD
2024-08-25,TD20,West Africa to US Gulf,VLCC,7.603,USD
2024-08-26,TD20,West Africa to US Gulf,VLCC,7.706,USD
2024-08-27,TD20,West Africa to US Gulf,VLCC,7.716,USD
2024-08-28,TD20,West Africa to US Gulf,VLCC,7.916,USD
2024-08-29,TD20,West Africa to US Gulf,VLCC,7.97,USD
2024-08-30,TD20,West Africa to US Gulf,VLCC,8.023,USD
2024-08-31,TD20,West Africa to US Gulf,VLCC,7.859,USD
2024-09-01,TD20,West Africa to US Gulf,VLCC,7.918,USD
2024-09-02,TD20,West Africa to US Gulf,VLCC,8.111,USD
2024-09-03,TD20,West Africa to US Gulf,VLCC,7.99,USD
2024-09-04,TD20,West Africa to US Gulf,VLCC,8.249,USD
2024-09-05,TD20,West Africa to US Gulf,VLCC,8.251,USD
2024-09-06,TD20,West Africa to US Gulf,VLCC,8.121,USD
2024-09-07,TD20,West Africa to US Gulf,VLCC,8.308,USD
2024-09-08,TD20,West Africa to US Gulf,VLCC,8.279,USD
2024-09-09,TD20,West Africa to US Gulf,VLCC,8.425,USD
2024-09-10,TD20,West Africa to US Gulf,VLCC,8.395,USD
2024-09-11,TD20,West Africa to US Gulf,VLCC,8.404,USD
2024-09-12,TD20,West Africa to US Gulf,VLCC,8.506,USD
2024-09-13,TD20,West Africa to US Gulf,VLCC,8.574,USD
2024-09-14,TD20,West Africa to US Gulf,VLCC,8.258,USD
2024-09-15,TD20,West Africa to US Gulf,VLCC,8.093,USD
2024-09-16,TD20,West Africa to US Gulf,VLCC,8.273,USD
2024-09-17,TD20,West Africa to US Gulf,VLCC,8.274,USD
2024-09-18,TD20,West Africa to US Gulf,VLCC,8.209,USD
2024-09-19,TD20,West Africa to US Gulf,VLCC,8.006,USD
2024-09-20,TD20,West Africa to US Gulf,VLCC,7.853,USD
2024-09-21,TD20,West Africa to US Gulf,VLCC,7.543,USD
2024-09-22,TD20,West Africa to US Gulf,VLCC,7.559,USD
2024-09-23,TD20,West Africa to US Gulf,VLCC,7.491,USD
2024-09-24,TD20,West Africa to US Gulf,VLCC,7.363,USD
2024-09-25,TD20,West Africa to US Gulf,VLCC,7.388,USD
2024-09-26,TD20,West Africa to US Gulf,VLCC,7.484,USD
2024-09-27,TD20,West Africa to US Gulf,VLCC,7.87,USD
2024-09-28,TD20,West Africa to US Gulf,VLCC,7.648,USD
2024-09-29,TD20,West Africa to US Gulf,VLCC,7.877,USD
2024-09-30,TD20,West Africa to US Gulf,VLCC,8.072,USD
2024-10-01,TD20,West Africa to US Gulf,VLCC,7.973,USD
2024-10-02,TD20,West Africa to US Gulf,VLCC,8.039,USD
2024-10-03,TD20,West Africa to US Gulf,VLCC,7.995,USD
2024-10-04,TD20,West Africa to US Gulf,VLCC,8.059,USD
2024-10-05,TD20,West Africa to US Gulf,VLCC,8.344,USD
2024-10-06,TD20,West Africa to US Gulf,VLCC,8.476,USD
2024-10-07,TD20,West Africa to US Gulf,VLCC,8.591,USD
2024-10-08,TD20,West Africa to US Gulf,VLCC,8.547,USD
2024-10-09,TD20,West Africa to US Gulf,VLCC,8.329,USD
2024-10-10,TD20,West Africa to US Gulf,VLCC,8.326,USD
2024-10-11,TD20,West Africa to US Gulf,VLCC,8.56,USD
2024-10-12,TD20,West Africa to US Gulf,VLCC,8.335,USD
2024-10-13,TD20,West Africa to US Gulf,VLCC,8.192,USD
2024-10-14,TD20,West Africa to US Gulf,VLCC,8.249,USD
2024-10-15,TD20,West Africa to US Gulf,VLCC,8.119,USD
2024-10-16,TD20,West Africa to US Gulf,VLCC,8.023,USD
2024-10-17,TD20,West Africa to US Gulf,VLCC,7.99,USD
2024-10-18,TD20,West Africa to US Gulf,VLCC,7.8,USD
2024-10-19,TD20,West Africa to US Gulf,VLCC,7.678,USD
2024-10-20,TD20,West Africa to US Gulf,VLCC,7.838,USD
2024-10-21,TD20,West Africa to US Gulf,VLCC,7.661,USD
2024-10-22,TD20,West Africa to US Gulf,VLCC,7.437,USD
2024-10-23,TD20,West Africa to US Gulf,VLCC,7.378,USD
2024-10-24,TD20,West Africa to US Gulf,VLCC,7.547,USD
2024-10-25,TD20,West Africa to US Gulf,VLCC,7.56,USD
2024-10-26,TD20,West Africa to US Gulf,VLCC,7.528,USD
2024-10-27,TD20,West Africa to US Gulf,VLCC,7.582,USD
2024-10-28,TD20,West Africa to US Gulf,VLCC,7.337,USD
2024-10-29,TD20,West Africa to US Gulf,VLCC,7.468,USD
2024-10-30,TD20,West Africa to US Gulf,VLCC,7.581,USD
2024-10-31,TD20,West Africa to US Gulf,VLCC,7.56,USD
2024-11-01,TD20,West Africa to US Gulf,VLCC,7.776,USD
2024-11-02,TD20,West Africa to US Gulf,VLCC,7.633,USD
2024-11-03,TD20,West Africa to US Gulf,VLCC,7.87,USD
2024-11-04,TD20,West Africa to US Gulf,VLCC,7.942,USD
2024-11-05,TD20,West Africa to US Gulf,VLCC,7.931,USD
2024-11-06,TD20,West Africa to US Gulf,VLCC,7.973,USD
2024-11-07,TD20,West Africa to US Gulf,VLCC,8.001,USD
2024-11-08,TD20,West Africa to US Gulf,VLCC,8.25,USD
2024-11-09,TD20,West Africa to US Gulf,VLCC,8.114,USD
2024-11-10,TD20,West Africa to US Gulf,VLCC,8.031,USD
2024-11-11,TD20,West Africa to US Gulf,VLCC,8.251,USD
2024-11-12,TD20,West Africa to US Gulf,VLCC,8.195,USD
2024-11-13,TD20,West Africa to US Gulf,VLCC,8.391,USD
2024-11-14,TD20,West Africa to US Gulf,VLCC,8.718,USD
2024-11-15,TD20,West Africa to US Gulf,VLCC,8.691,USD
2024-11-16,TD20,West Africa to US Gulf,VLCC,8.846,USD
2024-11-17,TD20,West Africa to US Gulf,VLCC,8.693,USD
2024-11-18,TD20,West Africa to US Gulf,VLCC,8.86,USD
2024-11-19,TD20,West Africa to US Gulf,VLCC,8.933,USD
2024-11-20,TD20,West Africa to US Gulf,VLCC,9.052,USD
2024-11-21,TD20,West Africa to US Gulf,VLCC,8.982,USD
2024-11-22,TD20,West Africa to US Gulf,VLCC,8.743,USD
2024-11-23,TD20,West Africa to US Gulf,VLCC,8.869,USD
2024-11-24,TD20,West Africa to US Gulf,VLCC,8.564,USD
2024-11-25,TD20,West Africa to US Gulf,VLCC,8.555,USD
2024-11-26,TD20,West Africa to US Gulf,VLCC,8.757,USD
2024-11-27,TD20,West Africa to US Gulf,VLCC,8.831,USD
2024-11-28,TD20,West Africa to US Gulf,VLCC,9.199,USD
2024-11-29,TD20,West Africa to US Gulf,VLCC,9.408,USD
2024-11-30,TD20,West Africa to US Gulf,VLCC,9.335,USD
2024-12-01,TD20,West Africa to US Gulf,VLCC,9.377,USD
2024-12-02,TD20,West Africa to US Gulf,VLCC,9.405,USD
2024-12-03,TD20,West Africa to US Gulf,VLCC,9.177,USD
2024-12-04,TD20,West Africa to US Gulf,VLCC,9.059,USD
2024-12-05,TD20,West Africa to US Gulf,VLCC,9.005,USD
2024-12-06,TD20,West Africa to US Gulf,VLCC,8.705,USD
2024-12-07,TD20,West Africa to US Gulf,VLCC,8.757,USD
2024-12-08,TD20,West Africa to US Gulf,VLCC,8.759,USD
2024-12-09,TD20,West Africa to US Gulf,VLCC,8.523,USD
2024-12-10,TD20,West Africa to US Gulf,VLCC,8.637,USD
2024-12-11,TD20,West Africa to US Gulf,VLCC,8.801,USD
2024-12-12,TD20,West Africa to US Gulf,VLCC,8.883,USD
2024-12-13,TD20,West Africa to US Gulf,VLCC,8.871,USD
2024-12-14,TD20,West Africa to US Gulf,VLCC,9.013,USD
2024-12-15,TD20,West Africa to US Gulf,VLCC,9.168,USD
2024-12-16,TD20,West Africa to US Gulf,VLCC,9.259,USD
2024-12-17,TD20,West Africa to US Gulf,VLCC,9.16,USD
2024-12-18,TD20,West Africa to US Gulf,VLCC,9.246,USD
2024-12-19,TD20,West Africa to US Gulf,VLCC,9.486,USD
2024-12-20,TD20,West Africa to US Gulf,VLCC,9.422,USD
2024-12-21,TD20,West Africa to US Gulf,VLCC,9.811,USD
2024-12-22,TD20,West Africa to US Gulf,VLCC,9.756,USD
2024-12-23,TD20,West Africa to US Gulf,VLCC,9.795,USD
2024-12-24,TD20,West Africa to US Gulf,VLCC,9.716,USD
2024-12-25,TD20,West Africa to US Gulf,VLCC,9.788,USD
2024-12-26,TD20,West Africa to US Gulf,VLCC,9.53,USD
2024-12-27,TD20,West Africa to US Gulf,VLCC,9.475,USD
2024-12-28,TD20,West Africa to US Gulf,VLCC,9.328,USD
2024-12-29,TD20,West Africa to US Gulf,VLCC,9.389,USD
2024-12-30,TD20,West Africa to US Gulf,VLCC,9.592,USD
2024-12-31,TD20,West Africa to US Gulf,VLCC,9.735,USD
2025-01-01,TD20,West Africa to US Gulf,VLCC,9.372,USD
2025-01-02,TD20,West Africa to US Gulf,VLCC,9.751,USD
2025-01-03,TD20,West Africa to US Gulf,VLCC,9.833,USD
2025-01-04,TD20,West Africa to US Gulf,VLCC,9.736,USD
2025-01-05,TD20,West Africa to US Gulf,VLCC,9.795,USD
2025-01-06,TD20,West Africa to US Gulf,VLCC,9.857,USD
2025-01-07,TD20,West Africa to US Gulf,VLCC,9.777,USD
2025-01-08,TD20,West Africa to US Gulf,VLCC,9.842,USD
2025-01-09,TD20,West Africa to US Gulf,VLCC,9.772,USD
2025-01-10,TD20,West Africa to US Gulf,VLCC,9.736,USD
2025-01-11,TD20,West Africa to US Gulf,VLCC,9.654,USD
2025-01-12,TD20,West Africa to US Gulf,VLCC,9.447,USD
2025-01-13,TD20,West Africa to US Gulf,VLCC,9.506,USD
2025-01-14,TD20,West Africa to US Gulf,VLCC,9.638,USD
2025-01-15,TD20,West Africa to US Gulf,VLCC,9.756,USD
2025-01-16,TD20,West Africa to US Gulf,VLCC,9.924,USD
2025-01-17,TD20,West Africa to US Gulf,VLCC,10.008,USD
2025-01-18,TD20,West Africa to US Gulf,VLCC,9.947,USD
2025-01-19,TD20,West Africa to US Gulf,VLCC,10.116,USD
2025-01-20,TD20,West Africa to US Gulf,VLCC,9.915,USD
2025-01-21,TD20,West Africa to US Gulf,VLCC,9.793,USD
2025-01-22,TD20,West Africa to US Gulf,VLCC,9.661,USD
2025-01-23,TD20,West Africa to US Gulf,VLCC,9.872,USD
2025-01-24,TD20,West Africa to US Gulf,VLCC,10.057,USD
2025-01-25,TD20,West Africa to US Gulf,VLCC,10.165,USD
2025-01-26,TD20,West Africa to US Gulf,VLCC,10.369,USD
2025-01-27,TD20,West Africa to US Gulf,VLCC,10.244,USD
2025-01-28,TD20,West Africa to US Gulf,VLCC,10.325,USD
2025-01-29,TD20,West Africa to US Gulf,VLCC,10.327,USD
2025-01-30,TD20,West Africa to US Gulf,VLCC,10.49,USD
2025-01-31,TD20,West Africa to US Gulf,VLCC,10.491,USD
2025-02-01,TD20,West Africa to US Gulf,VLCC,10.446,USD
2025-02-02,TD20,West Africa to US Gulf,VLCC,10.556,USD
2025-02-03,TD20,West Africa to US Gulf,VLCC,10.721,USD
2025-02-04,TD20,West Africa to US Gulf,VLCC,10.626,USD
2025-02-05,TD20,West Africa to US Gulf,VLCC,10.632,USD
2025-02-06,TD20,West Africa to US Gulf,VLCC,10.472,USD
2025-02-07,TD20,West Africa to US Gulf,VLCC,10.072,USD
2025-02-08,TD20,West Africa to US Gulf,VLCC,10.127,USD
2025-02-09,TD20,West Africa to US Gulf,VLCC,10.249,USD
2025-02-10,TD20,West Africa to US Gulf,VLCC,10.312,USD
2025-02-11,TD20,West Africa to US Gulf,VLCC,10.004,USD
2025-02-12,TD20,West Africa to US Gulf,VLCC,9.966,USD
2025-02-13,TD20,West Africa to US Gulf,VLCC,9.616,USD
2025-02-14,TD20,West Africa to US Gulf,VLCC,9.869,USD
2025-02-15,TD20,West Africa to US Gulf,VLCC,9.709,USD
2025-02-16,TD20,West Africa to US Gulf,VLCC,9.941,USD
2025-02-17,TD20,West Africa to US Gulf,VLCC,10.119,USD
2025-02-18,TD20,West Africa to US Gulf,VLCC,9.986,USD
2025-02-19,TD20,West Africa to US Gulf,VLCC,9.815,USD
2025-02-20,TD20,West Africa to US Gulf,VLCC,9.893,USD
2025-02-21,TD20,West Africa to US Gulf,VLCC,9.77,USD
2025-02-22,TD20,West Africa to US Gulf,VLCC,9.807,USD
2025-02-23,TD20,West Africa to US Gulf,VLCC,9.745,USD
2025-02-24,TD20,West Africa to US Gulf,VLCC,9.465,USD
2025-02-25,TD20,West Africa to US Gulf,VLCC,9.114,USD
2025-02-26,TD20,West Africa to US Gulf,VLCC,9.176,USD
2025-02-27,TD20,West Africa to US Gulf,VLCC,9.105,USD
2025-02-28,TD20,West Africa to US Gulf,VLCC,9.036,USD
2025-03-01,TD20,West Africa to US Gulf,VLCC,9.177,USD
2025-03-02,TD20,West Africa to US Gulf,VLCC,9.395,USD
2025-03-03,TD20,West Africa to US Gulf,VLCC,9.369,USD
2025-03-04,TD20,West Africa to US Gulf,VLCC,9.332,USD
2025-03-05,TD20,West Africa to US Gulf,VLCC,9.435,USD
2025-03-06,TD20,West Africa to US Gulf,VLCC,9.225,USD
2025-03-07,TD20,West Africa to US Gulf,VLCC,9.282,USD
2025-03-08,TD20,West Africa to US Gulf,VLCC,9.393,USD
2025-03-09,TD20,West Africa to US Gulf,VLCC,9.524,USD
2025-03-10,TD20,West Africa to US Gulf,VLCC,9.215,USD
2025-03-11,TD20,West Africa to US Gulf,VLCC,9.106,USD
2025-03-12,TD20,West Africa to US Gulf,VLCC,8.977,USD
2025-03-13,TD20,West Africa to US Gulf,VLCC,9.013,USD
2025-03-14,TD20,West Africa to US Gulf,VLCC,9.113,USD
2025-03-15,TD20,West Africa to US Gulf,VLCC,9.38,USD
2025-03-16,TD20,West Africa to US Gulf,VLCC,9.311,USD
2025-03-17,TD20,West Africa to US Gulf,VLCC,9.243,USD
2025-03-18,TD20,West Africa to US Gulf,VLCC,9.45,USD
2025-03-19,TD20,West Africa to US Gulf,VLCC,9.511,USD
2025-03-20,TD20,West Africa to US Gulf,VLCC,9.734,USD
2025-03-21,TD20,West Africa to US Gulf,VLCC,9.791,USD
2025-03-22,TD20,West Africa to US Gulf,VLCC,9.605,USD
2025-03-23,TD20,West Africa to US Gulf,VLCC,9.391,USD
2025-03-24,TD20,West Africa to US Gulf,VLCC,9.142,USD
2025-03-25,TD20,West Africa to US Gulf,VLCC,9.265,USD
2025-03-26,TD20,West Africa to US Gulf,VLCC,9.475,USD
2025-03-27,TD20,West Africa to US Gulf,VLCC,9.793,USD
2025-03-28,TD20,West Africa to US Gulf,VLCC,9.938,USD
2025-03-29,TD20,West Africa to US Gulf,VLCC,10.136,USD
2025-03-30,TD20,West Africa to US Gulf,VLCC,10.039,USD
2025-03-31,TD20,West Africa to US Gulf,VLCC,9.847,USD
2025-04-01,TD20,West Africa to US Gulf,VLCC,9.992,USD
2025-04-02,TD20,West Africa to US Gulf,VLCC,10.062,USD
2025-04-03,TD20,West Africa to US Gulf,VLCC,10.08,USD
2025-04-04,TD20,West Africa to US Gulf,VLCC,10.143,USD
2025-04-05,TD20,West Africa to US Gulf,VLCC,10.195,USD
2025-04-06,TD20,West Africa to US Gulf,VLCC,10.407,USD
2025-04-07,TD20,West Africa to US Gulf,VLCC,10.618,USD
2025-04-08,TD20,West Africa to US Gulf,VLCC,10.701,USD
2025-04-09,TD20,West Africa to US Gulf,VLCC,10.833,USD
2025-04-10,TD20,West Africa to US Gulf,VLCC,10.908,USD
2025-04-11,TD20,West Africa to US Gulf,VLCC,10.819,USD
2025-04-12,TD20,West Africa to US Gulf,VLCC,10.934,USD
2025-04-13,TD20,West Africa to US Gulf,VLCC,10.687,USD
2025-04-14,TD20,West Africa to US Gulf,VLCC,10.852,USD
2025-04-15,TD20,West Africa to US Gulf,VLCC,10.639,USD
2025-04-16,TD20,West Africa to US Gulf,VLCC,10.675,USD
2025-04-17,TD20,West Africa to US Gulf,VLCC,10.521,USD
2025-04-18,TD20,West Africa to US Gulf,VLCC,10.603,USD
2025-04-19,TD20,West Africa to US Gulf,VLCC,10.585,USD
2025-04-20,TD20,West Africa to US Gulf,VLCC,10.306,USD
2025-04-21,TD20,West Africa to US Gulf,VLCC,10.366,USD
2025-04-22,TD20,West Africa to US Gulf,VLCC,10.258,USD
2025-04-23,TD20,West Africa to US Gulf,VLCC,10.395,USD
2025-04-24,TD20,West Africa to US Gulf,VLCC,10.383,USD
2025-04-25,TD20,West Africa to US Gulf,VLCC,10.437,USD
2025-04-26,TD20,West Africa to US Gulf,VLCC,10.264,USD
2025-04-27,TD20,West Africa to US Gulf,VLCC,10.153,USD
2025-04-28,TD20,West Africa to US Gulf,VLCC,10.065,USD
2025-04-29,TD20,West Africa to US Gulf,VLCC,10.198,USD
2025-04-30,TD20,West Africa to US Gulf,VLCC,10.467,USD
2025-05-01,TD20,West Africa to US Gulf,VLCC,10.317,USD
2025-05-02,TD20,West Africa to US Gulf,VLCC,10.483,USD
2025-05-03,TD20,West Africa to US Gulf,VLCC,10.104,USD
2025-05-04,TD20,West Africa to US Gulf,VLCC,9.891,USD
2025-05-05,TD20,West Africa to US Gulf,VLCC,9.72,USD
2025-05-06,TD20,West Africa to US Gulf,VLCC,9.485,USD
2025-05-07,TD20,West Africa to US Gulf,VLCC,9.212,USD
2025-05-08,TD20,West Africa to US Gulf,VLCC,9.277,USD
2025-05-09,TD20,West Africa to US Gulf,VLCC,9.235,USD
2025-05-10,TD20,West Africa to US Gulf,VLCC,9.293,USD
2025-05-11,TD20,West Africa to US Gulf,VLCC,9.402,USD
2025-05-12,TD20,West Africa to US Gulf,VLCC,9.439,USD
2025-05-13,TD20,West Africa to US Gulf,VLCC,9.54,USD
2025-05-14,TD20,West Africa to US Gulf,VLCC,9.519,USD
2025-05-15,TD20,West Africa to US Gulf,VLCC,9.311,USD
2025-05-16,TD20,West Africa to US Gulf,VLCC,9.48,USD
2025-05-17,TD20,West Africa to US Gulf,VLCC,9.371,USD
2025-05-18,TD20,West Africa to US Gulf,VLCC,9.206,USD
2025-05-19,TD20,West Africa to US Gulf,VLCC,9.168,USD
2025-05-20,TD20,West Africa to US Gulf,VLCC,9.008,USD
2025-05-21,TD20,West Africa to US Gulf,VLCC,8.932,USD
2025-05-22,TD20,West Africa to US Gulf,VLCC,8.985,USD
2025-05-23,TD20,West Africa to US Gulf,VLCC,9.037,USD
2025-05-24,TD20,West Africa to US Gulf,VLCC,8.88,USD
2025-05-25,TD20,West Africa to US Gulf,VLCC,8.792,USD
2025-05-26,TD20,West Africa to US Gulf,VLCC,8.967,USD
2025-05-27,TD20,West Africa to US Gulf,VLCC,9.044,USD
2025-05-28,TD20,West Africa to US Gulf,VLCC,9.383,USD
2025-05-29,TD20,West Africa to US Gulf,VLCC,9.569,USD
2025-05-30,TD20,West Africa to US Gulf,VLCC,9.748,USD
2025-05-31,TD20,West Africa to US Gulf,VLCC,9.5,USD
2025-06-01,TD20,West Africa to US Gulf,VLCC,9.615,USD
2025-06-02,TD20,West Africa to US Gulf,VLCC,9.592,USD
2025-06-03,TD20,West Africa to US Gulf,VLCC,9.486,USD
2025-06-04,TD20,West Africa to US Gulf,VLCC,9.501,USD
2025-06-05,TD20,West Africa to US Gulf,VLCC,9.646,USD
2025-06-06,TD20,West Africa to US Gulf,VLCC,9.715,USD
2025-06-07,TD20,West Africa to US Gulf,VLCC,9.552,USD
2025-06-08,TD20,West Africa to US Gulf,VLCC,9.662,USD
2025-06-09,TD20,West Africa to US Gulf,VLCC,9.54,USD
2025-06-10,TD20,West Africa to US Gulf,VLCC,9.563,USD
2025-06-11,TD20,West Africa to US Gulf,VLCC,9.497,USD
2025-06-12,TD20,West Africa to US Gulf,VLCC,9.447,USD
2025-06-13,TD20,West Africa to US Gulf,VLCC,9.562,USD
2025-06-14,TD20,West Africa to US Gulf,VLCC,9.373,USD
2025-06-15,TD20,West Africa to US Gulf,VLCC,9.686,USD
2025-06-16,TD20,West Africa to US Gulf,VLCC,9.365,USD
2025-06-17,TD20,West Africa to US Gulf,VLCC,9.253,USD
2025-06-18,TD20,West Africa to US Gulf,VLCC,9.303,USD
2025-06-19,TD20,West Africa to US Gulf,VLCC,9.389,USD
2025-06-20,TD20,West Africa to US Gulf,VLCC,9.359,USD
2025-06-21,TD20,West Africa to US Gulf,VLCC,9.337,USD
2025-06-22,TD20,West Africa to US Gulf,VLCC,9.393,USD
2025-06-23,TD20,West Africa to US Gulf,VLCC,9.342,USD
2025-06-24,TD20,West Africa to US Gulf,VLCC,9.562,USD
2025-06-25,TD20,West Africa to US Gulf,VLCC,9.688,USD
2025-06-26,TD20,West Africa to US Gulf,VLCC,9.819,USD
2025-06-27,TD20,West Africa to US Gulf,VLCC,9.64,USD
2025-06-28,TD20,West Africa to US Gulf,VLCC,9.612,USD
2025-06-29,TD20,West Africa to US Gulf,VLCC,9.546,USD
2025-06-30,TD20,West Africa to US Gulf,VLCC,9.364,USD
2025-07-01,TD20,West Africa to US Gulf,VLCC,9.412,USD
2025-07-02,TD20,West Africa to US Gulf,VLCC,9.31,USD
2025-07-03,TD20,West Africa to US Gulf,VLCC,9.408,USD
2025-07-04,TD20,West Africa to US Gulf,VLCC,9.217,USD
2025-07-05,TD20,West Africa to US Gulf,VLCC,9.494,USD
2025-07-06,TD20,West Africa to US Gulf,VLCC,9.331,USD
2025-07-07,TD20,West Africa to US Gulf,VLCC,9.357,USD
2025-07-08,TD20,West Africa to US Gulf,VLCC,9.478,USD
2025-07-09,TD20,West Africa to US Gulf,VLCC,9.37,USD
2025-07-10,TD20,West Africa to US Gulf,VLCC,9.502,USD
2025-07-11,TD20,West Africa to US Gulf,VLCC,9.284,USD
2025-07-12,TD20,West Africa to US Gulf,VLCC,9.517,USD
2025-07-13,TD20,West Africa to US Gulf,VLCC,9.507,USD
2025-07-14,TD20,West Africa to US Gulf,VLCC,9.395,USD
2025-07-15,TD20,West Africa to US Gulf,VLCC,9.335,USD
2025-07-16,TD20,West Africa to US Gulf,VLCC,9.46,USD
2025-07-17,TD20,West Africa to US Gulf,VLCC,9.352,USD
2025-07-18,TD20,West Africa to US Gulf,VLCC,9.217,USD
2025-07-19,TD20,West Africa to US Gulf,VLCC,9.172,USD
2025-07-20,TD20,West Africa to US Gulf,VLCC,8.968,USD
2025-07-21,TD20,West Africa to US Gulf,VLCC,9.267,USD
2025-07-22,TD20,West Africa to US Gulf,VLCC,9.165,USD
2025-07-23,TD20,West Africa to US Gulf,VLCC,9.298,USD
2025-07-24,TD20,West Africa to US Gulf,VLCC,9.325,USD
2025-07-25,TD20,West Africa to US Gulf,VLCC,9.153,USD
2025-07-26,TD20,West Africa to US Gulf,VLCC,9.146,USD
2025-07-27,TD20,West Africa to US Gulf,VLCC,9.272,USD
2025-07-28,TD20,West Africa to US Gulf,VLCC,9.234,USD
2025-07-29,TD20,West Africa to US Gulf,VLCC,9.428,USD
2025-07-30,TD20,West Africa to US Gulf,VLCC,9.592,USD
2025-07-31,TD20,West Africa to US Gulf,VLCC,9.737,USD
2025-08-01,TD20,West Africa to US Gulf,VLCC,9.65,USD
2025-08-02,TD20,West Africa to US Gulf,VLCC,9.461,USD
2025-08-03,TD20,West Africa to US Gulf,VLCC,9.352,USD
2025-08-04,TD20,West Africa to US Gulf,VLCC,9.38,USD
2025-08-05,TD20,West Africa to US Gulf,VLCC,9.466,USD
2025-08-06,TD20,West Africa to US Gulf,VLCC,9.097,USD
2025-08-07,TD20,West Africa to US Gulf,VLCC,9.094,USD
2025-08-08,TD20,West Africa to US Gulf,VLCC,9.119,USD
2025-08-09,TD20,West Africa to US Gulf,VLCC,9.072,USD
2025-08-10,TD20,West Africa to US Gulf,VLCC,9.287,USD
2025-08-11,TD20,West Africa to US Gulf,VLCC,9.356,USD
2025-08-12,TD20,West Africa to US Gulf,VLCC,9.573,USD
2025-08-13,TD20,West Africa to US Gulf,VLCC,9.532,USD
2025-08-14,TD20,West Africa to US Gulf,VLCC,9.686,USD
2025-08-15,TD20,West Africa to US Gulf,VLCC,9.954,USD
2025-08-16,TD20,West Africa to US Gulf,VLCC,10.167,USD
2025-08-17,TD20,West Africa to US Gulf,VLCC,9.975,USD
2025-08-18,TD20,West Africa to US Gulf,VLCC,9.926,USD
2025-08-19,TD20,West Africa to US Gulf,VLCC,9.863,USD
2025-08-20,TD20,West Africa to US Gulf,VLCC,9.94,USD
2025-08-21,TD20,West Africa to US Gulf,VLCC,10.05,USD
2025-08-22,TD20,West Africa to US Gulf,VLCC,9.904,USD
2025-08-23,TD20,West Africa to US Gulf,VLCC,9.912,USD
2025-08-24,TD20,West Africa to US Gulf,VLCC,9.57,USD
2025-08-25,TD20,West Africa to US Gulf,VLCC,9.812,USD
2025-08-26,TD20,West Africa to US Gulf,VLCC,9.724,USD
2025-08-27,TD20,West Africa to US Gulf,VLCC,9.733,USD
2025-08-28,TD20,West Africa to US Gulf,VLCC,9.681,USD
2025-08-29,TD20,West Africa to US Gulf,VLCC,9.874,USD
2025-08-30,TD20,West Africa to US Gulf,VLCC,9.398,USD
2025-08-31,TD20,West Africa to US Gulf,VLCC,9.4,USD
2025-09-01,TD20,West Africa to US Gulf,VLCC,9.387,USD
2025-09-02,TD20,West Africa to US Gulf,VLCC,9.316,USD
2025-09-03,TD20,West Africa to US Gulf,VLCC,9.612,USD
2025-09-04,TD20,West Africa to US Gulf,VLCC,9.467,USD
2025-09-05,TD20,West Africa to US Gulf,VLCC,9.602,USD
2025-09-06,TD20,West Africa to US Gulf,VLCC,9.667,USD
2025-09-07,TD20,West Africa to US Gulf,VLCC,9.882,USD
2025-09-08,TD20,West Africa to US Gulf,VLCC,9.774,USD
2025-09-09,TD20,West Africa to US Gulf,VLCC,9.656,USD
2025-09-10,TD20,West Africa to US Gulf,VLCC,9.845,USD
2025-09-11,TD20,West Africa to US Gulf,VLCC,9.921,USD
2025-09-12,TD20,West Africa to US Gulf,VLCC,9.667,USD
2025-09-13,TD20,West Africa to US Gulf,VLCC,9.584,USD
2025-09-14,TD20,West Africa to US Gulf,VLCC,9.657,USD
2025-09-15,TD20,West Africa to US Gulf,VLCC,9.805,USD
2025-09-16,TD20,West Africa to US Gulf,VLCC,9.699,USD
2025-09-17,TD20,West Africa to US Gulf,VLCC,9.22,USD
2025-09-18,TD20,West Africa to US Gulf,VLCC,9.321,USD
2025-09-19,TD20,West Africa to US Gulf,VLCC,9.13,USD
2025-09-20,TD20,West Africa to US Gulf,VLCC,8.809,USD
2025-09-21,TD20,West Africa to US Gulf,VLCC,8.354,USD
2025-09-22,TD20,West Africa to US Gulf,VLCC,8.514,USD
2025-09-23,TD20,West Africa to US Gulf,VLCC,8.559,USD
2025-09-24,TD20,West Africa to US Gulf,VLCC,8.544,USD
2025-09-25,TD20,West Africa to US Gulf,VLCC,8.801,USD
2025-09-26,TD20,West Africa to US Gulf,VLCC,8.929,USD
2025-09-27,TD20,West Africa to US Gulf,VLCC,9.22,USD
2025-09-28,TD20,West Africa to US Gulf,VLCC,9.005,USD
2025-09-29,TD20,West Africa to US Gulf,VLCC,9.02,USD
2025-09-30,TD20,West Africa to US Gulf,VLCC,8.771,USD
2025-10-01,TD20,West Africa to US Gulf,VLCC,8.756,USD
2025-10-02,TD20,West Africa to US Gulf,VLCC,8.739,USD
2025-10-03,TD20,West Africa to US Gulf,VLCC,8.869,USD
2025-10-04,TD20,West Africa to US Gulf,VLCC,8.901,USD
2025-10-05,TD20,West Africa to US Gulf,VLCC,9.03,USD
2025-10-06,TD20,West Africa to US Gulf,VLCC,9.171,USD
2025-10-07,TD20,West Africa to US Gulf,VLCC,9.554,USD
2025-10-08,TD20,West Africa to US Gulf,VLCC,9.521,USD
2025-10-09,TD20,West Africa to US Gulf,VLCC,9.383,USD
2025-10-10,TD20,West Africa to US Gulf,VLCC,9.446,USD
2025-10-11,TD20,West Africa to US Gulf,VLCC,9.333,USD
2025-10-12,TD20,West Africa to US Gulf,VLCC,9.604,USD
2025-10-13,TD20,West Africa to US Gulf,VLCC,9.577,USD
2025-10-14,TD20,West Africa to US Gulf,VLCC,9.504,USD
2025-10-15,TD20,West Africa to US Gulf,VLCC,9.448,USD
2025-10-16,TD20,West Africa to US Gulf,VLCC,9.591,USD
2025-10-17,TD20,West Africa to US Gulf,VLCC,9.587,USD
2025-10-18,TD20,West Africa to US Gulf,VLCC,9.502,USD
2025-10-19,TD20,West Africa to US Gulf,VLCC,9.805,USD
2025-10-20,TD20,West Africa to US Gulf,VLCC,9.683,USD
2025-10-21,TD20,West Africa to US Gulf,VLCC,9.712,USD
2025-10-22,TD20,West Africa to US Gulf,VLCC,9.844,USD
2025-10-23,TD20,West Africa to US Gulf,VLCC,9.593,USD
2025-10-24,TD20,West Africa to US Gulf,VLCC,9.698,USD
2025-10-25,TD20,West Africa to US Gulf,VLCC,9.546,USD
2025-10-26,TD20,West Africa to US Gulf,VLCC,9.71,USD
2025-10-27,TD20,West Africa to US Gulf,VLCC,9.573,USD
2025-10-28,TD20,West Africa to US Gulf,VLCC,9.716,USD
2025-10-29,TD20,West Africa to US Gulf,VLCC,9.926,USD
2025-10-30,TD20,West Africa to US Gulf,VLCC,10.094,USD
2025-10-31,TD20,West Africa to US Gulf,VLCC,10.158,USD
2025-11-01,TD20,West Africa to US Gulf,VLCC,10.142,USD
2025-11-02,TD20,West Africa to US Gulf,VLCC,10.068,USD
2025-11-03,TD20,West Africa to US Gulf,VLCC,10.337,USD
2025-11-04,TD20,West Africa to US Gulf,VLCC,10.241,USD
2025-11-05,TD20,West Africa to US Gulf,VLCC,10.09,USD
2025-11-06,TD20,West Africa to US Gulf,VLCC,10.225,USD
2025-11-07,TD20,West Africa to US Gulf,VLCC,10.115,USD
2025-11-08,TD20,West Africa to US Gulf,VLCC,9.981,USD
2025-11-09,TD20,West Africa to US Gulf,VLCC,9.765,USD
2025-11-10,TD20,West Africa to US Gulf,VLCC,9.713,USD
2025-11-11,TD20,West Africa to US Gulf,VLCC,9.729,USD
2025-11-12,TD20,West Africa to US Gulf,VLCC,9.799,USD
2025-11-13,TD20,West Africa to US Gulf,VLCC,9.987,USD
2025-11-14,TD20,West Africa to US Gulf,VLCC,10.102,USD
2025-11-15,TD20,West Africa to US Gulf,VLCC,10.097,USD
2025-11-16,TD20,West Africa to US Gulf,VLCC,10.09,USD
2025-11-17,TD20,West Africa to US Gulf,VLCC,10.203,USD
2025-11-18,TD20,West Africa to US Gulf,VLCC,10.442,USD
2025-11-19,TD20,West Africa to US Gulf,VLCC,10.487,USD
2025-11-20,TD20,West Africa to US Gulf,VLCC,10.432,USD
2025-11-21,TD20,West Africa to US Gulf,VLCC,10.29,USD
2025-11-22,TD20,West Africa to US Gulf,VLCC,10.074,USD
2025-11-23,TD20,West Africa to US Gulf,VLCC,10.214,USD
2025-11-24,TD20,West Africa to US Gulf,VLCC,10.338,USD
2025-11-25,TD20,West Africa to US Gulf,VLCC,10.461,USD
2025-11-26,TD20,West Africa to US Gulf,VLCC,10.464,USD
2025-11-27,TD20,West Africa to US Gulf,VLCC,10.725,USD
2025-11-28,TD20,West Africa to US Gulf,VLCC,10.667,USD
2025-11-29,TD20,West Africa to US Gulf,VLCC,10.85,USD
2025-11-30,TD20,West Africa to US Gulf,VLCC,10.865,USD
2025-12-01,TD20,West Africa to US Gulf,VLCC,10.785,USD
2025-12-02,TD20,West Africa to US Gulf,VLCC,10.907,USD
2025-12-03,TD20,West Africa to US Gulf,VLCC,10.997,USD
2025-12-04,TD20,West Africa to US Gulf,VLCC,11.078,USD
2025-12-05,TD20,West Africa to US Gulf,VLCC,11.111,USD
2025-12-06,TD20,West Africa to US Gulf,VLCC,11.125,USD
2025-12-07,TD20,West Africa to US Gulf,VLCC,11.544,USD
2025-12-08,TD20,West Africa to US Gulf,VLCC,11.758,USD
2025-12-09,TD20,West Africa to US Gulf,VLCC,11.893,USD
2025-12-10,TD20,West Africa to US Gulf,VLCC,11.924,USD
2025-12-11,TD20,West Africa to US Gulf,VLCC,12.104,USD
2025-12-12,TD20,West Africa to US Gulf,VLCC,12.201,USD
2025-12-13,TD20,West Africa to US Gulf,VLCC,12.215,USD
2025-12-14,TD20,West Africa to US Gulf,VLCC,12.174,USD
2025-12-15,TD20,West Africa to US Gulf,VLCC,12.17,USD
2025-12-16,TD20,West Africa to US Gulf,VLCC,11.649,USD
2025-12-17,TD20,West Africa to US Gulf,VLCC,11.699,USD
2025-12-18,TD20,West Africa to US Gulf,VLCC,11.632,USD
2025-12-19,TD20,West Africa to US Gulf,VLCC,11.914,USD
2025-12-20,TD20,West Africa to US Gulf,VLCC,11.929,USD
2025-12-21,TD20,West Africa to US Gulf,VLCC,11.743,USD
2025-12-22,TD20,West Africa to US Gulf,VLCC,11.748,USD
2025-12-23,TD20,West Africa to US Gulf,VLCC,11.587,USD
2025-12-24,TD20,West Africa to US Gulf,VLCC,11.682,USD
2025-12-25,TD20,West Africa to US Gulf,VLCC,11.745,USD
2025-12-26,TD20,West Africa to US Gulf,VLCC,11.92,USD
2025-12-27,TD20,West Africa to US Gulf,VLCC,11.799,USD
2025-12-28,TD20,West Africa to US Gulf,VLCC,11.818,USD
2025-12-29,TD20,West Africa to US Gulf,VLCC,11.603,USD
2025-12-30,TD20,West Africa to US Gulf,VLCC,11.735,USD
2025-12-31,TD20,West Africa to US Gulf,VLCC,11.836,USD
2026-01-01,TD20,West Africa to US Gulf,VLCC,11.931,USD
2026-01-02,TD20,West Africa to US Gulf,VLCC,11.943,USD
2026-01-03,TD20,West Africa to US Gulf,VLCC,12.023,USD
2026-01-04,TD20,West Africa to US Gulf,VLCC,12.302,USD
2026-01-05,TD20,West Africa to US Gulf,VLCC,12.262,USD
2026-01-06,TD20,West Africa to US Gulf,VLCC,12.293,USD
2026-01-07,TD20,West Africa to US Gulf,VLCC,12.118,USD
2026-01-08,TD20,West Africa to US Gulf,VLCC,11.982,USD
2026-01-09,TD20,West Africa to US Gulf,VLCC,12.008,USD
2026-01-10,TD20,West Africa to US Gulf,VLCC,12.202,USD
2026-01-11,TD20,West Africa to US Gulf,VLCC,12.167,USD
2026-01-12,TD20,West Africa to US Gulf,VLCC,12.135,USD
2026-01-13,TD20,West Africa to US Gulf,VLCC,12.075,USD
2026-01-14,TD20,West Africa to US Gulf,VLCC,11.994,USD
2026-01-15,TD20,West Africa to US Gulf,VLCC,12.052,USD
2026-01-16,TD20,West Africa to US Gulf,VLCC,11.809,USD
2026-01-17,TD20,West Africa to US Gulf,VLCC,12.034,USD
2026-01-18,TD20,West Africa to US Gulf,VLCC,11.93,USD
2026-01-19,TD20,West Africa to US Gulf,VLCC,12.06,USD
2026-01-20,TD20,West Africa to US Gulf,VLCC,11.854,USD
2026-01-21,TD20,West Africa to US Gulf,VLCC,11.975,USD
2026-01-22,TD20,West Africa to US Gulf,VLCC,12.095,USD
2026-01-23,TD20,West Africa to US Gulf,VLCC,12.165,USD
2026-01-24,TD20,West Africa to US Gulf,VLCC,12.004,USD
2026-01-25,TD20,West Africa to US Gulf,VLCC,12.052,USD
2026-01-26,TD20,West Africa to US Gulf,VLCC,11.86,USD
2026-01-27,TD20,West Africa to US Gulf,VLCC,11.825,USD
2026-01-28,TD20,West Africa to US Gulf,VLCC,12.005,USD
2026-01-29,TD20,West Africa to US Gulf,VLCC,12.143,USD
2026-01-30,TD20,West Africa to US Gulf,VLCC,12.15,USD
2026-01-31,TD20,West Africa to US Gulf,VLCC,11.99,USD
2026-02-01,TD20,West Africa to US Gulf,VLCC,12.102,USD
2026-02-02,TD20,West Africa to US Gulf,VLCC,12.109,USD
2026-02-03,TD20,West Africa to US Gulf,VLCC,11.723,USD
2026-02-04,TD20,West Africa to US Gulf,VLCC,11.861,USD
2026-02-05,TD20,West Africa to US Gulf,VLCC,11.861,USD
2026-02-06,TD20,West Africa to US Gulf,VLCC,12.067,USD
2026-02-07,TD20,West Africa to US Gulf,VLCC,11.885,USD
2026-02-08,TD20,West Africa to US Gulf,VLCC,11.357,USD
2026-02-09,TD20,West Africa to US Gulf,VLCC,11.412,USD
2026-02-10,TD20,West Africa to US Gulf,VLCC,11.469,USD
2026-02-11,TD20,West Africa to US Gulf,VLCC,11.192,USD
2026-02-12,TD20,West Africa to US Gulf,VLCC,11.037,USD
2026-02-13,TD20,West Africa to US Gulf,VLCC,11.509,USD
2026-02-14,TD20,West Africa to US Gulf,VLCC,11.463,USD
2026-02-15,TD20,West Africa to US Gulf,VLCC,11.59,USD
2026-02-16,TD20,West Africa to US Gulf,VLCC,11.485,USD
2026-02-17,TD20,West Africa to US Gulf,VLCC,11.139,USD
2026-02-18,TD20,West Africa to US Gulf,VLCC,11.118,USD
2026-02-19,TD20,West Africa to US Gulf,VLCC,11.081,USD
2026-02-20,TD20,West Africa to US Gulf,VLCC,11.021,USD
2026-02-21,TD20,West Africa to US Gulf,VLCC,11.009,USD
2026-02-22,TD20,West Africa to US Gulf,VLCC,11.06,USD
2026-02-23,TD20,West Africa to US Gulf,VLCC,11.041,USD
2026-02-24,TD20,West Africa to US Gulf,VLCC,10.836,USD
2026-02-25,TD20,West Africa to US Gulf,VLCC,10.924,USD
2026-02-26,TD20,West Africa to US Gulf,VLCC,10.605,USD
2026-02-27,TD20,West Africa to US Gulf,VLCC,10.271,USD
2026-02-28,TD20,West Africa to US Gulf,VLCC,10.406,USD
2026-03-01,TD20,West Africa to US Gulf,VLCC,10.501,USD
2026-03-02,TD20,West Africa to US Gulf,VLCC,10.501,USD
2026-03-03,TD20,West Africa to US Gulf,VLCC,10.276,USD
2026-03-04,TD20,West Africa to US Gulf,VLCC,10.167,USD
2026-03-05,TD20,West Africa to US Gulf,VLCC,10.134,USD
2026-03-06,TD20,West Africa to US Gulf,VLCC,9.878,USD
2026-03-07,TD20,West Africa to US Gulf,VLCC,9.768,USD
2026-03-08,TD20,West Africa to US Gulf,VLCC,9.89,USD
2026-03-09,TD20,West Africa to US Gulf,VLCC,10.141,USD
2026-03-10,TD20,West Africa to US Gulf,VLCC,10.08,USD
2026-03-11,TD20,West Africa to US Gulf,VLCC,10.216,USD
2026-03-12,TD20,West Africa to US Gulf,VLCC,9.903,USD
2026-03-13,TD20,West Africa to US Gulf,VLCC,10.024,USD
2026-03-14,TD20,West Africa to US Gulf,VLCC,9.898,USD
2026-03-15,TD20,West Africa to US Gulf,VLCC,9.959,USD
2026-03-16,TD20,West Africa to US Gulf,VLCC,9.925,USD
2026-03-17,TD20,West Africa to US Gulf,VLCC,10.155,USD
2026-03-18,TD20,West Africa to US Gulf,VLCC,10.014,USD
2026-03-19,TD20,West Africa to US Gulf,VLCC,10.125,USD
2026-03-20,TD20,West Africa to US Gulf,VLCC,10.083,USD
2026-03-21,TD20,West Africa to US Gulf,VLCC,10.062,USD
2026-03-22,TD20,West Africa to US Gulf,VLCC,10.036,USD
2026-03-23,TD20,West Africa to US Gulf,VLCC,9.899,USD
2026-03-24,TD20,West Africa to US Gulf,VLCC,9.902,USD
2026-03-25,TD20,West Africa to US Gulf,VLCC,9.896,USD
2026-03-26,TD20,West Africa to US Gulf,VLCC,9.941,USD
2026-03-27,TD20,West Africa to US Gulf,VLCC,9.959,USD
2026-03-28,TD20,West Africa to US Gulf,VLCC,10.096,USD
2026-03-29,TD20,West Africa to US Gulf,VLCC,10.252,USD
2026-03-30,TD20,West Africa to US Gulf,VLCC,10.075,USD
2026-03-31,TD20,West Africa to US Gulf,VLCC,10.221,USD
2026-04-01,TD20,West Africa to US Gulf,VLCC,10.021,USD
2026-04-02,TD20,West Africa to US Gulf,VLCC,10.12,USD
2026-04-03,TD20,West Africa to US Gulf,VLCC,10.223,USD
2026-04-04,TD20,West Africa to US Gulf,VLCC,9.901,USD
2026-04-05,TD20,West Africa to US Gulf,VLCC,9.916,USD
2026-04-06,TD20,West Africa to US Gulf,VLCC,9.838,USD
2026-04-07,TD20,West Africa to US Gulf,VLCC,9.711,USD
2026-04-08,TD20,West Africa to US Gulf,VLCC,9.938,USD
2026-04-09,TD20,West Africa to US Gulf,VLCC,9.827,USD
2026-04-10,TD20,West Africa to US Gulf,VLCC,9.691,USD
2026-04-11,TD20,West Africa to US Gulf,VLCC,9.703,USD
2026-04-12,TD20,West Africa to US Gulf,VLCC,9.817,USD
2026-04-13,TD20,West Africa to US Gulf,VLCC,9.792,USD
2026-04-14,TD20,West Africa to US Gulf,VLCC,9.984,USD
2026-04-15,TD20,West Africa to US Gulf,VLCC,10.069,USD
2026-04-16,TD20,West Africa to US Gulf,VLCC,9.698,USD
2026-04-17,TD20,West Africa to US Gulf,VLCC,9.607,USD
2026-04-18,TD20,West Africa to US Gulf,VLCC,9.511,USD
2026-04-19,TD20,West Africa to US Gulf,VLCC,9.59,USD
2026-04-20,TD20,West Africa to US Gulf,VLCC,9.148,USD
2026-04-21,TD20,West Africa to US Gulf,VLCC,9.576,USD
2026-04-22,TD20,West Africa to US Gulf,VLCC,9.662,USD
2026-04-23,TD20,West Africa to US Gulf,VLCC,9.682,USD
2026-04-24,TD20,West Africa to US Gulf,VLCC,9.875,USD
2026-04-25,TD20,West Africa to US Gulf,VLCC,10.26,USD
2026-04-26,TD20,West Africa to US Gulf,VLCC,10.394,USD
2026-04-27,TD20,West Africa to US Gulf,VLCC,10.54,USD
2026-04-28,TD20,West Africa to US Gulf,VLCC,10.547,USD
2026-04-29,TD20,West Africa to US Gulf,VLCC,10.508,USD
2026-04-30,TD20,West Africa to US Gulf,VLCC,10.413,USD
2026-05-01,TD20,West Africa to US Gulf,VLCC,10.26,USD
2026-05-02,TD20,West Africa to US Gulf,VLCC,10.132,USD
2026-05-03,TD20,West Africa to US Gulf,VLCC,9.893,USD
2026-05-04,TD20,West Africa to US Gulf,VLCC,9.87,USD
2026-05-05,TD20,West Africa to US Gulf,VLCC,9.578,USD
2026-05-06,TD20,West Africa to US Gulf,VLCC,9.602,USD
2026-05-07,TD20,West Africa to US Gulf,VLCC,9.587,USD
2026-05-08,TD20,West Africa to US Gulf,VLCC,9.603,USD
2026-05-09,TD20,West Africa to US Gulf,VLCC,9.507,USD
2026-05-10,TD20,West Africa to US Gulf,VLCC,10.013,USD
2026-05-11,TD20,West Africa to US Gulf,VLCC,10.227,USD
2026-05-12,TD20,West Africa to US Gulf,VLCC,10.003,USD
2026-05-13,TD20,West Africa to US Gulf,VLCC,10.028,USD
2026-05-14,TD20,West Africa to US Gulf,VLCC,9.912,USD
2026-05-15,TD20,West Africa to US Gulf,VLCC,9.728,USD
2026-05-16,TD20,West Africa to US Gulf,VLCC,9.492,USD
2026-05-17,TD20,West Africa to US Gulf,VLCC,9.554,USD
2026-05-18,TD20,West Africa to US Gulf,VLCC,9.429,USD
2026-05-19,TD20,West Africa to US Gulf,VLCC,9.581,USD
2026-05-20,TD20,West Africa to US Gulf,VLCC,9.736,USD
2026-05-21,TD20,West Africa to US Gulf,VLCC,9.953,USD
2026-05-22,TD20,West Africa to US Gulf,VLCC,9.794,USD
2026-05-23,TD20,West Africa to US Gulf,VLCC,9.86,USD
2026-05-24,TD20,West Africa to US Gulf,VLCC,9.95,USD
2026-05-25,TD20,West Africa to US Gulf,VLCC,9.855,USD
2026-05-26,TD20,West Africa to US Gulf,VLCC,9.71,USD
2026-05-27,TD20,West Africa to US Gulf,VLCC,9.965,USD
2026-05-28,TD20,West Africa to US Gulf,VLCC,9.987,USD
2026-05-29,TD20,West Africa to US Gulf,VLCC,10.076,USD
2026-05-30,TD20,West Africa to US Gulf,VLCC,9.92,USD
2026-05-31,TD20,West Africa to US Gulf,VLCC,9.699,USD
2026-06-01,TD20,West Africa to US Gulf,VLCC,9.589,USD
2026-06-02,TD20,West Africa to US Gulf,VLCC,9.554,USD
2026-06-03,TD20,West Africa to US Gulf,VLCC,9.363,USD
2026-06-04,TD20,West Africa to US Gulf,VLCC,9.349,USD
2026-06-05,TD20,West Africa to US Gulf,VLCC,9.055,USD
2026-06-06,TD20,West Africa to US Gulf,VLCC,8.858,USD
2026-06-07,TD20,West Africa to US Gulf,VLCC,8.964,USD
2026-06-08,TD20,West Africa to US Gulf,VLCC,9.056,USD
2026-06-09,TD20,West Africa to US Gulf,VLCC,8.982,USD
2026-06-10,TD20,West Africa to US Gulf,VLCC,8.803,USD
2026-06-11,TD20,West Africa to US Gulf,VLCC,8.624,USD
2026-06-12,TD20,West Africa to US Gulf,VLCC,8.557,USD
2026-06-13,TD20,West Africa to US Gulf,VLCC,8.66,USD
2026-06-14,TD20,West Africa to US Gulf,VLCC,8.81,USD
2026-06-15,TD20,West Africa to US Gulf,VLCC,8.72,USD
2026-06-16,TD20,West Africa to US Gulf,VLCC,8.52,USD
2026-06-17,TD20,West Africa to US Gulf,VLCC,8.561,USD
2026-06-18,TD20,West Africa to US Gulf,VLCC,8.418,USD
2026-06-19,TD20,West Africa to US Gulf,VLCC,8.329,USD
2026-06-20,TD20,West Africa to US Gulf,VLCC,8.548,USD
2026-06-21,TD20,West Africa to US Gulf,VLCC,8.682,USD
2026-06-22,TD20,West Africa to US Gulf,VLCC,8.702,USD
2026-06-23,TD20,West Africa to US Gulf,VLCC,8.484,USD
2026-06-24,TD20,West Africa to US Gulf,VLCC,8.515,USD
2026-06-25,TD20,West Africa to US Gulf,VLCC,8.689,USD
2026-06-26,TD20,West Africa to US Gulf,VLCC,8.62,USD
2026-06-27,TD20,West Africa to US Gulf,VLCC,8.841,USD
2026-06-28,TD20,West Africa to US Gulf,VLCC,9.051,USD
2026-06-29,TD20,West Africa to US Gulf,VLCC,9.32,USD
2026-06-30,TD20,West Africa to US Gulf,VLCC,9.359,USD
2026-07-01,TD20,West Africa to US Gulf,VLCC,9.445,USD
2026-07-02,TD20,West Africa to US Gulf,VLCC,9.669,USD
2026-07-03,TD20,West Africa to US Gulf,VLCC,9.729,USD
2026-07-04,TD20,West Africa to US Gulf,VLCC,9.63,USD
2026-07-05,TD20,West Africa to US Gulf,VLCC,9.54,USD
2026-07-06,TD20,West Africa to US Gulf,VLCC,9.567,USD
2026-07-07,TD20,West Africa to US Gulf,VLCC,9.337,USD
2026-07-08,TD20,West Africa to US Gulf,VLCC,9.302,USD
2026-07-09,TD20,West Africa to US Gulf,VLCC,9.475,USD
2026-07-10,TD20,West Africa to US Gulf,VLCC,9.096,USD
2026-07-11,TD20,West Africa to US Gulf,VLCC,9.345,USD
2026-07-12,TD20,West Africa to US Gulf,VLCC,9.522,USD
2026-07-13,TD20,West Africa to US Gulf,VLCC,9.433,USD
2026-07-14,TD20,West Africa to US Gulf,VLCC,9.513,USD
2026-07-15,TD20,West Africa to US Gulf,VLCC,9.502,USD
2026-07-16,TD20,West Africa to US Gulf,VLCC,9.696,USD
2026-07-17,TD20,West Africa to US Gulf,VLCC,9.847,USD
2026-07-18,TD20,West Africa to US Gulf,VLCC,9.599,USD
2026-07-19,TD20,West Africa to US Gulf,VLCC,9.685,USD
2026-07-20,TD20,West Africa to US Gulf,VLCC,9.638,USD
2026-07-21,TD20,West Africa to US Gulf,VLCC,9.641,USD
2026-07-22,TD20,West Africa to US Gulf,VLCC,9.507,USD
2026-07-23,TD20,West Africa to US Gulf,VLCC,9.79,USD
2026-07-24,TD20,West Africa to US Gulf,VLCC,9.951,USD
2026-07-25,TD20,West Africa to US Gulf,VLCC,9.814,USD
2026-07-26,TD20,West Africa to US Gulf,VLCC,9.578,USD
2026-07-27,TD20,West Africa to US Gulf,VLCC,9.504,USD
2026-07-28,TD20,West Africa to US Gulf,VLCC,9.568,USD
2026-07-29,TD20,West Africa to US Gulf,VLCC,9.599,USD
2026-07-30,TD20,West Africa to US Gulf,VLCC,9.8,USD
2026-07-31,TD20,West Africa to US Gulf,VLCC,9.921,USD
2026-08-01,TD20,West Africa to US Gulf,VLCC,10.072,USD
2026-08-02,TD20,West Africa to US Gulf,VLCC,10.114,USD
2026-08-03,TD20,West Africa to US Gulf,VLCC,9.868,USD
2026-08-04,TD20,West Africa to US Gulf,VLCC,9.825,USD
2026-08-05,TD20,West Africa to US Gulf,VLCC,9.993,USD
2026-08-06,TD20,West Africa to US Gulf,VLCC,9.974,USD
2026-08-07,TD20,West Africa to US Gulf,VLCC,10.048,USD
2026-08-08,TD20,West Africa to US Gulf,VLCC,9.984,USD
2026-08-09,TD20,West Africa to US Gulf,VLCC,9.802,USD
2026-08-10,TD20,West Africa to US Gulf,VLCC,9.773,USD
2026-08-11,TD20,West Africa to US Gulf,VLCC,9.818,USD
2026-08-12,TD20,West Africa to US Gulf,VLCC,9.701,USD
2026-08-13,TD20,West Africa to US Gulf,VLCC,9.656,USD
2026-08-14,TD20,West Africa to US Gulf,VLCC,9.494,USD
2026-08-15,TD20,West Africa to US Gulf,VLCC,9.679,USD
2026-08-16,TD20,West Africa to US Gulf,VLCC,9.625,USD
2026-08-17,TD20,West Africa to US Gulf,VLCC,9.865,USD
2026-08-18,TD20,West Africa to US Gulf,VLCC,10.115,USD
2026-08-19,TD20,West Africa to US Gulf,VLCC,10.094,USD
2026-08-20,TD20,West Africa to US Gulf,VLCC,9.919,USD
2026-08-21,TD20,West Africa to US Gulf,VLCC,9.565,USD
2026-08-22,TD20,West Africa to US Gulf,VLCC,9.318,USD
2026-08-23,TD20,West Africa to US Gulf,VLCC,9.09,USD
2026-08-24,TD20,West Africa to US Gulf,VLCC,9.325,USD
2026-08-25,TD20,West Africa to US Gulf,VLCC,9.347,USD
2026-08-26,TD20,West Africa to US Gulf,VLCC,9.415,USD
2026-08-27,TD20,West Africa to US Gulf,VLCC,9.046,USD
2026-08-28,TD20,West Africa to US Gulf,VLCC,8.853,USD
2026-08-29,TD20,West Africa to US Gulf,VLCC,9.01,USD
2026-08-30,TD20,West Africa to US Gulf,VLCC,9.066,USD
2026-08-31,TD20,West Africa to US Gulf,VLCC,9.049,USD
2026-09-01,TD20,West Africa to US Gulf,VLCC,9.152,USD
2026-09-02,TD20,West Africa to US Gulf,VLCC,9.433,USD
2026-09-03,TD20,West Africa to US Gulf,VLCC,9.402,USD
2026-09-04,TD20,West Africa to US Gulf,VLCC,9.419,USD
2026-09-05,TD20,West Africa to US Gulf,VLCC,9.458,USD
2026-09-06,TD20,West Africa to US Gulf,VLCC,9.865,USD
2026-09-07,TD20,West Africa to US Gulf,VLCC,9.516,USD
2026-09-08,TD20,West Africa to US Gulf,VLCC,9.637,USD
2026-09-09,TD20,West Africa to US Gulf,VLCC,9.624,USD
2026-09-10,TD20,West Africa to US Gulf,VLCC,9.725,USD
2026-09-11,TD20,West Africa to US Gulf,VLCC,9.621,USD
2026-09-12,TD20,West Africa to US Gulf,VLCC,9.62,USD
2026-09-13,TD20,West Africa to US Gulf,VLCC,9.747,USD
2026-09-14,TD20,West Africa to US Gulf,VLCC,10.274,USD
2026-09-15,TD20,West Africa to US Gulf,VLCC,10.412,USD
2026-09-16,TD20,West Africa to US Gulf,VLCC,10.271,USD
2026-09-17,TD20,West Africa to US Gulf,VLCC,10.203,USD
2026-09-18,TD20,West Africa to US Gulf,VLCC,10.131,USD
2026-09-19,TD20,West Africa to US Gulf,VLCC,9.836,USD
2026-09-20,TD20,West Africa to US Gulf,VLCC,9.789,USD
2026-09-21,TD20,West Africa to US Gulf,VLCC,9.921,USD
2026-09-22,TD20,West Africa to US Gulf,VLCC,9.717,USD
2026-09-23,TD20,West Africa to US Gulf,VLCC,9.903,USD
2026-09-24,TD20,West Africa to US Gulf,VLCC,9.995,USD
2026-09-25,TD20,West Africa to US Gulf,VLCC,9.881,USD
2026-09-26,TD20,West Africa to US Gulf,VLCC,9.868,USD
2026-09-27,TD20,West Africa to US Gulf,VLCC,10.147,USD
2026-09-28,TD20,West Africa to US Gulf,VLCC,10.279,USD
2026-09-29,TD20,West Africa to US Gulf,VLCC,10.288,USD
2026-09-30,TD20,West Africa to US Gulf,VLCC,10.257,USD
2026-10-01,TD20,West Africa to US Gulf,VLCC,10.279,USD
2026-10-02,TD20,West Africa to US Gulf,VLCC,10.202,USD
2026-10-03,TD20,West Africa to US Gulf,VLCC,9.861,USD
2026-10-04,TD20,West Africa to US Gulf,VLCC,10.217,USD
2026-10-05,TD20,West Africa to US Gulf,VLCC,10.254,USD
2026-10-06,TD20,West Africa to US Gulf,VLCC,10.332,USD
2026-10-07,TD20,West Africa to US Gulf,VLCC,10.333,USD
2026-10-08,TD20,West Africa to US Gulf,VLCC,10.222,USD
2026-10-09,TD20,West Africa to US Gulf,VLCC,10.203,USD
2026-10-10,TD20,West Africa to US Gulf,VLCC,9.949,USD
2026-10-11,TD20,West Africa to US Gulf,VLCC,10.347,USD
2026-10-12,TD20,West Africa to US Gulf,VLCC,10.153,USD
2026-10-13,TD20,West Africa to US Gulf,VLCC,9.995,USD
2026-10-14,TD20,West Africa to US Gulf,VLCC,9.939,USD
2026-10-15,TD20,West Africa to US Gulf,VLCC,10.172,USD
2026-10-16,TD20,West Africa to US Gulf,VLCC,10.191,USD
2026-10-17,TD20,West Africa to US Gulf,VLCC,10.0,USD
2026-10-18,TD20,West Africa to US Gulf,VLCC,10.229,USD
2026-10-19,TD20,West Africa to US Gulf,VLCC,10.368,USD
2026-10-20,TD20,West Africa to US Gulf,VLCC,10.474,USD
2026-10-21,TD20,West Africa to US Gulf,VLCC,10.608,USD
2026-10-22,TD20,West Africa to US Gulf,VLCC,11.023,USD
2026-10-23,TD20,West Africa to US Gulf,VLCC,11.399,USD
2026-10-24,TD20,West Africa to US Gulf,VLCC,11.291,USD
2026-10-25,TD20,West Africa to US Gulf,VLCC,11.571,USD
2026-10-26,TD20,West Africa to US Gulf,VLCC,11.641,USD
2026-10-27,TD20,West Africa to US Gulf,VLCC,11.73,USD
2026-10-28,TD20,West Africa to US Gulf,VLCC,11.452,USD
2026-10-29,TD20,West Africa to US Gulf,VLCC,11.431,USD
2026-10-30,TD20,West Africa to US Gulf,VLCC,11.304,USD
2026-10-31,TD20,West Africa to US Gulf,VLCC,11.452,USD
2026-11-01,TD20,West Africa to US Gulf,VLCC,11.641,USD
2026-11-02,TD20,West Africa to US Gulf,VLCC,11.301,USD
2026-11-03,TD20,West Africa to US Gulf,VLCC,11.308,USD
2026-11-04,TD20,West Africa to US Gulf,VLCC,11.507,USD
2026-11-05,TD20,West Africa to US Gulf,VLCC,11.486,USD
2026-11-06,TD20,West Africa to US Gulf,VLCC,11.618,USD
2026-11-07,TD20,West Africa to US Gulf,VLCC,11.686,USD
2026-11-08,TD20,West Africa to US Gulf,VLCC,11.752,USD
2026-11-09,TD20,West Africa to US Gulf,VLCC,11.715,USD
2026-11-10,TD20,West Africa to US Gulf,VLCC,11.52,USD
2026-11-11,TD20,West Africa to US Gulf,VLCC,11.344,USD
2026-11-12,TD20,West Africa to US Gulf,VLCC,11.476,USD
2026-11-13,TD20,West Africa to US Gulf,VLCC,11.491,USD
2026-11-14,TD20,West Africa to US Gulf,VLCC,11.48,USD
2026-11-15,TD20,West Africa to US Gulf,VLCC,11.422,USD
2026-11-16,TD20,West Africa to US Gulf,VLCC,11.384,USD
2026-11-17,TD20,West Africa to US Gulf,VLCC,11.574,USD
2026-11-18,TD20,West Africa to US Gulf,VLCC,11.53,USD
2026-11-19,TD20,West Africa to US Gulf,VLCC,11.319,USD
2026-11-20,TD20,West Africa to US Gulf,VLCC,11.458,USD
2026-11-21,TD20,West Africa to US Gulf,VLCC,11.438,USD
2026-11-22,TD20,West Africa to US Gulf,VLCC,11.458,USD
2026-11-23,TD20,West Africa to US Gulf,VLCC,11.742,USD
2026-11-24,TD20,West Africa to US Gulf,VLCC,11.75,USD
2026-11-25,TD20,West Africa to US Gulf,VLCC,11.81,USD
2026-11-26,TD20,West Africa to US Gulf,VLCC,11.625,USD
2026-11-27,TD20,West Africa to US Gulf,VLCC,11.601,USD
2026-11-28,TD20,West Africa to US Gulf,VLCC,11.717,USD
2026-11-29,TD20,West Africa to US Gulf,VLCC,11.47,USD
2026-11-30,TD20,West Africa to US Gulf,VLCC,11.519,USD
2026-12-01,TD20,West Africa to US Gulf,VLCC,11.551,USD
2026-12-02,TD20,West Africa to US Gulf,VLCC,11.573,USD
2026-12-03,TD20,West Africa to US Gulf,VLCC,11.762,USD
2026-12-04,TD20,West Africa to US Gulf,VLCC,11.831,USD
2026-12-05,TD20,West Africa to US Gulf,VLCC,12.091,USD
2026-12-06,TD20,West Africa to US Gulf,VLCC,11.934,USD
2026-12-07,TD20,West Africa to US Gulf,VLCC,11.969,USD
2026-12-08,TD20,West Africa to US Gulf,VLCC,11.994,USD
2026-12-09,TD20,West Africa to US Gulf,VLCC,11.827,USD
2026-12-10,TD20,West Africa to US Gulf,VLCC,12.0,USD
2026-12-11,TD20,West Africa to US Gulf,VLCC,12.4,USD
2026-12-12,TD20,West Africa to US Gulf,VLCC,12.405,USD
2026-12-13,TD20,West Africa to US Gulf,VLCC,12.496,USD
2026-12-14,TD20,West Africa to US Gulf,VLCC,12.517,USD
2026-12-15,TD20,West Africa to US Gulf,VLCC,12.404,USD
2026-12-16,TD20,West Africa to US Gulf,VLCC,12.107,USD
2026-12-17,TD20,West Africa to US Gulf,VLCC,11.999,USD
2026-12-18,TD20,West Africa to US Gulf,VLCC,11.778,USD
2026-12-19,TD20,West Africa to US Gulf,VLCC,12.077,USD
2026-12-20,TD20,West Africa to US Gulf,VLCC,12.068,USD
2026-12-21,TD20,West Africa to US Gulf,VLCC,12.021,USD
2026-12-22,TD20,West Africa to US Gulf,VLCC,12.181,USD
2026-12-23,TD20,West Africa to US Gulf,VLCC,12.003,USD
2026-12-24,TD20,West Africa to US Gulf,VLCC,11.886,USD
2026-12-25,TD20,West Africa to US Gulf,VLCC,11.91,USD
2026-12-26,TD20,West Africa to US Gulf,VLCC,12.095,USD
2026-12-27,TD20,West Africa to US Gulf,VLCC,12.189,USD
2026-12-28,TD20,West Africa to US Gulf,VLCC,12.24,USD
2026-12-29,TD20,West Africa to US Gulf,VLCC,12.262,USD
2026-12-30,TD20,West Africa to US Gulf,VLCC,12.337,USD
2026-12-31,TD20,West Africa to US Gulf,VLCC,12.378,USD
2020-01-04,TD3C,Middle East Gulf to China,VLCC,9.221,USD
2020-01-05,TD3C,Middle East Gulf to China,VLCC,9.3,USD
2020-01-06,TD3C,Middle East Gulf to China,VLCC,9.293,USD
2020-01-07,TD3C,Middle East Gulf to China,VLCC,9.391,USD
2020-01-08,TD3C,Middle East Gulf to China,VLCC,9.605,USD
2020-01-09,TD3C,Middle East Gulf to China,VLCC,9.582,USD
2020-01-10,TD3C,Middle East Gulf to China,VLCC,9.559,USD
2020-01-11,TD3C,Middle East Gulf to China,VLCC,9.778,USD
2020-01-12,TD3C,Middle East Gulf to China,VLCC,9.887,USD
2020-01-13,TD3C,Middle East Gulf to China,VLCC,9.829,USD
2020-01-14,TD3C,Middle East Gulf to China,VLCC,9.907,USD
2020-01-15,TD3C,Middle East Gulf to China,VLCC,9.849,USD
2020-01-16,TD3C,Middle East Gulf to China,VLCC,9.791,USD
2020-01-17,TD3C,Middle East Gulf to China,VLCC,9.829,USD
2020-01-18,TD3C,Middle East Gulf to China,VLCC,9.577,USD
2020-01-19,TD3C,Middle East Gulf to China,VLCC,9.353,USD
2020-01-20,TD3C,Middle East Gulf to China,VLCC,9.287,USD
2020-01-21,TD3C,Middle East Gulf to China,VLCC,9.161,USD
2020-01-22,TD3C,Middle East Gulf to China,VLCC,9.214,USD
2020-01-23,TD3C,Middle East Gulf to China,VLCC,9.102,USD
2020-01-24,TD3C,Middle East Gulf to China,VLCC,8.924,USD
2020-01-25,TD3C,Middle East Gulf to China,VLCC,9.132,USD
2020-01-26,TD3C,Middle East Gulf to China,VLCC,9.112,USD
2020-01-27,TD3C,Middle East Gulf to China,VLCC,9.131,USD
2020-01-28,TD3C,Middle East Gulf to China,VLCC,8.95,USD
2020-01-29,TD3C,Middle East Gulf to China,VLCC,8.888,USD
2020-01-30,TD3C,Middle East Gulf to China,VLCC,8.915,USD
2020-01-31,TD3C,Middle East Gulf to China,VLCC,8.772,USD
2020-02-01,TD3C,Middle East Gulf to China,VLCC,8.835,USD
2020-02-02,TD3C,Middle East Gulf to China,VLCC,8.766,USD
2020-02-03,TD3C,Middle East Gulf to China,VLCC,8.739,USD
2020-02-04,TD3C,Middle East Gulf to China,VLCC,8.67,USD
2020-02-05,TD3C,Middle East Gulf to China,VLCC,8.93,USD
2020-02-06,TD3C,Middle East Gulf to China,VLCC,8.938,USD
2020-02-07,TD3C,Middle East Gulf to China,VLCC,8.806,USD
2020-02-08,TD3C,Middle East Gulf to China,VLCC,8.926,USD
2020-02-09,TD3C,Middle East Gulf to China,VLCC,8.771,USD
2020-02-10,TD3C,Middle East Gulf to China,VLCC,8.81,USD
2020-02-11,TD3C,Middle East Gulf to China,VLCC,8.557,USD
2020-02-12,TD3C,Middle East Gulf to China,VLCC,8.391,USD
2020-02-13,TD3C,Middle East Gulf to China,VLCC,8.43,USD
2020-02-14,TD3C,Middle East Gulf to China,VLCC,8.541,USD
2020-02-15,TD3C,Middle East Gulf to China,VLCC,8.575,USD
2020-02-16,TD3C,Middle East Gulf to China,VLCC,8.57,USD
2020-02-17,TD3C,Middle East Gulf to China,VLCC,8.54,USD
2020-02-18,TD3C,Middle East Gulf to China,VLCC,8.352,USD
2020-02-19,TD3C,Middle East Gulf to China,VLCC,8.267,USD
2020-02-20,TD3C,Middle East Gulf to China,VLCC,8.218,USD
2020-02-21,TD3C,Middle East Gulf to China,VLCC,8.372,USD
2020-02-22,TD3C,Middle East Gulf to China,VLCC,8.429,USD
2020-02-23,TD3C,Middle East Gulf to China,VLCC,8.202,USD
2020-02-24,TD3C,Middle East Gulf to China,VLCC,8.257,USD
2020-02-25,TD3C,Middle East Gulf to China,VLCC,8.217,USD
2020-02-26,TD3C,Middle East Gulf to China,VLCC,8.137,USD
2020-02-27,TD3C,Middle East Gulf to China,VLCC,8.23,USD
2020-02-28,TD3C,Middle East Gulf to China,VLCC,8.378,USD
2020-02-29,TD3C,Middle East Gulf to China,VLCC,8.511,USD
2020-03-01,TD3C,Middle East Gulf to China,VLCC,8.406,USD
2020-03-02,TD3C,Middle East Gulf to China,VLCC,8.372,USD
2020-03-03,TD3C,Middle East Gulf to China,VLCC,8.423,USD
2020-03-04,TD3C,Middle East Gulf to China,VLCC,8.56,USD
2020-03-05,TD3C,Middle East Gulf to China,VLCC,8.501,USD
2020-03-06,TD3C,Middle East Gulf to China,VLCC,8.481,USD
2020-03-07,TD3C,Middle East Gulf to China,VLCC,8.338,USD
2020-03-08,TD3C,Middle East Gulf to China,VLCC,8.184,USD
2020-03-09,TD3C,Middle East Gulf to China,VLCC,8.3,USD
2020-03-10,TD3C,Middle East Gulf to China,VLCC,8.488,USD
2020-03-11,TD3C,Middle East Gulf to China,VLCC,8.481,USD
2020-03-12,TD3C,Middle East Gulf to China,VLCC,8.619,USD
2020-03-13,TD3C,Middle East Gulf to China,VLCC,8.669,USD
2020-03-14,TD3C,Middle East Gulf to China,VLCC,8.583,USD
2020-03-15,TD3C,Middle East Gulf to China,VLCC,8.633,USD
2020-03-16,TD3C,Middle East Gulf to China,VLCC,8.839,USD
2020-03-17,TD3C,Middle East Gulf to China,VLCC,8.832,USD
2020-03-18,TD3C,Middle East Gulf to China,VLCC,9.039,USD
2020-03-19,TD3C,Middle East Gulf to China,VLCC,8.684,USD
2020-03-20,TD3C,Middle East Gulf to China,VLCC,8.792,USD
2020-03-21,TD3C,Middle East Gulf to China,VLCC,8.801,USD
2020-03-22,TD3C,Middle East Gulf to China,VLCC,8.758,USD
2020-03-23,TD3C,Middle East Gulf to China,VLCC,8.766,USD
2020-03-24,TD3C,Middle East Gulf to China,VLCC,8.497,USD
2020-03-25,TD3C,Middle East Gulf to China,VLCC,8.466,USD
2020-03-26,TD3C,Middle East Gulf to China,VLCC,8.512,USD
2020-03-27,TD3C,Middle East Gulf to China,VLCC,8.708,USD
2020-03-28,TD3C,Middle East Gulf to China,VLCC,8.634,USD
2020-03-29,TD3C,Middle East Gulf to China,VLCC,8.521,USD
2020-03-30,TD3C,Middle East Gulf to China,VLCC,8.451,USD
2020-03-31,TD3C,Middle East Gulf to China,VLCC,8.57,USD
2020-04-01,TD3C,Middle East Gulf to China,VLCC,8.61,USD
2020-04-02,TD3C,Middle East Gulf to China,VLCC,8.534,USD
2020-04-03,TD3C,Middle East Gulf to China,VLCC,8.597,USD
2020-04-04,TD3C,Middle East Gulf to China,VLCC,8.605,USD
2020-04-05,TD3C,Middle East Gulf to China,VLCC,8.728,USD
2020-04-06,TD3C,Middle East Gulf to China,VLCC,8.626,USD
2020-04-07,TD3C,Middle East Gulf to China,VLCC,8.575,USD
2020-04-08,TD3C,Middle East Gulf to China,VLCC,8.516,USD
2020-04-09,TD3C,Middle East Gulf to China,VLCC,8.313,USD
2020-04-10,TD3C,Middle East Gulf to China,VLCC,8.348,USD
2020-04-11,TD3C,Middle East Gulf to China,VLCC,8.377,USD
2020-04-12,TD3C,Middle East Gulf to China,VLCC,8.371,USD
2020-04-13,TD3C,Middle East Gulf to China,VLCC,8.333,USD
2020-04-14,TD3C,Middle East Gulf to China,VLCC,8.137,USD
2020-04-15,TD3C,Middle East Gulf to China,VLCC,8.076,USD
2020-04-16,TD3C,Middle East Gulf to China,VLCC,8.026,USD
2020-04-17,TD3C,Middle East Gulf to China,VLCC,7.914,USD
2020-04-18,TD3C,Middle East Gulf to China,VLCC,7.889,USD
2020-04-19,TD3C,Middle East Gulf to China,VLCC,7.939,USD
2020-04-20,TD3C,Middle East Gulf to China,VLCC,8.187,USD
2020-04-21,TD3C,Middle East Gulf to China,VLCC,8.203,USD
2020-04-22,TD3C,Middle East Gulf to China,VLCC,8.23,USD
2020-04-23,TD3C,Middle East Gulf to China,VLCC,8.212,USD
2020-04-24,TD3C,Middle East Gulf to China,VLCC,7.947,USD
2020-04-25,TD3C,Middle East Gulf to China,VLCC,7.937,USD
2020-04-26,TD3C,Middle East Gulf to China,VLCC,7.939,USD
2020-04-27,TD3C,Middle East Gulf to China,VLCC,8.262,USD
2020-04-28,TD3C,Middle East Gulf to China,VLCC,8.227,USD
2020-04-29,TD3C,Middle East Gulf to China,VLCC,8.257,USD
2020-04-30,TD3C,Middle East Gulf to China,VLCC,8.242,USD
2020-05-01,TD3C,Middle East Gulf to China,VLCC,8.075,USD
2020-05-02,TD3C,Middle East Gulf to China,VLCC,8.219,USD
2020-05-03,TD3C,Middle East Gulf to China,VLCC,8.309,USD
2020-05-04,TD3C,Middle East Gulf to China,VLCC,8.402,USD
2020-05-05,TD3C,Middle East Gulf to China,VLCC,8.267,USD
2020-05-06,TD3C,Middle East Gulf to China,VLCC,8.443,USD
2020-05-07,TD3C,Middle East Gulf to China,VLCC,8.241,USD
2020-05-08,TD3C,Middle East Gulf to China,VLCC,8.308,USD
2020-05-09,TD3C,Middle East Gulf to China,VLCC,8.588,USD
2020-05-10,TD3C,Middle East Gulf to China,VLCC,8.439,USD
2020-05-11,TD3C,Middle East Gulf to China,VLCC,8.348,USD
2020-05-12,TD3C,Middle East Gulf to China,VLCC,8.347,USD
2020-05-13,TD3C,Middle East Gulf to China,VLCC,8.265,USD
2020-05-14,TD3C,Middle East Gulf to China,VLCC,8.044,USD
2020-05-15,TD3C,Middle East Gulf to China,VLCC,8.041,USD
2020-05-16,TD3C,Middle East Gulf to China,VLCC,7.887,USD
2020-05-17,TD3C,Middle East Gulf to China,VLCC,7.939,USD
2020-05-18,TD3C,Middle East Gulf to China,VLCC,7.805,USD
2020-05-19,TD3C,Middle East Gulf to China,VLCC,8.002,USD
2020-05-20,TD3C,Middle East Gulf to China,VLCC,7.885,USD
2020-05-21,TD3C,Middle East Gulf to China,VLCC,7.83,USD
2020-05-22,TD3C,Middle East Gulf to China,VLCC,7.928,USD
2020-05-23,TD3C,Middle East Gulf to China,VLCC,7.751,USD
2020-05-24,TD3C,Middle East Gulf to China,VLCC,7.771,USD
2020-05-25,TD3C,Middle East Gulf to China,VLCC,7.935,USD
2020-05-26,TD3C,Middle East Gulf to China,VLCC,7.707,USD
2020-05-27,TD3C,Middle East Gulf to China,VLCC,7.721,USD
2020-05-28,TD3C,Middle East Gulf to China,VLCC,7.745,USD
2020-05-29,TD3C,Middle East Gulf to China,VLCC,7.839,USD
2020-05-30,TD3C,Middle East Gulf to China,VLCC,7.661,USD
2020-05-31,TD3C,Middle East Gulf to China,VLCC,7.473,USD
2020-06-01,TD3C,Middle East Gulf to China,VLCC,7.534,USD
2020-06-02,TD3C,Middle East Gulf to China,VLCC,7.564,USD
2020-06-03,TD3C,Middle East Gulf to China,VLCC,7.588,USD
2020-06-04,TD3C,Middle East Gulf to China,VLCC,7.624,USD
2020-06-05,TD3C,Middle East Gulf to China,VLCC,7.522,USD
2020-06-06,TD3C,Middle East Gulf to China,VLCC,7.543,USD
2020-06-07,TD3C,Middle East Gulf to China,VLCC,7.572,USD
2020-06-08,TD3C,Middle East Gulf to China,VLCC,7.466,USD
2020-06-09,TD3C,Middle East Gulf to China,VLCC,7.707,USD
2020-06-10,TD3C,Middle East Gulf to China,VLCC,7.758,USD
2020-06-11,TD3C,Middle East Gulf to China,VLCC,7.586,USD
2020-06-12,TD3C,Middle East Gulf to China,VLCC,7.663,USD
2020-06-13,TD3C,Middle East Gulf to China,VLCC,7.521,USD
2020-06-14,TD3C,Middle East Gulf to China,VLCC,7.616,USD
2020-06-15,TD3C,Middle East Gulf to China,VLCC,7.76,USD
2020-06-16,TD3C,Middle East Gulf to China,VLCC,7.637,USD
2020-06-17,TD3C,Middle East Gulf to China,VLCC,7.754,USD
2020-06-18,TD3C,Middle East Gulf to China,VLCC,7.797,USD
2020-06-19,TD3C,Middle East Gulf to China,VLCC,7.894,USD
2020-06-20,TD3C,Middle East Gulf to China,VLCC,8.133,USD
2020-06-21,TD3C,Middle East Gulf to China,VLCC,8.084,USD
2020-06-22,TD3C,Middle East Gulf to China,VLCC,7.967,USD
2020-06-23,TD3C,Middle East Gulf to China,VLCC,7.833,USD
2020-06-24,TD3C,Middle East Gulf to China,VLCC,7.71,USD
2020-06-25,TD3C,Middle East Gulf to China,VLCC,7.688,USD
2020-06-26,TD3C,Middle East Gulf to China,VLCC,7.721,USD
2020-06-27,TD3C,Middle East Gulf to China,VLCC,7.746,USD
2020-06-28,TD3C,Middle East Gulf to China,VLCC,7.844,USD
2020-06-29,TD3C,Middle East Gulf to China,VLCC,7.833,USD
2020-06-30,TD3C,Middle East Gulf to China,VLCC,8.014,USD
2020-07-01,TD3C,Middle East Gulf to China,VLCC,7.964,USD
2020-07-02,TD3C,Middle East Gulf to China,VLCC,8.313,USD
2020-07-03,TD3C,Middle East Gulf to China,VLCC,8.379,USD
2020-07-04,TD3C,Middle East Gulf to China,VLCC,8.246,USD
2020-07-05,TD3C,Middle East Gulf to China,VLCC,8.086,USD
2020-07-06,TD3C,Middle East Gulf to China,VLCC,8.135,USD
2020-07-07,TD3C,Middle East Gulf to China,VLCC,8.089,USD
2020-07-08,TD3C,Middle East Gulf to China,VLCC,8.17,USD
2020-07-09,TD3C,Middle East Gulf to China,VLCC,8.217,USD
2020-07-10,TD3C,Middle East Gulf to China,VLCC,8.191,USD
2020-07-11,TD3C,Middle East Gulf to China,VLCC,8.062,USD
2020-07-12,TD3C,Middle East Gulf to China,VLCC,7.845,USD
2020-07-13,TD3C,Middle East Gulf to China,VLCC,7.773,USD
2020-07-14,TD3C,Middle East Gulf to China,VLCC,7.876,USD
2020-07-15,TD3C,Middle East Gulf to China,VLCC,7.893,USD
2020-07-16,TD3C,Middle East Gulf to China,VLCC,7.714,USD
2020-07-17,TD3C,Middle East Gulf to China,VLCC,7.727,USD
2020-07-18,TD3C,Middle East Gulf to China,VLCC,7.768,USD
2020-07-19,TD3C,Middle East Gulf to China,VLCC,7.639,USD
2020-07-20,TD3C,Middle East Gulf to China,VLCC,7.651,USD
2020-07-21,TD3C,Middle East Gulf to China,VLCC,7.65,USD
2020-07-22,TD3C,Middle East Gulf to China,VLCC,7.488,USD
2020-07-23,TD3C,Middle East Gulf to China,VLCC,7.529,USD
2020-07-24,TD3C,Middle East Gulf to China,VLCC,7.597,USD
2020-07-25,TD3C,Middle East Gulf to China,VLCC,7.734,USD
2020-07-26,TD3C,Middle East Gulf to China,VLCC,7.866,USD
2020-07-27,TD3C,Middle East Gulf to China,VLCC,7.672,USD
2020-07-28,TD3C,Middle East Gulf to China,VLCC,7.539,USD
2020-07-29,TD3C,Middle East Gulf to China,VLCC,7.601,USD
2020-07-30,TD3C,Middle East Gulf to China,VLCC,7.664,USD
2020-07-31,TD3C,Middle East Gulf to China,VLCC,7.725,USD
2020-08-01,TD3C,Middle East Gulf to China,VLCC,8.234,USD
2020-08-02,TD3C,Middle East Gulf to China,VLCC,8.298,USD
2020-08-03,TD3C,Middle East Gulf to China,VLCC,8.437,USD
2020-08-04,TD3C,Middle East Gulf to China,VLCC,8.551,USD
2020-08-05,TD3C,Middle East Gulf to China,VLCC,8.624,USD
2020-08-06,TD3C,Middle East Gulf to China,VLCC,8.566,USD
2020-08-07,TD3C,Middle East Gulf to China,VLCC,8.653,USD
2020-08-08,TD3C,Middle East Gulf to China,VLCC,8.535,USD
2020-08-09,TD3C,Middle East Gulf to China,VLCC,8.49,USD
2020-08-10,TD3C,Middle East Gulf to China,VLCC,8.412,USD
2020-08-11,TD3C,Middle East Gulf to China,VLCC,8.411,USD
2020-08-12,TD3C,Middle East Gulf to China,VLCC,8.709,USD
2020-08-13,TD3C,Middle East Gulf to China,VLCC,8.445,USD
2020-08-14,TD3C,Middle East Gulf to China,VLCC,8.526,USD
2020-08-15,TD3C,Middle East Gulf to China,VLCC,8.298,USD
2020-08-16,TD3C,Middle East Gulf to China,VLCC,8.226,USD
2020-08-17,TD3C,Middle East Gulf to China,VLCC,8.363,USD
2020-08-18,TD3C,Middle East Gulf to China,VLCC,8.362,USD
2020-08-19,TD3C,Middle East Gulf to China,VLCC,8.209,USD
2020-08-20,TD3C,Middle East Gulf to China,VLCC,8.106,USD
2020-08-21,TD3C,Middle East Gulf to China,VLCC,8.191,USD
2020-08-22,TD3C,Middle East Gulf to China,VLCC,8.087,USD
2020-08-23,TD3C,Middle East Gulf to China,VLCC,8.111,USD
2020-08-24,TD3C,Middle East Gulf to China,VLCC,8.112,USD
2020-08-25,TD3C,Middle East Gulf to China,VLCC,8.02,USD
2020-08-26,TD3C,Middle East Gulf to China,VLCC,8.304,USD
2020-08-27,TD3C,Middle East Gulf to China,VLCC,8.383,USD
2020-08-28,TD3C,Middle East Gulf to China,VLCC,8.105,USD
2020-08-29,TD3C,Middle East Gulf to China,VLCC,8.127,USD
2020-08-30,TD3C,Middle East Gulf to China,VLCC,8.035,USD
2020-08-31,TD3C,Middle East Gulf to China,VLCC,8.147,USD
2020-09-01,TD3C,Middle East Gulf to China,VLCC,8.039,USD
2020-09-02,TD3C,Middle East Gulf to China,VLCC,8.022,USD
2020-09-03,TD3C,Middle East Gulf to China,VLCC,8.089,USD
2020-09-04,TD3C,Middle East Gulf to China,VLCC,8.203,USD
2020-09-05,TD3C,Middle East Gulf to China,VLCC,8.041,USD
2020-09-06,TD3C,Middle East Gulf to China,VLCC,7.996,USD
2020-09-07,TD3C,Middle East Gulf to China,VLCC,7.933,USD
2020-09-08,TD3C,Middle East Gulf to China,VLCC,7.847,USD
2020-09-09,TD3C,Middle East Gulf to China,VLCC,8.087,USD
2020-09-10,TD3C,Middle East Gulf to China,VLCC,8.142,USD
2020-09-11,TD3C,Middle East Gulf to China,VLCC,7.974,USD
2020-09-12,TD3C,Middle East Gulf to China,VLCC,8.099,USD
2020-09-13,TD3C,Middle East Gulf to China,VLCC,8.385,USD
2020-09-14,TD3C,Middle East Gulf to China,VLCC,8.523,USD
2020-09-15,TD3C,Middle East Gulf to China,VLCC,8.318,USD
2020-09-16,TD3C,Middle East Gulf to China,VLCC,8.253,USD
2020-09-17,TD3C,Middle East Gulf to China,VLCC,8.425,USD
2020-09-18,TD3C,Middle East Gulf to China,VLCC,8.33,USD
2020-09-19,TD3C,Middle East Gulf to China,VLCC,8.391,USD
2020-09-20,TD3C,Middle East Gulf to China,VLCC,8.496,USD
2020-09-21,TD3C,Middle East Gulf to China,VLCC,8.373,USD
2020-09-22,TD3C,Middle East Gulf to China,VLCC,8.367,USD
2020-09-23,TD3C,Middle East Gulf to China,VLCC,7.936,USD
2020-09-24,TD3C,Middle East Gulf to China,VLCC,7.806,USD
2020-09-25,TD3C,Middle East Gulf to China,VLCC,7.781,USD
2020-09-26,TD3C,Middle East Gulf to China,VLCC,7.623,USD
2020-09-27,TD3C,Middle East Gulf to China,VLCC,7.853,USD
2020-09-28,TD3C,Middle East Gulf to China,VLCC,7.671,USD
2020-09-29,TD3C,Middle East Gulf to China,VLCC,7.624,USD
2020-09-30,TD3C,Middle East Gulf to China,VLCC,7.654,USD
2020-10-01,TD3C,Middle East Gulf to China,VLCC,7.86,USD
2020-10-02,TD3C,Middle East Gulf to China,VLCC,7.678,USD
2020-10-03,TD3C,Middle East Gulf to China,VLCC,7.847,USD
2020-10-04,TD3C,Middle East Gulf to China,VLCC,7.86,USD
2020-10-05,TD3C,Middle East Gulf to China,VLCC,7.74,USD
2020-10-06,TD3C,Middle East Gulf to China,VLCC,7.815,USD
2020-10-07,TD3C,Middle East Gulf to China,VLCC,7.855,USD
2020-10-08,TD3C,Middle East Gulf to China,VLCC,7.787,USD
2020-10-09,TD3C,Middle East Gulf to China,VLCC,7.811,USD
2020-10-10,TD3C,Middle East Gulf to China,VLCC,7.773,USD
2020-10-11,TD3C,Middle East Gulf to China,VLCC,7.803,USD
2020-10-12,TD3C,Middle East Gulf to China,VLCC,7.906,USD
2020-10-13,TD3C,Middle East Gulf to China,VLCC,8.132,USD
2020-10-14,TD3C,Middle East Gulf to China,VLCC,7.979,USD
2020-10-15,TD3C,Middle East Gulf to China,VLCC,8.278,USD
2020-10-16,TD3C,Middle East Gulf to China,VLCC,8.028,USD
2020-10-17,TD3C,Middle East Gulf to China,VLCC,8.022,USD
2020-10-18,TD3C,Middle East Gulf to China,VLCC,8.115,USD
2020-10-19,TD3C,Middle East Gulf to China,VLCC,8.166,USD
2020-10-20,TD3C,Middle East Gulf to China,VLCC,8.096,USD
2020-10-21,TD3C,Middle East Gulf to China,VLCC,8.083,USD
2020-10-22,TD3C,Middle East Gulf to China,VLCC,8.032,USD
2020-10-23,TD3C,Middle East Gulf to China,VLCC,7.969,USD
2020-10-24,TD3C,Middle East Gulf to China,VLCC,8.099,USD
2020-10-25,TD3C,Middle East Gulf to China,VLCC,8.163,USD
2020-10-26,TD3C,Middle East Gulf to China,VLCC,8.085,USD
2020-10-27,TD3C,Middle East Gulf to China,VLCC,8.222,USD
2020-10-28,TD3C,Middle East Gulf to China,VLCC,8.278,USD
2020-10-29,TD3C,Middle East Gulf to China,VLCC,8.402,USD
2020-10-30,TD3C,Middle East Gulf to China,VLCC,8.501,USD
2020-10-31,TD3C,Middle East Gulf to China,VLCC,8.403,USD
2020-11-01,TD3C,Middle East Gulf to China,VLCC,8.342,USD
2020-11-02,TD3C,Middle East Gulf to China,VLCC,8.458,USD
2020-11-03,TD3C,Middle East Gulf to China,VLCC,8.554,USD
2020-11-04,TD3C,Middle East Gulf to China,VLCC,8.565,USD
2020-11-05,TD3C,Middle East Gulf to China,VLCC,8.595,USD
2020-11-06,TD3C,Middle East Gulf to China,VLCC,8.779,USD
2020-11-07,TD3C,Middle East Gulf to China,VLCC,8.713,USD
2020-11-08,TD3C,Middle East Gulf to China,VLCC,8.799,USD
2020-11-09,TD3C,Middle East Gulf to China,VLCC,8.784,USD
2020-11-10,TD3C,Middle East Gulf to China,VLCC,8.768,USD
2020-11-11,TD3C,Middle East Gulf to China,VLCC,8.928,USD
2020-11-12,TD3C,Middle East Gulf to China,VLCC,9.051,USD
2020-11-13,TD3C,Middle East Gulf to China,VLCC,9.171,USD
2020-11-14,TD3C,Middle East Gulf to China,VLCC,9.355,USD
2020-11-15,TD3C,Middle East Gulf to China,VLCC,9.366,USD
2020-11-16,TD3C,Middle East Gulf to China,VLCC,9.466,USD
2020-11-17,TD3C,Middle East Gulf to China,VLCC,9.432,USD
2020-11-18,TD3C,Middle East Gulf to China,VLCC,9.483,USD
2020-11-19,TD3C,Middle East Gulf to China,VLCC,9.473,USD
2020-11-20,TD3C,Middle East Gulf to China,VLCC,9.494,USD
2020-11-21,TD3C,Middle East Gulf to China,VLCC,9.582,USD
2020-11-22,TD3C,Middle East Gulf to China,VLCC,9.479,USD
2020-11-23,TD3C,Middle East Gulf to China,VLCC,9.768,USD
2020-11-24,TD3C,Middle East Gulf to China,VLCC,9.639,USD
2020-11-25,TD3C,Middle East Gulf to China,VLCC,9.483,USD
2020-11-26,TD3C,Middle East Gulf to China,VLCC,9.647,USD
2020-11-27,TD3C,Middle East Gulf to China,VLCC,9.76,USD
2020-11-28,TD3C,Middle East Gulf to China,VLCC,9.85,USD
2020-11-29,TD3C,Middle East Gulf to China,VLCC,9.94,USD
2020-11-30,TD3C,Middle East Gulf to China,VLCC,9.943,USD
2020-12-01,TD3C,Middle East Gulf to China,VLCC,9.827,USD
2020-12-02,TD3C,Middle East Gulf to China,VLCC,9.844,USD
2020-12-03,TD3C,Middle East Gulf to China,VLCC,9.759,USD
2020-12-04,TD3C,Middle East Gulf to China,VLCC,9.896,USD
2020-12-05,TD3C,Middle East Gulf to China,VLCC,9.882,USD
2020-12-06,TD3C,Middle East Gulf to China,VLCC,9.778,USD
2020-12-07,TD3C,Middle East Gulf to China,VLCC,9.742,USD
2020-12-08,TD3C,Middle East Gulf to China,VLCC,9.804,USD
2020-12-09,TD3C,Middle East Gulf to China,VLCC,9.736,USD
2020-12-10,TD3C,Middle East Gulf to China,VLCC,9.633,USD
2020-12-11,TD3C,Middle East Gulf to China,VLCC,9.675,USD
2020-12-12,TD3C,Middle East Gulf to China,VLCC,9.716,USD
2020-12-13,TD3C,Middle East Gulf to China,VLCC,9.656,USD
2020-12-14,TD3C,Middle East Gulf to China,VLCC,9.601,USD
2020-12-15,TD3C,Middle East Gulf to China,VLCC,9.642,USD
2020-12-16,TD3C,Middle East Gulf to China,VLCC,9.456,USD
2020-12-17,TD3C,Middle East Gulf to China,VLCC,9.279,USD
2020-12-18,TD3C,Middle East Gulf to China,VLCC,9.195,USD
2020-12-19,TD3C,Middle East Gulf to China,VLCC,9.18,USD
2020-12-20,TD3C,Middle East Gulf to China,VLCC,9.235,USD
2020-12-21,TD3C,Middle East Gulf to China,VLCC,9.445,USD
2020-12-22,TD3C,Middle East Gulf to China,VLCC,9.571,USD
2020-12-23,TD3C,Middle East Gulf to China,VLCC,9.559,USD
2020-12-24,TD3C,Middle East Gulf to China,VLCC,9.566,USD
2020-12-25,TD3C,Middle East Gulf to China,VLCC,9.441,USD
2020-12-26,TD3C,Middle East Gulf to China,VLCC,9.449,USD
2020-12-27,TD3C,Middle East Gulf to China,VLCC,9.421,USD
2020-12-28,TD3C,Middle East Gulf to China,VLCC,9.475,USD
2020-12-29,TD3C,Middle East Gulf to China,VLCC,9.375,USD
2020-12-30,TD3C,Middle East Gulf to China,VLCC,9.455,USD
2020-12-31,TD3C,Middle East Gulf to China,VLCC,9.671,USD
2021-01-01,TD3C,Middle East Gulf to China,VLCC,9.664,USD
2021-01-02,TD3C,Middle East Gulf to China,VLCC,9.726,USD
2021-01-03,TD3C,Middle East Gulf to China,VLCC,9.826,USD
2021-01-04,TD3C,Middle East Gulf to China,VLCC,9.778,USD
2021-01-05,TD3C,Middle East Gulf to China,VLCC,9.815,USD
2021-01-06,TD3C,Middle East Gulf to China,VLCC,9.823,USD
2021-01-07,TD3C,Middle East Gulf to China,VLCC,9.842,USD
2021-01-08,TD3C,Middle East Gulf to China,VLCC,9.744,USD
2021-01-09,TD3C,Middle East Gulf to China,VLCC,9.754,USD
2021-01-10,TD3C,Middle East Gulf to China,VLCC,9.827,USD
2021-01-11,TD3C,Middle East Gulf to China,VLCC,10.027,USD
2021-01-12,TD3C,Middle East Gulf to China,VLCC,10.159,USD
2021-01-13,TD3C,Middle East Gulf to China,VLCC,10.449,USD
2021-01-14,TD3C,Middle East Gulf to China,VLCC,10.345,USD
2021-01-15,TD3C,Middle East Gulf to China,VLCC,10.461,USD
2021-01-16,TD3C,Middle East Gulf to China,VLCC,10.484,USD
2021-01-17,TD3C,Middle East Gulf to China,VLCC,10.775,USD
2021-01-18,TD3C,Middle East Gulf to China,VLCC,10.662,USD
2021-01-19,TD3C,Middle East Gulf to China,VLCC,10.546,USD
2021-01-20,TD3C,Middle East Gulf to China,VLCC,10.462,USD
2021-01-21,TD3C,Middle East Gulf to China,VLCC,10.175,USD
2021-01-22,TD3C,Middle East Gulf to China,VLCC,10.105,USD
2021-01-23,TD3C,Middle East Gulf to China,VLCC,10.004,USD
2021-01-24,TD3C,Middle East Gulf to China,VLCC,10.026,USD
2021-01-25,TD3C,Middle East Gulf to China,VLCC,10.073,USD
2021-01-26,TD3C,Middle East Gulf to China,VLCC,10.325,USD
2021-01-27,TD3C,Middle East Gulf to China,VLCC,10.449,USD
2021-01-28,TD3C,Middle East Gulf to China,VLCC,10.368,USD
2021-01-29,TD3C,Middle East Gulf to China,VLCC,10.245,USD
2021-01-30,TD3C,Middle East Gulf to China,VLCC,10.309,USD
2021-01-31,TD3C,Middle East Gulf to China,VLCC,10.129,USD
2021-02-01,TD3C,Middle East Gulf to China,VLCC,10.373,USD
2021-02-02,TD3C,Middle East Gulf to China,VLCC,10.526,USD
2021-02-03,TD3C,Middle East Gulf to China,VLCC,10.458,USD
2021-02-04,TD3C,Middle East Gulf to China,VLCC,10.223,USD
2021-02-05,TD3C,Middle East Gulf to China,VLCC,10.401,USD
2021-02-06,TD3C,Middle East Gulf to China,VLCC,10.38,USD
2021-02-07,TD3C,Middle East Gulf to China,VLCC,10.54,USD
2021-02-08,TD3C,Middle East Gulf to China,VLCC,10.32,USD
2021-02-09,TD3C,Middle East Gulf to China,VLCC,10.234,USD
2021-02-10,TD3C,Middle East Gulf to China,VLCC,10.23,USD
2021-02-11,TD3C,Middle East Gulf to China,VLCC,10.231,USD
2021-02-12,TD3C,Middle East Gulf to China,VLCC,10.165,USD
2021-02-13,TD3C,Middle East Gulf to China,VLCC,10.244,USD
2021-02-14,TD3C,Middle East Gulf to China,VLCC,10.095,USD
2021-02-15,TD3C,Middle East Gulf to China,VLCC,10.071,USD
2021-02-16,TD3C,Middle East Gulf to China,VLCC,10.082,USD
2021-02-17,TD3C,Middle East Gulf to China,VLCC,10.146,USD
2021-02-18,TD3C,Middle East Gulf to China,VLCC,10.235,USD
2021-02-19,TD3C,Middle East Gulf to China,VLCC,10.077,USD
2021-02-20,TD3C,Middle East Gulf to China,VLCC,9.865,USD
2021-02-21,TD3C,Middle East Gulf to China,VLCC,10.032,USD
2021-02-22,TD3C,Middle East Gulf to China,VLCC,10.07,USD
2021-02-23,TD3C,Middle East Gulf to China,VLCC,9.963,USD
2021-02-24,TD3C,Middle East Gulf to China,VLCC,10.165,USD
2021-02-25,TD3C,Middle East Gulf to China,VLCC,10.171,USD
2021-02-26,TD3C,Middle East Gulf to China,VLCC,10.32,USD
2021-02-27,TD3C,Middle East Gulf to China,VLCC,10.319,USD
2021-02-28,TD3C,Middle East Gulf to China,VLCC,10.583,USD
2021-03-01,TD3C,Middle East Gulf to China,VLCC,10.804,USD
2021-03-02,TD3C,Middle East Gulf to China,VLCC,10.754,USD
2021-03-03,TD3C,Middle East Gulf to China,VLCC,10.868,USD
2021-03-04,TD3C,Middle East Gulf to China,VLCC,10.936,USD
2021-03-05,TD3C,Middle East Gulf to China,VLCC,11.101,USD
2021-03-06,TD3C,Middle East Gulf to China,VLCC,10.951,USD
2021-03-07,TD3C,Middle East Gulf to China,VLCC,11.023,USD
2021-03-08,TD3C,Middle East Gulf to China,VLCC,11.144,USD
2021-03-09,TD3C,Middle East Gulf to China,VLCC,10.886,USD
2021-03-10,TD3C,Middle East Gulf to China,VLCC,10.707,USD
2021-03-11,TD3C,Middle East Gulf to China,VLCC,10.416,USD
2021-03-12,TD3C,Middle East Gulf to China,VLCC,10.364,USD
2021-03-13,TD3C,Middle East Gulf to China,VLCC,10.444,USD
2021-03-14,TD3C,Middle East Gulf to China,VLCC,10.628,USD
2021-03-15,TD3C,Middle East Gulf to China,VLCC,10.618,USD
2021-03-16,TD3C,Middle East Gulf to China,VLCC,10.817,USD
2021-03-17,TD3C,Middle East Gulf to China,VLCC,10.61,USD
2021-03-18,TD3C,Middle East Gulf to China,VLCC,10.362,USD
2021-03-19,TD3C,Middle East Gulf to China,VLCC,10.337,USD
2021-03-20,TD3C,Middle East Gulf to China,VLCC,10.37,USD
2021-03-21,TD3C,Middle East Gulf to China,VLCC,10.347,USD
2021-03-22,TD3C,Middle East Gulf to China,VLCC,10.051,USD
2021-03-23,TD3C,Middle East Gulf to China,VLCC,10.023,USD
2021-03-24,TD3C,Middle East Gulf to China,VLCC,9.832,USD
2021-03-25,TD3C,Middle East Gulf to China,VLCC,9.907,USD
2021-03-26,TD3C,Middle East Gulf to China,VLCC,9.94,USD
2021-03-27,TD3C,Middle East Gulf to China,VLCC,9.798,USD
2021-03-28,TD3C,Middle East Gulf to China,VLCC,9.714,USD
2021-03-29,TD3C,Middle East Gulf to China,VLCC,9.557,USD
2021-03-30,TD3C,Middle East Gulf to China,VLCC,9.535,USD
2021-03-31,TD3C,Middle East Gulf to China,VLCC,9.649,USD
2021-04-01,TD3C,Middle East Gulf to China,VLCC,9.501,USD
2021-04-02,TD3C,Middle East Gulf to China,VLCC,9.555,USD
2021-04-03,TD3C,Middle East Gulf to China,VLCC,9.469,USD
2021-04-04,TD3C,Middle East Gulf to China,VLCC,9.348,USD
2021-04-05,TD3C,Middle East Gulf to China,VLCC,9.32,USD
2021-04-06,TD3C,Middle East Gulf to China,VLCC,9.167,USD
2021-04-07,TD3C,Middle East Gulf to China,VLCC,9.081,USD
2021-04-08,TD3C,Middle East Gulf to China,VLCC,8.908,USD
2021-04-09,TD3C,Middle East Gulf to China,VLCC,9.161,USD
2021-04-10,TD3C,Middle East Gulf to China,VLCC,9.152,USD
2021-04-11,TD3C,Middle East Gulf to China,VLCC,9.045,USD
2021-04-12,TD3C,Middle East Gulf to China,VLCC,9.06,USD
2021-04-13,TD3C,Middle East Gulf to China,VLCC,9.032,USD
2021-04-14,TD3C,Middle East Gulf to China,VLCC,8.989,USD
2021-04-15,TD3C,Middle East Gulf to China,VLCC,9.058,USD
2021-04-16,TD3C,Middle East Gulf to China,VLCC,9.145,USD
2021-04-17,TD3C,Middle East Gulf to China,VLCC,9.058,USD
2021-04-18,TD3C,Middle East Gulf to China,VLCC,8.966,USD
2021-04-19,TD3C,Middle East Gulf to China,VLCC,8.915,USD
2021-04-20,TD3C,Middle East Gulf to China,VLCC,8.592,USD
2021-04-21,TD3C,Middle East Gulf to China,VLCC,8.378,USD
2021-04-22,TD3C,Middle East Gulf to China,VLCC,8.552,USD
2021-04-23,TD3C,Middle East Gulf to China,VLCC,8.761,USD
2021-04-24,TD3C,Middle East Gulf to China,VLCC,8.713,USD
2021-04-25,TD3C,Middle East Gulf to China,VLCC,8.777,USD
2021-04-26,TD3C,Middle East Gulf to China,VLCC,8.804,USD
2021-04-27,TD3C,Middle East Gulf to China,VLCC,9.201,USD
2021-04-28,TD3C,Middle East Gulf to China,VLCC,9.331,USD
2021-04-29,TD3C,Middle East Gulf to China,VLCC,9.293,USD
2021-04-30,TD3C,Middle East Gulf to China,VLCC,9.145,USD
2021-05-01,TD3C,Middle East Gulf to China,VLCC,8.91,USD
2021-05-02,TD3C,Middle East Gulf to China,VLCC,8.92,USD
2021-05-03,TD3C,Middle East Gulf to China,VLCC,8.801,USD
2021-05-04,TD3C,Middle East Gulf to China,VLCC,8.593,USD
2021-05-05,TD3C,Middle East Gulf to China,VLCC,8.492,USD
2021-05-06,TD3C,Middle East Gulf to China,VLCC,8.332,USD
2021-05-07,TD3C,Middle East Gulf to China,VLCC,8.545,USD
2021-05-08,TD3C,Middle East Gulf to China,VLCC,8.648,USD
2021-05-09,TD3C,Middle East Gulf to China,VLCC,8.63,USD
2021-05-10,TD3C,Middle East Gulf to China,VLCC,8.812,USD
2021-05-11,TD3C,Middle East Gulf to China,VLCC,8.803,USD
2021-05-12,TD3C,Middle East Gulf to China,VLCC,8.669,USD
2021-05-13,TD3C,Middle East Gulf to China,VLCC,8.855,USD
2021-05-14,TD3C,Middle East Gulf to China,VLCC,8.908,USD
2021-05-15,TD3C,Middle East Gulf to China,VLCC,8.748,USD
2021-05-16,TD3C,Middle East Gulf to China,VLCC,8.704,USD
2021-05-17,TD3C,Middle East Gulf to China,VLCC,8.568,USD
2021-05-18,TD3C,Middle East Gulf to China,VLCC,8.365,USD
2021-05-19,TD3C,Middle East Gulf to China,VLCC,8.473,USD
2021-05-20,TD3C,Middle East Gulf to China,VLCC,8.711,USD
2021-05-21,TD3C,Middle East Gulf to China,VLCC,8.504,USD
2021-05-22,TD3C,Middle East Gulf to China,VLCC,8.562,USD
2021-05-23,TD3C,Middle East Gulf to China,VLCC,8.456,USD
2021-05-24,TD3C,Middle East Gulf to China,VLCC,8.373,USD
2021-05-25,TD3C,Middle East Gulf to China,VLCC,8.277,USD
2021-05-26,TD3C,Middle East Gulf to China,VLCC,8.145,USD
2021-05-27,TD3C,Middle East Gulf to China,VLCC,8.137,USD
2021-05-28,TD3C,Middle East Gulf to China,VLCC,8.011,USD
2021-05-29,TD3C,Middle East Gulf to China,VLCC,8.033,USD
2021-05-30,TD3C,Middle East Gulf to China,VLCC,8.012,USD
2021-05-31,TD3C,Middle East Gulf to China,VLCC,7.966,USD
2021-06-01,TD3C,Middle East Gulf to China,VLCC,7.831,USD
2021-06-02,TD3C,Middle East Gulf to China,VLCC,7.741,USD
2021-06-03,TD3C,Middle East Gulf to China,VLCC,7.83,USD
2021-06-04,TD3C,Middle East Gulf to China,VLCC,7.884,USD
2021-06-05,TD3C,Middle East Gulf to China,VLCC,7.74,USD
2021-06-06,TD3C,Middle East Gulf to China,VLCC,7.741,USD
2021-06-07,TD3C,Middle East Gulf to China,VLCC,7.83,USD
2021-06-08,TD3C,Middle East Gulf to China,VLCC,7.593,USD
2021-06-09,TD3C,Middle East Gulf to China,VLCC,7.655,USD
2021-06-10,TD3C,Middle East Gulf to China,VLCC,7.555,USD
2021-06-11,TD3C,Middle East Gulf to China,VLCC,7.621,USD
2021-06-12,TD3C,Middle East Gulf to China,VLCC,7.508,USD
2021-06-13,TD3C,Middle East Gulf to China,VLCC,7.256,USD
2021-06-14,TD3C,Middle East Gulf to China,VLCC,7.03,USD
2021-06-15,TD3C,Middle East Gulf to China,VLCC,7.031,USD
2021-06-16,TD3C,Middle East Gulf to China,VLCC,7.06,USD
2021-06-17,TD3C,Middle East Gulf to China,VLCC,6.934,USD
2021-06-18,TD3C,Middle East Gulf to China,VLCC,7.015,USD
2021-06-19,TD3C,Middle East Gulf to China,VLCC,6.787,USD
2021-06-20,TD3C,Middle East Gulf to China,VLCC,6.775,USD
2021-06-21,TD3C,Middle East Gulf to China,VLCC,6.61,USD
2021-06-22,TD3C,Middle East Gulf to China,VLCC,6.521,USD
2021-06-23,TD3C,Middle East Gulf to China,VLCC,6.527,USD
2021-06-24,TD3C,Middle East Gulf to China,VLCC,6.411,USD
2021-06-25,TD3C,Middle East Gulf to China,VLCC,6.361,USD
2021-06-26,TD3C,Middle East Gulf to China,VLCC,6.497,USD
2021-06-27,TD3C,Middle East Gulf to China,VLCC,6.419,USD
2021-06-28,TD3C,Middle East Gulf to China,VLCC,6.532,USD
2021-06-29,TD3C,Middle East Gulf to China,VLCC,6.381,USD
2021-06-30,TD3C,Middle East Gulf to China,VLCC,6.453,USD
2021-07-01,TD3C,Middle East Gulf to China,VLCC,6.646,USD
2021-07-02,TD3C,Middle East Gulf to China,VLCC,6.314,USD
2021-07-03,TD3C,Middle East Gulf to China,VLCC,6.21,USD
2021-07-04,TD3C,Middle East Gulf to China,VLCC,6.29,USD
2021-07-05,TD3C,Middle East Gulf to China,VLCC,6.265,USD
2021-07-06,TD3C,Middle East Gulf to China,VLCC,6.318,USD
2021-07-07,TD3C,Middle East Gulf to China,VLCC,6.24,USD
2021-07-08,TD3C,Middle East Gulf to China,VLCC,6.255,USD
2021-07-09,TD3C,Middle East Gulf to China,VLCC,6.237,USD
2021-07-10,TD3C,Middle East Gulf to China,VLCC,6.397,USD
2021-07-11,TD3C,Middle East Gulf to China,VLCC,6.433,USD
2021-07-12,TD3C,Middle East Gulf to China,VLCC,6.48,USD
2021-07-13,TD3C,Middle East Gulf to China,VLCC,6.426,USD
2021-07-14,TD3C,Middle East Gulf to China,VLCC,6.363,USD
2021-07-15,TD3C,Middle East Gulf to China,VLCC,6.308,USD
2021-07-16,TD3C,Middle East Gulf to China,VLCC,6.365,USD
2021-07-17,TD3C,Middle East Gulf to China,VLCC,6.312,USD
2021-07-18,TD3C,Middle East Gulf to China,VLCC,6.355,USD
2021-07-19,TD3C,Middle East Gulf to China,VLCC,6.636,USD
2021-07-20,TD3C,Middle East Gulf to China,VLCC,6.754,USD
2021-07-21,TD3C,Middle East Gulf to China,VLCC,6.71,USD
2021-07-22,TD3C,Middle East Gulf to China,VLCC,6.872,USD
2021-07-23,TD3C,Middle East Gulf to China,VLCC,6.816,USD
2021-07-24,TD3C,Middle East Gulf to China,VLCC,6.543,USD
2021-07-25,TD3C,Middle East Gulf to China,VLCC,6.411,USD
2021-07-26,TD3C,Middle East Gulf to China,VLCC,6.165,USD
2021-07-27,TD3C,Middle East Gulf to China,VLCC,6.125,USD
2021-07-28,TD3C,Middle East Gulf to China,VLCC,6.135,USD
2021-07-29,TD3C,Middle East Gulf to China,VLCC,6.368,USD
2021-07-30,TD3C,Middle East Gulf to China,VLCC,6.417,USD
2021-07-31,TD3C,Middle East Gulf to China,VLCC,6.393,USD
2021-08-01,TD3C,Middle East Gulf to China,VLCC,6.51,USD
2021-08-02,TD3C,Middle East Gulf to China,VLCC,6.219,USD
2021-08-03,TD3C,Middle East Gulf to China,VLCC,6.259,USD
2021-08-04,TD3C,Middle East Gulf to China,VLCC,6.37,USD
2021-08-05,TD3C,Middle East Gulf to China,VLCC,6.179,USD
2021-08-06,TD3C,Middle East Gulf to China,VLCC,6.341,USD
2021-08-07,TD3C,Middle East Gulf to China,VLCC,6.394,USD
2021-08-08,TD3C,Middle East Gulf to China,VLCC,6.346,USD
2021-08-09,TD3C,Middle East Gulf to China,VLCC,6.439,USD
2021-08-10,TD3C,Middle East Gulf to China,VLCC,6.751,USD
2021-08-11,TD3C,Middle East Gulf to China,VLCC,6.78,USD
2021-08-12,TD3C,Middle East Gulf to China,VLCC,6.818,USD
2021-08-13,TD3C,Middle East Gulf to China,VLCC,6.761,USD
2021-08-14,TD3C,Middle East Gulf to China,VLCC,6.653,USD
2021-08-15,TD3C,Middle East Gulf to China,VLCC,6.771,USD
2021-08-16,TD3C,Middle East Gulf to China,VLCC,6.663,USD
2021-08-17,TD3C,Middle East Gulf to China,VLCC,6.68,USD
2021-08-18,TD3C,Middle East Gulf to China,VLCC,6.623,USD
2021-08-19,TD3C,Middle East Gulf to China,VLCC,6.696,USD
2021-08-20,TD3C,Middle East Gulf to China,VLCC,6.748,USD
2021-08-21,TD3C,Middle East Gulf to China,VLCC,6.895,USD
2021-08-22,TD3C,Middle East Gulf to China,VLCC,6.833,USD
2021-08-23,TD3C,Middle East Gulf to China,VLCC,6.805,USD
2021-08-24,TD3C,Middle East Gulf to China,VLCC,6.682,USD
2021-08-25,TD3C,Middle East Gulf to China,VLCC,6.632,USD
2021-08-26,TD3C,Middle East Gulf to China,VLCC,6.693,USD
2021-08-27,TD3C,Middle East Gulf to China,VLCC,6.804,USD
2021-08-28,TD3C,Middle East Gulf to China,VLCC,6.69,USD
2021-08-29,TD3C,Middle East Gulf to China,VLCC,6.818,USD
2021-08-30,TD3C,Middle East Gulf to China,VLCC,7.009,USD
2021-08-31,TD3C,Middle East Gulf to China,VLCC,7.073,USD
2021-09-01,TD3C,Middle East Gulf to China,VLCC,7.332,USD
2021-09-02,TD3C,Middle East Gulf to China,VLCC,7.234,USD
2021-09-03,TD3C,Middle East Gulf to China,VLCC,7.074,USD
2021-09-04,TD3C,Middle East Gulf to China,VLCC,6.845,USD
2021-09-05,TD3C,Middle East Gulf to China,VLCC,7.057,USD
2021-09-06,TD3C,Middle East Gulf to China,VLCC,7.155,USD
2021-09-07,TD3C,Middle East Gulf to China,VLCC,7.156,USD
2021-09-08,TD3C,Middle East Gulf to China,VLCC,7.203,USD
2021-09-09,TD3C,Middle East Gulf to China,VLCC,7.062,USD
2021-09-10,TD3C,Middle East Gulf to China,VLCC,7.401,USD
2021-09-11,TD3C,Middle East Gulf to China,VLCC,7.426,USD
2021-09-12,TD3C,Middle East Gulf to China,VLCC,7.449,USD
2021-09-13,TD3C,Middle East Gulf to China,VLCC,7.554,USD
2021-09-14,TD3C,Middle East Gulf to China,VLCC,7.626,USD
2021-09-15,TD3C,Middle East Gulf to China,VLCC,7.663,USD
2021-09-16,TD3C,Middle East Gulf to China,VLCC,7.565,USD
2021-09-17,TD3C,Middle East Gulf to China,VLCC,7.637,USD
2021-09-18,TD3C,Middle East Gulf to China,VLCC,7.897,USD
2021-09-19,TD3C,Middle East Gulf to China,VLCC,8.083,USD
2021-09-20,TD3C,Middle East Gulf to China,VLCC,8.3,USD
2021-09-21,TD3C,Middle East Gulf to China,VLCC,8.234,USD
2021-09-22,TD3C,Middle East Gulf to China,VLCC,8.106,USD
2021-09-23,TD3C,Middle East Gulf to China,VLCC,8.094,USD
2021-09-24,TD3C,Middle East Gulf to China,VLCC,8.107,USD
2021-09-25,TD3C,Middle East Gulf to China,VLCC,8.26,USD
2021-09-26,TD3C,Middle East Gulf to China,VLCC,8.038,USD
2021-09-27,TD3C,Middle East Gulf to China,VLCC,8.25,USD
2021-09-28,TD3C,Middle East Gulf to China,VLCC,8.234,USD
2021-09-29,TD3C,Middle East Gulf to China,VLCC,8.183,USD
2021-09-30,TD3C,Middle East Gulf to China,VLCC,8.054,USD
2021-10-01,TD3C,Middle East Gulf to China,VLCC,7.841,USD
2021-10-02,TD3C,Middle East Gulf to China,VLCC,7.962,USD
2021-10-03,TD3C,Middle East Gulf to China,VLCC,7.982,USD
2021-10-04,TD3C,Middle East Gulf to China,VLCC,7.82,USD
2021-10-05,TD3C,Middle East Gulf to China,VLCC,7.659,USD
2021-10-06,TD3C,Middle East Gulf to China,VLCC,7.628,USD
2021-10-07,TD3C,Middle East Gulf to China,VLCC,7.866,USD
2021-10-08,TD3C,Middle East Gulf to China,VLCC,7.844,USD
2021-10-09,TD3C,Middle East Gulf to China,VLCC,7.656,USD
2021-10-10,TD3C,Middle East Gulf to China,VLCC,7.639,USD
2021-10-11,TD3C,Middle East Gulf to China,VLCC,7.618,USD
2021-10-12,TD3C,Middle East Gulf to China,VLCC,7.274,USD
2021-10-13,TD3C,Middle East Gulf to China,VLCC,7.287,USD
2021-10-14,TD3C,Middle East Gulf to China,VLCC,7.276,USD
2021-10-15,TD3C,Middle East Gulf to China,VLCC,7.39,USD
2021-10-16,TD3C,Middle East Gulf to China,VLCC,7.658,USD
2021-10-17,TD3C,Middle East Gulf to China,VLCC,7.826,USD
2021-10-18,TD3C,Middle East Gulf to China,VLCC,7.807,USD
2021-10-19,TD3C,Middle East Gulf to China,VLCC,7.676,USD
2021-10-20,TD3C,Middle East Gulf to China,VLCC,8.038,USD
2021-10-21,TD3C,Middle East Gulf to China,VLCC,8.061,USD
2021-10-22,TD3C,Middle East Gulf to China,VLCC,8.079,USD
2021-10-23,TD3C,Middle East Gulf to China,VLCC,8.091,USD
2021-10-24,TD3C,Middle East Gulf to China,VLCC,8.133,USD
2021-10-25,TD3C,Middle East Gulf to China,VLCC,8.129,USD
2021-10-26,TD3C,Middle East Gulf to China,VLCC,8.067,USD
2021-10-27,TD3C,Middle East Gulf to China,VLCC,8.011,USD
2021-10-28,TD3C,Middle East Gulf to China,VLCC,8.024,USD
2021-10-29,TD3C,Middle East Gulf to China,VLCC,7.969,USD
2021-10-30,TD3C,Middle East Gulf to China,VLCC,7.891,USD
2021-10-31,TD3C,Middle East Gulf to China,VLCC,7.925,USD
2021-11-01,TD3C,Middle East Gulf to China,VLCC,7.91,USD
2021-11-02,TD3C,Middle East Gulf to China,VLCC,8.131,USD
2021-11-03,TD3C,Middle East Gulf to China,VLCC,7.794,USD
2021-11-04,TD3C,Middle East Gulf to China,VLCC,7.962,USD
2021-11-05,TD3C,Middle East Gulf to China,VLCC,8.148,USD
2021-11-06,TD3C,Middle East Gulf to China,VLCC,7.889,USD
2021-11-07,TD3C,Middle East Gulf to China,VLCC,7.865,USD
2021-11-08,TD3C,Middle East Gulf to China,VLCC,7.836,USD
2021-11-09,TD3C,Middle East Gulf to China,VLCC,7.67,USD
2021-11-10,TD3C,Middle East Gulf to China,VLCC,7.59,USD
2021-11-11,TD3C,Middle East Gulf to China,VLCC,7.466,USD
2021-11-12,TD3C,Middle East Gulf to China,VLCC,7.727,USD
2021-11-13,TD3C,Middle East Gulf to China,VLCC,7.877,USD
2021-11-14,TD3C,Middle East Gulf to China,VLCC,8.07,USD
2021-11-15,TD3C,Middle East Gulf to China,VLCC,8.187,USD
2021-11-16,TD3C,Middle East Gulf to China,VLCC,8.056,USD
2021-11-17,TD3C,Middle East Gulf to China,VLCC,8.008,USD
2021-11-18,TD3C,Middle East Gulf to China,VLCC,8.095,USD
2021-11-19,TD3C,Middle East Gulf to China,VLCC,7.953,USD
2021-11-20,TD3C,Middle East Gulf to China,VLCC,8.072,USD
2021-11-21,TD3C,Middle East Gulf to China,VLCC,8.062,USD
2021-11-22,TD3C,Middle East Gulf to China,VLCC,8.034,USD
2021-11-23,TD3C,Middle East Gulf to China,VLCC,8.152,USD
2021-11-24,TD3C,Middle East Gulf to China,VLCC,8.233,USD
2021-11-25,TD3C,Middle East Gulf to China,VLCC,8.206,USD
2021-11-26,TD3C,Middle East Gulf to China,VLCC,8.383,USD
2021-11-27,TD3C,Middle East Gulf to China,VLCC,8.258,USD
2021-11-28,TD3C,Middle East Gulf to China,VLCC,8.362,USD
2021-11-29,TD3C,Middle East Gulf to China,VLCC,8.462,USD
2021-11-30,TD3C,Middle East Gulf to China,VLCC,8.44,USD
2021-12-01,TD3C,Middle East Gulf to China,VLCC,8.503,USD
2021-12-02,TD3C,Middle East Gulf to China,VLCC,8.355,USD
2021-12-03,TD3C,Middle East Gulf to China,VLCC,8.499,USD
2021-12-04,TD3C,Middle East Gulf to China,VLCC,8.494,USD
2021-12-05,TD3C,Middle East Gulf to China,VLCC,8.444,USD
2021-12-06,TD3C,Middle East Gulf to China,VLCC,8.604,USD
2021-12-07,TD3C,Middle East Gulf to China,VLCC,8.529,USD
2021-12-08,TD3C,Middle East Gulf to China,VLCC,8.36,USD
2021-12-09,TD3C,Middle East Gulf to China,VLCC,8.173,USD
2021-12-10,TD3C,Middle East Gulf to China,VLCC,8.277,USD
2021-12-11,TD3C,Middle East Gulf to China,VLCC,8.128,USD
2021-12-12,TD3C,Middle East Gulf to China,VLCC,8.387,USD
2021-12-13,TD3C,Middle East Gulf to China,VLCC,8.129,USD
2021-12-14,TD3C,Middle East Gulf to China,VLCC,8.38,USD
2021-12-15,TD3C,Middle East Gulf to China,VLCC,8.43,USD
2021-12-16,TD3C,Middle East Gulf to China,VLCC,8.438,USD
2021-12-17,TD3C,Middle East Gulf to China,VLCC,8.386,USD
2021-12-18,TD3C,Middle East Gulf to China,VLCC,8.46,USD
2021-12-19,TD3C,Middle East Gulf to China,VLCC,8.476,USD
2021-12-20,TD3C,Middle East Gulf to China,VLCC,8.644,USD
2021-12-21,TD3C,Middle East Gulf to China,VLCC,8.678,USD
2021-12-22,TD3C,Middle East Gulf to China,VLCC,8.717,USD
2021-12-23,TD3C,Middle East Gulf to China,VLCC,8.686,USD
2021-12-24,TD3C,Middle East Gulf to China,VLCC,8.697,USD
2021-12-25,TD3C,Middle East Gulf to China,VLCC,8.756,USD
2021-12-26,TD3C,Middle East Gulf to China,VLCC,8.545,USD
2021-12-27,TD3C,Middle East Gulf to China,VLCC,8.384,USD
2021-12-28,TD3C,Middle East Gulf to China,VLCC,8.505,USD
2021-12-29,TD3C,Middle East Gulf to China,VLCC,8.547,USD
2021-12-30,TD3C,Middle East Gulf to China,VLCC,8.542,USD
2021-12-31,TD3C,Middle East Gulf to China,VLCC,8.564,USD
2022-01-01,TD3C,Middle East Gulf to China,VLCC,8.63,USD
2022-01-02,TD3C,Middle East Gulf to China,VLCC,8.576,USD
2022-01-03,TD3C,Middle East Gulf to China,VLCC,8.491,USD
2022-01-04,TD3C,Middle East Gulf to China,VLCC,8.536,USD
2022-01-05,TD3C,Middle East Gulf to China,VLCC,8.425,USD
2022-01-06,TD3C,Middle East Gulf to China,VLCC,8.499,USD
2022-01-07,TD3C,Middle East Gulf to China,VLCC,8.291,USD
2022-01-08,TD3C,Middle East Gulf to China,VLCC,8.45,USD
2022-01-09,TD3C,Middle East Gulf to China,VLCC,8.532,USD
2022-01-10,TD3C,Middle East Gulf to China,VLCC,8.585,USD
2022-01-11,TD3C,Middle East Gulf to China,VLCC,8.735,USD
2022-01-12,TD3C,Middle East Gulf to China,VLCC,8.974,USD
2022-01-13,TD3C,Middle East Gulf to China,VLCC,9.123,USD
2022-01-14,TD3C,Middle East Gulf to China,VLCC,8.889,USD
2022-01-15,TD3C,Middle East Gulf to China,VLCC,8.732,USD
2022-01-16,TD3C,Middle East Gulf to China,VLCC,8.664,USD
2022-01-17,TD3C,Middle East Gulf to China,VLCC,8.684,USD
2022-01-18,TD3C,Middle East Gulf to China,VLCC,8.769,USD
2022-01-19,TD3C,Middle East Gulf to China,VLCC,8.687,USD
2022-01-20,TD3C,Middle East Gulf to China,VLCC,8.727,USD
2022-01-21,TD3C,Middle East Gulf to China,VLCC,8.641,USD
2022-01-22,TD3C,Middle East Gulf to China,VLCC,8.574,USD
2022-01-23,TD3C,Middle East Gulf to China,VLCC,8.402,USD
2022-01-24,TD3C,Middle East Gulf to China,VLCC,8.296,USD
2022-01-25,TD3C,Middle East Gulf to China,VLCC,8.134,USD
2022-01-26,TD3C,Middle East Gulf to China,VLCC,8.023,USD
2022-01-27,TD3C,Middle East Gulf to China,VLCC,8.185,USD
2022-01-28,TD3C,Middle East Gulf to China,VLCC,8.076,USD
2022-01-29,TD3C,Middle East Gulf to China,VLCC,8.449,USD
2022-01-30,TD3C,Middle East Gulf to China,VLCC,8.53,USD
2022-01-31,TD3C,Middle East Gulf to China,VLCC,8.57,USD
2022-02-01,TD3C,Middle East Gulf to China,VLCC,8.469,USD
2022-02-02,TD3C,Middle East Gulf to China,VLCC,8.578,USD
2022-02-03,TD3C,Middle East Gulf to China,VLCC,8.514,USD
2022-02-04,TD3C,Middle East Gulf to China,VLCC,8.545,USD
2022-02-05,TD3C,Middle East Gulf to China,VLCC,8.901,USD
2022-02-06,TD3C,Middle East Gulf to China,VLCC,8.897,USD
2022-02-07,TD3C,Middle East Gulf to China,VLCC,9.061,USD
2022-02-08,TD3C,Middle East Gulf to China,VLCC,8.974,USD
2022-02-09,TD3C,Middle East Gulf to China,VLCC,8.977,USD
2022-02-10,TD3C,Middle East Gulf to China,VLCC,9.222,USD
2022-02-11,TD3C,Middle East Gulf to China,VLCC,9.143,USD
2022-02-12,TD3C,Middle East Gulf to China,VLCC,9.391,USD
2022-02-13,TD3C,Middle East Gulf to China,VLCC,9.489,USD
2022-02-14,TD3C,Middle East Gulf to China,VLCC,9.415,USD
2022-02-15,TD3C,Middle East Gulf to China,VLCC,9.502,USD
2022-02-16,TD3C,Middle East Gulf to China,VLCC,9.633,USD
2022-02-17,TD3C,Middle East Gulf to China,VLCC,9.715,USD
2022-02-18,TD3C,Middle East Gulf to China,VLCC,9.503,USD
2022-02-19,TD3C,Middle East Gulf to China,VLCC,9.406,USD
2022-02-20,TD3C,Middle East Gulf to China,VLCC,9.373,USD
2022-02-21,TD3C,Middle East Gulf to China,VLCC,9.364,USD
2022-02-22,TD3C,Middle East Gulf to China,VLCC,9.447,USD
2022-02-23,TD3C,Middle East Gulf to China,VLCC,9.47,USD
2022-02-24,TD3C,Middle East Gulf to China,VLCC,9.29,USD
2022-02-25,TD3C,Middle East Gulf to China,VLCC,9.341,USD
2022-02-26,TD3C,Middle East Gulf to China,VLCC,9.422,USD
2022-02-27,TD3C,Middle East Gulf to China,VLCC,9.496,USD
2022-02-28,TD3C,Middle East Gulf to China,VLCC,9.637,USD
2022-03-01,TD3C,Middle East Gulf to China,VLCC,9.744,USD
2022-03-02,TD3C,Middle East Gulf to China,VLCC,9.8,USD
2022-03-03,TD3C,Middle East Gulf to China,VLCC,9.784,USD
2022-03-04,TD3C,Middle East Gulf to China,VLCC,9.554,USD
2022-03-05,TD3C,Middle East Gulf to China,VLCC,9.607,USD
2022-03-06,TD3C,Middle East Gulf to China,VLCC,9.628,USD
2022-03-07,TD3C,Middle East Gulf to China,VLCC,9.658,USD
2022-03-08,TD3C,Middle East Gulf to China,VLCC,9.48,USD
2022-03-09,TD3C,Middle East Gulf to China,VLCC,9.33,USD
2022-03-10,TD3C,Middle East Gulf to China,VLCC,9.466,USD
2022-03-11,TD3C,Middle East Gulf to China,VLCC,9.455,USD
2022-03-12,TD3C,Middle East Gulf to China,VLCC,9.539,USD
2022-03-13,TD3C,Middle East Gulf to China,VLCC,9.535,USD
2022-03-14,TD3C,Middle East Gulf to China,VLCC,9.531,USD
2022-03-15,TD3C,Middle East Gulf to China,VLCC,9.649,USD
2022-03-16,TD3C,Middle East Gulf to China,VLCC,9.57,USD
2022-03-17,TD3C,Middle East Gulf to China,VLCC,9.573,USD
2022-03-18,TD3C,Middle East Gulf to China,VLCC,9.502,USD
2022-03-19,TD3C,Middle East Gulf to China,VLCC,9.434,USD
2022-03-20,TD3C,Middle East Gulf to China,VLCC,9.384,USD
2022-03-21,TD3C,Middle East Gulf to China,VLCC,9.405,USD
2022-03-22,TD3C,Middle East Gulf to China,VLCC,9.331,USD
2022-03-23,TD3C,Middle East Gulf to China,VLCC,9.49,USD
2022-03-24,TD3C,Middle East Gulf to China,VLCC,9.359,USD
2022-03-25,TD3C,Middle East Gulf to China,VLCC,9.324,USD
2022-03-26,TD3C,Middle East Gulf to China,VLCC,9.255,USD
2022-03-27,TD3C,Middle East Gulf to China,VLCC,9.439,USD
2022-03-28,TD3C,Middle East Gulf to China,VLCC,9.454,USD
2022-03-29,TD3C,Middle East Gulf to China,VLCC,9.58,USD
2022-03-30,TD3C,Middle East Gulf to China,VLCC,9.367,USD
2022-03-31,TD3C,Middle East Gulf to China,VLCC,9.39,USD
2022-04-01,TD3C,Middle East Gulf to China,VLCC,9.497,USD
2022-04-02,TD3C,Middle East Gulf to China,VLCC,9.493,USD
2022-04-03,TD3C,Middle East Gulf to China,VLCC,9.622,USD
2022-04-04,TD3C,Middle East Gulf to China,VLCC,9.536,USD
2022-04-05,TD3C,Middle East Gulf to China,VLCC,9.709,USD
2022-04-06,TD3C,Middle East Gulf to China,VLCC,9.999,USD
2022-04-07,TD3C,Middle East Gulf to China,VLCC,9.93,USD
2022-04-08,TD3C,Middle East Gulf to China,VLCC,9.85,USD
2022-04-09,TD3C,Middle East Gulf to China,VLCC,10.024,USD
2022-04-10,TD3C,Middle East Gulf to China,VLCC,10.214,USD
2022-04-11,TD3C,Middle East Gulf to China,VLCC,10.119,USD
2022-04-12,TD3C,Middle East Gulf to China,VLCC,10.039,USD
2022-04-13,TD3C,Middle East Gulf to China,VLCC,9.978,USD
2022-04-14,TD3C,Middle East Gulf to China,VLCC,9.775,USD
2022-04-15,TD3C,Middle East Gulf to China,VLCC,9.631,USD
2022-04-16,TD3C,Middle East Gulf to China,VLCC,9.477,USD
2022-04-17,TD3C,Middle East Gulf to China,VLCC,9.355,USD
2022-04-18,TD3C,Middle East Gulf to China,VLCC,9.332,USD
2022-04-19,TD3C,Middle East Gulf to China,VLCC,9.346,USD
2022-04-20,TD3C,Middle East Gulf to China,VLCC,9.535,USD
2022-04-21,TD3C,Middle East Gulf to China,VLCC,9.38,USD
2022-04-22,TD3C,Middle East Gulf to China,VLCC,9.493,USD
2022-04-23,TD3C,Middle East Gulf to China,VLCC,9.443,USD
2022-04-24,TD3C,Middle East Gulf to China,VLCC,9.416,USD
2022-04-25,TD3C,Middle East Gulf to China,VLCC,9.485,USD
2022-04-26,TD3C,Middle East Gulf to China,VLCC,9.314,USD
2022-04-27,TD3C,Middle East Gulf to China,VLCC,9.345,USD
2022-04-28,TD3C,Middle East Gulf to China,VLCC,9.346,USD
2022-04-29,TD3C,Middle East Gulf to China,VLCC,9.391,USD
2022-04-30,TD3C,Middle East Gulf to China,VLCC,9.408,USD
2022-05-01,TD3C,Middle East Gulf to China,VLCC,9.714,USD
2022-05-02,TD3C,Middle East Gulf to China,VLCC,9.603,USD
2022-05-03,TD3C,Middle East Gulf to China,VLCC,9.507,USD
2022-05-04,TD3C,Middle East Gulf to China,VLCC,9.4,USD
2022-05-05,TD3C,Middle East Gulf to China,VLCC,9.302,USD
2022-05-06,TD3C,Middle East Gulf to China,VLCC,9.195,USD
2022-05-07,TD3C,Middle East Gulf to China,VLCC,9.332,USD
2022-05-08,TD3C,Middle East Gulf to China,VLCC,9.499,USD
2022-05-09,TD3C,Middle East Gulf to China,VLCC,9.398,USD
2022-05-10,TD3C,Middle East Gulf to China,VLCC,9.262,USD
2022-05-11,TD3C,Middle East Gulf to China,VLCC,9.302,USD
2022-05-12,TD3C,Middle East Gulf to China,VLCC,9.204,USD
2022-05-13,TD3C,Middle East Gulf to China,VLCC,9.266,USD
2022-05-14,TD3C,Middle East Gulf to China,VLCC,9.269,USD
2022-05-15,TD3C,Middle East Gulf to China,VLCC,9.042,USD
2022-05-16,TD3C,Middle East Gulf to China,VLCC,9.227,USD
2022-05-17,TD3C,Middle East Gulf to China,VLCC,9.443,USD
2022-05-18,TD3C,Middle East Gulf to China,VLCC,9.335,USD
2022-05-19,TD3C,Middle East Gulf to China,VLCC,9.257,USD
2022-05-20,TD3C,Middle East Gulf to China,VLCC,9.27,USD
2022-05-21,TD3C,Middle East Gulf to China,VLCC,9.29,USD
2022-05-22,TD3C,Middle East Gulf to China,VLCC,9.352,USD
2022-05-23,TD3C,Middle East Gulf to China,VLCC,9.595,USD
2022-05-24,TD3C,Middle East Gulf to China,VLCC,9.542,USD
2022-05-25,TD3C,Middle East Gulf to China,VLCC,9.407,USD
2022-05-26,TD3C,Middle East Gulf to China,VLCC,9.195,USD
2022-05-27,TD3C,Middle East Gulf to China,VLCC,9.071,USD
2022-05-28,TD3C,Middle East Gulf to China,VLCC,9.043,USD
2022-05-29,TD3C,Middle East Gulf to China,VLCC,9.259,USD
2022-05-30,TD3C,Middle East Gulf to China,VLCC,9.163,USD
2022-05-31,TD3C,Middle East Gulf to China,VLCC,9.167,USD
2022-06-01,TD3C,Middle East Gulf to China,VLCC,9.139,USD
2022-06-02,TD3C,Middle East Gulf to China,VLCC,9.273,USD
2022-06-03,TD3C,Middle East Gulf to China,VLCC,9.584,USD
2022-06-04,TD3C,Middle East Gulf to China,VLCC,9.482,USD
2022-06-05,TD3C,Middle East Gulf to China,VLCC,9.388,USD
2022-06-06,TD3C,Middle East Gulf to China,VLCC,9.499,USD
2022-06-07,TD3C,Middle East Gulf to China,VLCC,9.56,USD
2022-06-08,TD3C,Middle East Gulf to China,VLCC,9.777,USD
2022-06-09,TD3C,Middle East Gulf to China,VLCC,9.823,USD
2022-06-10,TD3C,Middle East Gulf to China,VLCC,9.741,USD
2022-06-11,TD3C,Middle East Gulf to China,VLCC,9.788,USD
2022-06-12,TD3C,Middle East Gulf to China,VLCC,9.904,USD
2022-06-13,TD3C,Middle East Gulf to China,VLCC,9.979,USD
2022-06-14,TD3C,Middle East Gulf to China,VLCC,10.012,USD
2022-06-15,TD3C,Middle East Gulf to China,VLCC,10.12,USD
2022-06-16,TD3C,Middle East Gulf to China,VLCC,10.24,USD
2022-06-17,TD3C,Middle East Gulf to China,VLCC,10.387,USD
2022-06-18,TD3C,Middle East Gulf to China,VLCC,10.435,USD
2022-06-19,TD3C,Middle East Gulf to China,VLCC,10.373,USD
2022-06-20,TD3C,Middle East Gulf to China,VLCC,10.354,USD
2022-06-21,TD3C,Middle East Gulf to China,VLCC,10.477,USD
2022-06-22,TD3C,Middle East Gulf to China,VLCC,10.327,USD
2022-06-23,TD3C,Middle East Gulf to China,VLCC,10.338,USD
2022-06-24,TD3C,Middle East Gulf to China,VLCC,10.247,USD
2022-06-25,TD3C,Middle East Gulf to China,VLCC,10.213,USD
2022-06-26,TD3C,Middle East Gulf to China,VLCC,10.347,USD
2022-06-27,TD3C,Middle East Gulf to China,VLCC,10.334,USD
2022-06-28,TD3C,Middle East Gulf to China,VLCC,10.302,USD
2022-06-29,TD3C,Middle East Gulf to China,VLCC,10.082,USD
2022-06-30,TD3C,Middle East Gulf to China,VLCC,10.146,USD
2022-07-01,TD3C,Middle East Gulf to China,VLCC,10.196,USD
2022-07-02,TD3C,Middle East Gulf to China,VLCC,10.449,USD
2022-07-03,TD3C,Middle East Gulf to China,VLCC,10.368,USD
2022-07-04,TD3C,Middle East Gulf to China,VLCC,10.359,USD
2022-07-05,TD3C,Middle East Gulf to China,VLCC,10.355,USD
2022-07-06,TD3C,Middle East Gulf to China,VLCC,10.528,USD
2022-07-07,TD3C,Middle East Gulf to China,VLCC,10.475,USD
2022-07-08,TD3C,Middle East Gulf to China,VLCC,10.474,USD
2022-07-09,TD3C,Middle East Gulf to China,VLCC,10.516,USD
2022-07-10,TD3C,Middle East Gulf to China,VLCC,10.502,USD
2022-07-11,TD3C,Middle East Gulf to China,VLCC,10.403,USD
2022-07-12,TD3C,Middle East Gulf to China,VLCC,10.391,USD
2022-07-13,TD3C,Middle East Gulf to China,VLCC,10.498,USD
2022-07-14,TD3C,Middle East Gulf to China,VLCC,10.322,USD
2022-07-15,TD3C,Middle East Gulf to China,VLCC,10.303,USD
2022-07-16,TD3C,Middle East Gulf to China,VLCC,10.173,USD
2022-07-17,TD3C,Middle East Gulf to China,VLCC,10.298,USD
2022-07-18,TD3C,Middle East Gulf to China,VLCC,10.058,USD
2022-07-19,TD3C,Middle East Gulf to China,VLCC,9.95,USD
2022-07-20,TD3C,Middle East Gulf to China,VLCC,9.968,USD
2022-07-21,TD3C,Middle East Gulf to China,VLCC,10.146,USD
2022-07-22,TD3C,Middle East Gulf to China,VLCC,10.103,USD
2022-07-23,TD3C,Middle East Gulf to China,VLCC,9.996,USD
2022-07-24,TD3C,Middle East Gulf to China,VLCC,10.216,USD
2022-07-25,TD3C,Middle East Gulf to China,VLCC,9.988,USD
2022-07-26,TD3C,Middle East Gulf to China,VLCC,9.662,USD
2022-07-27,TD3C,Middle East Gulf to China,VLCC,9.693,USD
2022-07-28,TD3C,Middle East Gulf to China,VLCC,9.598,USD
2022-07-29,TD3C,Middle East Gulf to China,VLCC,9.435,USD
2022-07-30,TD3C,Middle East Gulf to China,VLCC,9.505,USD
2022-07-31,TD3C,Middle East Gulf to China,VLCC,9.512,USD
2022-08-01,TD3C,Middle East Gulf to China,VLCC,9.411,USD
2022-08-02,TD3C,Middle East Gulf to China,VLCC,9.215,USD
2022-08-03,TD3C,Middle East Gulf to China,VLCC,9.31,USD
2022-08-04,TD3C,Middle East Gulf to China,VLCC,9.375,USD
2022-08-05,TD3C,Middle East Gulf to China,VLCC,9.339,USD
2022-08-06,TD3C,Middle East Gulf to China,VLCC,9.563,USD
2022-08-07,TD3C,Middle East Gulf to China,VLCC,9.396,USD
2022-08-08,TD3C,Middle East Gulf to China,VLCC,9.169,USD
2022-08-09,TD3C,Middle East Gulf to China,VLCC,9.057,USD
2022-08-10,TD3C,Middle East Gulf to China,VLCC,9.032,USD
2022-08-11,TD3C,Middle East Gulf to China,VLCC,9.047,USD
2022-08-12,TD3C,Middle East Gulf to China,VLCC,8.996,USD
2022-08-13,TD3C,Middle East Gulf to China,VLCC,9.027,USD
2022-08-14,TD3C,Middle East Gulf to China,VLCC,8.842,USD
2022-08-15,TD3C,Middle East Gulf to China,VLCC,9.02,USD
2022-08-16,TD3C,Middle East Gulf to China,VLCC,8.993,USD
2022-08-17,TD3C,Middle East Gulf to China,VLCC,9.126,USD
2022-08-18,TD3C,Middle East Gulf to China,VLCC,9.155,USD
2022-08-19,TD3C,Middle East Gulf to China,VLCC,9.199,USD
2022-08-20,TD3C,Middle East Gulf to China,VLCC,9.259,USD
2022-08-21,TD3C,Middle East Gulf to China,VLCC,9.301,USD
2022-08-22,TD3C,Middle East Gulf to China,VLCC,9.37,USD
2022-08-23,TD3C,Middle East Gulf to China,VLCC,9.53,USD
2022-08-24,TD3C,Middle East Gulf to China,VLCC,9.537,USD
2022-08-25,TD3C,Middle East Gulf to China,VLCC,9.613,USD
2022-08-26,TD3C,Middle East Gulf to China,VLCC,9.582,USD
2022-08-27,TD3C,Middle East Gulf to China,VLCC,9.756,USD
2022-08-28,TD3C,Middle East Gulf to China,VLCC,9.645,USD
2022-08-29,TD3C,Middle East Gulf to China,VLCC,9.867,USD
2022-08-30,TD3C,Middle East Gulf to China,VLCC,9.841,USD
2022-08-31,TD3C,Middle East Gulf to China,VLCC,9.63,USD
2022-09-01,TD3C,Middle East Gulf to China,VLCC,9.629,USD
2022-09-02,TD3C,Middle East Gulf to China,VLCC,9.521,USD
2022-09-03,TD3C,Middle East Gulf to China,VLCC,9.618,USD
2022-09-04,TD3C,Middle East Gulf to China,VLCC,9.514,USD
2022-09-05,TD3C,Middle East Gulf to China,VLCC,9.439,USD
2022-09-06,TD3C,Middle East Gulf to China,VLCC,9.172,USD
2022-09-07,TD3C,Middle East Gulf to China,VLCC,9.101,USD
2022-09-08,TD3C,Middle East Gulf to China,VLCC,8.766,USD
2022-09-09,TD3C,Middle East Gulf to China,VLCC,8.548,USD
2022-09-10,TD3C,Middle East Gulf to China,VLCC,8.646,USD
2022-09-11,TD3C,Middle East Gulf to China,VLCC,8.747,USD
2022-09-12,TD3C,Middle East Gulf to China,VLCC,8.799,USD
2022-09-13,TD3C,Middle East Gulf to China,VLCC,8.664,USD
2022-09-14,TD3C,Middle East Gulf to China,VLCC,8.654,USD
2022-09-15,TD3C,Middle East Gulf to China,VLCC,8.651,USD
2022-09-16,TD3C,Middle East Gulf to China,VLCC,8.493,USD
2022-09-17,TD3C,Middle East Gulf to China,VLCC,8.694,USD
2022-09-18,TD3C,Middle East Gulf to China,VLCC,8.809,USD
2022-09-19,TD3C,Middle East Gulf to China,VLCC,8.776,USD
2022-09-20,TD3C,Middle East Gulf to China,VLCC,8.777,USD
2022-09-21,TD3C,Middle East Gulf to China,VLCC,8.803,USD
2022-09-22,TD3C,Middle East Gulf to China,VLCC,8.527,USD
2022-09-23,TD3C,Middle East Gulf to China,VLCC,8.495,USD
2022-09-24,TD3C,Middle East Gulf to China,VLCC,8.406,USD
2022-09-25,TD3C,Middle East Gulf to China,VLCC,8.274,USD
2022-09-26,TD3C,Middle East Gulf to China,VLCC,8.241,USD
2022-09-27,TD3C,Middle East Gulf to China,VLCC,8.487,USD
2022-09-28,TD3C,Middle East Gulf to China,VLCC,8.576,USD
2022-09-29,TD3C,Middle East Gulf to China,VLCC,8.502,USD
2022-09-30,TD3C,Middle East Gulf to China,VLCC,8.583,USD
2022-10-01,TD3C,Middle East Gulf to China,VLCC,8.773,USD
2022-10-02,TD3C,Middle East Gulf to China,VLCC,8.899,USD
2022-10-03,TD3C,Middle East Gulf to China,VLCC,8.907,USD
2022-10-04,TD3C,Middle East Gulf to China,VLCC,8.822,USD
2022-10-05,TD3C,Middle East Gulf to China,VLCC,8.917,USD
2022-10-06,TD3C,Middle East Gulf to China,VLCC,8.972,USD
2022-10-07,TD3C,Middle East Gulf to China,VLCC,9.093,USD
2022-10-08,TD3C,Middle East Gulf to China,VLCC,9.178,USD
2022-10-09,TD3C,Middle East Gulf to China,VLCC,9.319,USD
2022-10-10,TD3C,Middle East Gulf to China,VLCC,9.246,USD
2022-10-11,TD3C,Middle East Gulf to China,VLCC,9.422,USD
2022-10-12,TD3C,Middle East Gulf to China,VLCC,9.447,USD
2022-10-13,TD3C,Middle East Gulf to China,VLCC,9.723,USD
2022-10-14,TD3C,Middle East Gulf to China,VLCC,9.627,USD
2022-10-15,TD3C,Middle East Gulf to China,VLCC,9.857,USD
2022-10-16,TD3C,Middle East Gulf to China,VLCC,9.879,USD
2022-10-17,TD3C,Middle East Gulf to China,VLCC,9.787,USD
2022-10-18,TD3C,Middle East Gulf to China,VLCC,9.719,USD
2022-10-19,TD3C,Middle East Gulf to China,VLCC,9.674,USD
2022-10-20,TD3C,Middle East Gulf to China,VLCC,9.729,USD
2022-10-21,TD3C,Middle East Gulf to China,VLCC,9.797,USD
2022-10-22,TD3C,Middle East Gulf to China,VLCC,9.718,USD
2022-10-23,TD3C,Middle East Gulf to China,VLCC,9.714,USD
2022-10-24,TD3C,Middle East Gulf to China,VLCC,10.0,USD
2022-10-25,TD3C,Middle East Gulf to China,VLCC,10.228,USD
2022-10-26,TD3C,Middle East Gulf to China,VLCC,10.281,USD
2022-10-27,TD3C,Middle East Gulf to China,VLCC,10.28,USD
2022-10-28,TD3C,Middle East Gulf to China,VLCC,10.291,USD
2022-10-29,TD3C,Middle East Gulf to China,VLCC,10.368,USD
2022-10-30,TD3C,Middle East Gulf to China,VLCC,10.226,USD
2022-10-31,TD3C,Middle East Gulf to China,VLCC,10.187,USD
2022-11-01,TD3C,Middle East Gulf to China,VLCC,9.961,USD
2022-11-02,TD3C,Middle East Gulf to China,VLCC,10.013,USD
2022-11-03,TD3C,Middle East Gulf to China,VLCC,10.099,USD
2022-11-04,TD3C,Middle East Gulf to China,VLCC,10.032,USD
2022-11-05,TD3C,Middle East Gulf to China,VLCC,10.242,USD
2022-11-06,TD3C,Middle East Gulf to China,VLCC,10.076,USD
2022-11-07,TD3C,Middle East Gulf to China,VLCC,9.879,USD
2022-11-08,TD3C,Middle East Gulf to China,VLCC,9.91,USD
2022-11-09,TD3C,Middle East Gulf to China,VLCC,10.052,USD
2022-11-10,TD3C,Middle East Gulf to China,VLCC,10.278,USD
2022-11-11,TD3C,Middle East Gulf to China,VLCC,10.214,USD
2022-11-12,TD3C,Middle East Gulf to China,VLCC,10.358,USD
2022-11-13,TD3C,Middle East Gulf to China,VLCC,10.35,USD
2022-11-14,TD3C,Middle East Gulf to China,VLCC,10.325,USD
2022-11-15,TD3C,Middle East Gulf to China,VLCC,10.442,USD
2022-11-16,TD3C,Middle East Gulf to China,VLCC,10.527,USD
2022-11-17,TD3C,Middle East Gulf to China,VLCC,10.313,USD
2022-11-18,TD3C,Middle East Gulf to China,VLCC,10.51,USD
2022-11-19,TD3C,Middle East Gulf to China,VLCC,10.692,USD
2022-11-20,TD3C,Middle East Gulf to China,VLCC,10.604,USD
2022-11-21,TD3C,Middle East Gulf to China,VLCC,10.654,USD
2022-11-22,TD3C,Middle East Gulf to China,VLCC,10.716,USD
2022-11-23,TD3C,Middle East Gulf to China,VLCC,10.747,USD
2022-11-24,TD3C,Middle East Gulf to China,VLCC,10.669,USD
2022-11-25,TD3C,Middle East Gulf to China,VLCC,10.576,USD
2022-11-26,TD3C,Middle East Gulf to China,VLCC,10.57,USD
2022-11-27,TD3C,Middle East Gulf to China,VLCC,10.725,USD
2022-11-28,TD3C,Middle East Gulf to China,VLCC,10.795,USD
2022-11-29,TD3C,Middle East Gulf to China,VLCC,10.741,USD
2022-11-30,TD3C,Middle East Gulf to China,VLCC,10.841,USD
2022-12-01,TD3C,Middle East Gulf to China,VLCC,10.456,USD
2022-12-02,TD3C,Middle East Gulf to China,VLCC,10.609,USD
2022-12-03,TD3C,Middle East Gulf to China,VLCC,10.375,USD
2022-12-04,TD3C,Middle East Gulf to China,VLCC,10.327,USD
2022-12-05,TD3C,Middle East Gulf to China,VLCC,10.178,USD
2022-12-06,TD3C,Middle East Gulf to China,VLCC,10.008,USD
2022-12-07,TD3C,Middle East Gulf to China,VLCC,10.168,USD
2022-12-08,TD3C,Middle East Gulf to China,VLCC,10.109,USD
2022-12-09,TD3C,Middle East Gulf to China,VLCC,10.159,USD
2022-12-10,TD3C,Middle East Gulf to China,VLCC,10.156,USD
2022-12-11,TD3C,Middle East Gulf to China,VLCC,10.223,USD
2022-12-12,TD3C,Middle East Gulf to China,VLCC,10.236,USD
2022-12-13,TD3C,Middle East Gulf to China,VLCC,10.067,USD
2022-12-14,TD3C,Middle East Gulf to China,VLCC,10.205,USD
2022-12-15,TD3C,Middle East Gulf to China,VLCC,10.142,USD
2022-12-16,TD3C,Middle East Gulf to China,VLCC,9.937,USD
2022-12-17,TD3C,Middle East Gulf to China,VLCC,9.886,USD
2022-12-18,TD3C,Middle East Gulf to China,VLCC,10.093,USD
2022-12-19,TD3C,Middle East Gulf to China,VLCC,10.211,USD
2022-12-20,TD3C,Middle East Gulf to China,VLCC,10.168,USD
2022-12-21,TD3C,Middle East Gulf to China,VLCC,10.125,USD
2022-12-22,TD3C,Middle East Gulf to China,VLCC,10.086,USD
2022-12-23,TD3C,Middle East Gulf to China,VLCC,10.368,USD
2022-12-24,TD3C,Middle East Gulf to China,VLCC,10.42,USD
2022-12-25,TD3C,Middle East Gulf to China,VLCC,10.479,USD
2022-12-26,TD3C,Middle East Gulf to China,VLCC,10.617,USD
2022-12-27,TD3C,Middle East Gulf to China,VLCC,10.648,USD
2022-12-28,TD3C,Middle East Gulf to China,VLCC,10.612,USD
2022-12-29,TD3C,Middle East Gulf to China,VLCC,10.585,USD
2022-12-30,TD3C,Middle East Gulf to China,VLCC,10.574,USD
2022-12-31,TD3C,Middle East Gulf to China,VLCC,10.568,USD
2023-01-01,TD3C,Middle East Gulf to China,VLCC,10.665,USD
2023-01-02,TD3C,Middle East Gulf to China,VLCC,10.67,USD
2023-01-03,TD3C,Middle East Gulf to China,VLCC,10.766,USD
2023-01-04,TD3C,Middle East Gulf to China,VLCC,10.752,USD
2023-01-05,TD3C,Middle East Gulf to China,VLCC,10.759,USD
2023-01-06,TD3C,Middle East Gulf to China,VLCC,10.488,USD
2023-01-07,TD3C,Middle East Gulf to China,VLCC,10.61,USD
2023-01-08,TD3C,Middle East Gulf to China,VLCC,10.655,USD
2023-01-09,TD3C,Middle East Gulf to China,VLCC,10.786,USD
2023-01-10,TD3C,Middle East Gulf to China,VLCC,10.394,USD
2023-01-11,TD3C,Middle East Gulf to China,VLCC,10.673,USD
2023-01-12,TD3C,Middle East Gulf to China,VLCC,10.652,USD
2023-01-13,TD3C,Middle East Gulf to China,VLCC,10.797,USD
2023-01-14,TD3C,Middle East Gulf to China,VLCC,10.653,USD
2023-01-15,TD3C,Middle East Gulf to China,VLCC,10.732,USD
2023-01-16,TD3C,Middle East Gulf to China,VLCC,10.586,USD
2023-01-17,TD3C,Middle East Gulf to China,VLCC,10.5,USD
2023-01-18,TD3C,Middle East Gulf to China,VLCC,10.754,USD
2023-01-19,TD3C,Middle East Gulf to China,VLCC,10.723,USD
2023-01-20,TD3C,Middle East Gulf to China,VLCC,10.747,USD
2023-01-21,TD3C,Middle East Gulf to China,VLCC,10.859,USD
2023-01-22,TD3C,Middle East Gulf to China,VLCC,10.918,USD
2023-01-23,TD3C,Middle East Gulf to China,VLCC,10.931,USD
2023-01-24,TD3C,Middle East Gulf to China,VLCC,10.972,USD
2023-01-25,TD3C,Middle East Gulf to China,VLCC,11.286,USD
2023-01-26,TD3C,Middle East Gulf to China,VLCC,11.266,USD
2023-01-27,TD3C,Middle East Gulf to China,VLCC,11.281,USD
2023-01-28,TD3C,Middle East Gulf to China,VLCC,11.41,USD
2023-01-29,TD3C,Middle East Gulf to China,VLCC,11.544,USD
2023-01-30,TD3C,Middle East Gulf to China,VLCC,11.688,USD
2023-01-31,TD3C,Middle East Gulf to China,VLCC,11.757,USD
2023-02-01,TD3C,Middle East Gulf to China,VLCC,11.586,USD
2023-02-02,TD3C,Middle East Gulf to China,VLCC,11.789,USD
2023-02-03,TD3C,Middle East Gulf to China,VLCC,11.617,USD
2023-02-04,TD3C,Middle East Gulf to China,VLCC,11.64,USD
2023-02-05,TD3C,Middle East Gulf to China,VLCC,11.521,USD
2023-02-06,TD3C,Middle East Gulf to China,VLCC,11.496,USD
2023-02-07,TD3C,Middle East Gulf to China,VLCC,11.524,USD
2023-02-08,TD3C,Middle East Gulf to China,VLCC,11.55,USD
2023-02-09,TD3C,Middle East Gulf to China,VLCC,11.588,USD
2023-02-10,TD3C,Middle East Gulf to China,VLCC,11.786,USD
2023-02-11,TD3C,Middle East Gulf to China,VLCC,11.826,USD
2023-02-12,TD3C,Middle East Gulf to China,VLCC,11.772,USD
2023-02-13,TD3C,Middle East Gulf to China,VLCC,11.88,USD
2023-02-14,TD3C,Middle East Gulf to China,VLCC,12.017,USD
2023-02-15,TD3C,Middle East Gulf to China,VLCC,11.829,USD
2023-02-16,TD3C,Middle East Gulf to China,VLCC,11.886,USD
2023-02-17,TD3C,Middle East Gulf to China,VLCC,11.957,USD
2023-02-18,TD3C,Middle East Gulf to China,VLCC,11.893,USD
2023-02-19,TD3C,Middle East Gulf to China,VLCC,12.053,USD
2023-02-20,TD3C,Middle East Gulf to China,VLCC,12.007,USD
2023-02-21,TD3C,Middle East Gulf to China,VLCC,11.998,USD
2023-02-22,TD3C,Middle East Gulf to China,VLCC,11.949,USD
2023-02-23,TD3C,Middle East Gulf to China,VLCC,11.925,USD
2023-02-24,TD3C,Middle East Gulf to China,VLCC,11.752,USD
2023-02-25,TD3C,Middle East Gulf to China,VLCC,11.535,USD
2023-02-26,TD3C,Middle East Gulf to China,VLCC,11.726,USD
2023-02-27,TD3C,Middle East Gulf to China,VLCC,11.588,USD
2023-02-28,TD3C,Middle East Gulf to China,VLCC,11.431,USD
2023-03-01,TD3C,Middle East Gulf to China,VLCC,11.12,USD
2023-03-02,TD3C,Middle East Gulf to China,VLCC,11.015,USD
2023-03-03,TD3C,Middle East Gulf to China,VLCC,10.819,USD
2023-03-04,TD3C,Middle East Gulf to China,VLCC,11.021,USD
2023-03-05,TD3C,Middle East Gulf to China,VLCC,11.137,USD
2023-03-06,TD3C,Middle East Gulf to China,VLCC,11.023,USD
2023-03-07,TD3C,Middle East Gulf to China,VLCC,11.304,USD
2023-03-08,TD3C,Middle East Gulf to China,VLCC,11.412,USD
2023-03-09,TD3C,Middle East Gulf to China,VLCC,11.344,USD
2023-03-10,TD3C,Middle East Gulf to China,VLCC,10.984,USD
2023-03-11,TD3C,Middle East Gulf to China,VLCC,11.27,USD
2023-03-12,TD3C,Middle East Gulf to China,VLCC,11.059,USD
2023-03-13,TD3C,Middle East Gulf to China,VLCC,10.816,USD
2023-03-14,TD3C,Middle East Gulf to China,VLCC,10.932,USD
2023-03-15,TD3C,Middle East Gulf to China,VLCC,11.236,USD
2023-03-16,TD3C,Middle East Gulf to China,VLCC,11.396,USD
2023-03-17,TD3C,Middle East Gulf to China,VLCC,11.444,USD
2023-03-18,TD3C,Middle East Gulf to China,VLCC,11.495,USD
2023-03-19,TD3C,Middle East Gulf to China,VLCC,11.58,USD
2023-03-20,TD3C,Middle East Gulf to China,VLCC,11.651,USD
2023-03-21,TD3C,Middle East Gulf to China,VLCC,11.657,USD
2023-03-22,TD3C,Middle East Gulf to China,VLCC,11.639,USD
2023-03-23,TD3C,Middle East Gulf to China,VLCC,11.598,USD
2023-03-24,TD3C,Middle East Gulf to China,VLCC,11.465,USD
2023-03-25,TD3C,Middle East Gulf to China,VLCC,11.397,USD
2023-03-26,TD3C,Middle East Gulf to China,VLCC,11.139,USD
2023-03-27,TD3C,Middle East Gulf to China,VLCC,11.098,USD
2023-03-28,TD3C,Middle East Gulf to China,VLCC,10.937,USD
2023-03-29,TD3C,Middle East Gulf to China,VLCC,10.762,USD
2023-03-30,TD3C,Middle East Gulf to China,VLCC,10.76,USD
2023-03-31,TD3C,Middle East Gulf to China,VLCC,10.92,USD
2023-04-01,TD3C,Middle East Gulf to China,VLCC,11.015,USD
2023-04-02,TD3C,Middle East Gulf to China,VLCC,10.776,USD
2023-04-03,TD3C,Middle East Gulf to China,VLCC,10.616,USD
2023-04-04,TD3C,Middle East Gulf to China,VLCC,10.716,USD
2023-04-05,TD3C,Middle East Gulf to China,VLCC,10.557,USD
2023-04-06,TD3C,Middle East Gulf to China,VLCC,10.501,USD
2023-04-07,TD3C,Middle East Gulf to China,VLCC,10.548,USD
2023-04-08,TD3C,Middle East Gulf to China,VLCC,10.392,USD
2023-04-09,TD3C,Middle East Gulf to China,VLCC,10.381,USD
2023-04-10,TD3C,Middle East Gulf to China,VLCC,10.176,USD
2023-04-11,TD3C,Middle East Gulf to China,VLCC,10.072,USD
2023-04-12,TD3C,Middle East Gulf to China,VLCC,10.091,USD
2023-04-13,TD3C,Middle East Gulf to China,VLCC,9.854,USD
2023-04-14,TD3C,Middle East Gulf to China,VLCC,9.892,USD
2023-04-15,TD3C,Middle East Gulf to China,VLCC,9.867,USD
2023-04-16,TD3C,Middle East Gulf to China,VLCC,9.918,USD
2023-04-17,TD3C,Middle East Gulf to China,VLCC,9.925,USD
2023-04-18,TD3C,Middle East Gulf to China,VLCC,10.084,USD
2023-04-19,TD3C,Middle East Gulf to China,VLCC,10.075,USD
2023-04-20,TD3C,Middle East Gulf to China,VLCC,9.992,USD
2023-04-21,TD3C,Middle East Gulf to China,VLCC,9.983,USD
2023-04-22,TD3C,Middle East Gulf to China,VLCC,10.03,USD
2023-04-23,TD3C,Middle East Gulf to China,VLCC,10.01,USD
2023-04-24,TD3C,Middle East Gulf to China,VLCC,9.989,USD
2023-04-25,TD3C,Middle East Gulf to China,VLCC,9.869,USD
2023-04-26,TD3C,Middle East Gulf to China,VLCC,9.755,USD
2023-04-27,TD3C,Middle East Gulf to China,VLCC,9.542,USD
2023-04-28,TD3C,Middle East Gulf to China,VLCC,9.754,USD
2023-04-29,TD3C,Middle East Gulf to China,VLCC,9.562,USD
2023-04-30,TD3C,Middle East Gulf to China,VLCC,9.446,USD
2023-05-01,TD3C,Middle East Gulf to China,VLCC,9.327,USD
2023-05-02,TD3C,Middle East Gulf to China,VLCC,9.425,USD
2023-05-03,TD3C,Middle East Gulf to China,VLCC,9.363,USD
2023-05-04,TD3C,Middle East Gulf to China,VLCC,9.507,USD
2023-05-05,TD3C,Middle East Gulf to China,VLCC,9.393,USD
2023-05-06,TD3C,Middle East Gulf to China,VLCC,9.407,USD
2023-05-07,TD3C,Middle East Gulf to China,VLCC,9.271,USD
2023-05-08,TD3C,Middle East Gulf to China,VLCC,9.536,USD
2023-05-09,TD3C,Middle East Gulf to China,VLCC,9.351,USD
2023-05-10,TD3C,Middle East Gulf to China,VLCC,9.369,USD
2023-05-11,TD3C,Middle East Gulf to China,VLCC,9.429,USD
2023-05-12,TD3C,Middle East Gulf to China,VLCC,9.46,USD
2023-05-13,TD3C,Middle East Gulf to China,VLCC,9.409,USD
2023-05-14,TD3C,Middle East Gulf to China,VLCC,9.367,USD
2023-05-15,TD3C,Middle East Gulf to China,VLCC,9.347,USD
2023-05-16,TD3C,Middle East Gulf to China,VLCC,9.302,USD
2023-05-17,TD3C,Middle East Gulf to China,VLCC,9.407,USD
2023-05-18,TD3C,Middle East Gulf to China,VLCC,9.676,USD
2023-05-19,TD3C,Middle East Gulf to China,VLCC,9.573,USD
2023-05-20,TD3C,Middle East Gulf to China,VLCC,9.361,USD
2023-05-21,TD3C,Middle East Gulf to China,VLCC,9.323,USD
2023-05-22,TD3C,Middle East Gulf to China,VLCC,9.643,USD
2023-05-23,TD3C,Middle East Gulf to China,VLCC,9.506,USD
2023-05-24,TD3C,Middle East Gulf to China,VLCC,9.697,USD
2023-05-25,TD3C,Middle East Gulf to China,VLCC,9.891,USD
2023-05-26,TD3C,Middle East Gulf to China,VLCC,9.785,USD
2023-05-27,TD3C,Middle East Gulf to China,VLCC,9.83,USD
2023-05-28,TD3C,Middle East Gulf to China,VLCC,10.016,USD
2023-05-29,TD3C,Middle East Gulf to China,VLCC,9.931,USD
2023-05-30,TD3C,Middle East Gulf to China,VLCC,9.871,USD
2023-05-31,TD3C,Middle East Gulf to China,VLCC,9.76,USD
2023-06-01,TD3C,Middle East Gulf to China,VLCC,9.592,USD
2023-06-02,TD3C,Middle East Gulf to China,VLCC,9.475,USD
2023-06-03,TD3C,Middle East Gulf to China,VLCC,9.282,USD
2023-06-04,TD3C,Middle East Gulf to China,VLCC,9.26,USD
2023-06-05,TD3C,Middle East Gulf to China,VLCC,9.129,USD
2023-06-06,TD3C,Middle East Gulf to China,VLCC,9.135,USD
2023-06-07,TD3C,Middle East Gulf to China,VLCC,8.9,USD
2023-06-08,TD3C,Middle East Gulf to China,VLCC,8.921,USD
2023-06-09,TD3C,Middle East Gulf to China,VLCC,9.008,USD
2023-06-10,TD3C,Middle East Gulf to China,VLCC,8.717,USD
2023-06-11,TD3C,Middle East Gulf to China,VLCC,8.744,USD
2023-06-12,TD3C,Middle East Gulf to China,VLCC,8.886,USD
2023-06-13,TD3C,Middle East Gulf to China,VLCC,8.7,USD
2023-06-14,TD3C,Middle East Gulf to China,VLCC,8.902,USD
2023-06-15,TD3C,Middle East Gulf to China,VLCC,8.934,USD
2023-06-16,TD3C,Middle East Gulf to China,VLCC,8.815,USD
2023-06-17,TD3C,Middle East Gulf to China,VLCC,8.784,USD
2023-06-18,TD3C,Middle East Gulf to China,VLCC,8.836,USD
2023-06-19,TD3C,Middle East Gulf to China,VLCC,8.823,USD
2023-06-20,TD3C,Middle East Gulf to China,VLCC,8.871,USD
2023-06-21,TD3C,Middle East Gulf to China,VLCC,8.724,USD
2023-06-22,TD3C,Middle East Gulf to China,VLCC,8.724,USD
2023-06-23,TD3C,Middle East Gulf to China,VLCC,8.513,USD
2023-06-24,TD3C,Middle East Gulf to China,VLCC,8.478,USD
2023-06-25,TD3C,Middle East Gulf to China,VLCC,8.337,USD
2023-06-26,TD3C,Middle East Gulf to China,VLCC,8.22,USD
2023-06-27,TD3C,Middle East Gulf to China,VLCC,8.368,USD
2023-06-28,TD3C,Middle East Gulf to China,VLCC,8.495,USD
2023-06-29,TD3C,Middle East Gulf to China,VLCC,8.557,USD
2023-06-30,TD3C,Middle East Gulf to China,VLCC,8.39,USD
2023-07-01,TD3C,Middle East Gulf to China,VLCC,8.329,USD
2023-07-02,TD3C,Middle East Gulf to China,VLCC,8.473,USD
2023-07-03,TD3C,Middle East Gulf to China,VLCC,8.473,USD
2023-07-04,TD3C,Middle East Gulf to China,VLCC,8.764,USD
2023-07-05,TD3C,Middle East Gulf to China,VLCC,8.794,USD
2023-07-06,TD3C,Middle East Gulf to China,VLCC,8.798,USD
2023-07-07,TD3C,Middle East Gulf to China,VLCC,8.734,USD
2023-07-08,TD3C,Middle East Gulf to China,VLCC,8.73,USD
2023-07-09,TD3C,Middle East Gulf to China,VLCC,8.688,USD
2023-07-10,TD3C,Middle East Gulf to China,VLCC,8.762,USD
2023-07-11,TD3C,Middle East Gulf to China,VLCC,8.869,USD
2023-07-12,TD3C,Middle East Gulf to China,VLCC,8.741,USD
2023-07-13,TD3C,Middle East Gulf to China,VLCC,8.542,USD
2023-07-14,TD3C,Middle East Gulf to China,VLCC,8.277,USD
2023-07-15,TD3C,Middle East Gulf to China,VLCC,8.329,USD
2023-07-16,TD3C,Middle East Gulf to China,VLCC,8.164,USD
2023-07-17,TD3C,Middle East Gulf to China,VLCC,7.862,USD
2023-07-18,TD3C,Middle East Gulf to China,VLCC,7.902,USD
2023-07-19,TD3C,Middle East Gulf to China,VLCC,8.224,USD
2023-07-20,TD3C,Middle East Gulf to China,VLCC,8.208,USD
2023-07-21,TD3C,Middle East Gulf to China,VLCC,8.306,USD
2023-07-22,TD3C,Middle East Gulf to China,VLCC,8.302,USD
2023-07-23,TD3C,Middle East Gulf to China,VLCC,8.273,USD
2023-07-24,TD3C,Middle East Gulf to China,VLCC,8.382,USD
2023-07-25,TD3C,Middle East Gulf to China,VLCC,8.327,USD
2023-07-26,TD3C,Middle East Gulf to China,VLCC,8.348,USD
2023-07-27,TD3C,Middle East Gulf to China,VLCC,8.377,USD
2023-07-28,TD3C,Middle East Gulf to China,VLCC,8.272,USD
2023-07-29,TD3C,Middle East Gulf to China,VLCC,8.392,USD
2023-07-30,TD3C,Middle East Gulf to China,VLCC,8.354,USD
2023-07-31,TD3C,Middle East Gulf to China,VLCC,8.239,USD
2023-08-01,TD3C,Middle East Gulf to China,VLCC,8.298,USD
2023-08-02,TD3C,Middle East Gulf to China,VLCC,8.165,USD
2023-08-03,TD3C,Middle East Gulf to China,VLCC,8.157,USD
2023-08-04,TD3C,Middle East Gulf to China,VLCC,8.145,USD
2023-08-05,TD3C,Middle East Gulf to China,VLCC,8.279,USD
2023-08-06,TD3C,Middle East Gulf to China,VLCC,8.331,USD
2023-08-07,TD3C,Middle East Gulf to China,VLCC,8.316,USD
2023-08-08,TD3C,Middle East Gulf to China,VLCC,8.414,USD
2023-08-09,TD3C,Middle East Gulf to China,VLCC,8.587,USD
2023-08-10,TD3C,Middle East Gulf to China,VLCC,8.648,USD
2023-08-11,TD3C,Middle East Gulf to China,VLCC,8.635,USD
2023-08-12,TD3C,Middle East Gulf to China,VLCC,8.446,USD
2023-08-13,TD3C,Middle East Gulf to China,VLCC,8.292,USD
2023-08-14,TD3C,Middle East Gulf to China,VLCC,8.241,USD
2023-08-15,TD3C,Middle East Gulf to China,VLCC,8.151,USD
2023-08-16,TD3C,Middle East Gulf to China,VLCC,8.118,USD
2023-08-17,TD3C,Middle East Gulf to China,VLCC,8.118,USD
2023-08-18,TD3C,Middle East Gulf to China,VLCC,8.182,USD
2023-08-19,TD3C,Middle East Gulf to China,VLCC,8.166,USD
2023-08-20,TD3C,Middle East Gulf to China,VLCC,8.224,USD
2023-08-21,TD3C,Middle East Gulf to China,VLCC,8.226,USD
2023-08-22,TD3C,Middle East Gulf to China,VLCC,7.955,USD
2023-08-23,TD3C,Middle East Gulf to China,VLCC,7.825,USD
2023-08-24,TD3C,Middle East Gulf to China,VLCC,7.804,USD
2023-08-25,TD3C,Middle East Gulf to China,VLCC,7.64,USD
2023-08-26,TD3C,Middle East Gulf to China,VLCC,7.721,USD
2023-08-27,TD3C,Middle East Gulf to China,VLCC,7.926,USD
2023-08-28,TD3C,Middle East Gulf to China,VLCC,8.087,USD
2023-08-29,TD3C,Middle East Gulf to China,VLCC,8.055,USD
2023-08-30,TD3C,Middle East Gulf to China,VLCC,8.252,USD
2023-08-31,TD3C,Middle East Gulf to China,VLCC,8.268,USD
2023-09-01,TD3C,Middle East Gulf to China,VLCC,8.219,USD
2023-09-02,TD3C,Middle East Gulf to China,VLCC,8.134,USD
2023-09-03,TD3C,Middle East Gulf to China,VLCC,8.091,USD
2023-09-04,TD3C,Middle East Gulf to China,VLCC,8.038,USD
2023-09-05,TD3C,Middle East Gulf to China,VLCC,8.061,USD
2023-09-06,TD3C,Middle East Gulf to China,VLCC,8.082,USD
2023-09-07,TD3C,Middle East Gulf to China,VLCC,8.082,USD
2023-09-08,TD3C,Middle East Gulf to China,VLCC,8.141,USD
2023-09-09,TD3C,Middle East Gulf to China,VLCC,8.3,USD
2023-09-10,TD3C,Middle East Gulf to China,VLCC,8.426,USD
2023-09-11,TD3C,Middle East Gulf to China,VLCC,8.225,USD
2023-09-12,TD3C,Middle East Gulf to China,VLCC,7.884,USD
2023-09-13,TD3C,Middle East Gulf to China,VLCC,8.013,USD
2023-09-14,TD3C,Middle East Gulf to China,VLCC,7.833,USD
2023-09-15,TD3C,Middle East Gulf to China,VLCC,7.808,USD
2023-09-16,TD3C,Middle East Gulf to China,VLCC,7.657,USD
2023-09-17,TD3C,Middle East Gulf to China,VLCC,7.423,USD
2023-09-18,TD3C,Middle East Gulf to China,VLCC,7.506,USD
2023-09-19,TD3C,Middle East Gulf to China,VLCC,7.618,USD
2023-09-20,TD3C,Middle East Gulf to China,VLCC,7.55,USD
2023-09-21,TD3C,Middle East Gulf to China,VLCC,7.213,USD
2023-09-22,TD3C,Middle East Gulf to China,VLCC,7.154,USD
2023-09-23,TD3C,Middle East Gulf to China,VLCC,7.221,USD
2023-09-24,TD3C,Middle East Gulf to China,VLCC,7.037,USD
2023-09-25,TD3C,Middle East Gulf to China,VLCC,7.078,USD
2023-09-26,TD3C,Middle East Gulf to China,VLCC,7.093,USD
2023-09-27,TD3C,Middle East Gulf to China,VLCC,7.187,USD
2023-09-28,TD3C,Middle East Gulf to China,VLCC,7.219,USD
2023-09-29,TD3C,Middle East Gulf to China,VLCC,7.105,USD
2023-09-30,TD3C,Middle East Gulf to China,VLCC,7.283,USD
2023-10-01,TD3C,Middle East Gulf to China,VLCC,7.278,USD
2023-10-02,TD3C,Middle East Gulf to China,VLCC,7.291,USD
2023-10-03,TD3C,Middle East Gulf to China,VLCC,7.183,USD
2023-10-04,TD3C,Middle East Gulf to China,VLCC,7.142,USD
2023-10-05,TD3C,Middle East Gulf to China,VLCC,7.042,USD
2023-10-06,TD3C,Middle East Gulf to China,VLCC,7.039,USD
2023-10-07,TD3C,Middle East Gulf to China,VLCC,7.289,USD
2023-10-08,TD3C,Middle East Gulf to China,VLCC,7.124,USD
2023-10-09,TD3C,Middle East Gulf to China,VLCC,6.928,USD
2023-10-10,TD3C,Middle East Gulf to China,VLCC,7.148,USD
2023-10-11,TD3C,Middle East Gulf to China,VLCC,7.141,USD
2023-10-12,TD3C,Middle East Gulf to China,VLCC,7.073,USD
2023-10-13,TD3C,Middle East Gulf to China,VLCC,7.234,USD
2023-10-14,TD3C,Middle East Gulf to China,VLCC,7.174,USD
2023-10-15,TD3C,Middle East Gulf to China,VLCC,7.441,USD
2023-10-16,TD3C,Middle East Gulf to China,VLCC,7.551,USD
2023-10-17,TD3C,Middle East Gulf to China,VLCC,7.504,USD
2023-10-18,TD3C,Middle East Gulf to China,VLCC,7.813,USD
2023-10-19,TD3C,Middle East Gulf to China,VLCC,7.748,USD
2023-10-20,TD3C,Middle East Gulf to China,VLCC,7.865,USD
2023-10-21,TD3C,Middle East Gulf to China,VLCC,7.922,USD
2023-10-22,TD3C,Middle East Gulf to China,VLCC,8.113,USD
2023-10-23,TD3C,Middle East Gulf to China,VLCC,8.337,USD
2023-10-24,TD3C,Middle East Gulf to China,VLCC,8.354,USD
2023-10-25,TD3C,Middle East Gulf to China,VLCC,8.267,USD
2023-10-26,TD3C,Middle East Gulf to China,VLCC,8.342,USD
2023-10-27,TD3C,Middle East Gulf to China,VLCC,8.266,USD
2023-10-28,TD3C,Middle East Gulf to China,VLCC,8.55,USD
2023-10-29,TD3C,Middle East Gulf to China,VLCC,8.58,USD
2023-10-30,TD3C,Middle East Gulf to China,VLCC,8.544,USD
2023-10-31,TD3C,Middle East Gulf to China,VLCC,8.581,USD
2023-11-01,TD3C,Middle East Gulf to China,VLCC,8.414,USD
2023-11-02,TD3C,Middle East Gulf to China,VLCC,8.298,USD
2023-11-03,TD3C,Middle East Gulf to China,VLCC,8.475,USD
2023-11-04,TD3C,Middle East Gulf to China,VLCC,8.402,USD
2023-11-05,TD3C,Middle East Gulf to China,VLCC,8.277,USD
2023-11-06,TD3C,Middle East Gulf to China,VLCC,8.366,USD
2023-11-07,TD3C,Middle East Gulf to China,VLCC,8.541,USD
2023-11-08,TD3C,Middle East Gulf to China,VLCC,8.652,USD
2023-11-09,TD3C,Middle East Gulf to China,VLCC,8.8,USD
2023-11-10,TD3C,Middle East Gulf to China,VLCC,8.711,USD
2023-11-11,TD3C,Middle East Gulf to China,VLCC,8.534,USD
2023-11-12,TD3C,Middle East Gulf to China,VLCC,8.751,USD
2023-11-13,TD3C,Middle East Gulf to China,VLCC,8.722,USD
2023-11-14,TD3C,Middle East Gulf to China,VLCC,8.703,USD
2023-11-15,TD3C,Middle East Gulf to China,VLCC,8.895,USD
2023-11-16,TD3C,Middle East Gulf to China,VLCC,8.983,USD
2023-11-17,TD3C,Middle East Gulf to China,VLCC,9.056,USD
2023-11-18,TD3C,Middle East Gulf to China,VLCC,9.358,USD
2023-11-19,TD3C,Middle East Gulf to China,VLCC,9.28,USD
2023-11-20,TD3C,Middle East Gulf to China,VLCC,9.414,USD
2023-11-21,TD3C,Middle East Gulf to China,VLCC,9.431,USD
2023-11-22,TD3C,Middle East Gulf to China,VLCC,9.475,USD
2023-11-23,TD3C,Middle East Gulf to China,VLCC,9.688,USD
2023-11-24,TD3C,Middle East Gulf to China,VLCC,9.763,USD
2023-11-25,TD3C,Middle East Gulf to China,VLCC,9.841,USD
2023-11-26,TD3C,Middle East Gulf to China,VLCC,9.989,USD
2023-11-27,TD3C,Middle East Gulf to China,VLCC,9.944,USD
2023-11-28,TD3C,Middle East Gulf to China,VLCC,9.836,USD
2023-11-29,TD3C,Middle East Gulf to China,VLCC,9.702,USD
2023-11-30,TD3C,Middle East Gulf to China,VLCC,9.446,USD
2023-12-01,TD3C,Middle East Gulf to China,VLCC,9.731,USD
2023-12-02,TD3C,Middle East Gulf to China,VLCC,9.59,USD
2023-12-03,TD3C,Middle East Gulf to China,VLCC,9.569,USD
2023-12-04,TD3C,Middle East Gulf to China,VLCC,9.541,USD
2023-12-05,TD3C,Middle East Gulf to China,VLCC,9.591,USD
2023-12-06,TD3C,Middle East Gulf to China,VLCC,9.709,USD
2023-12-07,TD3C,Middle East Gulf to China,VLCC,9.832,USD
2023-12-08,TD3C,Middle East Gulf to China,VLCC,9.761,USD
2023-12-09,TD3C,Middle East Gulf to China,VLCC,9.745,USD
2023-12-10,TD3C,Middle East Gulf to China,VLCC,9.791,USD
2023-12-11,TD3C,Middle East Gulf to China,VLCC,9.765,USD
2023-12-12,TD3C,Middle East Gulf to China,VLCC,9.987,USD
2023-12-13,TD3C,Middle East Gulf to China,VLCC,10.058,USD
2023-12-14,TD3C,Middle East Gulf to China,VLCC,10.161,USD
2023-12-15,TD3C,Middle East Gulf to China,VLCC,10.253,USD
2023-12-16,TD3C,Middle East Gulf to China,VLCC,10.413,USD
2023-12-17,TD3C,Middle East Gulf to China,VLCC,10.438,USD
2023-12-18,TD3C,Middle East Gulf to China,VLCC,10.266,USD
2023-12-19,TD3C,Middle East Gulf to China,VLCC,10.322,USD
2023-12-20,TD3C,Middle East Gulf to China,VLCC,10.237,USD
2023-12-21,TD3C,Middle East Gulf to China,VLCC,10.169,USD
2023-12-22,TD3C,Middle East Gulf to China,VLCC,10.251,USD
2023-12-23,TD3C,Middle East Gulf to China,VLCC,10.419,USD
2023-12-24,TD3C,Middle East Gulf to China,VLCC,10.423,USD
2023-12-25,TD3C,Middle East Gulf to China,VLCC,10.465,USD
2023-12-26,TD3C,Middle East Gulf to China,VLCC,10.694,USD
2023-12-27,TD3C,Middle East Gulf to China,VLCC,10.724,USD
2023-12-28,TD3C,Middle East Gulf to China,VLCC,11.07,USD
2023-12-29,TD3C,Middle East Gulf to China,VLCC,11.14,USD
2023-12-30,TD3C,Middle East Gulf to China,VLCC,10.898,USD
2023-12-31,TD3C,Middle East Gulf to China,VLCC,10.994,USD
2024-01-01,TD3C,Middle East Gulf to China,VLCC,11.04,USD
2024-01-02,TD3C,Middle East Gulf to China,VLCC,11.207,USD
2024-01-03,TD3C,Middle East Gulf to China,VLCC,11.29,USD
2024-01-04,TD3C,Middle East Gulf to China,VLCC,11.263,USD
2024-01-05,TD3C,Middle East Gulf to China,VLCC,11.091,USD
2024-01-06,TD3C,Middle East Gulf to China,VLCC,11.056,USD
2024-01-07,TD3C,Middle East Gulf to China,VLCC,10.936,USD
2024-01-08,TD3C,Middle East Gulf to China,VLCC,10.853,USD
2024-01-09,TD3C,Middle East Gulf to China,VLCC,10.927,USD
2024-01-10,TD3C,Middle East Gulf to China,VLCC,11.146,USD
2024-01-11,TD3C,Middle East Gulf to China,VLCC,11.191,USD
2024-01-12,TD3C,Middle East Gulf to China,VLCC,11.022,USD
2024-01-13,TD3C,Middle East Gulf to China,VLCC,11.075,USD
2024-01-14,TD3C,Middle East Gulf to China,VLCC,11.228,USD
2024-01-15,TD3C,Middle East Gulf to China,VLCC,11.137,USD
2024-01-16,TD3C,Middle East Gulf to China,VLCC,11.111,USD
2024-01-17,TD3C,Middle East Gulf to China,VLCC,11.104,USD
2024-01-18,TD3C,Middle East Gulf to China,VLCC,10.991,USD
2024-01-19,TD3C,Middle East Gulf to China,VLCC,11.07,USD
2024-01-20,TD3C,Middle East Gulf to China,VLCC,11.046,USD
2024-01-21,TD3C,Middle East Gulf to China,VLCC,11.094,USD
2024-01-22,TD3C,Middle East Gulf to China,VLCC,10.966,USD
2024-01-23,TD3C,Middle East Gulf to China,VLCC,10.9,USD
2024-01-24,TD3C,Middle East Gulf to China,VLCC,10.989,USD
2024-01-25,TD3C,Middle East Gulf to China,VLCC,10.93,USD
2024-01-26,TD3C,Middle East Gulf to China,VLCC,11.153,USD
2024-01-27,TD3C,Middle East Gulf to China,VLCC,11.089,USD
2024-01-28,TD3C,Middle East Gulf to China,VLCC,11.109,USD
2024-01-29,TD3C,Middle East Gulf to China,VLCC,11.224,USD
2024-01-30,TD3C,Middle East Gulf to China,VLCC,11.022,USD
2024-01-31,TD3C,Middle East Gulf to China,VLCC,10.776,USD
2024-02-01,TD3C,Middle East Gulf to China,VLCC,10.564,USD
2024-02-02,TD3C,Middle East Gulf to China,VLCC,10.727,USD
2024-02-03,TD3C,Middle East Gulf to China,VLCC,10.645,USD
2024-02-04,TD3C,Middle East Gulf to China,VLCC,10.98,USD
2024-02-05,TD3C,Middle East Gulf to China,VLCC,10.894,USD
2024-02-06,TD3C,Middle East Gulf to China,VLCC,10.908,USD
2024-02-07,TD3C,Middle East Gulf to China,VLCC,11.104,USD
2024-02-08,TD3C,Middle East Gulf to China,VLCC,11.359,USD
2024-02-09,TD3C,Middle East Gulf to China,VLCC,11.619,USD
2024-02-10,TD3C,Middle East Gulf to China,VLCC,11.762,USD
2024-02-11,TD3C,Middle East Gulf to China,VLCC,11.879,USD
2024-02-12,TD3C,Middle East Gulf to China,VLCC,11.937,USD
2024-02-13,TD3C,Middle East Gulf to China,VLCC,12.018,USD
2024-02-14,TD3C,Middle East Gulf to China,VLCC,11.921,USD
2024-02-15,TD3C,Middle East Gulf to China,VLCC,11.788,USD
2024-02-16,TD3C,Middle East Gulf to China,VLCC,11.766,USD
2024-02-17,TD3C,Middle East Gulf to China,VLCC,11.721,USD
2024-02-18,TD3C,Middle East Gulf to China,VLCC,11.638,USD
2024-02-19,TD3C,Middle East Gulf to China,VLCC,11.71,USD
2024-02-20,TD3C,Middle East Gulf to China,VLCC,11.815,USD
2024-02-21,TD3C,Middle East Gulf to China,VLCC,11.803,USD
2024-02-22,TD3C,Middle East Gulf to China,VLCC,11.977,USD
2024-02-23,TD3C,Middle East Gulf to China,VLCC,11.798,USD
2024-02-24,TD3C,Middle East Gulf to China,VLCC,11.748,USD
2024-02-25,TD3C,Middle East Gulf to China,VLCC,11.627,USD
2024-02-26,TD3C,Middle East Gulf to China,VLCC,11.354,USD
2024-02-27,TD3C,Middle East Gulf to China,VLCC,11.322,USD
2024-02-28,TD3C,Middle East Gulf to China,VLCC,11.284,USD
2024-02-29,TD3C,Middle East Gulf to China,VLCC,11.466,USD
2024-03-01,TD3C,Middle East Gulf to China,VLCC,11.527,USD
2024-03-02,TD3C,Middle East Gulf to China,VLCC,11.366,USD
2024-03-03,TD3C,Middle East Gulf to China,VLCC,11.591,USD
2024-03-04,TD3C,Middle East Gulf to China,VLCC,11.729,USD
2024-03-05,TD3C,Middle East Gulf to China,VLCC,11.78,USD
2024-03-06,TD3C,Middle East Gulf to China,VLCC,11.721,USD
2024-03-07,TD3C,Middle East Gulf to China,VLCC,11.565,USD
2024-03-08,TD3C,Middle East Gulf to China,VLCC,11.489,USD
2024-03-09,TD3C,Middle East Gulf to China,VLCC,11.608,USD
2024-03-10,TD3C,Middle East Gulf to China,VLCC,11.833,USD
2024-03-11,TD3C,Middle East Gulf to China,VLCC,12.009,USD
2024-03-12,TD3C,Middle East Gulf to China,VLCC,11.911,USD
2024-03-13,TD3C,Middle East Gulf to China,VLCC,11.73,USD
2024-03-14,TD3C,Middle East Gulf to China,VLCC,11.718,USD
2024-03-15,TD3C,Middle East Gulf to China,VLCC,11.451,USD
2024-03-16,TD3C,Middle East Gulf to China,VLCC,11.466,USD
2024-03-17,TD3C,Middle East Gulf to China,VLCC,11.418,USD
2024-03-18,TD3C,Middle East Gulf to China,VLCC,11.327,USD
2024-03-19,TD3C,Middle East Gulf to China,VLCC,11.085,USD
2024-03-20,TD3C,Middle East Gulf to China,VLCC,11.128,USD
2024-03-21,TD3C,Middle East Gulf to China,VLCC,11.03,USD
2024-03-22,TD3C,Middle East Gulf to China,VLCC,10.848,USD
2024-03-23,TD3C,Middle East Gulf to China,VLCC,10.439,USD
2024-03-24,TD3C,Middle East Gulf to China,VLCC,10.414,USD
2024-03-25,TD3C,Middle East Gulf to China,VLCC,10.63,USD
2024-03-26,TD3C,Middle East Gulf to China,VLCC,10.829,USD
2024-03-27,TD3C,Middle East Gulf to China,VLCC,10.742,USD
2024-03-28,TD3C,Middle East Gulf to China,VLCC,10.636,USD
2024-03-29,TD3C,Middle East Gulf to China,VLCC,10.675,USD
2024-03-30,TD3C,Middle East Gulf to China,VLCC,10.516,USD
2024-03-31,TD3C,Middle East Gulf to China,VLCC,10.532,USD
2024-04-01,TD3C,Middle East Gulf to China,VLCC,10.61,USD
2024-04-02,TD3C,Middle East Gulf to China,VLCC,10.749,USD
2024-04-03,TD3C,Middle East Gulf to China,VLCC,10.708,USD
2024-04-04,TD3C,Middle East Gulf to China,VLCC,10.653,USD
2024-04-05,TD3C,Middle East Gulf to China,VLCC,10.509,USD
2024-04-06,TD3C,Middle East Gulf to China,VLCC,10.372,USD
2024-04-07,TD3C,Middle East Gulf to China,VLCC,10.317,USD
2024-04-08,TD3C,Middle East Gulf to China,VLCC,10.341,USD
2024-04-09,TD3C,Middle East Gulf to China,VLCC,10.438,USD
2024-04-10,TD3C,Middle East Gulf to China,VLCC,10.304,USD
2024-04-11,TD3C,Middle East Gulf to China,VLCC,10.478,USD
2024-04-12,TD3C,Middle East Gulf to China,VLCC,10.414,USD
2024-04-13,TD3C,Middle East Gulf to China,VLCC,10.384,USD
2024-04-14,TD3C,Middle East Gulf to China,VLCC,10.257,USD
2024-04-15,TD3C,Middle East Gulf to China,VLCC,9.906,USD
2024-04-16,TD3C,Middle East Gulf to China,VLCC,10.001,USD
2024-04-17,TD3C,Middle East Gulf to China,VLCC,10.075,USD
2024-04-18,TD3C,Middle East Gulf to China,VLCC,10.012,USD
2024-04-19,TD3C,Middle East Gulf to China,VLCC,9.996,USD
2024-04-20,TD3C,Middle East Gulf to China,VLCC,10.04,USD
2024-04-21,TD3C,Middle East Gulf to China,VLCC,9.805,USD
2024-04-22,TD3C,Middle East Gulf to China,VLCC,9.71,USD
2024-04-23,TD3C,Middle East Gulf to China,VLCC,9.793,USD
2024-04-24,TD3C,Middle East Gulf to China,VLCC,9.6,USD
2024-04-25,TD3C,Middle East Gulf to China,VLCC,9.617,USD
2024-04-26,TD3C,Middle East Gulf to China,VLCC,9.412,USD
2024-04-27,TD3C,Middle East Gulf to China,VLCC,9.453,USD
2024-04-28,TD3C,Middle East Gulf to China,VLCC,9.426,USD
2024-04-29,TD3C,Middle East Gulf to China,VLCC,9.188,USD
2024-04-30,TD3C,Middle East Gulf to China,VLCC,9.324,USD
2024-05-01,TD3C,Middle East Gulf to China,VLCC,9.204,USD
2024-05-02,TD3C,Middle East Gulf to China,VLCC,9.074,USD
2024-05-03,TD3C,Middle East Gulf to China,VLCC,9.082,USD
2024-05-04,TD3C,Middle East Gulf to China,VLCC,9.215,USD
2024-05-05,TD3C,Middle East Gulf to China,VLCC,9.058,USD
2024-05-06,TD3C,Middle East Gulf to China,VLCC,9.046,USD
2024-05-07,TD3C,Middle East Gulf to China,VLCC,9.083,USD
2024-05-08,TD3C,Middle East Gulf to China,VLCC,9.155,USD
2024-05-09,TD3C,Middle East Gulf to China,VLCC,9.156,USD
2024-05-10,TD3C,Middle East Gulf to China,VLCC,9.085,USD
2024-05-11,TD3C,Middle East Gulf to China,VLCC,8.952,USD
2024-05-12,TD3C,Middle East Gulf to China,VLCC,8.943,USD
2024-05-13,TD3C,Middle East Gulf to China,VLCC,8.779,USD
2024-05-14,TD3C,Middle East Gulf to China,VLCC,8.369,USD
2024-05-15,TD3C,Middle East Gulf to China,VLCC,8.412,USD
2024-05-16,TD3C,Middle East Gulf to China,VLCC,8.517,USD
2024-05-17,TD3C,Middle East Gulf to China,VLCC,8.184,USD
2024-05-18,TD3C,Middle East Gulf to China,VLCC,8.034,USD
2024-05-19,TD3C,Middle East Gulf to China,VLCC,8.104,USD
2024-05-20,TD3C,Middle East Gulf to China,VLCC,8.366,USD
2024-05-21,TD3C,Middle East Gulf to China,VLCC,8.353,USD
2024-05-22,TD3C,Middle East Gulf to China,VLCC,8.239,USD
2024-05-23,TD3C,Middle East Gulf to China,VLCC,8.199,USD
2024-05-24,TD3C,Middle East Gulf to China,VLCC,8.368,USD
2024-05-25,TD3C,Middle East Gulf to China,VLCC,8.264,USD
2024-05-26,TD3C,Middle East Gulf to China,VLCC,8.141,USD
2024-05-27,TD3C,Middle East Gulf to China,VLCC,8.061,USD
2024-05-28,TD3C,Middle East Gulf to China,VLCC,7.919,USD
2024-05-29,TD3C,Middle East Gulf to China,VLCC,7.923,USD
2024-05-30,TD3C,Middle East Gulf to China,VLCC,8.127,USD
2024-05-31,TD3C,Middle East Gulf to China,VLCC,8.155,USD
2024-06-01,TD3C,Middle East Gulf to China,VLCC,8.105,USD
2024-06-02,TD3C,Middle East Gulf to China,VLCC,8.051,USD
2024-06-03,TD3C,Middle East Gulf to China,VLCC,7.826,USD
2024-06-04,TD3C,Middle East Gulf to China,VLCC,7.932,USD
2024-06-05,TD3C,Middle East Gulf to China,VLCC,7.907,USD
2024-06-06,TD3C,Middle East Gulf to China,VLCC,7.869,USD
2024-06-07,TD3C,Middle East Gulf to China,VLCC,8.283,USD
2024-06-08,TD3C,Middle East Gulf to China,VLCC,8.306,USD
2024-06-09,TD3C,Middle East Gulf to China,VLCC,8.187,USD
2024-06-10,TD3C,Middle East Gulf to China,VLCC,8.113,USD
2024-06-11,TD3C,Middle East Gulf to China,VLCC,8.251,USD
2024-06-12,TD3C,Middle East Gulf to China,VLCC,8.248,USD
2024-06-13,TD3C,Middle East Gulf to China,VLCC,8.038,USD
2024-06-14,TD3C,Middle East Gulf to China,VLCC,8.146,USD
2024-06-15,TD3C,Middle East Gulf to China,VLCC,8.04,USD
2024-06-16,TD3C,Middle East Gulf to China,VLCC,8.275,USD
2024-06-17,TD3C,Middle East Gulf to China,VLCC,8.401,USD
2024-06-18,TD3C,Middle East Gulf to China,VLCC,8.322,USD
2024-06-19,TD3C,Middle East Gulf to China,VLCC,8.475,USD
2024-06-20,TD3C,Middle East Gulf to China,VLCC,8.464,USD
2024-06-21,TD3C,Middle East Gulf to China,VLCC,8.559,USD
2024-06-22,TD3C,Middle East Gulf to China,VLCC,8.603,USD
2024-06-23,TD3C,Middle East Gulf to China,VLCC,8.468,USD
2024-06-24,TD3C,Middle East Gulf to China,VLCC,8.362,USD
2024-06-25,TD3C,Middle East Gulf to China,VLCC,8.481,USD
2024-06-26,TD3C,Middle East Gulf to China,VLCC,8.417,USD
2024-06-27,TD3C,Middle East Gulf to China,VLCC,8.343,USD
2024-06-28,TD3C,Middle East Gulf to China,VLCC,8.197,USD
2024-06-29,TD3C,Middle East Gulf to China,VLCC,8.237,USD
2024-06-30,TD3C,Middle East Gulf to China,VLCC,8.496,USD
2024-07-01,TD3C,Middle East Gulf to China,VLCC,8.333,USD
2024-07-02,TD3C,Middle East Gulf to China,VLCC,8.318,USD
2024-07-03,TD3C,Middle East Gulf to China,VLCC,8.49,USD
2024-07-04,TD3C,Middle East Gulf to China,VLCC,8.459,USD
2024-07-05,TD3C,Middle East Gulf to China,VLCC,8.501,USD
2024-07-06,TD3C,Middle East Gulf to China,VLCC,8.339,USD
2024-07-07,TD3C,Middle East Gulf to China,VLCC,8.379,USD
2024-07-08,TD3C,Middle East Gulf to China,VLCC,8.336,USD
2024-07-09,TD3C,Middle East Gulf to China,VLCC,8.45,USD
2024-07-10,TD3C,Middle East Gulf to China,VLCC,8.591,USD
2024-07-11,TD3C,Middle East Gulf to China,VLCC,8.918,USD
2024-07-12,TD3C,Middle East Gulf to China,VLCC,8.973,USD
2024-07-13,TD3C,Middle East Gulf to China,VLCC,8.993,USD
2024-07-14,TD3C,Middle East Gulf to China,VLCC,8.996,USD
2024-07-15,TD3C,Middle East Gulf to China,VLCC,8.925,USD
2024-07-16,TD3C,Middle East Gulf to China,VLCC,8.948,USD
2024-07-17,TD3C,Middle East Gulf to China,VLCC,8.886,USD
2024-07-18,TD3C,Middle East Gulf to China,VLCC,8.887,USD
2024-07-19,TD3C,Middle East Gulf to China,VLCC,9.042,USD
2024-07-20,TD3C,Middle East Gulf to China,VLCC,8.884,USD
2024-07-21,TD3C,Middle East Gulf to China,VLCC,9.016,USD
2024-07-22,TD3C,Middle East Gulf to China,VLCC,9.17,USD
2024-07-23,TD3C,Middle East Gulf to China,VLCC,9.131,USD
2024-07-24,TD3C,Middle East Gulf to China,VLCC,8.824,USD
2024-07-25,TD3C,Middle East Gulf to China,VLCC,8.723,USD
2024-07-26,TD3C,Middle East Gulf to China,VLCC,8.878,USD
2024-07-27,TD3C,Middle East Gulf to China,VLCC,8.855,USD
2024-07-28,TD3C,Middle East Gulf to China,VLCC,8.702,USD
2024-07-29,TD3C,Middle East Gulf to China,VLCC,8.616,USD
2024-07-30,TD3C,Middle East Gulf to China,VLCC,8.712,USD
2024-07-31,TD3C,Middle East Gulf to China,VLCC,8.768,USD
2024-08-01,TD3C,Middle East Gulf to China,VLCC,8.719,USD
2024-08-02,TD3C,Middle East Gulf to China,VLCC,8.653,USD
2024-08-03,TD3C,Middle East Gulf to China,VLCC,8.584,USD
2024-08-04,TD3C,Middle East Gulf to China,VLCC,8.446,USD
2024-08-05,TD3C,Middle East Gulf to China,VLCC,8.648,USD
2024-08-06,TD3C,Middle East Gulf to China,VLCC,8.59,USD
2024-08-07,TD3C,Middle East Gulf to China,VLCC,8.739,USD
2024-08-08,TD3C,Middle East Gulf to China,VLCC,8.927,USD
2024-08-09,TD3C,Middle East Gulf to China,VLCC,9.043,USD
2024-08-10,TD3C,Middle East Gulf to China,VLCC,8.967,USD
2024-08-11,TD3C,Middle East Gulf to China,VLCC,9.004,USD
2024-08-12,TD3C,Middle East Gulf to China,VLCC,8.984,USD
2024-08-13,TD3C,Middle East Gulf to China,VLCC,8.846,USD
2024-08-14,TD3C,Middle East Gulf to China,VLCC,8.874,USD
2024-08-15,TD3C,Middle East Gulf to China,VLCC,8.702,USD
2024-08-16,TD3C,Middle East Gulf to China,VLCC,8.848,USD
2024-08-17,TD3C,Middle East Gulf to China,VLCC,8.771,USD
2024-08-18,TD3C,Middle East Gulf to China,VLCC,8.785,USD
2024-08-19,TD3C,Middle East Gulf to China,VLCC,8.81,USD
2024-08-20,TD3C,Middle East Gulf to China,VLCC,8.763,USD
2024-08-21,TD3C,Middle East Gulf to China,VLCC,8.829,USD
2024-08-22,TD3C,Middle East Gulf to China,VLCC,8.753,USD
2024-08-23,TD3C,Middle East Gulf to China,VLCC,8.858,USD
2024-08-24,TD3C,Middle East Gulf to China,VLCC,8.666,USD
2024-08-25,TD3C,Middle East Gulf to China,VLCC,8.673,USD
2024-08-26,TD3C,Middle East Gulf to China,VLCC,8.923,USD
2024-08-27,TD3C,Middle East Gulf to China,VLCC,8.777,USD
2024-08-28,TD3C,Middle East Gulf to China,VLCC,8.676,USD
2024-08-29,TD3C,Middle East Gulf to China,VLCC,8.736,USD
2024-08-30,TD3C,Middle East Gulf to China,VLCC,8.752,USD
2024-08-31,TD3C,Middle East Gulf to China,VLCC,8.79,USD
2024-09-01,TD3C,Middle East Gulf to China,VLCC,8.846,USD
2024-09-02,TD3C,Middle East Gulf to China,VLCC,8.922,USD
2024-09-03,TD3C,Middle East Gulf to China,VLCC,9.061,USD
2024-09-04,TD3C,Middle East Gulf to China,VLCC,9.106,USD
2024-09-05,TD3C,Middle East Gulf to China,VLCC,9.063,USD
2024-09-06,TD3C,Middle East Gulf to China,VLCC,9.143,USD
2024-09-07,TD3C,Middle East Gulf to China,VLCC,9.387,USD
2024-09-08,TD3C,Middle East Gulf to China,VLCC,9.357,USD
2024-09-09,TD3C,Middle East Gulf to China,VLCC,9.214,USD
2024-09-10,TD3C,Middle East Gulf to China,VLCC,9.352,USD
2024-09-11,TD3C,Middle East Gulf to China,VLCC,9.325,USD
2024-09-12,TD3C,Middle East Gulf to China,VLCC,9.024,USD
2024-09-13,TD3C,Middle East Gulf to China,VLCC,9.13,USD
2024-09-14,TD3C,Middle East Gulf to China,VLCC,9.051,USD
2024-09-15,TD3C,Middle East Gulf to China,VLCC,9.032,USD
2024-09-16,TD3C,Middle East Gulf to China,VLCC,9.07,USD
2024-09-17,TD3C,Middle East Gulf to China,VLCC,9.09,USD
2024-09-18,TD3C,Middle East Gulf to China,VLCC,9.179,USD
2024-09-19,TD3C,Middle East Gulf to China,VLCC,9.114,USD
2024-09-20,TD3C,Middle East Gulf to China,VLCC,9.177,USD
2024-09-21,TD3C,Middle East Gulf to China,VLCC,9.136,USD
2024-09-22,TD3C,Middle East Gulf to China,VLCC,9.23,USD
2024-09-23,TD3C,Middle East Gulf to China,VLCC,9.307,USD
2024-09-24,TD3C,Middle East Gulf to China,VLCC,9.176,USD
2024-09-25,TD3C,Middle East Gulf to China,VLCC,9.317,USD
2024-09-26,TD3C,Middle East Gulf to China,VLCC,9.239,USD
2024-09-27,TD3C,Middle East Gulf to China,VLCC,9.343,USD
2024-09-28,TD3C,Middle East Gulf to China,VLCC,9.387,USD
2024-09-29,TD3C,Middle East Gulf to China,VLCC,9.628,USD
2024-09-30,TD3C,Middle East Gulf to China,VLCC,9.591,USD
2024-10-01,TD3C,Middle East Gulf to China,VLCC,9.538,USD
2024-10-02,TD3C,Middle East Gulf to China,VLCC,9.529,USD
2024-10-03,TD3C,Middle East Gulf to China,VLCC,9.484,USD
2024-10-04,TD3C,Middle East Gulf to China,VLCC,9.586,USD
2024-10-05,TD3C,Middle East Gulf to China,VLCC,9.365,USD
2024-10-06,TD3C,Middle East Gulf to China,VLCC,9.221,USD
2024-10-07,TD3C,Middle East Gulf to China,VLCC,9.077,USD
2024-10-08,TD3C,Middle East Gulf to China,VLCC,9.205,USD
2024-10-09,TD3C,Middle East Gulf to China,VLCC,9.434,USD
2024-10-10,TD3C,Middle East Gulf to China,VLCC,9.418,USD
2024-10-11,TD3C,Middle East Gulf to China,VLCC,9.394,USD
2024-10-12,TD3C,Middle East Gulf to China,VLCC,9.403,USD
2024-10-13,TD3C,Middle East Gulf to China,VLCC,9.558,USD
2024-10-14,TD3C,Middle East Gulf to China,VLCC,9.432,USD
2024-10-15,TD3C,Middle East Gulf to China,VLCC,9.463,USD
2024-10-16,TD3C,Middle East Gulf to China,VLCC,9.593,USD
2024-10-17,TD3C,Middle East Gulf to China,VLCC,9.659,USD
2024-10-18,TD3C,Middle East Gulf to China,VLCC,9.683,USD
2024-10-19,TD3C,Middle East Gulf to China,VLCC,9.815,USD
2024-10-20,TD3C,Middle East Gulf to China,VLCC,9.451,USD
2024-10-21,TD3C,Middle East Gulf to China,VLCC,9.543,USD
2024-10-22,TD3C,Middle East Gulf to China,VLCC,9.456,USD
2024-10-23,TD3C,Middle East Gulf to China,VLCC,9.213,USD
2024-10-24,TD3C,Middle East Gulf to China,VLCC,9.285,USD
2024-10-25,TD3C,Middle East Gulf to China,VLCC,9.473,USD
2024-10-26,TD3C,Middle East Gulf to China,VLCC,9.458,USD
2024-10-27,TD3C,Middle East Gulf to China,VLCC,9.588,USD
2024-10-28,TD3C,Middle East Gulf to China,VLCC,9.806,USD
2024-10-29,TD3C,Middle East Gulf to China,VLCC,9.982,USD
2024-10-30,TD3C,Middle East Gulf to China,VLCC,10.2,USD
2024-10-31,TD3C,Middle East Gulf to China,VLCC,10.296,USD
2024-11-01,TD3C,Middle East Gulf to China,VLCC,10.302,USD
2024-11-02,TD3C,Middle East Gulf to China,VLCC,10.083,USD
2024-11-03,TD3C,Middle East Gulf to China,VLCC,10.049,USD
2024-11-04,TD3C,Middle East Gulf to China,VLCC,9.935,USD
2024-11-05,TD3C,Middle East Gulf to China,VLCC,10.226,USD
2024-11-06,TD3C,Middle East Gulf to China,VLCC,10.2,USD
2024-11-07,TD3C,Middle East Gulf to China,VLCC,10.215,USD
2024-11-08,TD3C,Middle East Gulf to China,VLCC,10.287,USD
2024-11-09,TD3C,Middle East Gulf to China,VLCC,10.291,USD
2024-11-10,TD3C,Middle East Gulf to China,VLCC,10.516,USD
2024-11-11,TD3C,Middle East Gulf to China,VLCC,10.428,USD
2024-11-12,TD3C,Middle East Gulf to China,VLCC,10.452,USD
2024-11-13,TD3C,Middle East Gulf to China,VLCC,10.349,USD
2024-11-14,TD3C,Middle East Gulf to China,VLCC,10.171,USD
2024-11-15,TD3C,Middle East Gulf to China,VLCC,10.089,USD
2024-11-16,TD3C,Middle East Gulf to China,VLCC,10.085,USD
2024-11-17,TD3C,Middle East Gulf to China,VLCC,10.029,USD
2024-11-18,TD3C,Middle East Gulf to China,VLCC,9.939,USD
2024-11-19,TD3C,Middle East Gulf to China,VLCC,9.754,USD
2024-11-20,TD3C,Middle East Gulf to China,VLCC,9.748,USD
2024-11-21,TD3C,Middle East Gulf to China,VLCC,9.552,USD
2024-11-22,TD3C,Middle East Gulf to China,VLCC,9.662,USD
2024-11-23,TD3C,Middle East Gulf to China,VLCC,9.679,USD
2024-11-24,TD3C,Middle East Gulf to China,VLCC,9.491,USD
2024-11-25,TD3C,Middle East Gulf to China,VLCC,9.458,USD
2024-11-26,TD3C,Middle East Gulf to China,VLCC,9.367,USD
2024-11-27,TD3C,Middle East Gulf to China,VLCC,9.419,USD
2024-11-28,TD3C,Middle East Gulf to China,VLCC,9.609,USD
2024-11-29,TD3C,Middle East Gulf to China,VLCC,9.366,USD
2024-11-30,TD3C,Middle East Gulf to China,VLCC,9.392,USD
2024-12-01,TD3C,Middle East Gulf to China,VLCC,9.381,USD
2024-12-02,TD3C,Middle East Gulf to China,VLCC,9.481,USD
2024-12-03,TD3C,Middle East Gulf to China,VLCC,9.519,USD
2024-12-04,TD3C,Middle East Gulf to China,VLCC,9.428,USD
2024-12-05,TD3C,Middle East Gulf to China,VLCC,9.396,USD
2024-12-06,TD3C,Middle East Gulf to China,VLCC,9.3,USD
2024-12-07,TD3C,Middle East Gulf to China,VLCC,9.456,USD
2024-12-08,TD3C,Middle East Gulf to China,VLCC,9.469,USD
2024-12-09,TD3C,Middle East Gulf to China,VLCC,9.734,USD
2024-12-10,TD3C,Middle East Gulf to China,VLCC,9.733,USD
2024-12-11,TD3C,Middle East Gulf to China,VLCC,9.646,USD
2024-12-12,TD3C,Middle East Gulf to China,VLCC,9.452,USD
2024-12-13,TD3C,Middle East Gulf to China,VLCC,9.221,USD
2024-12-14,TD3C,Middle East Gulf to China,VLCC,9.022,USD
2024-12-15,TD3C,Middle East Gulf to China,VLCC,9.073,USD
2024-12-16,TD3C,Middle East Gulf to China,VLCC,9.156,USD
2024-12-17,TD3C,Middle East Gulf to China,VLCC,8.958,USD
2024-12-18,TD3C,Middle East Gulf to China,VLCC,9.093,USD
2024-12-19,TD3C,Middle East Gulf to China,VLCC,9.043,USD
2024-12-20,TD3C,Middle East Gulf to China,VLCC,9.077,USD
2024-12-21,TD3C,Middle East Gulf to China,VLCC,9.307,USD
2024-12-22,TD3C,Middle East Gulf to China,VLCC,9.44,USD
2024-12-23,TD3C,Middle East Gulf to China,VLCC,9.414,USD
2024-12-24,TD3C,Middle East Gulf to China,VLCC,9.306,USD
2024-12-25,TD3C,Middle East Gulf to China,VLCC,9.03,USD
2024-12-26,TD3C,Middle East Gulf to China,VLCC,8.949,USD
2024-12-27,TD3C,Middle East Gulf to China,VLCC,8.936,USD
2024-12-28,TD3C,Middle East Gulf to China,VLCC,8.819,USD
2024-12-29,TD3C,Middle East Gulf to China,VLCC,8.819,USD
2024-12-30,TD3C,Middle East Gulf to China,VLCC,8.845,USD
2024-12-31,TD3C,Middle East Gulf to China,VLCC,8.832,USD
2025-01-01,TD3C,Middle East Gulf to China,VLCC,8.761,USD
2025-01-02,TD3C,Middle East Gulf to China,VLCC,8.801,USD
2025-01-03,TD3C,Middle East Gulf to China,VLCC,8.876,USD
2025-01-04,TD3C,Middle East Gulf to China,VLCC,8.746,USD
2025-01-05,TD3C,Middle East Gulf to China,VLCC,8.952,USD
2025-01-06,TD3C,Middle East Gulf to China,VLCC,8.953,USD
2025-01-07,TD3C,Middle East Gulf to China,VLCC,8.97,USD
2025-01-08,TD3C,Middle East Gulf to China,VLCC,9.079,USD
2025-01-09,TD3C,Middle East Gulf to China,VLCC,9.124,USD
2025-01-10,TD3C,Middle East Gulf to China,VLCC,9.264,USD
2025-01-11,TD3C,Middle East Gulf to China,VLCC,9.313,USD
2025-01-12,TD3C,Middle East Gulf to China,VLCC,9.242,USD
2025-01-13,TD3C,Middle East Gulf to China,VLCC,9.301,USD
2025-01-14,TD3C,Middle East Gulf to China,VLCC,9.158,USD
2025-01-15,TD3C,Middle East Gulf to China,VLCC,9.184,USD
2025-01-16,TD3C,Middle East Gulf to China,VLCC,9.19,USD
2025-01-17,TD3C,Middle East Gulf to China,VLCC,9.173,USD
2025-01-18,TD3C,Middle East Gulf to China,VLCC,9.167,USD
2025-01-19,TD3C,Middle East Gulf to China,VLCC,8.926,USD
2025-01-20,TD3C,Middle East Gulf to China,VLCC,8.865,USD
2025-01-21,TD3C,Middle East Gulf to China,VLCC,8.891,USD
2025-01-22,TD3C,Middle East Gulf to China,VLCC,8.925,USD
2025-01-23,TD3C,Middle East Gulf to China,VLCC,8.8,USD
2025-01-24,TD3C,Middle East Gulf to China,VLCC,8.983,USD
2025-01-25,TD3C,Middle East Gulf to China,VLCC,8.878,USD
2025-01-26,TD3C,Middle East Gulf to China,VLCC,9.02,USD
2025-01-27,TD3C,Middle East Gulf to China,VLCC,9.088,USD
2025-01-28,TD3C,Middle East Gulf to China,VLCC,9.011,USD
2025-01-29,TD3C,Middle East Gulf to China,VLCC,9.259,USD
2025-01-30,TD3C,Middle East Gulf to China,VLCC,9.107,USD
2025-01-31,TD3C,Middle East Gulf to China,VLCC,9.238,USD
2025-02-01,TD3C,Middle East Gulf to China,VLCC,9.38,USD
2025-02-02,TD3C,Middle East Gulf to China,VLCC,9.295,USD
2025-02-03,TD3C,Middle East Gulf to China,VLCC,9.488,USD
2025-02-04,TD3C,Middle East Gulf to China,VLCC,9.458,USD
2025-02-05,TD3C,Middle East Gulf to China,VLCC,9.501,USD
2025-02-06,TD3C,Middle East Gulf to China,VLCC,9.539,USD
2025-02-07,TD3C,Middle East Gulf to China,VLCC,9.524,USD
2025-02-08,TD3C,Middle East Gulf to China,VLCC,9.635,USD
2025-02-09,TD3C,Middle East Gulf to China,VLCC,9.742,USD
2025-02-10,TD3C,Middle East Gulf to China,VLCC,9.508,USD
2025-02-11,TD3C,Middle East Gulf to China,VLCC,9.685,USD
2025-02-12,TD3C,Middle East Gulf to China,VLCC,9.462,USD
2025-02-13,TD3C,Middle East Gulf to China,VLCC,9.602,USD
2025-02-14,TD3C,Middle East Gulf to China,VLCC,9.753,USD
2025-02-15,TD3C,Middle East Gulf to China,VLCC,9.605,USD
2025-02-16,TD3C,Middle East Gulf to China,VLCC,9.55,USD
2025-02-17,TD3C,Middle East Gulf to China,VLCC,9.401,USD
2025-02-18,TD3C,Middle East Gulf to China,VLCC,9.374,USD
2025-02-19,TD3C,Middle East Gulf to China,VLCC,9.333,USD
2025-02-20,TD3C,Middle East Gulf to China,VLCC,9.439,USD
2025-02-21,TD3C,Middle East Gulf to China,VLCC,9.614,USD
2025-02-22,TD3C,Middle East Gulf to China,VLCC,9.798,USD
2025-02-23,TD3C,Middle East Gulf to China,VLCC,9.718,USD
2025-02-24,TD3C,Middle East Gulf to China,VLCC,9.686,USD
2025-02-25,TD3C,Middle East Gulf to China,VLCC,9.457,USD
2025-02-26,TD3C,Middle East Gulf to China,VLCC,9.347,USD
2025-02-27,TD3C,Middle East Gulf to China,VLCC,9.474,USD
2025-02-28,TD3C,Middle East Gulf to China,VLCC,9.688,USD
2025-03-01,TD3C,Middle East Gulf to China,VLCC,9.517,USD
2025-03-02,TD3C,Middle East Gulf to China,VLCC,9.434,USD
2025-03-03,TD3C,Middle East Gulf to China,VLCC,9.426,USD
2025-03-04,TD3C,Middle East Gulf to China,VLCC,9.46,USD
2025-03-05,TD3C,Middle East Gulf to China,VLCC,9.347,USD
2025-03-06,TD3C,Middle East Gulf to China,VLCC,9.4,USD
2025-03-07,TD3C,Middle East Gulf to China,VLCC,9.332,USD
2025-03-08,TD3C,Middle East Gulf to China,VLCC,9.326,USD
2025-03-09,TD3C,Middle East Gulf to China,VLCC,9.395,USD
2025-03-10,TD3C,Middle East Gulf to China,VLCC,9.39,USD
2025-03-11,TD3C,Middle East Gulf to China,VLCC,9.326,USD
2025-03-12,TD3C,Middle East Gulf to China,VLCC,9.306,USD
2025-03-13,TD3C,Middle East Gulf to China,VLCC,9.288,USD
2025-03-14,TD3C,Middle East Gulf to China,VLCC,9.233,USD
2025-03-15,TD3C,Middle East Gulf to China,VLCC,9.192,USD
2025-03-16,TD3C,Middle East Gulf to China,VLCC,9.401,USD
2025-03-17,TD3C,Middle East Gulf to China,VLCC,9.468,USD
2025-03-18,TD3C,Middle East Gulf to China,VLCC,9.419,USD
2025-03-19,TD3C,Middle East Gulf to China,VLCC,9.504,USD
2025-03-20,TD3C,Middle East Gulf to China,VLCC,9.449,USD
2025-03-21,TD3C,Middle East Gulf to China,VLCC,9.596,USD
2025-03-22,TD3C,Middle East Gulf to China,VLCC,9.634,USD
2025-03-23,TD3C,Middle East Gulf to China,VLCC,9.607,USD
2025-03-24,TD3C,Middle East Gulf to China,VLCC,9.654,USD
2025-03-25,TD3C,Middle East Gulf to China,VLCC,9.431,USD
2025-03-26,TD3C,Middle East Gulf to China,VLCC,9.269,USD
2025-03-27,TD3C,Middle East Gulf to China,VLCC,9.099,USD
2025-03-28,TD3C,Middle East Gulf to China,VLCC,9.109,USD
2025-03-29,TD3C,Middle East Gulf to China,VLCC,9.331,USD
2025-03-30,TD3C,Middle East Gulf to China,VLCC,9.618,USD
2025-03-31,TD3C,Middle East Gulf to China,VLCC,9.689,USD
2025-04-01,TD3C,Middle East Gulf to China,VLCC,9.74,USD
2025-04-02,TD3C,Middle East Gulf to China,VLCC,9.482,USD
2025-04-03,TD3C,Middle East Gulf to China,VLCC,9.394,USD
2025-04-04,TD3C,Middle East Gulf to China,VLCC,9.275,USD
2025-04-05,TD3C,Middle East Gulf to China,VLCC,9.178,USD
2025-04-06,TD3C,Middle East Gulf to China,VLCC,9.143,USD
2025-04-07,TD3C,Middle East Gulf to China,VLCC,9.067,USD
2025-04-08,TD3C,Middle East Gulf to China,VLCC,8.79,USD
2025-04-09,TD3C,Middle East Gulf to China,VLCC,8.88,USD
2025-04-10,TD3C,Middle East Gulf to China,VLCC,8.726,USD
2025-04-11,TD3C,Middle East Gulf to China,VLCC,8.748,USD
2025-04-12,TD3C,Middle East Gulf to China,VLCC,9.015,USD
2025-04-13,TD3C,Middle East Gulf to China,VLCC,8.879,USD
2025-04-14,TD3C,Middle East Gulf to China,VLCC,8.528,USD
2025-04-15,TD3C,Middle East Gulf to China,VLCC,8.48,USD
2025-04-16,TD3C,Middle East Gulf to China,VLCC,8.619,USD
2025-04-17,TD3C,Middle East Gulf to China,VLCC,8.87,USD
2025-04-18,TD3C,Middle East Gulf to China,VLCC,8.692,USD
2025-04-19,TD3C,Middle East Gulf to China,VLCC,8.747,USD
2025-04-20,TD3C,Middle East Gulf to China,VLCC,8.672,USD
2025-04-21,TD3C,Middle East Gulf to China,VLCC,8.645,USD
2025-04-22,TD3C,Middle East Gulf to China,VLCC,8.987,USD
2025-04-23,TD3C,Middle East Gulf to China,VLCC,8.77,USD
2025-04-24,TD3C,Middle East Gulf to China,VLCC,8.789,USD
2025-04-25,TD3C,Middle East Gulf to China,VLCC,8.837,USD
2025-04-26,TD3C,Middle East Gulf to China,VLCC,8.967,USD
2025-04-27,TD3C,Middle East Gulf to China,VLCC,8.963,USD
2025-04-28,TD3C,Middle East Gulf to China,VLCC,8.987,USD
2025-04-29,TD3C,Middle East Gulf to China,VLCC,8.917,USD
2025-04-30,TD3C,Middle East Gulf to China,VLCC,8.936,USD
2025-05-01,TD3C,Middle East Gulf to China,VLCC,8.872,USD
2025-05-02,TD3C,Middle East Gulf to China,VLCC,8.938,USD
2025-05-03,TD3C,Middle East Gulf to China,VLCC,8.87,USD
2025-05-04,TD3C,Middle East Gulf to China,VLCC,8.903,USD
2025-05-05,TD3C,Middle East Gulf to China,VLCC,8.88,USD
2025-05-06,TD3C,Middle East Gulf to China,VLCC,9.012,USD
2025-05-07,TD3C,Middle East Gulf to China,VLCC,8.985,USD
2025-05-08,TD3C,Middle East Gulf to China,VLCC,8.728,USD
2025-05-09,TD3C,Middle East Gulf to China,VLCC,8.879,USD
2025-05-10,TD3C,Middle East Gulf to China,VLCC,8.739,USD
2025-05-11,TD3C,Middle East Gulf to China,VLCC,8.633,USD
2025-05-12,TD3C,Middle East Gulf to China,VLCC,8.536,USD
2025-05-13,TD3C,Middle East Gulf to China,VLCC,8.703,USD
2025-05-14,TD3C,Middle East Gulf to China,VLCC,8.399,USD
2025-05-15,TD3C,Middle East Gulf to China,VLCC,8.803,USD
2025-05-16,TD3C,Middle East Gulf to China,VLCC,8.925,USD
2025-05-17,TD3C,Middle East Gulf to China,VLCC,8.933,USD
2025-05-18,TD3C,Middle East Gulf to China,VLCC,8.904,USD
2025-05-19,TD3C,Middle East Gulf to China,VLCC,8.921,USD
2025-05-20,TD3C,Middle East Gulf to China,VLCC,8.969,USD
2025-05-21,TD3C,Middle East Gulf to China,VLCC,9.033,USD
2025-05-22,TD3C,Middle East Gulf to China,VLCC,9.084,USD
2025-05-23,TD3C,Middle East Gulf to China,VLCC,9.072,USD
2025-05-24,TD3C,Middle East Gulf to China,VLCC,9.022,USD
2025-05-25,TD3C,Middle East Gulf to China,VLCC,8.978,USD
2025-05-26,TD3C,Middle East Gulf to China,VLCC,8.929,USD
2025-05-27,TD3C,Middle East Gulf to China,VLCC,9.058,USD
2025-05-28,TD3C,Middle East Gulf to China,VLCC,9.113,USD
2025-05-29,TD3C,Middle East Gulf to China,VLCC,8.694,USD
2025-05-30,TD3C,Middle East Gulf to China,VLCC,8.761,USD
2025-05-31,TD3C,Middle East Gulf to China,VLCC,8.765,USD
2025-06-01,TD3C,Middle East Gulf to China,VLCC,8.741,USD
2025-06-02,TD3C,Middle East Gulf to China,VLCC,8.667,USD
2025-06-03,TD3C,Middle East Gulf to China,VLCC,8.796,USD
2025-06-04,TD3C,Middle East Gulf to China,VLCC,8.901,USD
2025-06-05,TD3C,Middle East Gulf to China,VLCC,8.774,USD
2025-06-06,TD3C,Middle East Gulf to China,VLCC,8.806,USD
2025-06-07,TD3C,Middle East Gulf to China,VLCC,8.653,USD
2025-06-08,TD3C,Middle East Gulf to China,VLCC,8.447,USD
2025-06-09,TD3C,Middle East Gulf to China,VLCC,8.343,USD
2025-06-10,TD3C,Middle East Gulf to China,VLCC,8.44,USD
2025-06-11,TD3C,Middle East Gulf to China,VLCC,8.548,USD
2025-06-12,TD3C,Middle East Gulf to China,VLCC,8.597,USD
2025-06-13,TD3C,Middle East Gulf to China,VLCC,8.673,USD
2025-06-14,TD3C,Middle East Gulf to China,VLCC,8.72,USD
2025-06-15,TD3C,Middle East Gulf to China,VLCC,8.612,USD
2025-06-16,TD3C,Middle East Gulf to China,VLCC,8.648,USD
2025-06-17,TD3C,Middle East Gulf to China,VLCC,8.733,USD
2025-06-18,TD3C,Middle East Gulf to China,VLCC,8.812,USD
2025-06-19,TD3C,Middle East Gulf to China,VLCC,8.948,USD
2025-06-20,TD3C,Middle East Gulf to China,VLCC,9.018,USD
2025-06-21,TD3C,Middle East Gulf to China,VLCC,9.039,USD
2025-06-22,TD3C,Middle East Gulf to China,VLCC,9.157,USD
2025-06-23,TD3C,Middle East Gulf to China,VLCC,9.127,USD
2025-06-24,TD3C,Middle East Gulf to China,VLCC,8.982,USD
2025-06-25,TD3C,Middle East Gulf to China,VLCC,8.936,USD
2025-06-26,TD3C,Middle East Gulf to China,VLCC,8.811,USD
2025-06-27,TD3C,Middle East Gulf to China,VLCC,8.698,USD
2025-06-28,TD3C,Middle East Gulf to China,VLCC,8.657,USD
2025-06-29,TD3C,Middle East Gulf to China,VLCC,8.529,USD
2025-06-30,TD3C,Middle East Gulf to China,VLCC,8.468,USD
2025-07-01,TD3C,Middle East Gulf to China,VLCC,8.195,USD
2025-07-02,TD3C,Middle East Gulf to China,VLCC,8.206,USD
2025-07-03,TD3C,Middle East Gulf to China,VLCC,8.19,USD
2025-07-04,TD3C,Middle East Gulf to China,VLCC,8.064,USD
2025-07-05,TD3C,Middle East Gulf to China,VLCC,8.137,USD
2025-07-06,TD3C,Middle East Gulf to China,VLCC,8.247,USD
2025-07-07,TD3C,Middle East Gulf to China,VLCC,8.015,USD
2025-07-08,TD3C,Middle East Gulf to China,VLCC,7.899,USD
2025-07-09,TD3C,Middle East Gulf to China,VLCC,7.783,USD
2025-07-10,TD3C,Middle East Gulf to China,VLCC,7.645,USD
2025-07-11,TD3C,Middle East Gulf to China,VLCC,7.746,USD
2025-07-12,TD3C,Middle East Gulf to China,VLCC,7.709,USD
2025-07-13,TD3C,Middle East Gulf to China,VLCC,7.663,USD
2025-07-14,TD3C,Middle East Gulf to China,VLCC,7.384,USD
2025-07-15,TD3C,Middle East Gulf to China,VLCC,7.462,USD
2025-07-16,TD3C,Middle East Gulf to China,VLCC,7.289,USD
2025-07-17,TD3C,Middle East Gulf to China,VLCC,7.291,USD
2025-07-18,TD3C,Middle East Gulf to China,VLCC,7.322,USD
2025-07-19,TD3C,Middle East Gulf to China,VLCC,7.499,USD
2025-07-20,TD3C,Middle East Gulf to China,VLCC,7.316,USD
2025-07-21,TD3C,Middle East Gulf to China,VLCC,6.907,USD
2025-07-22,TD3C,Middle East Gulf to China,VLCC,6.93,USD
2025-07-23,TD3C,Middle East Gulf to China,VLCC,7.17,USD
2025-07-24,TD3C,Middle East Gulf to China,VLCC,7.332,USD
2025-07-25,TD3C,Middle East Gulf to China,VLCC,7.356,USD
2025-07-26,TD3C,Middle East Gulf to China,VLCC,7.285,USD
2025-07-27,TD3C,Middle East Gulf to China,VLCC,7.389,USD
2025-07-28,TD3C,Middle East Gulf to China,VLCC,7.254,USD
2025-07-29,TD3C,Middle East Gulf to China,VLCC,7.315,USD
2025-07-30,TD3C,Middle East Gulf to China,VLCC,7.379,USD
2025-07-31,TD3C,Middle East Gulf to China,VLCC,7.517,USD
2025-08-01,TD3C,Middle East Gulf to China,VLCC,7.881,USD
2025-08-02,TD3C,Middle East Gulf to China,VLCC,7.925,USD
2025-08-03,TD3C,Middle East Gulf to China,VLCC,7.848,USD
2025-08-04,TD3C,Middle East Gulf to China,VLCC,7.837,USD
2025-08-05,TD3C,Middle East Gulf to China,VLCC,7.593,USD
2025-08-06,TD3C,Middle East Gulf to China,VLCC,7.495,USD
2025-08-07,TD3C,Middle East Gulf to China,VLCC,7.437,USD
2025-08-08,TD3C,Middle East Gulf to China,VLCC,7.364,USD
2025-08-09,TD3C,Middle East Gulf to China,VLCC,7.383,USD
2025-08-10,TD3C,Middle East Gulf to China,VLCC,7.271,USD
2025-08-11,TD3C,Middle East Gulf to China,VLCC,7.421,USD
2025-08-12,TD3C,Middle East Gulf to China,VLCC,7.42,USD
2025-08-13,TD3C,Middle East Gulf to China,VLCC,7.418,USD
2025-08-14,TD3C,Middle East Gulf to China,VLCC,7.373,USD
2025-08-15,TD3C,Middle East Gulf to China,VLCC,7.394,USD
2025-08-16,TD3C,Middle East Gulf to China,VLCC,7.504,USD
2025-08-17,TD3C,Middle East Gulf to China,VLCC,7.388,USD
2025-08-18,TD3C,Middle East Gulf to China,VLCC,7.3,USD
2025-08-19,TD3C,Middle East Gulf to China,VLCC,7.262,USD
2025-08-20,TD3C,Middle East Gulf to China,VLCC,7.084,USD
2025-08-21,TD3C,Middle East Gulf to China,VLCC,6.979,USD
2025-08-22,TD3C,Middle East Gulf to China,VLCC,6.921,USD
2025-08-23,TD3C,Middle East Gulf to China,VLCC,7.045,USD
2025-08-24,TD3C,Middle East Gulf to China,VLCC,7.086,USD
2025-08-25,TD3C,Middle East Gulf to China,VLCC,7.118,USD
2025-08-26,TD3C,Middle East Gulf to China,VLCC,7.238,USD
2025-08-27,TD3C,Middle East Gulf to China,VLCC,7.225,USD
2025-08-28,TD3C,Middle East Gulf to China,VLCC,7.282,USD
2025-08-29,TD3C,Middle East Gulf to China,VLCC,7.274,USD
2025-08-30,TD3C,Middle East Gulf to China,VLCC,7.315,USD
2025-08-31,TD3C,Middle East Gulf to China,VLCC,7.243,USD
2025-09-01,TD3C,Middle East Gulf to China,VLCC,6.923,USD
2025-09-02,TD3C,Middle East Gulf to China,VLCC,6.915,USD
2025-09-03,TD3C,Middle East Gulf to China,VLCC,7.116,USD
2025-09-04,TD3C,Middle East Gulf to China,VLCC,7.249,USD
2025-09-05,TD3C,Middle East Gulf to China,VLCC,7.386,USD
2025-09-06,TD3C,Middle East Gulf to China,VLCC,7.558,USD
2025-09-07,TD3C,Middle East Gulf to China,VLCC,7.576,USD
2025-09-08,TD3C,Middle East Gulf to China,VLCC,7.608,USD
2025-09-09,TD3C,Middle East Gulf to China,VLCC,7.531,USD
2025-09-10,TD3C,Middle East Gulf to China,VLCC,7.495,USD
2025-09-11,TD3C,Middle East Gulf to China,VLCC,7.585,USD
2025-09-12,TD3C,Middle East Gulf to China,VLCC,7.753,USD
2025-09-13,TD3C,Middle East Gulf to China,VLCC,7.74,USD
2025-09-14,TD3C,Middle East Gulf to China,VLCC,7.686,USD
2025-09-15,TD3C,Middle East Gulf to China,VLCC,7.693,USD
2025-09-16,TD3C,Middle East Gulf to China,VLCC,7.781,USD
2025-09-17,TD3C,Middle East Gulf to China,VLCC,7.594,USD
2025-09-18,TD3C,Middle East Gulf to China,VLCC,7.296,USD
2025-09-19,TD3C,Middle East Gulf to China,VLCC,7.235,USD
2025-09-20,TD3C,Middle East Gulf to China,VLCC,7.084,USD
2025-09-21,TD3C,Middle East Gulf to China,VLCC,7.031,USD
2025-09-22,TD3C,Middle East Gulf to China,VLCC,7.028,USD
2025-09-23,TD3C,Middle East Gulf to China,VLCC,6.983,USD
2025-09-24,TD3C,Middle East Gulf to China,VLCC,7.195,USD
2025-09-25,TD3C,Middle East Gulf to China,VLCC,7.254,USD
2025-09-26,TD3C,Middle East Gulf to China,VLCC,7.309,USD
2025-09-27,TD3C,Middle East Gulf to China,VLCC,7.408,USD
2025-09-28,TD3C,Middle East Gulf to China,VLCC,7.269,USD
2025-09-29,TD3C,Middle East Gulf to China,VLCC,7.424,USD
2025-09-30,TD3C,Middle East Gulf to China,VLCC,7.429,USD
2025-10-01,TD3C,Middle East Gulf to China,VLCC,7.534,USD
2025-10-02,TD3C,Middle East Gulf to China,VLCC,7.405,USD
2025-10-03,TD3C,Middle East Gulf to China,VLCC,7.213,USD
2025-10-04,TD3C,Middle East Gulf to China,VLCC,7.341,USD
2025-10-05,TD3C,Middle East Gulf to China,VLCC,7.408,USD
2025-10-06,TD3C,Middle East Gulf to China,VLCC,7.305,USD
2025-10-07,TD3C,Middle East Gulf to China,VLCC,7.207,USD
2025-10-08,TD3C,Middle East Gulf to China,VLCC,7.377,USD
2025-10-09,TD3C,Middle East Gulf to China,VLCC,7.236,USD
2025-10-10,TD3C,Middle East Gulf to China,VLCC,7.476,USD
2025-10-11,TD3C,Middle East Gulf to China,VLCC,7.373,USD
2025-10-12,TD3C,Middle East Gulf to China,VLCC,7.478,USD
2025-10-13,TD3C,Middle East Gulf to China,VLCC,7.452,USD
2025-10-14,TD3C,Middle East Gulf to China,VLCC,7.552,USD
2025-10-15,TD3C,Middle East Gulf to China,VLCC,7.498,USD
2025-10-16,TD3C,Middle East Gulf to China,VLCC,7.495,USD
2025-10-17,TD3C,Middle East Gulf to China,VLCC,7.521,USD
2025-10-18,TD3C,Middle East Gulf to China,VLCC,7.406,USD
2025-10-19,TD3C,Middle East Gulf to China,VLCC,7.526,USD
2025-10-20,TD3C,Middle East Gulf to China,VLCC,7.478,USD
2025-10-21,TD3C,Middle East Gulf to China,VLCC,7.468,USD
2025-10-22,TD3C,Middle East Gulf to China,VLCC,7.357,USD
2025-10-23,TD3C,Middle East Gulf to China,VLCC,7.036,USD
2025-10-24,TD3C,Middle East Gulf to China,VLCC,7.037,USD
2025-10-25,TD3C,Middle East Gulf to China,VLCC,7.387,USD
2025-10-26,TD3C,Middle East Gulf to China,VLCC,7.515,USD
2025-10-27,TD3C,Middle East Gulf to China,VLCC,7.535,USD
2025-10-28,TD3C,Middle East Gulf to China,VLCC,7.522,USD
2025-10-29,TD3C,Middle East Gulf to China,VLCC,7.548,USD
2025-10-30,TD3C,Middle East Gulf to China,VLCC,7.644,USD
2025-10-31,TD3C,Middle East Gulf to China,VLCC,7.508,USD
2025-11-01,TD3C,Middle East Gulf to China,VLCC,7.681,USD
2025-11-02,TD3C,Middle East Gulf to China,VLCC,7.799,USD
2025-11-03,TD3C,Middle East Gulf to China,VLCC,7.916,USD
2025-11-04,TD3C,Middle East Gulf to China,VLCC,7.995,USD
2025-11-05,TD3C,Middle East Gulf to China,VLCC,8.018,USD
2025-11-06,TD3C,Middle East Gulf to China,VLCC,8.128,USD
2025-11-07,TD3C,Middle East Gulf to China,VLCC,8.226,USD
2025-11-08,TD3C,Middle East Gulf to China,VLCC,8.197,USD
2025-11-09,TD3C,Middle East Gulf to China,VLCC,8.139,USD
2025-11-10,TD3C,Middle East Gulf to China,VLCC,8.172,USD
2025-11-11,TD3C,Middle East Gulf to China,VLCC,8.399,USD
2025-11-12,TD3C,Middle East Gulf to China,VLCC,8.25,USD
2025-11-13,TD3C,Middle East Gulf to China,VLCC,8.073,USD
2025-11-14,TD3C,Middle East Gulf to China,VLCC,8.116,USD
2025-11-15,TD3C,Middle East Gulf to China,VLCC,8.144,USD
2025-11-16,TD3C,Middle East Gulf to China,VLCC,8.188,USD
2025-11-17,TD3C,Middle East Gulf to China,VLCC,8.241,USD
2025-11-18,TD3C,Middle East Gulf to China,VLCC,8.231,USD
2025-11-19,TD3C,Middle East Gulf to China,VLCC,8.451,USD
2025-11-20,TD3C,Middle East Gulf to China,VLCC,8.255,USD
2025-11-21,TD3C,Middle East Gulf to China,VLCC,8.164,USD
2025-11-22,TD3C,Middle East Gulf to China,VLCC,8.172,USD
2025-11-23,TD3C,Middle East Gulf to China,VLCC,7.974,USD
2025-11-24,TD3C,Middle East Gulf to China,VLCC,7.974,USD
2025-11-25,TD3C,Middle East Gulf to China,VLCC,8.22,USD
2025-11-26,TD3C,Middle East Gulf to China,VLCC,8.244,USD
2025-11-27,TD3C,Middle East Gulf to China,VLCC,8.297,USD
2025-11-28,TD3C,Middle East Gulf to China,VLCC,8.149,USD
2025-11-29,TD3C,Middle East Gulf to China,VLCC,8.089,USD
2025-11-30,TD3C,Middle East Gulf to China,VLCC,8.062,USD
2025-12-01,TD3C,Middle East Gulf to China,VLCC,8.043,USD
2025-12-02,TD3C,Middle East Gulf to China,VLCC,8.239,USD
2025-12-03,TD3C,Middle East Gulf to China,VLCC,8.336,USD
2025-12-04,TD3C,Middle East Gulf to China,VLCC,8.208,USD
2025-12-05,TD3C,Middle East Gulf to China,VLCC,8.264,USD
2025-12-06,TD3C,Middle East Gulf to China,VLCC,8.352,USD
2025-12-07,TD3C,Middle East Gulf to China,VLCC,8.526,USD
2025-12-08,TD3C,Middle East Gulf to China,VLCC,8.758,USD
2025-12-09,TD3C,Middle East Gulf to China,VLCC,8.639,USD
2025-12-10,TD3C,Middle East Gulf to China,VLCC,8.549,USD
2025-12-11,TD3C,Middle East Gulf to China,VLCC,8.4,USD
2025-12-12,TD3C,Middle East Gulf to China,VLCC,8.39,USD
2025-12-13,TD3C,Middle East Gulf to China,VLCC,8.474,USD
2025-12-14,TD3C,Middle East Gulf to China,VLCC,8.626,USD
2025-12-15,TD3C,Middle East Gulf to China,VLCC,8.635,USD
2025-12-16,TD3C,Middle East Gulf to China,VLCC,8.611,USD
2025-12-17,TD3C,Middle East Gulf to China,VLCC,8.651,USD
2025-12-18,TD3C,Middle East Gulf to China,VLCC,8.558,USD
2025-12-19,TD3C,Middle East Gulf to China,VLCC,8.857,USD
2025-12-20,TD3C,Middle East Gulf to China,VLCC,8.658,USD
2025-12-21,TD3C,Middle East Gulf to China,VLCC,8.702,USD
2025-12-22,TD3C,Middle East Gulf to China,VLCC,8.991,USD
2025-12-23,TD3C,Middle East Gulf to China,VLCC,9.007,USD
2025-12-24,TD3C,Middle East Gulf to China,VLCC,8.997,USD
2025-12-25,TD3C,Middle East Gulf to China,VLCC,8.964,USD
2025-12-26,TD3C,Middle East Gulf to China,VLCC,8.955,USD
2025-12-27,TD3C,Middle East Gulf to China,VLCC,9.154,USD
2025-12-28,TD3C,Middle East Gulf to China,VLCC,8.872,USD
2025-12-29,TD3C,Middle East Gulf to China,VLCC,9.093,USD
2025-12-30,TD3C,Middle East Gulf to China,VLCC,8.916,USD
2025-12-31,TD3C,Middle East Gulf to China,VLCC,8.896,USD
2026-01-01,TD3C,Middle East Gulf to China,VLCC,8.855,USD
2026-01-02,TD3C,Middle East Gulf to China,VLCC,8.949,USD
2026-01-03,TD3C,Middle East Gulf to China,VLCC,8.751,USD
2026-01-04,TD3C,Middle East Gulf to China,VLCC,8.829,USD
2026-01-05,TD3C,Middle East Gulf to China,VLCC,9.116,USD
2026-01-06,TD3C,Middle East Gulf to China,VLCC,8.947,USD
2026-01-07,TD3C,Middle East Gulf to China,VLCC,8.987,USD
2026-01-08,TD3C,Middle East Gulf to China,VLCC,8.913,USD
2026-01-09,TD3C,Middle East Gulf to China,VLCC,8.984,USD
2026-01-10,TD3C,Middle East Gulf to China,VLCC,9.001,USD
2026-01-11,TD3C,Middle East Gulf to China,VLCC,8.928,USD
2026-01-12,TD3C,Middle East Gulf to China,VLCC,9.008,USD
2026-01-13,TD3C,Middle East Gulf to China,VLCC,9.263,USD
2026-01-14,TD3C,Middle East Gulf to China,VLCC,9.248,USD
2026-01-15,TD3C,Middle East Gulf to China,VLCC,9.355,USD
2026-01-16,TD3C,Middle East Gulf to China,VLCC,9.191,USD
2026-01-17,TD3C,Middle East Gulf to China,VLCC,9.074,USD
2026-01-18,TD3C,Middle East Gulf to China,VLCC,9.149,USD
2026-01-19,TD3C,Middle East Gulf to China,VLCC,9.358,USD
2026-01-20,TD3C,Middle East Gulf to China,VLCC,9.414,USD
2026-01-21,TD3C,Middle East Gulf to China,VLCC,9.38,USD
2026-01-22,TD3C,Middle East Gulf to China,VLCC,9.388,USD
2026-01-23,TD3C,Middle East Gulf to China,VLCC,9.228,USD
2026-01-24,TD3C,Middle East Gulf to China,VLCC,9.318,USD
2026-01-25,TD3C,Middle East Gulf to China,VLCC,9.445,USD
2026-01-26,TD3C,Middle East Gulf to China,VLCC,9.391,USD
2026-01-27,TD3C,Middle East Gulf to China,VLCC,9.334,USD
2026-01-28,TD3C,Middle East Gulf to China,VLCC,9.377,USD
2026-01-29,TD3C,Middle East Gulf to China,VLCC,9.325,USD
2026-01-30,TD3C,Middle East Gulf to China,VLCC,9.323,USD
2026-01-31,TD3C,Middle East Gulf to China,VLCC,9.611,USD
2026-02-01,TD3C,Middle East Gulf to China,VLCC,9.581,USD
2026-02-02,TD3C,Middle East Gulf to China,VLCC,9.537,USD
2026-02-03,TD3C,Middle East Gulf to China,VLCC,9.454,USD
2026-02-04,TD3C,Middle East Gulf to China,VLCC,9.558,USD
2026-02-05,TD3C,Middle East Gulf to China,VLCC,9.537,USD
2026-02-06,TD3C,Middle East Gulf to China,VLCC,9.453,USD
2026-02-07,TD3C,Middle East Gulf to China,VLCC,9.633,USD
2026-02-08,TD3C,Middle East Gulf to China,VLCC,9.825,USD
2026-02-09,TD3C,Middle East Gulf to China,VLCC,9.744,USD
2026-02-10,TD3C,Middle East Gulf to China,VLCC,9.494,USD
2026-02-11,TD3C,Middle East Gulf to China,VLCC,9.63,USD
2026-02-12,TD3C,Middle East Gulf to China,VLCC,9.539,USD
2026-02-13,TD3C,Middle East Gulf to China,VLCC,9.646,USD
2026-02-14,TD3C,Middle East Gulf to China,VLCC,9.382,USD
2026-02-15,TD3C,Middle East Gulf to China,VLCC,9.503,USD
2026-02-16,TD3C,Middle East Gulf to China,VLCC,9.342,USD
2026-02-17,TD3C,Middle East Gulf to China,VLCC,9.441,USD
2026-02-18,TD3C,Middle East Gulf to China,VLCC,9.444,USD
2026-02-19,TD3C,Middle East Gulf to China,VLCC,9.316,USD
2026-02-20,TD3C,Middle East Gulf to China,VLCC,9.263,USD
2026-02-21,TD3C,Middle East Gulf to China,VLCC,9.356,USD
2026-02-22,TD3C,Middle East Gulf to China,VLCC,9.371,USD
2026-02-23,TD3C,Middle East Gulf to China,VLCC,9.449,USD
2026-02-24,TD3C,Middle East Gulf to China,VLCC,9.712,USD
2026-02-25,TD3C,Middle East Gulf to China,VLCC,9.498,USD
2026-02-26,TD3C,Middle East Gulf to China,VLCC,9.712,USD
2026-02-27,TD3C,Middle East Gulf to China,VLCC,9.721,USD
2026-02-28,TD3C,Middle East Gulf to China,VLCC,9.595,USD
2026-03-01,TD3C,Middle East Gulf to China,VLCC,9.412,USD
2026-03-02,TD3C,Middle East Gulf to China,VLCC,9.384,USD
2026-03-03,TD3C,Middle East Gulf to China,VLCC,9.504,USD
2026-03-04,TD3C,Middle East Gulf to China,VLCC,9.483,USD
2026-03-05,TD3C,Middle East Gulf to China,VLCC,9.68,USD
2026-03-06,TD3C,Middle East Gulf to China,VLCC,9.479,USD
2026-03-07,TD3C,Middle East Gulf to China,VLCC,9.472,USD
2026-03-08,TD3C,Middle East Gulf to China,VLCC,9.299,USD
2026-03-09,TD3C,Middle East Gulf to China,VLCC,9.343,USD
2026-03-10,TD3C,Middle East Gulf to China,VLCC,9.457,USD
2026-03-11,TD3C,Middle East Gulf to China,VLCC,9.394,USD
2026-03-12,TD3C,Middle East Gulf to China,VLCC,9.039,USD
2026-03-13,TD3C,Middle East Gulf to China,VLCC,9.063,USD
2026-03-14,TD3C,Middle East Gulf to China,VLCC,9.118,USD
2026-03-15,TD3C,Middle East Gulf to China,VLCC,9.167,USD
2026-03-16,TD3C,Middle East Gulf to China,VLCC,9.327,USD
2026-03-17,TD3C,Middle East Gulf to China,VLCC,9.177,USD
2026-03-18,TD3C,Middle East Gulf to China,VLCC,9.262,USD
2026-03-19,TD3C,Middle East Gulf to China,VLCC,9.414,USD
2026-03-20,TD3C,Middle East Gulf to China,VLCC,9.167,USD
2026-03-21,TD3C,Middle East Gulf to China,VLCC,9.202,USD
2026-03-22,TD3C,Middle East Gulf to China,VLCC,9.127,USD
2026-03-23,TD3C,Middle East Gulf to China,VLCC,9.109,USD
2026-03-24,TD3C,Middle East Gulf to China,VLCC,9.148,USD
2026-03-25,TD3C,Middle East Gulf to China,VLCC,9.074,USD
2026-03-26,TD3C,Middle East Gulf to China,VLCC,8.976,USD
2026-03-27,TD3C,Middle East Gulf to China,VLCC,8.973,USD
2026-03-28,TD3C,Middle East Gulf to China,VLCC,8.82,USD
2026-03-29,TD3C,Middle East Gulf to China,VLCC,8.668,USD
2026-03-30,TD3C,Middle East Gulf to China,VLCC,8.754,USD
2026-03-31,TD3C,Middle East Gulf to China,VLCC,8.594,USD
2026-04-01,TD3C,Middle East Gulf to China,VLCC,8.678,USD
2026-04-02,TD3C,Middle East Gulf to China,VLCC,8.734,USD
2026-04-03,TD3C,Middle East Gulf to China,VLCC,8.495,USD
2026-04-04,TD3C,Middle East Gulf to China,VLCC,8.4,USD
2026-04-05,TD3C,Middle East Gulf to China,VLCC,8.555,USD
2026-04-06,TD3C,Middle East Gulf to China,VLCC,8.417,USD
2026-04-07,TD3C,Middle East Gulf to China,VLCC,8.349,USD
2026-04-08,TD3C,Middle East Gulf to China,VLCC,8.406,USD
2026-04-09,TD3C,Middle East Gulf to China,VLCC,8.505,USD
2026-04-10,TD3C,Middle East Gulf to China,VLCC,8.464,USD
2026-04-11,TD3C,Middle East Gulf to China,VLCC,8.377,USD
2026-04-12,TD3C,Middle East Gulf to China,VLCC,8.561,USD
2026-04-13,TD3C,Middle East Gulf to China,VLCC,8.785,USD
2026-04-14,TD3C,Middle East Gulf to China,VLCC,8.905,USD
2026-04-15,TD3C,Middle East Gulf to China,VLCC,8.903,USD
2026-04-16,TD3C,Middle East Gulf to China,VLCC,8.782,USD
2026-04-17,TD3C,Middle East Gulf to China,VLCC,8.658,USD
2026-04-18,TD3C,Middle East Gulf to China,VLCC,8.717,USD
2026-04-19,TD3C,Middle East Gulf to China,VLCC,8.761,USD
2026-04-20,TD3C,Middle East Gulf to China,VLCC,8.935,USD
2026-04-21,TD3C,Middle East Gulf to China,VLCC,9.007,USD
2026-04-22,TD3C,Middle East Gulf to China,VLCC,8.79,USD
2026-04-23,TD3C,Middle East Gulf to China,VLCC,8.917,USD
2026-04-24,TD3C,Middle East Gulf to China,VLCC,8.768,USD
2026-04-25,TD3C,Middle East Gulf to China,VLCC,8.702,USD
2026-04-26,TD3C,Middle East Gulf to China,VLCC,8.721,USD
2026-04-27,TD3C,Middle East Gulf to China,VLCC,8.974,USD
2026-04-28,TD3C,Middle East Gulf to China,VLCC,9.373,USD
2026-04-29,TD3C,Middle East Gulf to China,VLCC,9.432,USD
2026-04-30,TD3C,Middle East Gulf to China,VLCC,9.385,USD
2026-05-01,TD3C,Middle East Gulf to China,VLCC,9.435,USD
2026-05-02,TD3C,Middle East Gulf to China,VLCC,9.53,USD
2026-05-03,TD3C,Middle East Gulf to China,VLCC,9.463,USD
2026-05-04,TD3C,Middle East Gulf to China,VLCC,9.68,USD
2026-05-05,TD3C,Middle East Gulf to China,VLCC,9.684,USD
2026-05-06,TD3C,Middle East Gulf to China,VLCC,9.724,USD
2026-05-07,TD3C,Middle East Gulf to China,VLCC,9.786,USD
2026-05-08,TD3C,Middle East Gulf to China,VLCC,9.815,USD
2026-05-09,TD3C,Middle East Gulf to China,VLCC,9.898,USD
2026-05-10,TD3C,Middle East Gulf to China,VLCC,9.786,USD
2026-05-11,TD3C,Middle East Gulf to China,VLCC,9.683,USD
2026-05-12,TD3C,Middle East Gulf to China,VLCC,9.508,USD
2026-05-13,TD3C,Middle East Gulf to China,VLCC,9.54,USD
2026-05-14,TD3C,Middle East Gulf to China,VLCC,9.618,USD
2026-05-15,TD3C,Middle East Gulf to China,VLCC,9.651,USD
2026-05-16,TD3C,Middle East Gulf to China,VLCC,9.847,USD
2026-05-17,TD3C,Middle East Gulf to China,VLCC,9.816,USD
2026-05-18,TD3C,Middle East Gulf to China,VLCC,9.875,USD
2026-05-19,TD3C,Middle East Gulf to China,VLCC,9.697,USD
2026-05-20,TD3C,Middle East Gulf to China,VLCC,9.616,USD
2026-05-21,TD3C,Middle East Gulf to China,VLCC,9.68,USD
2026-05-22,TD3C,Middle East Gulf to China,VLCC,9.764,USD
2026-05-23,TD3C,Middle East Gulf to China,VLCC,9.694,USD
2026-05-24,TD3C,Middle East Gulf to China,VLCC,9.654,USD
2026-05-25,TD3C,Middle East Gulf to China,VLCC,9.421,USD
2026-05-26,TD3C,Middle East Gulf to China,VLCC,9.346,USD
2026-05-27,TD3C,Middle East Gulf to China,VLCC,9.438,USD
2026-05-28,TD3C,Middle East Gulf to China,VLCC,9.487,USD
2026-05-29,TD3C,Middle East Gulf to China,VLCC,9.525,USD
2026-05-30,TD3C,Middle East Gulf to China,VLCC,9.502,USD
2026-05-31,TD3C,Middle East Gulf to China,VLCC,9.474,USD
2026-06-01,TD3C,Middle East Gulf to China,VLCC,9.357,USD
2026-06-02,TD3C,Middle East Gulf to China,VLCC,9.422,USD
2026-06-03,TD3C,Middle East Gulf to China,VLCC,9.45,USD
2026-06-04,TD3C,Middle East Gulf to China,VLCC,9.487,USD
2026-06-05,TD3C,Middle East Gulf to China,VLCC,9.387,USD
2026-06-06,TD3C,Middle East Gulf to China,VLCC,9.07,USD
2026-06-07,TD3C,Middle East Gulf to China,VLCC,9.191,USD
2026-06-08,TD3C,Middle East Gulf to China,VLCC,9.101,USD
2026-06-09,TD3C,Middle East Gulf to China,VLCC,8.959,USD
2026-06-10,TD3C,Middle East Gulf to China,VLCC,9.027,USD
2026-06-11,TD3C,Middle East Gulf to China,VLCC,8.95,USD
2026-06-12,TD3C,Middle East Gulf to China,VLCC,9.067,USD
2026-06-13,TD3C,Middle East Gulf to China,VLCC,9.124,USD
2026-06-14,TD3C,Middle East Gulf to China,VLCC,9.189,USD
2026-06-15,TD3C,Middle East Gulf to China,VLCC,8.979,USD
2026-06-16,TD3C,Middle East Gulf to China,VLCC,9.116,USD
2026-06-17,TD3C,Middle East Gulf to China,VLCC,9.125,USD
2026-06-18,TD3C,Middle East Gulf to China,VLCC,9.049,USD
2026-06-19,TD3C,Middle East Gulf to China,VLCC,9.042,USD
2026-06-20,TD3C,Middle East Gulf to China,VLCC,8.779,USD
2026-06-21,TD3C,Middle East Gulf to China,VLCC,8.811,USD
2026-06-22,TD3C,Middle East Gulf to China,VLCC,8.649,USD
2026-06-23,TD3C,Middle East Gulf to China,VLCC,8.447,USD
2026-06-24,TD3C,Middle East Gulf to China,VLCC,8.223,USD
2026-06-25,TD3C,Middle East Gulf to China,VLCC,8.355,USD
2026-06-26,TD3C,Middle East Gulf to China,VLCC,8.252,USD
2026-06-27,TD3C,Middle East Gulf to China,VLCC,8.44,USD
2026-06-28,TD3C,Middle East Gulf to China,VLCC,8.349,USD
2026-06-29,TD3C,Middle East Gulf to China,VLCC,8.102,USD
2026-06-30,TD3C,Middle East Gulf to China,VLCC,7.936,USD
2026-07-01,TD3C,Middle East Gulf to China,VLCC,8.088,USD
2026-07-02,TD3C,Middle East Gulf to China,VLCC,8.051,USD
2026-07-03,TD3C,Middle East Gulf to China,VLCC,7.963,USD
2026-07-04,TD3C,Middle East Gulf to China,VLCC,7.97,USD
2026-07-05,TD3C,Middle East Gulf to China,VLCC,8.023,USD
2026-07-06,TD3C,Middle East Gulf to China,VLCC,8.158,USD
2026-07-07,TD3C,Middle East Gulf to China,VLCC,8.336,USD
2026-07-08,TD3C,Middle East Gulf to China,VLCC,8.27,USD
2026-07-09,TD3C,Middle East Gulf to China,VLCC,8.076,USD
2026-07-10,TD3C,Middle East Gulf to China,VLCC,8.006,USD
2026-07-11,TD3C,Middle East Gulf to China,VLCC,8.027,USD
2026-07-12,TD3C,Middle East Gulf to China,VLCC,7.884,USD
2026-07-13,TD3C,Middle East Gulf to China,VLCC,7.743,USD
2026-07-14,TD3C,Middle East Gulf to China,VLCC,7.779,USD
2026-07-15,TD3C,Middle East Gulf to China,VLCC,7.761,USD
2026-07-16,TD3C,Middle East Gulf to China,VLCC,7.755,USD
2026-07-17,TD3C,Middle East Gulf to China,VLCC,7.643,USD
2026-07-18,TD3C,Middle East Gulf to China,VLCC,7.603,USD
2026-07-19,TD3C,Middle East Gulf to China,VLCC,7.47,USD
2026-07-20,TD3C,Middle East Gulf to China,VLCC,7.582,USD
2026-07-21,TD3C,Middle East Gulf to China,VLCC,7.713,USD
2026-07-22,TD3C,Middle East Gulf to China,VLCC,7.456,USD
2026-07-23,TD3C,Middle East Gulf to China,VLCC,7.326,USD
2026-07-24,TD3C,Middle East Gulf to China,VLCC,7.12,USD
2026-07-25,TD3C,Middle East Gulf to China,VLCC,7.031,USD
2026-07-26,TD3C,Middle East Gulf to China,VLCC,7.018,USD
2026-07-27,TD3C,Middle East Gulf to China,VLCC,6.823,USD
2026-07-28,TD3C,Middle East Gulf to China,VLCC,6.7,USD
2026-07-29,TD3C,Middle East Gulf to China,VLCC,6.568,USD
2026-07-30,TD3C,Middle East Gulf to China,VLCC,6.6,USD
2026-07-31,TD3C,Middle East Gulf to China,VLCC,6.613,USD
2026-08-01,TD3C,Middle East Gulf to China,VLCC,6.52,USD
2026-08-02,TD3C,Middle East Gulf to China,VLCC,6.549,USD
2026-08-03,TD3C,Middle East Gulf to China,VLCC,6.481,USD
2026-08-04,TD3C,Middle East Gulf to China,VLCC,6.45,USD
2026-08-05,TD3C,Middle East Gulf to China,VLCC,6.681,USD
2026-08-06,TD3C,Middle East Gulf to China,VLCC,6.865,USD
2026-08-07,TD3C,Middle East Gulf to China,VLCC,6.694,USD
2026-08-08,TD3C,Middle East Gulf to China,VLCC,6.81,USD
2026-08-09,TD3C,Middle East Gulf to China,VLCC,6.922,USD
2026-08-10,TD3C,Middle East Gulf to China,VLCC,6.772,USD
2026-08-11,TD3C,Middle East Gulf to China,VLCC,6.886,USD
2026-08-12,TD3C,Middle East Gulf to China,VLCC,7.096,USD
2026-08-13,TD3C,Middle East Gulf to China,VLCC,6.948,USD
2026-08-14,TD3C,Middle East Gulf to China,VLCC,6.829,USD
2026-08-15,TD3C,Middle East Gulf to China,VLCC,6.971,USD
2026-08-16,TD3C,Middle East Gulf to China,VLCC,7.011,USD
2026-08-17,TD3C,Middle East Gulf to China,VLCC,7.089,USD
2026-08-18,TD3C,Middle East Gulf to China,VLCC,7.139,USD
2026-08-19,TD3C,Middle East Gulf to China,VLCC,7.195,USD
2026-08-20,TD3C,Middle East Gulf to China,VLCC,7.02,USD
2026-08-21,TD3C,Middle East Gulf to China,VLCC,7.166,USD
2026-08-22,TD3C,Middle East Gulf to China,VLCC,7.326,USD
2026-08-23,TD3C,Middle East Gulf to China,VLCC,7.299,USD
2026-08-24,TD3C,Middle East Gulf to China,VLCC,7.296,USD
2026-08-25,TD3C,Middle East Gulf to China,VLCC,7.095,USD
2026-08-26,TD3C,Middle East Gulf to China,VLCC,7.17,USD
2026-08-27,TD3C,Middle East Gulf to China,VLCC,7.252,USD
2026-08-28,TD3C,Middle East Gulf to China,VLCC,7.249,USD
2026-08-29,TD3C,Middle East Gulf to China,VLCC,7.405,USD
2026-08-30,TD3C,Middle East Gulf to China,VLCC,7.365,USD
2026-08-31,TD3C,Middle East Gulf to China,VLCC,7.446,USD
2026-09-01,TD3C,Middle East Gulf to China,VLCC,7.314,USD
2026-09-02,TD3C,Middle East Gulf to China,VLCC,7.317,USD
2026-09-03,TD3C,Middle East Gulf to China,VLCC,7.3,USD
2026-09-04,TD3C,Middle East Gulf to China,VLCC,7.337,USD
2026-09-05,TD3C,Middle East Gulf to China,VLCC,7.295,USD
2026-09-06,TD3C,Middle East Gulf to China,VLCC,7.285,USD
2026-09-07,TD3C,Middle East Gulf to China,VLCC,7.404,USD
2026-09-08,TD3C,Middle East Gulf to China,VLCC,7.353,USD
2026-09-09,TD3C,Middle East Gulf to China,VLCC,7.146,USD
2026-09-10,TD3C,Middle East Gulf to China,VLCC,7.391,USD
2026-09-11,TD3C,Middle East Gulf to China,VLCC,7.584,USD
2026-09-12,TD3C,Middle East Gulf to China,VLCC,7.418,USD
2026-09-13,TD3C,Middle East Gulf to China,VLCC,7.52,USD
2026-09-14,TD3C,Middle East Gulf to China,VLCC,7.461,USD
2026-09-15,TD3C,Middle East Gulf to China,VLCC,7.505,USD
2026-09-16,TD3C,Middle East Gulf to China,VLCC,7.554,USD
2026-09-17,TD3C,Middle East Gulf to China,VLCC,7.531,USD
2026-09-18,TD3C,Middle East Gulf to China,VLCC,7.436,USD
2026-09-19,TD3C,Middle East Gulf to China,VLCC,7.354,USD
2026-09-20,TD3C,Middle East Gulf to China,VLCC,7.244,USD
2026-09-21,TD3C,Middle East Gulf to China,VLCC,7.146,USD
2026-09-22,TD3C,Middle East Gulf to China,VLCC,7.152,USD
2026-09-23,TD3C,Middle East Gulf to China,VLCC,7.071,USD
2026-09-24,TD3C,Middle East Gulf to China,VLCC,7.179,USD
2026-09-25,TD3C,Middle East Gulf to China,VLCC,7.393,USD
2026-09-26,TD3C,Middle East Gulf to China,VLCC,7.329,USD
2026-09-27,TD3C,Middle East Gulf to China,VLCC,7.376,USD
2026-09-28,TD3C,Middle East Gulf to China,VLCC,7.458,USD
2026-09-29,TD3C,Middle East Gulf to China,VLCC,7.535,USD
2026-09-30,TD3C,Middle East Gulf to China,VLCC,7.559,USD
2026-10-01,TD3C,Middle East Gulf to China,VLCC,7.672,USD
2026-10-02,TD3C,Middle East Gulf to China,VLCC,7.749,USD
2026-10-03,TD3C,Middle East Gulf to China,VLCC,7.596,USD
2026-10-04,TD3C,Middle East Gulf to China,VLCC,7.727,USD
2026-10-05,TD3C,Middle East Gulf to China,VLCC,7.859,USD
2026-10-06,TD3C,Middle East Gulf to China,VLCC,7.77,USD
2026-10-07,TD3C,Middle East Gulf to China,VLCC,7.788,USD
2026-10-08,TD3C,Middle East Gulf to China,VLCC,7.894,USD
2026-10-09,TD3C,Middle East Gulf to China,VLCC,7.879,USD
2026-10-10,TD3C,Middle East Gulf to China,VLCC,8.036,USD
2026-10-11,TD3C,Middle East Gulf to China,VLCC,8.365,USD
2026-10-12,TD3C,Middle East Gulf to China,VLCC,8.269,USD
2026-10-13,TD3C,Middle East Gulf to China,VLCC,8.095,USD
2026-10-14,TD3C,Middle East Gulf to China,VLCC,8.148,USD
2026-10-15,TD3C,Middle East Gulf to China,VLCC,8.257,USD
2026-10-16,TD3C,Middle East Gulf to China,VLCC,8.238,USD
2026-10-17,TD3C,Middle East Gulf to China,VLCC,8.445,USD
2026-10-18,TD3C,Middle East Gulf to China,VLCC,8.276,USD
2026-10-19,TD3C,Middle East Gulf to China,VLCC,8.381,USD
2026-10-20,TD3C,Middle East Gulf to China,VLCC,8.312,USD
2026-10-21,TD3C,Middle East Gulf to China,VLCC,8.555,USD
2026-10-22,TD3C,Middle East Gulf to China,VLCC,8.832,USD
2026-10-23,TD3C,Middle East Gulf to China,VLCC,8.737,USD
2026-10-24,TD3C,Middle East Gulf to China,VLCC,8.673,USD
2026-10-25,TD3C,Middle East Gulf to China,VLCC,8.798,USD
2026-10-26,TD3C,Middle East Gulf to China,VLCC,8.756,USD
2026-10-27,TD3C,Middle East Gulf to China,VLCC,8.76,USD
2026-10-28,TD3C,Middle East Gulf to China,VLCC,8.773,USD
2026-10-29,TD3C,Middle East Gulf to China,VLCC,8.526,USD
2026-10-30,TD3C,Middle East Gulf to China,VLCC,8.538,USD
2026-10-31,TD3C,Middle East Gulf to China,VLCC,8.458,USD
2026-11-01,TD3C,Middle East Gulf to China,VLCC,8.407,USD
2026-11-02,TD3C,Middle East Gulf to China,VLCC,8.615,USD
2026-11-03,TD3C,Middle East Gulf to China,VLCC,8.46,USD
2026-11-04,TD3C,Middle East Gulf to China,VLCC,8.584,USD
2026-11-05,TD3C,Middle East Gulf to China,VLCC,8.56,USD
2026-11-06,TD3C,Middle East Gulf to China,VLCC,8.537,USD
2026-11-07,TD3C,Middle East Gulf to China,VLCC,8.658,USD
2026-11-08,TD3C,Middle East Gulf to China,VLCC,8.717,USD
2026-11-09,TD3C,Middle East Gulf to China,VLCC,8.807,USD
2026-11-10,TD3C,Middle East Gulf to China,VLCC,8.95,USD
2026-11-11,TD3C,Middle East Gulf to China,VLCC,8.917,USD
2026-11-12,TD3C,Middle East Gulf to China,VLCC,8.847,USD
2026-11-13,TD3C,Middle East Gulf to China,VLCC,8.715,USD
2026-11-14,TD3C,Middle East Gulf to China,VLCC,8.619,USD
2026-11-15,TD3C,Middle East Gulf to China,VLCC,9.03,USD
2026-11-16,TD3C,Middle East Gulf to China,VLCC,9.208,USD
2026-11-17,TD3C,Middle East Gulf to China,VLCC,9.038,USD
2026-11-18,TD3C,Middle East Gulf to China,VLCC,8.873,USD
2026-11-19,TD3C,Middle East Gulf to China,VLCC,8.951,USD
2026-11-20,TD3C,Middle East Gulf to China,VLCC,9.038,USD
2026-11-21,TD3C,Middle East Gulf to China,VLCC,9.124,USD
2026-11-22,TD3C,Middle East Gulf to China,VLCC,9.102,USD
2026-11-23,TD3C,Middle East Gulf to China,VLCC,9.097,USD
2026-11-24,TD3C,Middle East Gulf to China,VLCC,9.153,USD
2026-11-25,TD3C,Middle East Gulf to China,VLCC,9.177,USD
2026-11-26,TD3C,Middle East Gulf to China,VLCC,8.892,USD
2026-11-27,TD3C,Middle East Gulf to China,VLCC,8.876,USD
2026-11-28,TD3C,Middle East Gulf to China,VLCC,8.777,USD
2026-11-29,TD3C,Middle East Gulf to China,VLCC,8.817,USD
2026-11-30,TD3C,Middle East Gulf to China,VLCC,9.233,USD
2026-12-01,TD3C,Middle East Gulf to China,VLCC,9.294,USD
2026-12-02,TD3C,Middle East Gulf to China,VLCC,9.263,USD
2026-12-03,TD3C,Middle East Gulf to China,VLCC,9.399,USD
2026-12-04,TD3C,Middle East Gulf to China,VLCC,9.474,USD
2026-12-05,TD3C,Middle East Gulf to China,VLCC,9.54,USD
2026-12-06,TD3C,Middle East Gulf to China,VLCC,9.631,USD
2026-12-07,TD3C,Middle East Gulf to China,VLCC,9.914,USD
2026-12-08,TD3C,Middle East Gulf to China,VLCC,9.769,USD
2026-12-09,TD3C,Middle East Gulf to China,VLCC,9.84,USD
2026-12-10,TD3C,Middle East Gulf to China,VLCC,9.722,USD
2026-12-11,TD3C,Middle East Gulf to China,VLCC,9.804,USD
2026-12-12,TD3C,Middle East Gulf to China,VLCC,9.688,USD
2026-12-13,TD3C,Middle East Gulf to China,VLCC,9.641,USD
2026-12-14,TD3C,Middle East Gulf to China,VLCC,9.61,USD
2026-12-15,TD3C,Middle East Gulf to China,VLCC,9.75,USD
2026-12-16,TD3C,Middle East Gulf to China,VLCC,9.88,USD
2026-12-17,TD3C,Middle East Gulf to China,VLCC,9.72,USD
2026-12-18,TD3C,Middle East Gulf to China,VLCC,9.735,USD
2026-12-19,TD3C,Middle East Gulf to China,VLCC,9.648,USD
2026-12-20,TD3C,Middle East Gulf to China,VLCC,9.489,USD
2026-12-21,TD3C,Middle East Gulf to China,VLCC,9.47,USD
2026-12-22,TD3C,Middle East Gulf to China,VLCC,9.439,USD
2026-12-23,TD3C,Middle East Gulf to China,VLCC,9.775,USD
2026-12-24,TD3C,Middle East Gulf to China,VLCC,9.84,USD
2026-12-25,TD3C,Middle East Gulf to China,VLCC,9.662,USD
2026-12-26,TD3C,Middle East Gulf to China,VLCC,9.595,USD
2026-12-27,TD3C,Middle East Gulf to China,VLCC,9.741,USD
2026-12-28,TD3C,Middle East Gulf to China,VLCC,10.028,USD
2026-12-29,TD3C,Middle East Gulf to China,VLCC,9.82,USD
2026-12-30,TD3C,Middle East Gulf to China,VLCC,9.575,USD
2026-12-31,TD3C,Middle East Gulf to China,VLCC,9.835,USD
2020-01-04,TD7,Singapore to Japan,VLCC,10.143,USD
2020-01-05,TD7,Singapore to Japan,VLCC,10.255,USD
2020-01-06,TD7,Singapore to Japan,VLCC,10.251,USD
2020-01-07,TD7,Singapore to Japan,VLCC,9.982,USD
2020-01-08,TD7,Singapore to Japan,VLCC,9.855,USD
2020-01-09,TD7,Singapore to Japan,VLCC,10.003,USD
2020-01-10,TD7,Singapore to Japan,VLCC,9.613,USD
2020-01-11,TD7,Singapore to Japan,VLCC,9.806,USD
2020-01-12,TD7,Singapore to Japan,VLCC,9.899,USD
2020-01-13,TD7,Singapore to Japan,VLCC,10.108,USD
2020-01-14,TD7,Singapore to Japan,VLCC,10.091,USD
2020-01-15,TD7,Singapore to Japan,VLCC,9.801,USD
2020-01-16,TD7,Singapore to Japan,VLCC,9.879,USD
2020-01-17,TD7,Singapore to Japan,VLCC,10.082,USD
2020-01-18,TD7,Singapore to Japan,VLCC,10.23,USD
2020-01-19,TD7,Singapore to Japan,VLCC,10.143,USD
2020-01-20,TD7,Singapore to Japan,VLCC,10.167,USD
2020-01-21,TD7,Singapore to Japan,VLCC,10.1,USD
2020-01-22,TD7,Singapore to Japan,VLCC,9.991,USD
2020-01-23,TD7,Singapore to Japan,VLCC,10.143,USD
2020-01-24,TD7,Singapore to Japan,VLCC,9.978,USD
2020-01-25,TD7,Singapore to Japan,VLCC,9.858,USD
2020-01-26,TD7,Singapore to Japan,VLCC,9.708,USD
2020-01-27,TD7,Singapore to Japan,VLCC,9.503,USD
2020-01-28,TD7,Singapore to Japan,VLCC,9.541,USD
2020-01-29,TD7,Singapore to Japan,VLCC,9.727,USD
2020-01-30,TD7,Singapore to Japan,VLCC,9.713,USD
2020-01-31,TD7,Singapore to Japan,VLCC,9.505,USD
2020-02-01,TD7,Singapore to Japan,VLCC,9.643,USD
2020-02-02,TD7,Singapore to Japan,VLCC,9.905,USD
2020-02-03,TD7,Singapore to Japan,VLCC,9.82,USD
2020-02-04,TD7,Singapore to Japan,VLCC,9.761,USD
2020-02-05,TD7,Singapore to Japan,VLCC,9.848,USD
2020-02-06,TD7,Singapore to Japan,VLCC,10.097,USD
2020-02-07,TD7,Singapore to Japan,VLCC,10.028,USD
2020-02-08,TD7,Singapore to Japan,VLCC,9.84,USD
2020-02-09,TD7,Singapore to Japan,VLCC,9.943,USD
2020-02-10,TD7,Singapore to Japan,VLCC,10.068,USD
2020-02-11,TD7,Singapore to Japan,VLCC,10.076,USD
2020-02-12,TD7,Singapore to Japan,VLCC,10.0,USD
2020-02-13,TD7,Singapore to Japan,VLCC,10.153,USD
2020-02-14,TD7,Singapore to Japan,VLCC,10.236,USD
2020-02-15,TD7,Singapore to Japan,VLCC,10.126,USD
2020-02-16,TD7,Singapore to Japan,VLCC,10.138,USD
2020-02-17,TD7,Singapore to Japan,VLCC,9.943,USD
2020-02-18,TD7,Singapore to Japan,VLCC,10.05,USD
2020-02-19,TD7,Singapore to Japan,VLCC,10.015,USD
2020-02-20,TD7,Singapore to Japan,VLCC,9.955,USD
2020-02-21,TD7,Singapore to Japan,VLCC,9.955,USD
2020-02-22,TD7,Singapore to Japan,VLCC,9.965,USD
2020-02-23,TD7,Singapore to Japan,VLCC,10.101,USD
2020-02-24,TD7,Singapore to Japan,VLCC,10.19,USD
2020-02-25,TD7,Singapore to Japan,VLCC,10.168,USD
2020-02-26,TD7,Singapore to Japan,VLCC,10.281,USD
2020-02-27,TD7,Singapore to Japan,VLCC,10.339,USD
2020-02-28,TD7,Singapore to Japan,VLCC,10.274,USD
2020-02-29,TD7,Singapore to Japan,VLCC,10.255,USD
2020-03-01,TD7,Singapore to Japan,VLCC,10.231,USD
2020-03-02,TD7,Singapore to Japan,VLCC,10.304,USD
2020-03-03,TD7,Singapore to Japan,VLCC,10.247,USD
2020-03-04,TD7,Singapore to Japan,VLCC,10.187,USD
2020-03-05,TD7,Singapore to Japan,VLCC,10.474,USD
2020-03-06,TD7,Singapore to Japan,VLCC,10.607,USD
2020-03-07,TD7,Singapore to Japan,VLCC,10.488,USD
2020-03-08,TD7,Singapore to Japan,VLCC,10.565,USD
2020-03-09,TD7,Singapore to Japan,VLCC,10.575,USD
2020-03-10,TD7,Singapore to Japan,VLCC,10.625,USD
2020-03-11,TD7,Singapore to Japan,VLCC,10.636,USD
2020-03-12,TD7,Singapore to Japan,VLCC,10.802,USD
2020-03-13,TD7,Singapore to Japan,VLCC,10.841,USD
2020-03-14,TD7,Singapore to Japan,VLCC,10.819,USD
2020-03-15,TD7,Singapore to Japan,VLCC,10.96,USD
2020-03-16,TD7,Singapore to Japan,VLCC,10.981,USD
2020-03-17,TD7,Singapore to Japan,VLCC,10.984,USD
2020-03-18,TD7,Singapore to Japan,VLCC,11.015,USD
2020-03-19,TD7,Singapore to Japan,VLCC,10.985,USD
2020-03-20,TD7,Singapore to Japan,VLCC,10.97,USD
2020-03-21,TD7,Singapore to Japan,VLCC,10.868,USD
2020-03-22,TD7,Singapore to Japan,VLCC,10.741,USD
2020-03-23,TD7,Singapore to Japan,VLCC,10.58,USD
2020-03-24,TD7,Singapore to Japan,VLCC,10.361,USD
2020-03-25,TD7,Singapore to Japan,VLCC,10.22,USD
2020-03-26,TD7,Singapore to Japan,VLCC,10.183,USD
2020-03-27,TD7,Singapore to Japan,VLCC,10.188,USD
2020-03-28,TD7,Singapore to Japan,VLCC,10.137,USD
2020-03-29,TD7,Singapore to Japan,VLCC,9.779,USD
2020-03-30,TD7,Singapore to Japan,VLCC,10.003,USD
2020-03-31,TD7,Singapore to Japan,VLCC,10.153,USD
2020-04-01,TD7,Singapore to Japan,VLCC,10.206,USD
2020-04-02,TD7,Singapore to Japan,VLCC,10.474,USD
2020-04-03,TD7,Singapore to Japan,VLCC,10.314,USD
2020-04-04,TD7,Singapore to Japan,VLCC,10.576,USD
2020-04-05,TD7,Singapore to Japan,VLCC,10.416,USD
2020-04-06,TD7,Singapore to Japan,VLCC,10.435,USD
2020-04-07,TD7,Singapore to Japan,VLCC,10.23,USD
2020-04-08,TD7,Singapore to Japan,VLCC,10.216,USD
2020-04-09,TD7,Singapore to Japan,VLCC,10.257,USD
2020-04-10,TD7,Singapore to Japan,VLCC,10.218,USD
2020-04-11,TD7,Singapore to Japan,VLCC,10.306,USD
2020-04-12,TD7,Singapore to Japan,VLCC,10.303,USD
2020-04-13,TD7,Singapore to Japan,VLCC,10.208,USD
2020-04-14,TD7,Singapore to Japan,VLCC,10.107,USD
2020-04-15,TD7,Singapore to Japan,VLCC,10.209,USD
2020-04-16,TD7,Singapore to Japan,VLCC,10.095,USD
2020-04-17,TD7,Singapore to Japan,VLCC,10.212,USD
2020-04-18,TD7,Singapore to Japan,VLCC,10.373,USD
2020-04-19,TD7,Singapore to Japan,VLCC,10.107,USD
2020-04-20,TD7,Singapore to Japan,VLCC,10.255,USD
2020-04-21,TD7,Singapore to Japan,VLCC,10.538,USD
2020-04-22,TD7,Singapore to Japan,VLCC,10.551,USD
2020-04-23,TD7,Singapore to Japan,VLCC,10.615,USD
2020-04-24,TD7,Singapore to Japan,VLCC,10.743,USD
2020-04-25,TD7,Singapore to Japan,VLCC,10.676,USD
2020-04-26,TD7,Singapore to Japan,VLCC,10.677,USD
2020-04-27,TD7,Singapore to Japan,VLCC,10.457,USD
2020-04-28,TD7,Singapore to Japan,VLCC,10.452,USD
2020-04-29,TD7,Singapore to Japan,VLCC,10.501,USD
2020-04-30,TD7,Singapore to Japan,VLCC,10.551,USD
2020-05-01,TD7,Singapore to Japan,VLCC,10.681,USD
2020-05-02,TD7,Singapore to Japan,VLCC,10.539,USD
2020-05-03,TD7,Singapore to Japan,VLCC,10.434,USD
2020-05-04,TD7,Singapore to Japan,VLCC,10.687,USD
2020-05-05,TD7,Singapore to Japan,VLCC,10.636,USD
2020-05-06,TD7,Singapore to Japan,VLCC,10.636,USD
2020-05-07,TD7,Singapore to Japan,VLCC,10.597,USD
2020-05-08,TD7,Singapore to Japan,VLCC,10.448,USD
2020-05-09,TD7,Singapore to Japan,VLCC,10.659,USD
2020-05-10,TD7,Singapore to Japan,VLCC,10.551,USD
2020-05-11,TD7,Singapore to Japan,VLCC,10.356,USD
2020-05-12,TD7,Singapore to Japan,VLCC,10.262,USD
2020-05-13,TD7,Singapore to Japan,VLCC,9.941,USD
2020-05-14,TD7,Singapore to Japan,VLCC,9.821,USD
2020-05-15,TD7,Singapore to Japan,VLCC,9.656,USD
2020-05-16,TD7,Singapore to Japan,VLCC,9.725,USD
2020-05-17,TD7,Singapore to Japan,VLCC,9.604,USD
2020-05-18,TD7,Singapore to Japan,VLCC,9.713,USD
2020-05-19,TD7,Singapore to Japan,VLCC,9.897,USD
2020-05-20,TD7,Singapore to Japan,VLCC,9.987,USD
2020-05-21,TD7,Singapore to Japan,VLCC,9.93,USD
2020-05-22,TD7,Singapore to Japan,VLCC,9.925,USD
2020-05-23,TD7,Singapore to Japan,VLCC,9.675,USD
2020-05-24,TD7,Singapore to Japan,VLCC,9.632,USD
2020-05-25,TD7,Singapore to Japan,VLCC,9.483,USD
2020-05-26,TD7,Singapore to Japan,VLCC,9.563,USD
2020-05-27,TD7,Singapore to Japan,VLCC,9.92,USD
2020-05-28,TD7,Singapore to Japan,VLCC,9.967,USD
2020-05-29,TD7,Singapore to Japan,VLCC,9.647,USD
2020-05-30,TD7,Singapore to Japan,VLCC,9.57,USD
2020-05-31,TD7,Singapore to Japan,VLCC,9.565,USD
2020-06-01,TD7,Singapore to Japan,VLCC,9.555,USD
2020-06-02,TD7,Singapore to Japan,VLCC,9.424,USD
2020-06-03,TD7,Singapore to Japan,VLCC,9.438,USD
2020-06-04,TD7,Singapore to Japan,VLCC,9.233,USD
2020-06-05,TD7,Singapore to Japan,VLCC,9.073,USD
2020-06-06,TD7,Singapore to Japan,VLCC,9.149,USD
2020-06-07,TD7,Singapore to Japan,VLCC,8.98,USD
2020-06-08,TD7,Singapore to Japan,VLCC,9.041,USD
2020-06-09,TD7,Singapore to Japan,VLCC,8.821,USD
2020-06-10,TD7,Singapore to Japan,VLCC,9.064,USD
2020-06-11,TD7,Singapore to Japan,VLCC,8.931,USD
2020-06-12,TD7,Singapore to Japan,VLCC,8.88,USD
2020-06-13,TD7,Singapore to Japan,VLCC,8.912,USD
2020-06-14,TD7,Singapore to Japan,VLCC,8.811,USD
2020-06-15,TD7,Singapore to Japan,VLCC,8.815,USD
2020-06-16,TD7,Singapore to Japan,VLCC,8.883,USD
2020-06-17,TD7,Singapore to Japan,VLCC,9.007,USD
2020-06-18,TD7,Singapore to Japan,VLCC,9.104,USD
2020-06-19,TD7,Singapore to Japan,VLCC,9.059,USD
2020-06-20,TD7,Singapore to Japan,VLCC,9.018,USD
2020-06-21,TD7,Singapore to Japan,VLCC,9.345,USD
2020-06-22,TD7,Singapore to Japan,VLCC,9.463,USD
2020-06-23,TD7,Singapore to Japan,VLCC,9.304,USD
2020-06-24,TD7,Singapore to Japan,VLCC,9.297,USD
2020-06-25,TD7,Singapore to Japan,VLCC,9.226,USD
2020-06-26,TD7,Singapore to Japan,VLCC,9.185,USD
2020-06-27,TD7,Singapore to Japan,VLCC,8.984,USD
2020-06-28,TD7,Singapore to Japan,VLCC,8.905,USD
2020-06-29,TD7,Singapore to Japan,VLCC,9.154,USD
2020-06-30,TD7,Singapore to Japan,VLCC,9.219,USD
2020-07-01,TD7,Singapore to Japan,VLCC,8.832,USD
2020-07-02,TD7,Singapore to Japan,VLCC,8.994,USD
2020-07-03,TD7,Singapore to Japan,VLCC,9.137,USD
2020-07-04,TD7,Singapore to Japan,VLCC,9.064,USD
2020-07-05,TD7,Singapore to Japan,VLCC,9.151,USD
2020-07-06,TD7,Singapore to Japan,VLCC,9.005,USD
2020-07-07,TD7,Singapore to Japan,VLCC,8.918,USD
2020-07-08,TD7,Singapore to Japan,VLCC,9.122,USD
2020-07-09,TD7,Singapore to Japan,VLCC,9.063,USD
2020-07-10,TD7,Singapore to Japan,VLCC,8.77,USD
2020-07-11,TD7,Singapore to Japan,VLCC,8.745,USD
2020-07-12,TD7,Singapore to Japan,VLCC,8.719,USD
2020-07-13,TD7,Singapore to Japan,VLCC,8.881,USD
2020-07-14,TD7,Singapore to Japan,VLCC,8.868,USD
2020-07-15,TD7,Singapore to Japan,VLCC,8.79,USD
2020-07-16,TD7,Singapore to Japan,VLCC,8.93,USD
2020-07-17,TD7,Singapore to Japan,VLCC,8.932,USD
2020-07-18,TD7,Singapore to Japan,VLCC,8.806,USD
2020-07-19,TD7,Singapore to Japan,VLCC,8.962,USD
2020-07-20,TD7,Singapore to Japan,VLCC,8.975,USD
2020-07-21,TD7,Singapore to Japan,VLCC,8.96,USD
2020-07-22,TD7,Singapore to Japan,VLCC,8.971,USD
2020-07-23,TD7,Singapore to Japan,VLCC,8.798,USD
2020-07-24,TD7,Singapore to Japan,VLCC,8.707,USD
2020-07-25,TD7,Singapore to Japan,VLCC,8.696,USD
2020-07-26,TD7,Singapore to Japan,VLCC,8.656,USD
2020-07-27,TD7,Singapore to Japan,VLCC,8.832,USD
2020-07-28,TD7,Singapore to Japan,VLCC,8.852,USD
2020-07-29,TD7,Singapore to Japan,VLCC,8.965,USD
2020-07-30,TD7,Singapore to Japan,VLCC,8.953,USD
2020-07-31,TD7,Singapore to Japan,VLCC,9.096,USD
2020-08-01,TD7,Singapore to Japan,VLCC,9.14,USD
2020-08-02,TD7,Singapore to Japan,VLCC,9.128,USD
2020-08-03,TD7,Singapore to Japan,VLCC,9.112,USD
2020-08-04,TD7,Singapore to Japan,VLCC,8.958,USD
2020-08-05,TD7,Singapore to Japan,VLCC,9.021,USD
2020-08-06,TD7,Singapore to Japan,VLCC,9.003,USD
2020-08-07,TD7,Singapore to Japan,VLCC,8.917,USD
2020-08-08,TD7,Singapore to Japan,VLCC,9.07,USD
2020-08-09,TD7,Singapore to Japan,VLCC,8.874,USD
2020-08-10,TD7,Singapore to Japan,VLCC,8.802,USD
2020-08-11,TD7,Singapore to Japan,VLCC,8.945,USD
2020-08-12,TD7,Singapore to Japan,VLCC,8.982,USD
2020-08-13,TD7,Singapore to Japan,VLCC,8.965,USD
2020-08-14,TD7,Singapore to Japan,VLCC,8.993,USD
2020-08-15,TD7,Singapore to Japan,VLCC,9.01,USD
2020-08-16,TD7,Singapore to Japan,VLCC,8.778,USD
2020-08-17,TD7,Singapore to Japan,VLCC,8.72,USD
2020-08-18,TD7,Singapore to Japan,VLCC,8.953,USD
2020-08-19,TD7,Singapore to Japan,VLCC,8.848,USD
2020-08-20,TD7,Singapore to Japan,VLCC,8.795,USD
2020-08-21,TD7,Singapore to Japan,VLCC,8.71,USD
2020-08-22,TD7,Singapore to Japan,VLCC,8.693,USD
2020-08-23,TD7,Singapore to Japan,VLCC,8.604,USD
2020-08-24,TD7,Singapore to Japan,VLCC,8.673,USD
2020-08-25,TD7,Singapore to Japan,VLCC,8.7,USD
2020-08-26,TD7,Singapore to Japan,VLCC,8.811,USD
2020-08-27,TD7,Singapore to Japan,VLCC,8.653,USD
2020-08-28,TD7,Singapore to Japan,VLCC,8.602,USD
2020-08-29,TD7,Singapore to Japan,VLCC,8.568,USD
2020-08-30,TD7,Singapore to Japan,VLCC,8.635,USD
2020-08-31,TD7,Singapore to Japan,VLCC,8.518,USD
2020-09-01,TD7,Singapore to Japan,VLCC,8.654,USD
2020-09-02,TD7,Singapore to Japan,VLCC,8.83,USD
2020-09-03,TD7,Singapore to Japan,VLCC,8.683,USD
2020-09-04,TD7,Singapore to Japan,VLCC,8.612,USD
2020-09-05,TD7,Singapore to Japan,VLCC,8.535,USD
2020-09-06,TD7,Singapore to Japan,VLCC,8.926,USD
2020-09-07,TD7,Singapore to Japan,VLCC,8.862,USD
2020-09-08,TD7,Singapore to Japan,VLCC,9.11,USD
2020-09-09,TD7,Singapore to Japan,VLCC,8.922,USD
2020-09-10,TD7,Singapore to Japan,VLCC,8.777,USD
2020-09-11,TD7,Singapore to Japan,VLCC,8.678,USD
2020-09-12,TD7,Singapore to Japan,VLCC,8.558,USD
2020-09-13,TD7,Singapore to Japan,VLCC,8.524,USD
2020-09-14,TD7,Singapore to Japan,VLCC,8.425,USD
2020-09-15,TD7,Singapore to Japan,VLCC,8.312,USD
2020-09-16,TD7,Singapore to Japan,VLCC,8.492,USD
2020-09-17,TD7,Singapore to Japan,VLCC,8.68,USD
2020-09-18,TD7,Singapore to Japan,VLCC,8.826,USD
2020-09-19,TD7,Singapore to Japan,VLCC,8.908,USD
2020-09-20,TD7,Singapore to Japan,VLCC,8.927,USD
2020-09-21,TD7,Singapore to Japan,VLCC,8.858,USD
2020-09-22,TD7,Singapore to Japan,VLCC,8.724,USD
2020-09-23,TD7,Singapore to Japan,VLCC,8.785,USD
2020-09-24,TD7,Singapore to Japan,VLCC,8.62,USD
2020-09-25,TD7,Singapore to Japan,VLCC,8.483,USD
2020-09-26,TD7,Singapore to Japan,VLCC,8.664,USD
2020-09-27,TD7,Singapore to Japan,VLCC,8.953,USD
2020-09-28,TD7,Singapore to Japan,VLCC,9.019,USD
2020-09-29,TD7,Singapore to Japan,VLCC,9.189,USD
2020-09-30,TD7,Singapore to Japan,VLCC,9.158,USD
2020-10-01,TD7,Singapore to Japan,VLCC,8.967,USD
2020-10-02,TD7,Singapore to Japan,VLCC,9.066,USD
2020-10-03,TD7,Singapore to Japan,VLCC,9.158,USD
2020-10-04,TD7,Singapore to Japan,VLCC,9.176,USD
2020-10-05,TD7,Singapore to Japan,VLCC,9.148,USD
2020-10-06,TD7,Singapore to Japan,VLCC,9.298,USD
2020-10-07,TD7,Singapore to Japan,VLCC,9.16,USD
2020-10-08,TD7,Singapore to Japan,VLCC,9.055,USD
2020-10-09,TD7,Singapore to Japan,VLCC,8.917,USD
2020-10-10,TD7,Singapore to Japan,VLCC,8.942,USD
2020-10-11,TD7,Singapore to Japan,VLCC,8.794,USD
2020-10-12,TD7,Singapore to Japan,VLCC,8.707,USD
2020-10-13,TD7,Singapore to Japan,VLCC,8.618,USD
2020-10-14,TD7,Singapore to Japan,VLCC,8.596,USD
2020-10-15,TD7,Singapore to Japan,VLCC,8.394,USD
2020-10-16,TD7,Singapore to Japan,VLCC,8.427,USD
2020-10-17,TD7,Singapore to Japan,VLCC,8.63,USD
2020-10-18,TD7,Singapore to Japan,VLCC,8.667,USD
2020-10-19,TD7,Singapore to Japan,VLCC,8.912,USD
2020-10-20,TD7,Singapore to Japan,VLCC,9.124,USD
2020-10-21,TD7,Singapore to Japan,VLCC,9.252,USD
2020-10-22,TD7,Singapore to Japan,VLCC,9.276,USD
2020-10-23,TD7,Singapore to Japan,VLCC,9.293,USD
2020-10-24,TD7,Singapore to Japan,VLCC,9.418,USD
2020-10-25,TD7,Singapore to Japan,VLCC,9.373,USD
2020-10-26,TD7,Singapore to Japan,VLCC,9.108,USD
2020-10-27,TD7,Singapore to Japan,VLCC,9.197,USD
2020-10-28,TD7,Singapore to Japan,VLCC,9.045,USD
2020-10-29,TD7,Singapore to Japan,VLCC,8.921,USD
2020-10-30,TD7,Singapore to Japan,VLCC,8.939,USD
2020-10-31,TD7,Singapore to Japan,VLCC,8.944,USD
2020-11-01,TD7,Singapore to Japan,VLCC,8.755,USD
2020-11-02,TD7,Singapore to Japan,VLCC,8.801,USD
2020-11-03,TD7,Singapore to Japan,VLCC,8.964,USD
2020-11-04,TD7,Singapore to Japan,VLCC,8.817,USD
2020-11-05,TD7,Singapore to Japan,VLCC,9.026,USD
2020-11-06,TD7,Singapore to Japan,VLCC,8.816,USD
2020-11-07,TD7,Singapore to Japan,VLCC,9.15,USD
2020-11-08,TD7,Singapore to Japan,VLCC,9.108,USD
2020-11-09,TD7,Singapore to Japan,VLCC,9.149,USD
2020-11-10,TD7,Singapore to Japan,VLCC,8.889,USD
2020-11-11,TD7,Singapore to Japan,VLCC,8.902,USD
2020-11-12,TD7,Singapore to Japan,VLCC,8.958,USD
2020-11-13,TD7,Singapore to Japan,VLCC,8.967,USD
2020-11-14,TD7,Singapore to Japan,VLCC,8.907,USD
2020-11-15,TD7,Singapore to Japan,VLCC,8.79,USD
2020-11-16,TD7,Singapore to Japan,VLCC,8.981,USD
2020-11-17,TD7,Singapore to Japan,VLCC,9.008,USD
2020-11-18,TD7,Singapore to Japan,VLCC,9.257,USD
2020-11-19,TD7,Singapore to Japan,VLCC,9.2,USD
2020-11-20,TD7,Singapore to Japan,VLCC,9.157,USD
2020-11-21,TD7,Singapore to Japan,VLCC,9.298,USD
2020-11-22,TD7,Singapore to Japan,VLCC,9.08,USD
2020-11-23,TD7,Singapore to Japan,VLCC,8.924,USD
2020-11-24,TD7,Singapore to Japan,VLCC,9.11,USD
2020-11-25,TD7,Singapore to Japan,VLCC,8.96,USD
2020-11-26,TD7,Singapore to Japan,VLCC,8.716,USD
2020-11-27,TD7,Singapore to Japan,VLCC,9.018,USD
2020-11-28,TD7,Singapore to Japan,VLCC,8.837,USD
2020-11-29,TD7,Singapore to Japan,VLCC,8.89,USD
2020-11-30,TD7,Singapore to Japan,VLCC,8.926,USD
2020-12-01,TD7,Singapore to Japan,VLCC,8.538,USD
2020-12-02,TD7,Singapore to Japan,VLCC,8.528,USD
2020-12-03,TD7,Singapore to Japan,VLCC,8.623,USD
2020-12-04,TD7,Singapore to Japan,VLCC,8.704,USD
2020-12-05,TD7,Singapore to Japan,VLCC,8.865,USD
2020-12-06,TD7,Singapore to Japan,VLCC,8.835,USD
2020-12-07,TD7,Singapore to Japan,VLCC,8.966,USD
2020-12-08,TD7,Singapore to Japan,VLCC,8.891,USD
2020-12-09,TD7,Singapore to Japan,VLCC,8.709,USD
2020-12-10,TD7,Singapore to Japan,VLCC,8.547,USD
2020-12-11,TD7,Singapore to Japan,VLCC,8.361,USD
2020-12-12,TD7,Singapore to Japan,VLCC,8.542,USD
2020-12-13,TD7,Singapore to Japan,VLCC,8.349,USD
2020-12-14,TD7,Singapore to Japan,VLCC,8.422,USD
2020-12-15,TD7,Singapore to Japan,VLCC,8.414,USD
2020-12-16,TD7,Singapore to Japan,VLCC,8.43,USD
2020-12-17,TD7,Singapore to Japan,VLCC,8.663,USD
2020-12-18,TD7,Singapore to Japan,VLCC,8.627,USD
2020-12-19,TD7,Singapore to Japan,VLCC,8.747,USD
2020-12-20,TD7,Singapore to Japan,VLCC,8.781,USD
2020-12-21,TD7,Singapore to Japan,VLCC,8.786,USD
2020-12-22,TD7,Singapore to Japan,VLCC,9.153,USD
2020-12-23,TD7,Singapore to Japan,VLCC,8.965,USD
2020-12-24,TD7,Singapore to Japan,VLCC,9.18,USD
2020-12-25,TD7,Singapore to Japan,VLCC,9.301,USD
2020-12-26,TD7,Singapore to Japan,VLCC,9.253,USD
2020-12-27,TD7,Singapore to Japan,VLCC,9.516,USD
2020-12-28,TD7,Singapore to Japan,VLCC,9.264,USD
2020-12-29,TD7,Singapore to Japan,VLCC,9.21,USD
2020-12-30,TD7,Singapore to Japan,VLCC,9.055,USD
2020-12-31,TD7,Singapore to Japan,VLCC,9.141,USD
2021-01-01,TD7,Singapore to Japan,VLCC,9.001,USD
2021-01-02,TD7,Singapore to Japan,VLCC,9.09,USD
2021-01-03,TD7,Singapore to Japan,VLCC,9.086,USD
2021-01-04,TD7,Singapore to Japan,VLCC,9.04,USD
2021-01-05,TD7,Singapore to Japan,VLCC,9.122,USD
2021-01-06,TD7,Singapore to Japan,VLCC,9.106,USD
2021-01-07,TD7,Singapore to Japan,VLCC,8.969,USD
2021-01-08,TD7,Singapore to Japan,VLCC,9.406,USD
2021-01-09,TD7,Singapore to Japan,VLCC,9.355,USD
2021-01-10,TD7,Singapore to Japan,VLCC,9.049,USD
2021-01-11,TD7,Singapore to Japan,VLCC,8.949,USD
2021-01-12,TD7,Singapore to Japan,VLCC,8.787,USD
2021-01-13,TD7,Singapore to Japan,VLCC,8.934,USD
2021-01-14,TD7,Singapore to Japan,VLCC,9.006,USD
2021-01-15,TD7,Singapore to Japan,VLCC,9.088,USD
2021-01-16,TD7,Singapore to Japan,VLCC,9.056,USD
2021-01-17,TD7,Singapore to Japan,VLCC,9.037,USD
2021-01-18,TD7,Singapore to Japan,VLCC,9.005,USD
2021-01-19,TD7,Singapore to Japan,VLCC,9.016,USD
2021-01-20,TD7,Singapore to Japan,VLCC,9.162,USD
2021-01-21,TD7,Singapore to Japan,VLCC,9.232,USD
2021-01-22,TD7,Singapore to Japan,VLCC,9.325,USD
2021-01-23,TD7,Singapore to Japan,VLCC,9.418,USD
2021-01-24,TD7,Singapore to Japan,VLCC,9.565,USD
2021-01-25,TD7,Singapore to Japan,VLCC,9.624,USD
2021-01-26,TD7,Singapore to Japan,VLCC,9.692,USD
2021-01-27,TD7,Singapore to Japan,VLCC,9.881,USD
2021-01-28,TD7,Singapore to Japan,VLCC,9.795,USD
2021-01-29,TD7,Singapore to Japan,VLCC,9.681,USD
2021-01-30,TD7,Singapore to Japan,VLCC,9.52,USD
2021-01-31,TD7,Singapore to Japan,VLCC,9.562,USD
2021-02-01,TD7,Singapore to Japan,VLCC,9.303,USD
2021-02-02,TD7,Singapore to Japan,VLCC,9.388,USD
2021-02-03,TD7,Singapore to Japan,VLCC,9.387,USD
2021-02-04,TD7,Singapore to Japan,VLCC,9.569,USD
2021-02-05,TD7,Singapore to Japan,VLCC,9.484,USD
2021-02-06,TD7,Singapore to Japan,VLCC,9.467,USD
2021-02-07,TD7,Singapore to Japan,VLCC,9.646,USD
2021-02-08,TD7,Singapore to Japan,VLCC,9.861,USD
2021-02-09,TD7,Singapore to Japan,VLCC,9.77,USD
2021-02-10,TD7,Singapore to Japan,VLCC,9.806,USD
2021-02-11,TD7,Singapore to Japan,VLCC,9.859,USD
2021-02-12,TD7,Singapore to Japan,VLCC,9.922,USD
2021-02-13,TD7,Singapore to Japan,VLCC,9.89,USD
2021-02-14,TD7,Singapore to Japan,VLCC,10.086,USD
2021-02-15,TD7,Singapore to Japan,VLCC,9.813,USD
2021-02-16,TD7,Singapore to Japan,VLCC,9.758,USD
2021-02-17,TD7,Singapore to Japan,VLCC,9.831,USD
2021-02-18,TD7,Singapore to Japan,VLCC,9.905,USD
2021-02-19,TD7,Singapore to Japan,VLCC,10.11,USD
2021-02-20,TD7,Singapore to Japan,VLCC,10.289,USD
2021-02-21,TD7,Singapore to Japan,VLCC,10.248,USD
2021-02-22,TD7,Singapore to Japan,VLCC,10.44,USD
2021-02-23,TD7,Singapore to Japan,VLCC,10.334,USD
2021-02-24,TD7,Singapore to Japan,VLCC,10.47,USD
2021-02-25,TD7,Singapore to Japan,VLCC,10.735,USD
2021-02-26,TD7,Singapore to Japan,VLCC,10.908,USD
2021-02-27,TD7,Singapore to Japan,VLCC,10.916,USD
2021-02-28,TD7,Singapore to Japan,VLCC,10.86,USD
2021-03-01,TD7,Singapore to Japan,VLCC,10.627,USD
2021-03-02,TD7,Singapore to Japan,VLCC,10.667,USD
2021-03-03,TD7,Singapore to Japan,VLCC,10.496,USD
2021-03-04,TD7,Singapore to Japan,VLCC,10.374,USD
2021-03-05,TD7,Singapore to Japan,VLCC,10.195,USD
2021-03-06,TD7,Singapore to Japan,VLCC,10.124,USD
2021-03-07,TD7,Singapore to Japan,VLCC,10.117,USD
2021-03-08,TD7,Singapore to Japan,VLCC,10.155,USD
2021-03-09,TD7,Singapore to Japan,VLCC,10.063,USD
2021-03-10,TD7,Singapore to Japan,VLCC,10.217,USD
2021-03-11,TD7,Singapore to Japan,VLCC,10.182,USD
2021-03-12,TD7,Singapore to Japan,VLCC,10.061,USD
2021-03-13,TD7,Singapore to Japan,VLCC,10.09,USD
2021-03-14,TD7,Singapore to Japan,VLCC,10.374,USD
2021-03-15,TD7,Singapore to Japan,VLCC,10.416,USD
2021-03-16,TD7,Singapore to Japan,VLCC,10.354,USD
2021-03-17,TD7,Singapore to Japan,VLCC,10.12,USD
2021-03-18,TD7,Singapore to Japan,VLCC,10.081,USD
2021-03-19,TD7,Singapore to Japan,VLCC,10.109,USD
2021-03-20,TD7,Singapore to Japan,VLCC,10.045,USD
2021-03-21,TD7,Singapore to Japan,VLCC,9.793,USD
2021-03-22,TD7,Singapore to Japan,VLCC,9.662,USD
2021-03-23,TD7,Singapore to Japan,VLCC,9.873,USD
2021-03-24,TD7,Singapore to Japan,VLCC,10.077,USD
2021-03-25,TD7,Singapore to Japan,VLCC,9.938,USD
2021-03-26,TD7,Singapore to Japan,VLCC,10.029,USD
2021-03-27,TD7,Singapore to Japan,VLCC,9.846,USD
2021-03-28,TD7,Singapore to Japan,VLCC,10.045,USD
2021-03-29,TD7,Singapore to Japan,VLCC,10.072,USD
2021-03-30,TD7,Singapore to Japan,VLCC,10.201,USD
2021-03-31,TD7,Singapore to Japan,VLCC,9.936,USD
2021-04-01,TD7,Singapore to Japan,VLCC,10.025,USD
2021-04-02,TD7,Singapore to Japan,VLCC,10.013,USD
2021-04-03,TD7,Singapore to Japan,VLCC,10.127,USD
2021-04-04,TD7,Singapore to Japan,VLCC,10.248,USD
2021-04-05,TD7,Singapore to Japan,VLCC,10.243,USD
2021-04-06,TD7,Singapore to Japan,VLCC,10.14,USD
2021-04-07,TD7,Singapore to Japan,VLCC,10.24,USD
2021-04-08,TD7,Singapore to Japan,VLCC,10.216,USD
2021-04-09,TD7,Singapore to Japan,VLCC,10.071,USD
2021-04-10,TD7,Singapore to Japan,VLCC,9.921,USD
2021-04-11,TD7,Singapore to Japan,VLCC,9.69,USD
2021-04-12,TD7,Singapore to Japan,VLCC,9.603,USD
2021-04-13,TD7,Singapore to Japan,VLCC,9.754,USD
2021-04-14,TD7,Singapore to Japan,VLCC,9.767,USD
2021-04-15,TD7,Singapore to Japan,VLCC,9.676,USD
2021-04-16,TD7,Singapore to Japan,VLCC,9.781,USD
2021-04-17,TD7,Singapore to Japan,VLCC,9.644,USD
2021-04-18,TD7,Singapore to Japan,VLCC,9.645,USD
2021-04-19,TD7,Singapore to Japan,VLCC,9.605,USD
2021-04-20,TD7,Singapore to Japan,VLCC,9.706,USD
2021-04-21,TD7,Singapore to Japan,VLCC,9.459,USD
2021-04-22,TD7,Singapore to Japan,VLCC,9.321,USD
2021-04-23,TD7,Singapore to Japan,VLCC,9.068,USD
2021-04-24,TD7,Singapore to Japan,VLCC,9.02,USD
2021-04-25,TD7,Singapore to Japan,VLCC,9.189,USD
2021-04-26,TD7,Singapore to Japan,VLCC,9.103,USD
2021-04-27,TD7,Singapore to Japan,VLCC,9.017,USD
2021-04-28,TD7,Singapore to Japan,VLCC,9.135,USD
2021-04-29,TD7,Singapore to Japan,VLCC,9.281,USD
2021-04-30,TD7,Singapore to Japan,VLCC,9.254,USD
2021-05-01,TD7,Singapore to Japan,VLCC,9.342,USD
2021-05-02,TD7,Singapore to Japan,VLCC,9.169,USD
2021-05-03,TD7,Singapore to Japan,VLCC,9.358,USD
2021-05-04,TD7,Singapore to Japan,VLCC,9.659,USD
2021-05-05,TD7,Singapore to Japan,VLCC,9.717,USD
2021-05-06,TD7,Singapore to Japan,VLCC,9.391,USD
2021-05-07,TD7,Singapore to Japan,VLCC,9.292,USD
2021-05-08,TD7,Singapore to Japan,VLCC,9.366,USD
2021-05-09,TD7,Singapore to Japan,VLCC,9.287,USD
2021-05-10,TD7,Singapore to Japan,VLCC,9.459,USD
2021-05-11,TD7,Singapore to Japan,VLCC,9.527,USD
2021-05-12,TD7,Singapore to Japan,VLCC,9.404,USD
2021-05-13,TD7,Singapore to Japan,VLCC,9.39,USD
2021-05-14,TD7,Singapore to Japan,VLCC,9.24,USD
2021-05-15,TD7,Singapore to Japan,VLCC,9.196,USD
2021-05-16,TD7,Singapore to Japan,VLCC,9.098,USD
2021-05-17,TD7,Singapore to Japan,VLCC,9.255,USD
2021-05-18,TD7,Singapore to Japan,VLCC,9.549,USD
2021-05-19,TD7,Singapore to Japan,VLCC,9.317,USD
2021-05-20,TD7,Singapore to Japan,VLCC,9.015,USD
2021-05-21,TD7,Singapore to Japan,VLCC,8.963,USD
2021-05-22,TD7,Singapore to Japan,VLCC,8.724,USD
2021-05-23,TD7,Singapore to Japan,VLCC,8.717,USD
2021-05-24,TD7,Singapore to Japan,VLCC,8.814,USD
2021-05-25,TD7,Singapore to Japan,VLCC,9.019,USD
2021-05-26,TD7,Singapore to Japan,VLCC,9.032,USD
2021-05-27,TD7,Singapore to Japan,VLCC,8.986,USD
2021-05-28,TD7,Singapore to Japan,VLCC,8.678,USD
2021-05-29,TD7,Singapore to Japan,VLCC,8.668,USD
2021-05-30,TD7,Singapore to Japan,VLCC,8.665,USD
2021-05-31,TD7,Singapore to Japan,VLCC,8.745,USD
2021-06-01,TD7,Singapore to Japan,VLCC,8.625,USD
2021-06-02,TD7,Singapore to Japan,VLCC,8.547,USD
2021-06-03,TD7,Singapore to Japan,VLCC,8.316,USD
2021-06-04,TD7,Singapore to Japan,VLCC,7.968,USD
2021-06-05,TD7,Singapore to Japan,VLCC,7.797,USD
2021-06-06,TD7,Singapore to Japan,VLCC,7.56,USD
2021-06-07,TD7,Singapore to Japan,VLCC,7.605,USD
2021-06-08,TD7,Singapore to Japan,VLCC,7.525,USD
2021-06-09,TD7,Singapore to Japan,VLCC,7.442,USD
2021-06-10,TD7,Singapore to Japan,VLCC,7.294,USD
2021-06-11,TD7,Singapore to Japan,VLCC,6.817,USD
2021-06-12,TD7,Singapore to Japan,VLCC,7.042,USD
2021-06-13,TD7,Singapore to Japan,VLCC,6.896,USD
2021-06-14,TD7,Singapore to Japan,VLCC,6.838,USD
2021-06-15,TD7,Singapore to Japan,VLCC,6.626,USD
2021-06-16,TD7,Singapore to Japan,VLCC,6.774,USD
2021-06-17,TD7,Singapore to Japan,VLCC,6.799,USD
2021-06-18,TD7,Singapore to Japan,VLCC,6.681,USD
2021-06-19,TD7,Singapore to Japan,VLCC,6.627,USD
2021-06-20,TD7,Singapore to Japan,VLCC,6.879,USD
2021-06-21,TD7,Singapore to Japan,VLCC,6.871,USD
2021-06-22,TD7,Singapore to Japan,VLCC,6.847,USD
2021-06-23,TD7,Singapore to Japan,VLCC,6.711,USD
2021-06-24,TD7,Singapore to Japan,VLCC,6.436,USD
2021-06-25,TD7,Singapore to Japan,VLCC,6.42,USD
2021-06-26,TD7,Singapore to Japan,VLCC,6.475,USD
2021-06-27,TD7,Singapore to Japan,VLCC,6.643,USD
2021-06-28,TD7,Singapore to Japan,VLCC,6.317,USD
2021-06-29,TD7,Singapore to Japan,VLCC,6.16,USD
2021-06-30,TD7,Singapore to Japan,VLCC,6.084,USD
2021-07-01,TD7,Singapore to Japan,VLCC,6.095,USD
2021-07-02,TD7,Singapore to Japan,VLCC,6.084,USD
2021-07-03,TD7,Singapore to Japan,VLCC,6.077,USD
2021-07-04,TD7,Singapore to Japan,VLCC,6.148,USD
2021-07-05,TD7,Singapore to Japan,VLCC,6.026,USD
2021-07-06,TD7,Singapore to Japan,VLCC,6.175,USD
2021-07-07,TD7,Singapore to Japan,VLCC,6.249,USD
2021-07-08,TD7,Singapore to Japan,VLCC,6.212,USD
2021-07-09,TD7,Singapore to Japan,VLCC,6.458,USD
2021-07-10,TD7,Singapore to Japan,VLCC,6.695,USD
2021-07-11,TD7,Singapore to Japan,VLCC,6.838,USD
2021-07-12,TD7,Singapore to Japan,VLCC,6.398,USD
2021-07-13,TD7,Singapore to Japan,VLCC,6.64,USD
2021-07-14,TD7,Singapore to Japan,VLCC,6.764,USD
2021-07-15,TD7,Singapore to Japan,VLCC,7.065,USD
2021-07-16,TD7,Singapore to Japan,VLCC,7.25,USD
2021-07-17,TD7,Singapore to Japan,VLCC,7.483,USD
2021-07-18,TD7,Singapore to Japan,VLCC,7.611,USD
2021-07-19,TD7,Singapore to Japan,VLCC,7.808,USD
2021-07-20,TD7,Singapore to Japan,VLCC,8.098,USD
2021-07-21,TD7,Singapore to Japan,VLCC,8.123,USD
2021-07-22,TD7,Singapore to Japan,VLCC,7.885,USD
2021-07-23,TD7,Singapore to Japan,VLCC,7.835,USD
2021-07-24,TD7,Singapore to Japan,VLCC,7.889,USD
2021-07-25,TD7,Singapore to Japan,VLCC,7.897,USD
2021-07-26,TD7,Singapore to Japan,VLCC,7.709,USD
2021-07-27,TD7,Singapore to Japan,VLCC,7.468,USD
2021-07-28,TD7,Singapore to Japan,VLCC,7.36,USD
2021-07-29,TD7,Singapore to Japan,VLCC,7.481,USD
2021-07-30,TD7,Singapore to Japan,VLCC,7.715,USD
2021-07-31,TD7,Singapore to Japan,VLCC,7.85,USD
2021-08-01,TD7,Singapore to Japan,VLCC,8.004,USD
2021-08-02,TD7,Singapore to Japan,VLCC,7.989,USD
2021-08-03,TD7,Singapore to Japan,VLCC,7.73,USD
2021-08-04,TD7,Singapore to Japan,VLCC,7.663,USD
2021-08-05,TD7,Singapore to Japan,VLCC,7.626,USD
2021-08-06,TD7,Singapore to Japan,VLCC,7.555,USD
2021-08-07,TD7,Singapore to Japan,VLCC,7.566,USD
2021-08-08,TD7,Singapore to Japan,VLCC,7.634,USD
2021-08-09,TD7,Singapore to Japan,VLCC,7.762,USD
2021-08-10,TD7,Singapore to Japan,VLCC,7.723,USD
2021-08-11,TD7,Singapore to Japan,VLCC,7.445,USD
2021-08-12,TD7,Singapore to Japan,VLCC,7.379,USD
2021-08-13,TD7,Singapore to Japan,VLCC,7.392,USD
2021-08-14,TD7,Singapore to Japan,VLCC,7.578,USD
2021-08-15,TD7,Singapore to Japan,VLCC,7.5,USD
2021-08-16,TD7,Singapore to Japan,VLCC,7.581,USD
2021-08-17,TD7,Singapore to Japan,VLCC,7.63,USD
2021-08-18,TD7,Singapore to Japan,VLCC,7.642,USD
2021-08-19,TD7,Singapore to Japan,VLCC,7.784,USD
2021-08-20,TD7,Singapore to Japan,VLCC,7.691,USD
2021-08-21,TD7,Singapore to Japan,VLCC,7.613,USD
2021-08-22,TD7,Singapore to Japan,VLCC,7.618,USD
2021-08-23,TD7,Singapore to Japan,VLCC,7.531,USD
2021-08-24,TD7,Singapore to Japan,VLCC,7.614,USD
2021-08-25,TD7,Singapore to Japan,VLCC,7.517,USD
2021-08-26,TD7,Singapore to Japan,VLCC,7.56,USD
2021-08-27,TD7,Singapore to Japan,VLCC,7.554,USD
2021-08-28,TD7,Singapore to Japan,VLCC,7.595,USD
2021-08-29,TD7,Singapore to Japan,VLCC,7.537,USD
2021-08-30,TD7,Singapore to Japan,VLCC,7.498,USD
2021-08-31,TD7,Singapore to Japan,VLCC,7.523,USD
2021-09-01,TD7,Singapore to Japan,VLCC,7.564,USD
2021-09-02,TD7,Singapore to Japan,VLCC,7.575,USD
2021-09-03,TD7,Singapore to Japan,VLCC,7.838,USD
2021-09-04,TD7,Singapore to Japan,VLCC,7.701,USD
2021-09-05,TD7,Singapore to Japan,VLCC,7.703,USD
2021-09-06,TD7,Singapore to Japan,VLCC,7.482,USD
2021-09-07,TD7,Singapore to Japan,VLCC,7.551,USD
2021-09-08,TD7,Singapore to Japan,VLCC,7.401,USD
2021-09-09,TD7,Singapore to Japan,VLCC,7.375,USD
2021-09-10,TD7,Singapore to Japan,VLCC,7.337,USD
2021-09-11,TD7,Singapore to Japan,VLCC,7.395,USD
2021-09-12,TD7,Singapore to Japan,VLCC,7.33,USD
2021-09-13,TD7,Singapore to Japan,VLCC,7.26,USD
2021-09-14,TD7,Singapore to Japan,VLCC,7.491,USD
2021-09-15,TD7,Singapore to Japan,VLCC,7.55,USD
2021-09-16,TD7,Singapore to Japan,VLCC,7.484,USD
2021-09-17,TD7,Singapore to Japan,VLCC,7.465,USD
2021-09-18,TD7,Singapore to Japan,VLCC,7.725,USD
2021-09-19,TD7,Singapore to Japan,VLCC,7.707,USD
2021-09-20,TD7,Singapore to Japan,VLCC,7.622,USD
2021-09-21,TD7,Singapore to Japan,VLCC,7.539,USD
2021-09-22,TD7,Singapore to Japan,VLCC,7.477,USD
2021-09-23,TD7,Singapore to Japan,VLCC,7.41,USD
2021-09-24,TD7,Singapore to Japan,VLCC,7.243,USD
2021-09-25,TD7,Singapore to Japan,VLCC,7.1,USD
2021-09-26,TD7,Singapore to Japan,VLCC,7.003,USD
2021-09-27,TD7,Singapore to Japan,VLCC,7.117,USD
2021-09-28,TD7,Singapore to Japan,VLCC,7.086,USD
2021-09-29,TD7,Singapore to Japan,VLCC,7.082,USD
2021-09-30,TD7,Singapore to Japan,VLCC,7.296,USD
2021-10-01,TD7,Singapore to Japan,VLCC,7.511,USD
2021-10-02,TD7,Singapore to Japan,VLCC,7.493,USD
2021-10-03,TD7,Singapore to Japan,VLCC,7.424,USD
2021-10-04,TD7,Singapore to Japan,VLCC,7.322,USD
2021-10-05,TD7,Singapore to Japan,VLCC,7.45,USD
2021-10-06,TD7,Singapore to Japan,VLCC,7.445,USD
2021-10-07,TD7,Singapore to Japan,VLCC,7.414,USD
2021-10-08,TD7,Singapore to Japan,VLCC,7.32,USD
2021-10-09,TD7,Singapore to Japan,VLCC,7.235,USD
2021-10-10,TD7,Singapore to Japan,VLCC,7.311,USD
2021-10-11,TD7,Singapore to Japan,VLCC,7.145,USD
2021-10-12,TD7,Singapore to Japan,VLCC,7.322,USD
2021-10-13,TD7,Singapore to Japan,VLCC,7.273,USD
2021-10-14,TD7,Singapore to Japan,VLCC,7.281,USD
2021-10-15,TD7,Singapore to Japan,VLCC,7.114,USD
2021-10-16,TD7,Singapore to Japan,VLCC,7.145,USD
2021-10-17,TD7,Singapore to Japan,VLCC,7.129,USD
2021-10-18,TD7,Singapore to Japan,VLCC,7.154,USD
2021-10-19,TD7,Singapore to Japan,VLCC,7.403,USD
2021-10-20,TD7,Singapore to Japan,VLCC,7.46,USD
2021-10-21,TD7,Singapore to Japan,VLCC,7.374,USD
2021-10-22,TD7,Singapore to Japan,VLCC,7.301,USD
2021-10-23,TD7,Singapore to Japan,VLCC,7.421,USD
2021-10-24,TD7,Singapore to Japan,VLCC,7.644,USD
2021-10-25,TD7,Singapore to Japan,VLCC,7.715,USD
2021-10-26,TD7,Singapore to Japan,VLCC,7.846,USD
2021-10-27,TD7,Singapore to Japan,VLCC,7.965,USD
2021-10-28,TD7,Singapore to Japan,VLCC,8.201,USD
2021-10-29,TD7,Singapore to Japan,VLCC,7.94,USD
2021-10-30,TD7,Singapore to Japan,VLCC,8.066,USD
2021-10-31,TD7,Singapore to Japan,VLCC,8.239,USD
2021-11-01,TD7,Singapore to Japan,VLCC,8.067,USD
2021-11-02,TD7,Singapore to Japan,VLCC,7.965,USD
2021-11-03,TD7,Singapore to Japan,VLCC,7.869,USD
2021-11-04,TD7,Singapore to Japan,VLCC,7.792,USD
2021-11-05,TD7,Singapore to Japan,VLCC,7.753,USD
2021-11-06,TD7,Singapore to Japan,VLCC,7.821,USD
2021-11-07,TD7,Singapore to Japan,VLCC,7.98,USD
2021-11-08,TD7,Singapore to Japan,VLCC,8.17,USD
2021-11-09,TD7,Singapore to Japan,VLCC,8.075,USD
2021-11-10,TD7,Singapore to Japan,VLCC,7.981,USD
2021-11-11,TD7,Singapore to Japan,VLCC,8.206,USD
2021-11-12,TD7,Singapore to Japan,VLCC,8.331,USD
2021-11-13,TD7,Singapore to Japan,VLCC,8.371,USD
2021-11-14,TD7,Singapore to Japan,VLCC,8.469,USD
2021-11-15,TD7,Singapore to Japan,VLCC,8.491,USD
2021-11-16,TD7,Singapore to Japan,VLCC,8.596,USD
2021-11-17,TD7,Singapore to Japan,VLCC,8.573,USD
2021-11-18,TD7,Singapore to Japan,VLCC,8.639,USD
2021-11-19,TD7,Singapore to Japan,VLCC,8.443,USD
2021-11-20,TD7,Singapore to Japan,VLCC,8.37,USD
2021-11-21,TD7,Singapore to Japan,VLCC,8.3,USD
2021-11-22,TD7,Singapore to Japan,VLCC,8.275,USD
2021-11-23,TD7,Singapore to Japan,VLCC,8.17,USD
2021-11-24,TD7,Singapore to Japan,VLCC,8.123,USD
2021-11-25,TD7,Singapore to Japan,VLCC,7.933,USD
2021-11-26,TD7,Singapore to Japan,VLCC,8.048,USD
2021-11-27,TD7,Singapore to Japan,VLCC,8.069,USD
2021-11-28,TD7,Singapore to Japan,VLCC,7.852,USD
2021-11-29,TD7,Singapore to Japan,VLCC,7.765,USD
2021-11-30,TD7,Singapore to Japan,VLCC,7.851,USD
2021-12-01,TD7,Singapore to Japan,VLCC,7.807,USD
2021-12-02,TD7,Singapore to Japan,VLCC,7.741,USD
2021-12-03,TD7,Singapore to Japan,VLCC,7.768,USD
2021-12-04,TD7,Singapore to Japan,VLCC,7.856,USD
2021-12-05,TD7,Singapore to Japan,VLCC,7.681,USD
2021-12-06,TD7,Singapore to Japan,VLCC,7.8,USD
2021-12-07,TD7,Singapore to Japan,VLCC,7.719,USD
2021-12-08,TD7,Singapore to Japan,VLCC,7.755,USD
2021-12-09,TD7,Singapore to Japan,VLCC,7.788,USD
2021-12-10,TD7,Singapore to Japan,VLCC,7.748,USD
2021-12-11,TD7,Singapore to Japan,VLCC,7.635,USD
2021-12-12,TD7,Singapore to Japan,VLCC,7.632,USD
2021-12-13,TD7,Singapore to Japan,VLCC,7.911,USD
2021-12-14,TD7,Singapore to Japan,VLCC,7.747,USD
2021-12-15,TD7,Singapore to Japan,VLCC,8.034,USD
2021-12-16,TD7,Singapore to Japan,VLCC,8.031,USD
2021-12-17,TD7,Singapore to Japan,VLCC,8.072,USD
2021-12-18,TD7,Singapore to Japan,VLCC,7.947,USD
2021-12-19,TD7,Singapore to Japan,VLCC,7.87,USD
2021-12-20,TD7,Singapore to Japan,VLCC,7.833,USD
2021-12-21,TD7,Singapore to Japan,VLCC,7.716,USD
2021-12-22,TD7,Singapore to Japan,VLCC,7.724,USD
2021-12-23,TD7,Singapore to Japan,VLCC,7.702,USD
2021-12-24,TD7,Singapore to Japan,VLCC,8.014,USD
2021-12-25,TD7,Singapore to Japan,VLCC,7.877,USD
2021-12-26,TD7,Singapore to Japan,VLCC,7.929,USD
2021-12-27,TD7,Singapore to Japan,VLCC,8.002,USD
2021-12-28,TD7,Singapore to Japan,VLCC,7.88,USD
2021-12-29,TD7,Singapore to Japan,VLCC,8.018,USD
2021-12-30,TD7,Singapore to Japan,VLCC,7.994,USD
2021-12-31,TD7,Singapore to Japan,VLCC,7.663,USD
2022-01-01,TD7,Singapore to Japan,VLCC,7.798,USD
2022-01-02,TD7,Singapore to Japan,VLCC,7.671,USD
2022-01-03,TD7,Singapore to Japan,VLCC,7.555,USD
2022-01-04,TD7,Singapore to Japan,VLCC,7.696,USD
2022-01-05,TD7,Singapore to Japan,VLCC,7.683,USD
2022-01-06,TD7,Singapore to Japan,VLCC,7.856,USD
2022-01-07,TD7,Singapore to Japan,VLCC,8.07,USD
2022-01-08,TD7,Singapore to Japan,VLCC,8.009,USD
2022-01-09,TD7,Singapore to Japan,VLCC,8.16,USD
2022-01-10,TD7,Singapore to Japan,VLCC,8.082,USD
2022-01-11,TD7,Singapore to Japan,VLCC,8.444,USD
2022-01-12,TD7,Singapore to Japan,VLCC,8.371,USD
2022-01-13,TD7,Singapore to Japan,VLCC,8.552,USD
2022-01-14,TD7,Singapore to Japan,VLCC,8.705,USD
2022-01-15,TD7,Singapore to Japan,VLCC,8.778,USD
2022-01-16,TD7,Singapore to Japan,VLCC,8.704,USD
2022-01-17,TD7,Singapore to Japan,VLCC,8.708,USD
2022-01-18,TD7,Singapore to Japan,VLCC,8.417,USD
2022-01-19,TD7,Singapore to Japan,VLCC,8.479,USD
2022-01-20,TD7,Singapore to Japan,VLCC,8.558,USD
2022-01-21,TD7,Singapore to Japan,VLCC,8.604,USD
2022-01-22,TD7,Singapore to Japan,VLCC,8.193,USD
2022-01-23,TD7,Singapore to Japan,VLCC,8.036,USD
2022-01-24,TD7,Singapore to Japan,VLCC,7.958,USD
2022-01-25,TD7,Singapore to Japan,VLCC,8.033,USD
2022-01-26,TD7,Singapore to Japan,VLCC,8.106,USD
2022-01-27,TD7,Singapore to Japan,VLCC,8.111,USD
2022-01-28,TD7,Singapore to Japan,VLCC,8.234,USD
2022-01-29,TD7,Singapore to Japan,VLCC,8.111,USD
2022-01-30,TD7,Singapore to Japan,VLCC,8.23,USD
2022-01-31,TD7,Singapore to Japan,VLCC,8.328,USD
2022-02-01,TD7,Singapore to Japan,VLCC,8.41,USD
2022-02-02,TD7,Singapore to Japan,VLCC,8.409,USD
2022-02-03,TD7,Singapore to Japan,VLCC,8.704,USD
2022-02-04,TD7,Singapore to Japan,VLCC,8.798,USD
2022-02-05,TD7,Singapore to Japan,VLCC,8.676,USD
2022-02-06,TD7,Singapore to Japan,VLCC,8.735,USD
2022-02-07,TD7,Singapore to Japan,VLCC,8.866,USD
2022-02-08,TD7,Singapore to Japan,VLCC,8.799,USD
2022-02-09,TD7,Singapore to Japan,VLCC,8.979,USD
2022-02-10,TD7,Singapore to Japan,VLCC,9.053,USD
2022-02-11,TD7,Singapore to Japan,VLCC,8.724,USD
2022-02-12,TD7,Singapore to Japan,VLCC,8.788,USD
2022-02-13,TD7,Singapore to Japan,VLCC,8.747,USD
2022-02-14,TD7,Singapore to Japan,VLCC,8.844,USD
2022-02-15,TD7,Singapore to Japan,VLCC,9.001,USD
2022-02-16,TD7,Singapore to Japan,VLCC,9.045,USD
2022-02-17,TD7,Singapore to Japan,VLCC,9.305,USD
2022-02-18,TD7,Singapore to Japan,VLCC,9.29,USD
2022-02-19,TD7,Singapore to Japan,VLCC,9.393,USD
2022-02-20,TD7,Singapore to Japan,VLCC,9.522,USD
2022-02-21,TD7,Singapore to Japan,VLCC,9.516,USD
2022-02-22,TD7,Singapore to Japan,VLCC,9.639,USD
2022-02-23,TD7,Singapore to Japan,VLCC,9.558,USD
2022-02-24,TD7,Singapore to Japan,VLCC,9.503,USD
2022-02-25,TD7,Singapore to Japan,VLCC,9.317,USD
2022-02-26,TD7,Singapore to Japan,VLCC,9.362,USD
2022-02-27,TD7,Singapore to Japan,VLCC,9.418,USD
2022-02-28,TD7,Singapore to Japan,VLCC,9.598,USD
2022-03-01,TD7,Singapore to Japan,VLCC,9.72,USD
2022-03-02,TD7,Singapore to Japan,VLCC,9.681,USD
2022-03-03,TD7,Singapore to Japan,VLCC,9.511,USD
2022-03-04,TD7,Singapore to Japan,VLCC,9.58,USD
2022-03-05,TD7,Singapore to Japan,VLCC,9.747,USD
2022-03-06,TD7,Singapore to Japan,VLCC,9.86,USD
2022-03-07,TD7,Singapore to Japan,VLCC,10.02,USD
2022-03-08,TD7,Singapore to Japan,VLCC,9.987,USD
2022-03-09,TD7,Singapore to Japan,VLCC,9.916,USD
2022-03-10,TD7,Singapore to Japan,VLCC,9.806,USD
2022-03-11,TD7,Singapore to Japan,VLCC,9.797,USD
2022-03-12,TD7,Singapore to Japan,VLCC,9.784,USD
2022-03-13,TD7,Singapore to Japan,VLCC,9.813,USD
2022-03-14,TD7,Singapore to Japan,VLCC,9.792,USD
2022-03-15,TD7,Singapore to Japan,VLCC,9.77,USD
2022-03-16,TD7,Singapore to Japan,VLCC,9.654,USD
2022-03-17,TD7,Singapore to Japan,VLCC,9.791,USD
2022-03-18,TD7,Singapore to Japan,VLCC,9.799,USD
2022-03-19,TD7,Singapore to Japan,VLCC,9.769,USD
2022-03-20,TD7,Singapore to Japan,VLCC,9.655,USD
2022-03-21,TD7,Singapore to Japan,VLCC,9.456,USD
2022-03-22,TD7,Singapore to Japan,VLCC,9.647,USD
2022-03-23,TD7,Singapore to Japan,VLCC,9.725,USD
2022-03-24,TD7,Singapore to Japan,VLCC,9.481,USD
2022-03-25,TD7,Singapore to Japan,VLCC,9.59,USD
2022-03-26,TD7,Singapore to Japan,VLCC,9.722,USD
2022-03-27,TD7,Singapore to Japan,VLCC,9.734,USD
2022-03-28,TD7,Singapore to Japan,VLCC,9.963,USD
2022-03-29,TD7,Singapore to Japan,VLCC,9.986,USD
2022-03-30,TD7,Singapore to Japan,VLCC,9.767,USD
2022-03-31,TD7,Singapore to Japan,VLCC,9.813,USD
2022-04-01,TD7,Singapore to Japan,VLCC,9.84,USD
2022-04-02,TD7,Singapore to Japan,VLCC,9.742,USD
2022-04-03,TD7,Singapore to Japan,VLCC,9.817,USD
2022-04-04,TD7,Singapore to Japan,VLCC,9.561,USD
2022-04-05,TD7,Singapore to Japan,VLCC,9.699,USD
2022-04-06,TD7,Singapore to Japan,VLCC,9.561,USD
2022-04-07,TD7,Singapore to Japan,VLCC,9.407,USD
2022-04-08,TD7,Singapore to Japan,VLCC,9.383,USD
2022-04-09,TD7,Singapore to Japan,VLCC,9.439,USD
2022-04-10,TD7,Singapore to Japan,VLCC,9.455,USD
2022-04-11,TD7,Singapore to Japan,VLCC,9.336,USD
2022-04-12,TD7,Singapore to Japan,VLCC,9.254,USD
2022-04-13,TD7,Singapore to Japan,VLCC,9.079,USD
2022-04-14,TD7,Singapore to Japan,VLCC,9.04,USD
2022-04-15,TD7,Singapore to Japan,VLCC,9.192,USD
2022-04-16,TD7,Singapore to Japan,VLCC,9.183,USD
2022-04-17,TD7,Singapore to Japan,VLCC,9.301,USD
2022-04-18,TD7,Singapore to Japan,VLCC,9.506,USD
2022-04-19,TD7,Singapore to Japan,VLCC,9.407,USD
2022-04-20,TD7,Singapore to Japan,VLCC,9.368,USD
2022-04-21,TD7,Singapore to Japan,VLCC,9.676,USD
2022-04-22,TD7,Singapore to Japan,VLCC,9.874,USD
2022-04-23,TD7,Singapore to Japan,VLCC,9.61,USD
2022-04-24,TD7,Singapore to Japan,VLCC,9.652,USD
2022-04-25,TD7,Singapore to Japan,VLCC,9.637,USD
2022-04-26,TD7,Singapore to Japan,VLCC,9.742,USD
2022-04-27,TD7,Singapore to Japan,VLCC,9.615,USD
2022-04-28,TD7,Singapore to Japan,VLCC,9.476,USD
2022-04-29,TD7,Singapore to Japan,VLCC,9.361,USD
2022-04-30,TD7,Singapore to Japan,VLCC,9.262,USD
2022-05-01,TD7,Singapore to Japan,VLCC,9.369,USD
2022-05-02,TD7,Singapore to Japan,VLCC,9.18,USD
2022-05-03,TD7,Singapore to Japan,VLCC,9.075,USD
2022-05-04,TD7,Singapore to Japan,VLCC,8.799,USD
2022-05-05,TD7,Singapore to Japan,VLCC,8.937,USD
2022-05-06,TD7,Singapore to Japan,VLCC,9.112,USD
2022-05-07,TD7,Singapore to Japan,VLCC,9.051,USD
2022-05-08,TD7,Singapore to Japan,VLCC,8.993,USD
2022-05-09,TD7,Singapore to Japan,VLCC,9.047,USD
2022-05-10,TD7,Singapore to Japan,VLCC,9.25,USD
2022-05-11,TD7,Singapore to Japan,VLCC,9.294,USD
2022-05-12,TD7,Singapore to Japan,VLCC,9.175,USD
2022-05-13,TD7,Singapore to Japan,VLCC,8.92,USD
2022-05-14,TD7,Singapore to Japan,VLCC,8.743,USD
2022-05-15,TD7,Singapore to Japan,VLCC,8.741,USD
2022-05-16,TD7,Singapore to Japan,VLCC,8.633,USD
2022-05-17,TD7,Singapore to Japan,VLCC,8.65,USD
2022-05-18,TD7,Singapore to Japan,VLCC,8.557,USD
2022-05-19,TD7,Singapore to Japan,VLCC,8.39,USD
2022-05-20,TD7,Singapore to Japan,VLCC,8.207,USD
2022-05-21,TD7,Singapore to Japan,VLCC,8.429,USD
2022-05-22,TD7,Singapore to Japan,VLCC,8.55,USD
2022-05-23,TD7,Singapore to Japan,VLCC,8.793,USD
2022-05-24,TD7,Singapore to Japan,VLCC,8.858,USD
2022-05-25,TD7,Singapore to Japan,VLCC,8.78,USD
2022-05-26,TD7,Singapore to Japan,VLCC,8.96,USD
2022-05-27,TD7,Singapore to Japan,VLCC,8.939,USD
2022-05-28,TD7,Singapore to Japan,VLCC,8.955,USD
2022-05-29,TD7,Singapore to Japan,VLCC,8.932,USD
2022-05-30,TD7,Singapore to Japan,VLCC,8.481,USD
2022-05-31,TD7,Singapore to Japan,VLCC,8.705,USD
2022-06-01,TD7,Singapore to Japan,VLCC,8.763,USD
2022-06-02,TD7,Singapore to Japan,VLCC,8.796,USD
2022-06-03,TD7,Singapore to Japan,VLCC,8.771,USD
2022-06-04,TD7,Singapore to Japan,VLCC,8.78,USD
2022-06-05,TD7,Singapore to Japan,VLCC,8.676,USD
2022-06-06,TD7,Singapore to Japan,VLCC,8.752,USD
2022-06-07,TD7,Singapore to Japan,VLCC,8.544,USD
2022-06-08,TD7,Singapore to Japan,VLCC,8.557,USD
2022-06-09,TD7,Singapore to Japan,VLCC,8.626,USD
2022-06-10,TD7,Singapore to Japan,VLCC,8.582,USD
2022-06-11,TD7,Singapore to Japan,VLCC,8.623,USD
2022-06-12,TD7,Singapore to Japan,VLCC,8.462,USD
2022-06-13,TD7,Singapore to Japan,VLCC,8.306,USD
2022-06-14,TD7,Singapore to Japan,VLCC,8.33,USD
2022-06-15,TD7,Singapore to Japan,VLCC,8.418,USD
2022-06-16,TD7,Singapore to Japan,VLCC,8.129,USD
2022-06-17,TD7,Singapore to Japan,VLCC,8.195,USD
2022-06-18,TD7,Singapore to Japan,VLCC,8.105,USD
2022-06-19,TD7,Singapore to Japan,VLCC,8.067,USD
2022-06-20,TD7,Singapore to Japan,VLCC,7.86,USD
2022-06-21,TD7,Singapore to Japan,VLCC,7.727,USD
2022-06-22,TD7,Singapore to Japan,VLCC,7.863,USD
2022-06-23,TD7,Singapore to Japan,VLCC,7.861,USD
2022-06-24,TD7,Singapore to Japan,VLCC,7.797,USD
2022-06-25,TD7,Singapore to Japan,VLCC,7.773,USD
2022-06-26,TD7,Singapore to Japan,VLCC,7.839,USD
2022-06-27,TD7,Singapore to Japan,VLCC,7.897,USD
2022-06-28,TD7,Singapore to Japan,VLCC,7.878,USD
2022-06-29,TD7,Singapore to Japan,VLCC,8.032,USD
2022-06-30,TD7,Singapore to Japan,VLCC,8.166,USD
2022-07-01,TD7,Singapore to Japan,VLCC,8.217,USD
2022-07-02,TD7,Singapore to Japan,VLCC,8.215,USD
2022-07-03,TD7,Singapore to Japan,VLCC,8.301,USD
2022-07-04,TD7,Singapore to Japan,VLCC,8.336,USD
2022-07-05,TD7,Singapore to Japan,VLCC,8.481,USD
2022-07-06,TD7,Singapore to Japan,VLCC,8.601,USD
2022-07-07,TD7,Singapore to Japan,VLCC,8.437,USD
2022-07-08,TD7,Singapore to Japan,VLCC,8.265,USD
2022-07-09,TD7,Singapore to Japan,VLCC,8.152,USD
2022-07-10,TD7,Singapore to Japan,VLCC,8.286,USD
2022-07-11,TD7,Singapore to Japan,VLCC,8.044,USD
2022-07-12,TD7,Singapore to Japan,VLCC,8.095,USD
2022-07-13,TD7,Singapore to Japan,VLCC,8.14,USD
2022-07-14,TD7,Singapore to Japan,VLCC,8.303,USD
2022-07-15,TD7,Singapore to Japan,VLCC,8.32,USD
2022-07-16,TD7,Singapore to Japan,VLCC,8.112,USD
2022-07-17,TD7,Singapore to Japan,VLCC,7.963,USD
2022-07-18,TD7,Singapore to Japan,VLCC,7.783,USD
2022-07-19,TD7,Singapore to Japan,VLCC,7.7,USD
2022-07-20,TD7,Singapore to Japan,VLCC,7.67,USD
2022-07-21,TD7,Singapore to Japan,VLCC,7.496,USD
2022-07-22,TD7,Singapore to Japan,VLCC,7.713,USD
2022-07-23,TD7,Singapore to Japan,VLCC,7.515,USD
2022-07-24,TD7,Singapore to Japan,VLCC,7.713,USD
2022-07-25,TD7,Singapore to Japan,VLCC,7.886,USD
2022-07-26,TD7,Singapore to Japan,VLCC,8.014,USD
2022-07-27,TD7,Singapore to Japan,VLCC,7.908,USD
2022-07-28,TD7,Singapore to Japan,VLCC,7.955,USD
2022-07-29,TD7,Singapore to Japan,VLCC,7.763,USD
2022-07-30,TD7,Singapore to Japan,VLCC,7.896,USD
2022-07-31,TD7,Singapore to Japan,VLCC,7.883,USD
2022-08-01,TD7,Singapore to Japan,VLCC,7.82,USD
2022-08-02,TD7,Singapore to Japan,VLCC,7.639,USD
2022-08-03,TD7,Singapore to Japan,VLCC,7.275,USD
2022-08-04,TD7,Singapore to Japan,VLCC,7.127,USD
2022-08-05,TD7,Singapore to Japan,VLCC,7.298,USD
2022-08-06,TD7,Singapore to Japan,VLCC,7.243,USD
2022-08-07,TD7,Singapore to Japan,VLCC,7.224,USD
2022-08-08,TD7,Singapore to Japan,VLCC,7.327,USD
2022-08-09,TD7,Singapore to Japan,VLCC,7.599,USD
2022-08-10,TD7,Singapore to Japan,VLCC,7.797,USD
2022-08-11,TD7,Singapore to Japan,VLCC,7.656,USD
2022-08-12,TD7,Singapore to Japan,VLCC,7.373,USD
2022-08-13,TD7,Singapore to Japan,VLCC,7.727,USD
2022-08-14,TD7,Singapore to Japan,VLCC,8.064,USD
2022-08-15,TD7,Singapore to Japan,VLCC,8.092,USD
2022-08-16,TD7,Singapore to Japan,VLCC,7.905,USD
2022-08-17,TD7,Singapore to Japan,VLCC,8.049,USD
2022-08-18,TD7,Singapore to Japan,VLCC,8.035,USD
2022-08-19,TD7,Singapore to Japan,VLCC,8.02,USD
2022-08-20,TD7,Singapore to Japan,VLCC,8.154,USD
2022-08-21,TD7,Singapore to Japan,VLCC,8.204,USD
2022-08-22,TD7,Singapore to Japan,VLCC,8.031,USD
2022-08-23,TD7,Singapore to Japan,VLCC,7.986,USD
2022-08-24,TD7,Singapore to Japan,VLCC,8.087,USD
2022-08-25,TD7,Singapore to Japan,VLCC,8.166,USD
2022-08-26,TD7,Singapore to Japan,VLCC,8.207,USD
2022-08-27,TD7,Singapore to Japan,VLCC,8.347,USD
2022-08-28,TD7,Singapore to Japan,VLCC,8.296,USD
2022-08-29,TD7,Singapore to Japan,VLCC,8.324,USD
2022-08-30,TD7,Singapore to Japan,VLCC,7.83,USD
2022-08-31,TD7,Singapore to Japan,VLCC,7.772,USD
2022-09-01,TD7,Singapore to Japan,VLCC,7.893,USD
2022-09-02,TD7,Singapore to Japan,VLCC,7.844,USD
2022-09-03,TD7,Singapore to Japan,VLCC,7.784,USD
2022-09-04,TD7,Singapore to Japan,VLCC,7.64,USD
2022-09-05,TD7,Singapore to Japan,VLCC,7.8,USD
2022-09-06,TD7,Singapore to Japan,VLCC,7.891,USD
2022-09-07,TD7,Singapore to Japan,VLCC,8.022,USD
2022-09-08,TD7,Singapore to Japan,VLCC,7.777,USD
2022-09-09,TD7,Singapore to Japan,VLCC,7.765,USD
2022-09-10,TD7,Singapore to Japan,VLCC,7.736,USD
2022-09-11,TD7,Singapore to Japan,VLCC,7.708,USD
2022-09-12,TD7,Singapore to Japan,VLCC,7.631,USD
2022-09-13,TD7,Singapore to Japan,VLCC,7.595,USD
2022-09-14,TD7,Singapore to Japan,VLCC,7.735,USD
2022-09-15,TD7,Singapore to Japan,VLCC,7.468,USD
2022-09-16,TD7,Singapore to Japan,VLCC,7.747,USD
2022-09-17,TD7,Singapore to Japan,VLCC,7.834,USD
2022-09-18,TD7,Singapore to Japan,VLCC,7.842,USD
2022-09-19,TD7,Singapore to Japan,VLCC,7.991,USD
2022-09-20,TD7,Singapore to Japan,VLCC,7.791,USD
2022-09-21,TD7,Singapore to Japan,VLCC,7.709,USD
2022-09-22,TD7,Singapore to Japan,VLCC,7.709,USD
2022-09-23,TD7,Singapore to Japan,VLCC,7.928,USD
2022-09-24,TD7,Singapore to Japan,VLCC,7.937,USD
2022-09-25,TD7,Singapore to Japan,VLCC,8.019,USD
2022-09-26,TD7,Singapore to Japan,VLCC,7.948,USD
2022-09-27,TD7,Singapore to Japan,VLCC,8.037,USD
2022-09-28,TD7,Singapore to Japan,VLCC,8.301,USD
2022-09-29,TD7,Singapore to Japan,VLCC,8.461,USD
2022-09-30,TD7,Singapore to Japan,VLCC,8.462,USD
2022-10-01,TD7,Singapore to Japan,VLCC,8.575,USD
2022-10-02,TD7,Singapore to Japan,VLCC,8.673,USD
2022-10-03,TD7,Singapore to Japan,VLCC,8.759,USD
2022-10-04,TD7,Singapore to Japan,VLCC,8.934,USD
2022-10-05,TD7,Singapore to Japan,VLCC,9.107,USD
2022-10-06,TD7,Singapore to Japan,VLCC,9.097,USD
2022-10-07,TD7,Singapore to Japan,VLCC,9.201,USD
2022-10-08,TD7,Singapore to Japan,VLCC,9.153,USD
2022-10-09,TD7,Singapore to Japan,VLCC,9.026,USD
2022-10-10,TD7,Singapore to Japan,VLCC,8.998,USD
2022-10-11,TD7,Singapore to Japan,VLCC,8.998,USD
2022-10-12,TD7,Singapore to Japan,VLCC,8.765,USD
2022-10-13,TD7,Singapore to Japan,VLCC,8.907,USD
2022-10-14,TD7,Singapore to Japan,VLCC,8.513,USD
2022-10-15,TD7,Singapore to Japan,VLCC,8.931,USD
2022-10-16,TD7,Singapore to Japan,VLCC,9.166,USD
2022-10-17,TD7,Singapore to Japan,VLCC,9.139,USD
2022-10-18,TD7,Singapore to Japan,VLCC,9.153,USD
2022-10-19,TD7,Singapore to Japan,VLCC,9.211,USD
2022-10-20,TD7,Singapore to Japan,VLCC,9.137,USD
2022-10-21,TD7,Singapore to Japan,VLCC,9.179,USD
2022-10-22,TD7,Singapore to Japan,VLCC,9.171,USD
2022-10-23,TD7,Singapore to Japan,VLCC,9.171,USD
2022-10-24,TD7,Singapore to Japan,VLCC,9.212,USD
2022-10-25,TD7,Singapore to Japan,VLCC,9.033,USD
2022-10-26,TD7,Singapore to Japan,VLCC,9.055,USD
2022-10-27,TD7,Singapore to Japan,VLCC,9.096,USD
2022-10-28,TD7,Singapore to Japan,VLCC,9.131,USD
2022-10-29,TD7,Singapore to Japan,VLCC,9.115,USD
2022-10-30,TD7,Singapore to Japan,VLCC,9.3,USD
2022-10-31,TD7,Singapore to Japan,VLCC,9.263,USD
2022-11-01,TD7,Singapore to Japan,VLCC,9.312,USD
2022-11-02,TD7,Singapore to Japan,VLCC,9.519,USD
2022-11-03,TD7,Singapore to Japan,VLCC,9.521,USD
2022-11-04,TD7,Singapore to Japan,VLCC,9.566,USD
2022-11-05,TD7,Singapore to Japan,VLCC,9.566,USD
2022-11-06,TD7,Singapore to Japan,VLCC,9.762,USD
2022-11-07,TD7,Singapore to Japan,VLCC,9.737,USD
2022-11-08,TD7,Singapore to Japan,VLCC,9.939,USD
2022-11-09,TD7,Singapore to Japan,VLCC,9.934,USD
2022-11-10,TD7,Singapore to Japan,VLCC,9.819,USD
2022-11-11,TD7,Singapore to Japan,VLCC,9.932,USD
2022-11-12,TD7,Singapore to Japan,VLCC,9.899,USD
2022-11-13,TD7,Singapore to Japan,VLCC,10.003,USD
2022-11-14,TD7,Singapore to Japan,VLCC,9.613,USD
2022-11-15,TD7,Singapore to Japan,VLCC,9.63,USD
2022-11-16,TD7,Singapore to Japan,VLCC,9.578,USD
2022-11-17,TD7,Singapore to Japan,VLCC,9.438,USD
2022-11-18,TD7,Singapore to Japan,VLCC,9.374,USD
2022-11-19,TD7,Singapore to Japan,VLCC,9.309,USD
2022-11-20,TD7,Singapore to Japan,VLCC,9.322,USD
2022-11-21,TD7,Singapore to Japan,VLCC,9.14,USD
2022-11-22,TD7,Singapore to Japan,VLCC,9.209,USD
2022-11-23,TD7,Singapore to Japan,VLCC,9.431,USD
2022-11-24,TD7,Singapore to Japan,VLCC,9.492,USD
2022-11-25,TD7,Singapore to Japan,VLCC,9.63,USD
2022-11-26,TD7,Singapore to Japan,VLCC,9.809,USD
2022-11-27,TD7,Singapore to Japan,VLCC,10.007,USD
2022-11-28,TD7,Singapore to Japan,VLCC,10.296,USD
2022-11-29,TD7,Singapore to Japan,VLCC,10.234,USD
2022-11-30,TD7,Singapore to Japan,VLCC,10.141,USD
2022-12-01,TD7,Singapore to Japan,VLCC,10.269,USD
2022-12-02,TD7,Singapore to Japan,VLCC,10.386,USD
2022-12-03,TD7,Singapore to Japan,VLCC,10.511,USD
2022-12-04,TD7,Singapore to Japan,VLCC,10.799,USD
2022-12-05,TD7,Singapore to Japan,VLCC,10.808,USD
2022-12-06,TD7,Singapore to Japan,VLCC,10.877,USD
2022-12-07,TD7,Singapore to Japan,VLCC,10.739,USD
2022-12-08,TD7,Singapore to Japan,VLCC,11.062,USD
2022-12-09,TD7,Singapore to Japan,VLCC,11.017,USD
2022-12-10,TD7,Singapore to Japan,VLCC,10.977,USD
2022-12-11,TD7,Singapore to Japan,VLCC,10.932,USD
2022-12-12,TD7,Singapore to Japan,VLCC,10.843,USD
2022-12-13,TD7,Singapore to Japan,VLCC,10.743,USD
2022-12-14,TD7,Singapore to Japan,VLCC,10.674,USD
2022-12-15,TD7,Singapore to Japan,VLCC,10.482,USD
2022-12-16,TD7,Singapore to Japan,VLCC,10.377,USD
2022-12-17,TD7,Singapore to Japan,VLCC,10.676,USD
2022-12-18,TD7,Singapore to Japan,VLCC,10.793,USD
2022-12-19,TD7,Singapore to Japan,VLCC,10.937,USD
2022-12-20,TD7,Singapore to Japan,VLCC,11.117,USD
2022-12-21,TD7,Singapore to Japan,VLCC,11.392,USD
2022-12-22,TD7,Singapore to Japan,VLCC,11.133,USD
2022-12-23,TD7,Singapore to Japan,VLCC,10.956,USD
2022-12-24,TD7,Singapore to Japan,VLCC,10.844,USD
2022-12-25,TD7,Singapore to Japan,VLCC,10.782,USD
2022-12-26,TD7,Singapore to Japan,VLCC,10.745,USD
2022-12-27,TD7,Singapore to Japan,VLCC,10.688,USD
2022-12-28,TD7,Singapore to Japan,VLCC,10.729,USD
2022-12-29,TD7,Singapore to Japan,VLCC,10.742,USD
2022-12-30,TD7,Singapore to Japan,VLCC,10.643,USD
2022-12-31,TD7,Singapore to Japan,VLCC,10.332,USD
2023-01-01,TD7,Singapore to Japan,VLCC,10.198,USD
2023-01-02,TD7,Singapore to Japan,VLCC,10.13,USD
2023-01-03,TD7,Singapore to Japan,VLCC,10.107,USD
2023-01-04,TD7,Singapore to Japan,VLCC,9.955,USD
2023-01-05,TD7,Singapore to Japan,VLCC,9.898,USD
2023-01-06,TD7,Singapore to Japan,VLCC,9.747,USD
2023-01-07,TD7,Singapore to Japan,VLCC,9.746,USD
2023-01-08,TD7,Singapore to Japan,VLCC,9.605,USD
2023-01-09,TD7,Singapore to Japan,VLCC,9.498,USD
2023-01-10,TD7,Singapore to Japan,VLCC,9.325,USD
2023-01-11,TD7,Singapore to Japan,VLCC,9.323,USD
2023-01-12,TD7,Singapore to Japan,VLCC,9.216,USD
2023-01-13,TD7,Singapore to Japan,VLCC,9.371,USD
2023-01-14,TD7,Singapore to Japan,VLCC,9.451,USD
2023-01-15,TD7,Singapore to Japan,VLCC,9.46,USD
2023-01-16,TD7,Singapore to Japan,VLCC,9.361,USD
2023-01-17,TD7,Singapore to Japan,VLCC,9.437,USD
2023-01-18,TD7,Singapore to Japan,VLCC,9.557,USD
2023-01-19,TD7,Singapore to Japan,VLCC,9.595,USD
2023-01-20,TD7,Singapore to Japan,VLCC,9.848,USD
2023-01-21,TD7,Singapore to Japan,VLCC,9.93,USD
2023-01-22,TD7,Singapore to Japan,VLCC,10.077,USD
2023-01-23,TD7,Singapore to Japan,VLCC,10.108,USD
2023-01-24,TD7,Singapore to Japan,VLCC,10.218,USD
2023-01-25,TD7,Singapore to Japan,VLCC,10.11,USD
2023-01-26,TD7,Singapore to Japan,VLCC,10.053,USD
2023-01-27,TD7,Singapore to Japan,VLCC,10.115,USD
2023-01-28,TD7,Singapore to Japan,VLCC,10.175,USD
2023-01-29,TD7,Singapore to Japan,VLCC,10.258,USD
2023-01-30,TD7,Singapore to Japan,VLCC,10.428,USD
2023-01-31,TD7,Singapore to Japan,VLCC,10.224,USD
2023-02-01,TD7,Singapore to Japan,VLCC,10.088,USD
2023-02-02,TD7,Singapore to Japan,VLCC,10.131,USD
2023-02-03,TD7,Singapore to Japan,VLCC,10.032,USD
2023-02-04,TD7,Singapore to Japan,VLCC,10.538,USD
2023-02-05,TD7,Singapore to Japan,VLCC,10.617,USD
2023-02-06,TD7,Singapore to Japan,VLCC,10.608,USD
2023-02-07,TD7,Singapore to Japan,VLCC,10.534,USD
2023-02-08,TD7,Singapore to Japan,VLCC,10.466,USD
2023-02-09,TD7,Singapore to Japan,VLCC,10.473,USD
2023-02-10,TD7,Singapore to Japan,VLCC,10.492,USD
2023-02-11,TD7,Singapore to Japan,VLCC,10.427,USD
2023-02-12,TD7,Singapore to Japan,VLCC,10.389,USD
2023-02-13,TD7,Singapore to Japan,VLCC,10.59,USD
2023-02-14,TD7,Singapore to Japan,VLCC,10.794,USD
2023-02-15,TD7,Singapore to Japan,VLCC,10.829,USD
2023-02-16,TD7,Singapore to Japan,VLCC,10.628,USD
2023-02-17,TD7,Singapore to Japan,VLCC,10.707,USD
2023-02-18,TD7,Singapore to Japan,VLCC,10.933,USD
2023-02-19,TD7,Singapore to Japan,VLCC,11.13,USD
2023-02-20,TD7,Singapore to Japan,VLCC,11.231,USD
2023-02-21,TD7,Singapore to Japan,VLCC,11.432,USD
2023-02-22,TD7,Singapore to Japan,VLCC,11.429,USD
2023-02-23,TD7,Singapore to Japan,VLCC,11.51,USD
2023-02-24,TD7,Singapore to Japan,VLCC,11.397,USD
2023-02-25,TD7,Singapore to Japan,VLCC,11.429,USD
2023-02-26,TD7,Singapore to Japan,VLCC,11.612,USD
2023-02-27,TD7,Singapore to Japan,VLCC,11.511,USD
2023-02-28,TD7,Singapore to Japan,VLCC,11.37,USD
2023-03-01,TD7,Singapore to Japan,VLCC,11.372,USD
2023-03-02,TD7,Singapore to Japan,VLCC,11.325,USD
2023-03-03,TD7,Singapore to Japan,VLCC,11.408,USD
2023-03-04,TD7,Singapore to Japan,VLCC,11.327,USD
2023-03-05,TD7,Singapore to Japan,VLCC,11.566,USD
2023-03-06,TD7,Singapore to Japan,VLCC,11.36,USD
2023-03-07,TD7,Singapore to Japan,VLCC,11.53,USD
2023-03-08,TD7,Singapore to Japan,VLCC,11.4,USD
2023-03-09,TD7,Singapore to Japan,VLCC,11.12,USD
2023-03-10,TD7,Singapore to Japan,VLCC,11.141,USD
2023-03-11,TD7,Singapore to Japan,VLCC,11.089,USD
2023-03-12,TD7,Singapore to Japan,VLCC,10.912,USD
2023-03-13,TD7,Singapore to Japan,VLCC,10.652,USD
2023-03-14,TD7,Singapore to Japan,VLCC,10.64,USD
2023-03-15,TD7,Singapore to Japan,VLCC,10.773,USD
2023-03-16,TD7,Singapore to Japan,VLCC,10.847,USD
2023-03-17,TD7,Singapore to Japan,VLCC,10.842,USD
2023-03-18,TD7,Singapore to Japan,VLCC,10.898,USD
2023-03-19,TD7,Singapore to Japan,VLCC,10.88,USD
2023-03-20,TD7,Singapore to Japan,VLCC,10.654,USD
2023-03-21,TD7,Singapore to Japan,VLCC,10.432,USD
2023-03-22,TD7,Singapore to Japan,VLCC,10.391,USD
2023-03-23,TD7,Singapore to Japan,VLCC,10.356,USD
2023-03-24,TD7,Singapore to Japan,VLCC,10.47,USD
2023-03-25,TD7,Singapore to Japan,VLCC,10.568,USD
2023-03-26,TD7,Singapore to Japan,VLCC,10.643,USD
2023-03-27,TD7,Singapore to Japan,VLCC,10.587,USD
2023-03-28,TD7,Singapore to Japan,VLCC,10.368,USD
2023-03-29,TD7,Singapore to Japan,VLCC,10.416,USD
2023-03-30,TD7,Singapore to Japan,VLCC,10.479,USD
2023-03-31,TD7,Singapore to Japan,VLCC,10.112,USD
2023-04-01,TD7,Singapore to Japan,VLCC,9.977,USD
2023-04-02,TD7,Singapore to Japan,VLCC,9.865,USD
2023-04-03,TD7,Singapore to Japan,VLCC,9.872,USD
2023-04-04,TD7,Singapore to Japan,VLCC,9.743,USD
2023-04-05,TD7,Singapore to Japan,VLCC,9.728,USD
2023-04-06,TD7,Singapore to Japan,VLCC,9.687,USD
2023-04-07,TD7,Singapore to Japan,VLCC,9.654,USD
2023-04-08,TD7,Singapore to Japan,VLCC,9.538,USD
2023-04-09,TD7,Singapore to Japan,VLCC,9.435,USD
2023-04-10,TD7,Singapore to Japan,VLCC,9.268,USD
2023-04-11,TD7,Singapore to Japan,VLCC,9.316,USD
2023-04-12,TD7,Singapore to Japan,VLCC,9.393,USD
2023-04-13,TD7,Singapore to Japan,VLCC,9.27,USD
2023-04-14,TD7,Singapore to Japan,VLCC,9.486,USD
2023-04-15,TD7,Singapore to Japan,VLCC,9.429,USD
2023-04-16,TD7,Singapore to Japan,VLCC,9.644,USD
2023-04-17,TD7,Singapore to Japan,VLCC,9.536,USD
2023-04-18,TD7,Singapore to Japan,VLCC,9.225,USD
2023-04-19,TD7,Singapore to Japan,VLCC,9.275,USD
2023-04-20,TD7,Singapore to Japan,VLCC,9.301,USD
2023-04-21,TD7,Singapore to Japan,VLCC,9.296,USD
2023-04-22,TD7,Singapore to Japan,VLCC,9.19,USD
2023-04-23,TD7,Singapore to Japan,VLCC,9.174,USD
2023-04-24,TD7,Singapore to Japan,VLCC,9.088,USD
2023-04-25,TD7,Singapore to Japan,VLCC,9.034,USD
2023-04-26,TD7,Singapore to Japan,VLCC,9.148,USD
2023-04-27,TD7,Singapore to Japan,VLCC,9.164,USD
2023-04-28,TD7,Singapore to Japan,VLCC,9.242,USD
2023-04-29,TD7,Singapore to Japan,VLCC,9.195,USD
2023-04-30,TD7,Singapore to Japan,VLCC,9.132,USD
2023-05-01,TD7,Singapore to Japan,VLCC,8.95,USD
2023-05-02,TD7,Singapore to Japan,VLCC,8.885,USD
2023-05-03,TD7,Singapore to Japan,VLCC,8.385,USD
2023-05-04,TD7,Singapore to Japan,VLCC,8.293,USD
2023-05-05,TD7,Singapore to Japan,VLCC,8.275,USD
2023-05-06,TD7,Singapore to Japan,VLCC,8.353,USD
2023-05-07,TD7,Singapore to Japan,VLCC,8.308,USD
2023-05-08,TD7,Singapore to Japan,VLCC,8.353,USD
2023-05-09,TD7,Singapore to Japan,VLCC,8.025,USD
2023-05-10,TD7,Singapore to Japan,VLCC,8.013,USD
2023-05-11,TD7,Singapore to Japan,VLCC,7.762,USD
2023-05-12,TD7,Singapore to Japan,VLCC,7.583,USD
2023-05-13,TD7,Singapore to Japan,VLCC,7.555,USD
2023-05-14,TD7,Singapore to Japan,VLCC,7.743,USD
2023-05-15,TD7,Singapore to Japan,VLCC,7.796,USD
2023-05-16,TD7,Singapore to Japan,VLCC,7.796,USD
2023-05-17,TD7,Singapore to Japan,VLCC,7.79,USD
2023-05-18,TD7,Singapore to Japan,VLCC,7.681,USD
2023-05-19,TD7,Singapore to Japan,VLCC,7.599,USD
2023-05-20,TD7,Singapore to Japan,VLCC,7.66,USD
2023-05-21,TD7,Singapore to Japan,VLCC,7.454,USD
2023-05-22,TD7,Singapore to Japan,VLCC,7.541,USD
2023-05-23,TD7,Singapore to Japan,VLCC,7.482,USD
2023-05-24,TD7,Singapore to Japan,VLCC,7.602,USD
2023-05-25,TD7,Singapore to Japan,VLCC,7.741,USD
2023-05-26,TD7,Singapore to Japan,VLCC,7.491,USD
2023-05-27,TD7,Singapore to Japan,VLCC,7.403,USD
2023-05-28,TD7,Singapore to Japan,VLCC,7.276,USD
2023-05-29,TD7,Singapore to Japan,VLCC,7.009,USD
2023-05-30,TD7,Singapore to Japan,VLCC,6.86,USD
2023-05-31,TD7,Singapore to Japan,VLCC,7.223,USD
2023-06-01,TD7,Singapore to Japan,VLCC,7.313,USD
2023-06-02,TD7,Singapore to Japan,VLCC,7.595,USD
2023-06-03,TD7,Singapore to Japan,VLCC,7.713,USD
2023-06-04,TD7,Singapore to Japan,VLCC,7.599,USD
2023-06-05,TD7,Singapore to Japan,VLCC,7.539,USD
2023-06-06,TD7,Singapore to Japan,VLCC,7.622,USD
2023-06-07,TD7,Singapore to Japan,VLCC,7.682,USD
2023-06-08,TD7,Singapore to Japan,VLCC,7.592,USD
2023-06-09,TD7,Singapore to Japan,VLCC,7.365,USD
2023-06-10,TD7,Singapore to Japan,VLCC,7.847,USD
2023-06-11,TD7,Singapore to Japan,VLCC,7.819,USD
2023-06-12,TD7,Singapore to Japan,VLCC,7.765,USD
2023-06-13,TD7,Singapore to Japan,VLCC,7.775,USD
2023-06-14,TD7,Singapore to Japan,VLCC,7.733,USD
2023-06-15,TD7,Singapore to Japan,VLCC,7.745,USD
2023-06-16,TD7,Singapore to Japan,VLCC,7.929,USD
2023-06-17,TD7,Singapore to Japan,VLCC,7.902,USD
2023-06-18,TD7,Singapore to Japan,VLCC,7.723,USD
2023-06-19,TD7,Singapore to Japan,VLCC,7.693,USD
2023-06-20,TD7,Singapore to Japan,VLCC,7.619,USD
2023-06-21,TD7,Singapore to Japan,VLCC,7.824,USD
2023-06-22,TD7,Singapore to Japan,VLCC,7.99,USD
2023-06-23,TD7,Singapore to Japan,VLCC,7.997,USD
2023-06-24,TD7,Singapore to Japan,VLCC,7.8,USD
2023-06-25,TD7,Singapore to Japan,VLCC,7.613,USD
2023-06-26,TD7,Singapore to Japan,VLCC,7.61,USD
2023-06-27,TD7,Singapore to Japan,VLCC,7.655,USD
2023-06-28,TD7,Singapore to Japan,VLCC,7.595,USD
2023-06-29,TD7,Singapore to Japan,VLCC,7.52,USD
2023-06-30,TD7,Singapore to Japan,VLCC,7.429,USD
2023-07-01,TD7,Singapore to Japan,VLCC,7.423,USD
2023-07-02,TD7,Singapore to Japan,VLCC,7.069,USD
2023-07-03,TD7,Singapore to Japan,VLCC,6.908,USD
2023-07-04,TD7,Singapore to Japan,VLCC,6.819,USD
2023-07-05,TD7,Singapore to Japan,VLCC,7.0,USD
2023-07-06,TD7,Singapore to Japan,VLCC,6.882,USD
2023-07-07,TD7,Singapore to Japan,VLCC,6.912,USD
2023-07-08,TD7,Singapore to Japan,VLCC,6.949,USD
2023-07-09,TD7,Singapore to Japan,VLCC,7.143,USD
2023-07-10,TD7,Singapore to Japan,VLCC,7.33,USD
2023-07-11,TD7,Singapore to Japan,VLCC,7.321,USD
2023-07-12,TD7,Singapore to Japan,VLCC,7.25,USD
2023-07-13,TD7,Singapore to Japan,VLCC,7.153,USD
2023-07-14,TD7,Singapore to Japan,VLCC,7.119,USD
2023-07-15,TD7,Singapore to Japan,VLCC,7.057,USD
2023-07-16,TD7,Singapore to Japan,VLCC,7.142,USD
2023-07-17,TD7,Singapore to Japan,VLCC,7.206,USD
2023-07-18,TD7,Singapore to Japan,VLCC,7.295,USD
2023-07-19,TD7,Singapore to Japan,VLCC,7.481,USD
2023-07-20,TD7,Singapore to Japan,VLCC,7.755,USD
2023-07-21,TD7,Singapore to Japan,VLCC,7.77,USD
2023-07-22,TD7,Singapore to Japan,VLCC,7.929,USD
2023-07-23,TD7,Singapore to Japan,VLCC,7.872,USD
2023-07-24,TD7,Singapore to Japan,VLCC,8.043,USD
2023-07-25,TD7,Singapore to Japan,VLCC,8.194,USD
2023-07-26,TD7,Singapore to Japan,VLCC,8.336,USD
2023-07-27,TD7,Singapore to Japan,VLCC,8.342,USD
2023-07-28,TD7,Singapore to Japan,VLCC,8.236,USD
2023-07-29,TD7,Singapore to Japan,VLCC,8.024,USD
2023-07-30,TD7,Singapore to Japan,VLCC,8.014,USD
2023-07-31,TD7,Singapore to Japan,VLCC,8.237,USD
2023-08-01,TD7,Singapore to Japan,VLCC,8.185,USD
2023-08-02,TD7,Singapore to Japan,VLCC,8.296,USD
2023-08-03,TD7,Singapore to Japan,VLCC,8.415,USD
2023-08-04,TD7,Singapore to Japan,VLCC,8.367,USD
2023-08-05,TD7,Singapore to Japan,VLCC,8.555,USD
2023-08-06,TD7,Singapore to Japan,VLCC,8.119,USD
2023-08-07,TD7,Singapore to Japan,VLCC,7.936,USD
2023-08-08,TD7,Singapore to Japan,VLCC,7.8,USD
2023-08-09,TD7,Singapore to Japan,VLCC,7.681,USD
2023-08-10,TD7,Singapore to Japan,VLCC,7.733,USD
2023-08-11,TD7,Singapore to Japan,VLCC,7.778,USD
2023-08-12,TD7,Singapore to Japan,VLCC,7.838,USD
2023-08-13,TD7,Singapore to Japan,VLCC,7.927,USD
2023-08-14,TD7,Singapore to Japan,VLCC,7.789,USD
2023-08-15,TD7,Singapore to Japan,VLCC,7.612,USD
2023-08-16,TD7,Singapore to Japan,VLCC,7.675,USD
2023-08-17,TD7,Singapore to Japan,VLCC,7.587,USD
2023-08-18,TD7,Singapore to Japan,VLCC,7.362,USD
2023-08-19,TD7,Singapore to Japan,VLCC,7.513,USD
2023-08-20,TD7,Singapore to Japan,VLCC,7.726,USD
2023-08-21,TD7,Singapore to Japan,VLCC,7.961,USD
2023-08-22,TD7,Singapore to Japan,VLCC,7.992,USD
2023-08-23,TD7,Singapore to Japan,VLCC,8.088,USD
2023-08-24,TD7,Singapore to Japan,VLCC,8.292,USD
2023-08-25,TD7,Singapore to Japan,VLCC,8.199,USD
2023-08-26,TD7,Singapore to Japan,VLCC,8.365,USD
2023-08-27,TD7,Singapore to Japan,VLCC,8.407,USD
2023-08-28,TD7,Singapore to Japan,VLCC,8.542,USD
2023-08-29,TD7,Singapore to Japan,VLCC,8.57,USD
2023-08-30,TD7,Singapore to Japan,VLCC,8.761,USD
2023-08-31,TD7,Singapore to Japan,VLCC,8.792,USD
2023-09-01,TD7,Singapore to Japan,VLCC,8.572,USD
2023-09-02,TD7,Singapore to Japan,VLCC,8.788,USD
2023-09-03,TD7,Singapore to Japan,VLCC,8.647,USD
2023-09-04,TD7,Singapore to Japan,VLCC,8.833,USD
2023-09-05,TD7,Singapore to Japan,VLCC,8.82,USD
2023-09-06,TD7,Singapore to Japan,VLCC,8.993,USD
2023-09-07,TD7,Singapore to Japan,VLCC,9.159,USD
2023-09-08,TD7,Singapore to Japan,VLCC,9.22,USD
2023-09-09,TD7,Singapore to Japan,VLCC,9.292,USD
2023-09-10,TD7,Singapore to Japan,VLCC,9.351,USD
2023-09-11,TD7,Singapore to Japan,VLCC,9.052,USD
2023-09-12,TD7,Singapore to Japan,VLCC,9.069,USD
2023-09-13,TD7,Singapore to Japan,VLCC,8.905,USD
2023-09-14,TD7,Singapore to Japan,VLCC,8.933,USD
2023-09-15,TD7,Singapore to Japan,VLCC,8.767,USD
2023-09-16,TD7,Singapore to Japan,VLCC,8.597,USD
2023-09-17,TD7,Singapore to Japan,VLCC,8.84,USD
2023-09-18,TD7,Singapore to Japan,VLCC,9.002,USD
2023-09-19,TD7,Singapore to Japan,VLCC,9.005,USD
2023-09-20,TD7,Singapore to Japan,VLCC,9.036,USD
2023-09-21,TD7,Singapore to Japan,VLCC,9.003,USD
2023-09-22,TD7,Singapore to Japan,VLCC,9.092,USD
2023-09-23,TD7,Singapore to Japan,VLCC,8.996,USD
2023-09-24,TD7,Singapore to Japan,VLCC,9.148,USD
2023-09-25,TD7,Singapore to Japan,VLCC,9.115,USD
2023-09-26,TD7,Singapore to Japan,VLCC,9.058,USD
2023-09-27,TD7,Singapore to Japan,VLCC,9.067,USD
2023-09-28,TD7,Singapore to Japan,VLCC,8.986,USD
2023-09-29,TD7,Singapore to Japan,VLCC,9.042,USD
2023-09-30,TD7,Singapore to Japan,VLCC,8.97,USD
2023-10-01,TD7,Singapore to Japan,VLCC,9.047,USD
2023-10-02,TD7,Singapore to Japan,VLCC,9.234,USD
2023-10-03,TD7,Singapore to Japan,VLCC,9.134,USD
2023-10-04,TD7,Singapore to Japan,VLCC,9.123,USD
2023-10-05,TD7,Singapore to Japan,VLCC,9.199,USD
2023-10-06,TD7,Singapore to Japan,VLCC,9.143,USD
2023-10-07,TD7,Singapore to Japan,VLCC,9.22,USD
2023-10-08,TD7,Singapore to Japan,VLCC,9.31,USD
2023-10-09,TD7,Singapore to Japan,VLCC,9.477,USD
2023-10-10,TD7,Singapore to Japan,VLCC,9.394,USD
2023-10-11,TD7,Singapore to Japan,VLCC,9.263,USD
2023-10-12,TD7,Singapore to Japan,VLCC,9.227,USD
2023-10-13,TD7,Singapore to Japan,VLCC,9.095,USD
2023-10-14,TD7,Singapore to Japan,VLCC,9.19,USD
2023-10-15,TD7,Singapore to Japan,VLCC,9.03,USD
2023-10-16,TD7,Singapore to Japan,VLCC,9.386,USD
2023-10-17,TD7,Singapore to Japan,VLCC,9.587,USD
2023-10-18,TD7,Singapore to Japan,VLCC,9.597,USD
2023-10-19,TD7,Singapore to Japan,VLCC,9.733,USD
2023-10-20,TD7,Singapore to Japan,VLCC,9.499,USD
2023-10-21,TD7,Singapore to Japan,VLCC,9.881,USD
2023-10-22,TD7,Singapore to Japan,VLCC,9.801,USD
2023-10-23,TD7,Singapore to Japan,VLCC,9.791,USD
2023-10-24,TD7,Singapore to Japan,VLCC,9.525,USD
2023-10-25,TD7,Singapore to Japan,VLCC,9.608,USD
2023-10-26,TD7,Singapore to Japan,VLCC,9.456,USD
2023-10-27,TD7,Singapore to Japan,VLCC,9.483,USD
2023-10-28,TD7,Singapore to Japan,VLCC,9.415,USD
2023-10-29,TD7,Singapore to Japan,VLCC,9.27,USD
2023-10-30,TD7,Singapore to Japan,VLCC,9.167,USD
2023-10-31,TD7,Singapore to Japan,VLCC,9.217,USD
2023-11-01,TD7,Singapore to Japan,VLCC,9.044,USD
2023-11-02,TD7,Singapore to Japan,VLCC,8.952,USD
2023-11-03,TD7,Singapore to Japan,VLCC,9.069,USD
2023-11-04,TD7,Singapore to Japan,VLCC,9.471,USD
2023-11-05,TD7,Singapore to Japan,VLCC,9.556,USD
2023-11-06,TD7,Singapore to Japan,VLCC,9.435,USD
2023-11-07,TD7,Singapore to Japan,VLCC,9.397,USD
2023-11-08,TD7,Singapore to Japan,VLCC,9.418,USD
2023-11-09,TD7,Singapore to Japan,VLCC,9.383,USD
2023-11-10,TD7,Singapore to Japan,VLCC,9.533,USD
2023-11-11,TD7,Singapore to Japan,VLCC,9.58,USD
2023-11-12,TD7,Singapore to Japan,VLCC,9.73,USD
2023-11-13,TD7,Singapore to Japan,VLCC,9.697,USD
2023-11-14,TD7,Singapore to Japan,VLCC,9.907,USD
2023-11-15,TD7,Singapore to Japan,VLCC,9.896,USD
2023-11-16,TD7,Singapore to Japan,VLCC,9.766,USD
2023-11-17,TD7,Singapore to Japan,VLCC,10.101,USD
2023-11-18,TD7,Singapore to Japan,VLCC,9.844,USD
2023-11-19,TD7,Singapore to Japan,VLCC,9.749,USD
2023-11-20,TD7,Singapore to Japan,VLCC,9.673,USD
2023-11-21,TD7,Singapore to Japan,VLCC,10.058,USD
2023-11-22,TD7,Singapore to Japan,VLCC,10.337,USD
2023-11-23,TD7,Singapore to Japan,VLCC,10.567,USD
2023-11-24,TD7,Singapore to Japan,VLCC,10.526,USD
2023-11-25,TD7,Singapore to Japan,VLCC,10.892,USD
2023-11-26,TD7,Singapore to Japan,VLCC,10.951,USD
2023-11-27,TD7,Singapore to Japan,VLCC,11.1,USD
2023-11-28,TD7,Singapore to Japan,VLCC,11.13,USD
2023-11-29,TD7,Singapore to Japan,VLCC,11.125,USD
2023-11-30,TD7,Singapore to Japan,VLCC,11.092,USD
2023-12-01,TD7,Singapore to Japan,VLCC,11.064,USD
2023-12-02,TD7,Singapore to Japan,VLCC,11.158,USD
2023-12-03,TD7,Singapore to Japan,VLCC,11.216,USD
2023-12-04,TD7,Singapore to Japan,VLCC,11.214,USD
2023-12-05,TD7,Singapore to Japan,VLCC,11.439,USD
2023-12-06,TD7,Singapore to Japan,VLCC,11.003,USD
2023-12-07,TD7,Singapore to Japan,VLCC,11.083,USD
2023-12-08,TD7,Singapore to Japan,VLCC,11.193,USD
2023-12-09,TD7,Singapore to Japan,VLCC,11.366,USD
2023-12-10,TD7,Singapore to Japan,VLCC,11.358,USD
2023-12-11,TD7,Singapore to Japan,VLCC,11.39,USD
2023-12-12,TD7,Singapore to Japan,VLCC,11.537,USD
2023-12-13,TD7,Singapore to Japan,VLCC,11.757,USD
2023-12-14,TD7,Singapore to Japan,VLCC,11.711,USD
2023-12-15,TD7,Singapore to Japan,VLCC,11.749,USD
2023-12-16,TD7,Singapore to Japan,VLCC,11.994,USD
2023-12-17,TD7,Singapore to Japan,VLCC,11.677,USD
2023-12-18,TD7,Singapore to Japan,VLCC,11.575,USD
2023-12-19,TD7,Singapore to Japan,VLCC,11.79,USD
2023-12-20,TD7,Singapore to Japan,VLCC,11.949,USD
2023-12-21,TD7,Singapore to Japan,VLCC,12.022,USD
2023-12-22,TD7,Singapore to Japan,VLCC,11.952,USD
2023-12-23,TD7,Singapore to Japan,VLCC,11.818,USD
2023-12-24,TD7,Singapore to Japan,VLCC,11.729,USD
2023-12-25,TD7,Singapore to Japan,VLCC,11.955,USD
2023-12-26,TD7,Singapore to Japan,VLCC,11.858,USD
2023-12-27,TD7,Singapore to Japan,VLCC,11.87,USD
2023-12-28,TD7,Singapore to Japan,VLCC,11.756,USD
2023-12-29,TD7,Singapore to Japan,VLCC,11.878,USD
2023-12-30,TD7,Singapore to Japan,VLCC,11.795,USD
2023-12-31,TD7,Singapore to Japan,VLCC,11.778,USD
2024-01-01,TD7,Singapore to Japan,VLCC,11.528,USD
2024-01-02,TD7,Singapore to Japan,VLCC,11.29,USD
2024-01-03,TD7,Singapore to Japan,VLCC,11.294,USD
2024-01-04,TD7,Singapore to Japan,VLCC,11.101,USD
2024-01-05,TD7,Singapore to Japan,VLCC,11.414,USD
2024-01-06,TD7,Singapore to Japan,VLCC,11.111,USD
2024-01-07,TD7,Singapore to Japan,VLCC,10.997,USD
2024-01-08,TD7,Singapore to Japan,VLCC,11.004,USD
2024-01-09,TD7,Singapore to Japan,VLCC,10.955,USD
2024-01-10,TD7,Singapore to Japan,VLCC,10.797,USD
2024-01-11,TD7,Singapore to Japan,VLCC,10.662,USD
2024-01-12,TD7,Singapore to Japan,VLCC,10.523,USD
2024-01-13,TD7,Singapore to Japan,VLCC,10.49,USD
2024-01-14,TD7,Singapore to Japan,VLCC,10.786,USD
2024-01-15,TD7,Singapore to Japan,VLCC,10.803,USD
2024-01-16,TD7,Singapore to Japan,VLCC,10.983,USD
2024-01-17,TD7,Singapore to Japan,VLCC,11.06,USD
2024-01-18,TD7,Singapore to Japan,VLCC,11.227,USD
2024-01-19,TD7,Singapore to Japan,VLCC,10.815,USD
2024-01-20,TD7,Singapore to Japan,VLCC,10.775,USD
2024-01-21,TD7,Singapore to Japan,VLCC,10.972,USD
2024-01-22,TD7,Singapore to Japan,VLCC,10.89,USD
2024-01-23,TD7,Singapore to Japan,VLCC,11.153,USD
2024-01-24,TD7,Singapore to Japan,VLCC,11.371,USD
2024-01-25,TD7,Singapore to Japan,VLCC,11.3,USD
2024-01-26,TD7,Singapore to Japan,VLCC,11.224,USD
2024-01-27,TD7,Singapore to Japan,VLCC,11.074,USD
2024-01-28,TD7,Singapore to Japan,VLCC,10.981,USD
2024-01-29,TD7,Singapore to Japan,VLCC,10.8,USD
2024-01-30,TD7,Singapore to Japan,VLCC,10.866,USD
2024-01-31,TD7,Singapore to Japan,VLCC,10.653,USD
2024-02-01,TD7,Singapore to Japan,VLCC,10.745,USD
2024-02-02,TD7,Singapore to Japan,VLCC,10.84,USD
2024-02-03,TD7,Singapore to Japan,VLCC,10.596,USD
2024-02-04,TD7,Singapore to Japan,VLCC,10.827,USD
2024-02-05,TD7,Singapore to Japan,VLCC,10.903,USD
2024-02-06,TD7,Singapore to Japan,VLCC,11.013,USD
2024-02-07,TD7,Singapore to Japan,VLCC,10.9,USD
2024-02-08,TD7,Singapore to Japan,VLCC,10.99,USD
2024-02-09,TD7,Singapore to Japan,VLCC,11.154,USD
2024-02-10,TD7,Singapore to Japan,VLCC,11.135,USD
2024-02-11,TD7,Singapore to Japan,VLCC,11.425,USD
2024-02-12,TD7,Singapore to Japan,VLCC,11.424,USD
2024-02-13,TD7,Singapore to Japan,VLCC,11.584,USD
2024-02-14,TD7,Singapore to Japan,VLCC,11.618,USD
2024-02-15,TD7,Singapore to Japan,VLCC,11.693,USD
2024-02-16,TD7,Singapore to Japan,VLCC,11.436,USD
2024-02-17,TD7,Singapore to Japan,VLCC,11.481,USD
2024-02-18,TD7,Singapore to Japan,VLCC,11.363,USD
2024-02-19,TD7,Singapore to Japan,VLCC,11.229,USD
2024-02-20,TD7,Singapore to Japan,VLCC,11.478,USD
2024-02-21,TD7,Singapore to Japan,VLCC,11.435,USD
2024-02-22,TD7,Singapore to Japan,VLCC,11.276,USD
2024-02-23,TD7,Singapore to Japan,VLCC,11.214,USD
2024-02-24,TD7,Singapore to Japan,VLCC,11.013,USD
2024-02-25,TD7,Singapore to Japan,VLCC,11.216,USD
2024-02-26,TD7,Singapore to Japan,VLCC,11.104,USD
2024-02-27,TD7,Singapore to Japan,VLCC,11.172,USD
2024-02-28,TD7,Singapore to Japan,VLCC,11.362,USD
2024-02-29,TD7,Singapore to Japan,VLCC,11.275,USD
2024-03-01,TD7,Singapore to Japan,VLCC,11.341,USD
2024-03-02,TD7,Singapore to Japan,VLCC,11.177,USD
2024-03-03,TD7,Singapore to Japan,VLCC,11.525,USD
2024-03-04,TD7,Singapore to Japan,VLCC,11.647,USD
2024-03-05,TD7,Singapore to Japan,VLCC,11.601,USD
2024-03-06,TD7,Singapore to Japan,VLCC,11.47,USD
2024-03-07,TD7,Singapore to Japan,VLCC,11.437,USD
2024-03-08,TD7,Singapore to Japan,VLCC,11.371,USD
2024-03-09,TD7,Singapore to Japan,VLCC,11.642,USD
2024-03-10,TD7,Singapore to Japan,VLCC,11.442,USD
2024-03-11,TD7,Singapore to Japan,VLCC,11.445,USD
2024-03-12,TD7,Singapore to Japan,VLCC,11.424,USD
2024-03-13,TD7,Singapore to Japan,VLCC,11.389,USD
2024-03-14,TD7,Singapore to Japan,VLCC,11.355,USD
2024-03-15,TD7,Singapore to Japan,VLCC,11.319,USD
2024-03-16,TD7,Singapore to Japan,VLCC,11.43,USD
2024-03-17,TD7,Singapore to Japan,VLCC,11.5,USD
2024-03-18,TD7,Singapore to Japan,VLCC,11.54,USD
2024-03-19,TD7,Singapore to Japan,VLCC,11.072,USD
2024-03-20,TD7,Singapore to Japan,VLCC,11.099,USD
2024-03-21,TD7,Singapore to Japan,VLCC,10.837,USD
2024-03-22,TD7,Singapore to Japan,VLCC,10.917,USD
2024-03-23,TD7,Singapore to Japan,VLCC,11.117,USD
2024-03-24,TD7,Singapore to Japan,VLCC,10.961,USD
2024-03-25,TD7,Singapore to Japan,VLCC,10.905,USD
2024-03-26,TD7,Singapore to Japan,VLCC,10.798,USD
2024-03-27,TD7,Singapore to Japan,VLCC,10.963,USD
2024-03-28,TD7,Singapore to Japan,VLCC,10.958,USD
2024-03-29,TD7,Singapore to Japan,VLCC,11.193,USD
2024-03-30,TD7,Singapore to Japan,VLCC,11.231,USD
2024-03-31,TD7,Singapore to Japan,VLCC,11.244,USD
2024-04-01,TD7,Singapore to Japan,VLCC,11.231,USD
2024-04-02,TD7,Singapore to Japan,VLCC,11.327,USD
2024-04-03,TD7,Singapore to Japan,VLCC,11.046,USD
2024-04-04,TD7,Singapore to Japan,VLCC,11.036,USD
2024-04-05,TD7,Singapore to Japan,VLCC,11.003,USD
2024-04-06,TD7,Singapore to Japan,VLCC,11.086,USD
2024-04-07,TD7,Singapore to Japan,VLCC,11.035,USD
2024-04-08,TD7,Singapore to Japan,VLCC,10.858,USD
2024-04-09,TD7,Singapore to Japan,VLCC,10.836,USD
2024-04-10,TD7,Singapore to Japan,VLCC,10.654,USD
2024-04-11,TD7,Singapore to Japan,VLCC,10.349,USD
2024-04-12,TD7,Singapore to Japan,VLCC,10.437,USD
2024-04-13,TD7,Singapore to Japan,VLCC,10.503,USD
2024-04-14,TD7,Singapore to Japan,VLCC,10.551,USD
2024-04-15,TD7,Singapore to Japan,VLCC,10.721,USD
2024-04-16,TD7,Singapore to Japan,VLCC,10.599,USD
2024-04-17,TD7,Singapore to Japan,VLCC,10.366,USD
2024-04-18,TD7,Singapore to Japan,VLCC,10.334,USD
2024-04-19,TD7,Singapore to Japan,VLCC,10.262,USD
2024-04-20,TD7,Singapore to Japan,VLCC,10.118,USD
2024-04-21,TD7,Singapore to Japan,VLCC,10.087,USD
2024-04-22,TD7,Singapore to Japan,VLCC,9.977,USD
2024-04-23,TD7,Singapore to Japan,VLCC,9.688,USD
2024-04-24,TD7,Singapore to Japan,VLCC,9.607,USD
2024-04-25,TD7,Singapore to Japan,VLCC,9.424,USD
2024-04-26,TD7,Singapore to Japan,VLCC,9.444,USD
2024-04-27,TD7,Singapore to Japan,VLCC,9.333,USD
2024-04-28,TD7,Singapore to Japan,VLCC,9.483,USD
2024-04-29,TD7,Singapore to Japan,VLCC,9.704,USD
2024-04-30,TD7,Singapore to Japan,VLCC,9.786,USD
2024-05-01,TD7,Singapore to Japan,VLCC,9.538,USD
2024-05-02,TD7,Singapore to Japan,VLCC,9.743,USD
2024-05-03,TD7,Singapore to Japan,VLCC,9.956,USD
2024-05-04,TD7,Singapore to Japan,VLCC,9.937,USD
2024-05-05,TD7,Singapore to Japan,VLCC,10.11,USD
2024-05-06,TD7,Singapore to Japan,VLCC,10.005,USD
2024-05-07,TD7,Singapore to Japan,VLCC,9.707,USD
2024-05-08,TD7,Singapore to Japan,VLCC,9.575,USD
2024-05-09,TD7,Singapore to Japan,VLCC,9.811,USD
2024-05-10,TD7,Singapore to Japan,VLCC,9.569,USD
2024-05-11,TD7,Singapore to Japan,VLCC,9.55,USD
2024-05-12,TD7,Singapore to Japan,VLCC,9.535,USD
2024-05-13,TD7,Singapore to Japan,VLCC,9.44,USD
2024-05-14,TD7,Singapore to Japan,VLCC,9.355,USD
2024-05-15,TD7,Singapore to Japan,VLCC,9.348,USD
2024-05-16,TD7,Singapore to Japan,VLCC,9.246,USD
2024-05-17,TD7,Singapore to Japan,VLCC,9.019,USD
2024-05-18,TD7,Singapore to Japan,VLCC,9.035,USD
2024-05-19,TD7,Singapore to Japan,VLCC,9.177,USD
2024-05-20,TD7,Singapore to Japan,VLCC,9.288,USD
2024-05-21,TD7,Singapore to Japan,VLCC,9.15,USD
2024-05-22,TD7,Singapore to Japan,VLCC,8.948,USD
2024-05-23,TD7,Singapore to Japan,VLCC,8.89,USD
2024-05-24,TD7,Singapore to Japan,VLCC,9.105,USD
2024-05-25,TD7,Singapore to Japan,VLCC,9.183,USD
2024-05-26,TD7,Singapore to Japan,VLCC,9.268,USD
2024-05-27,TD7,Singapore to Japan,VLCC,9.379,USD
2024-05-28,TD7,Singapore to Japan,VLCC,9.42,USD
2024-05-29,TD7,Singapore to Japan,VLCC,9.416,USD
2024-05-30,TD7,Singapore to Japan,VLCC,9.492,USD
2024-05-31,TD7,Singapore to Japan,VLCC,9.389,USD
2024-06-01,TD7,Singapore to Japan,VLCC,9.159,USD
2024-06-02,TD7,Singapore to Japan,VLCC,9.246,USD
2024-06-03,TD7,Singapore to Japan,VLCC,9.408,USD
2024-06-04,TD7,Singapore to Japan,VLCC,9.222,USD
2024-06-05,TD7,Singapore to Japan,VLCC,9.322,USD
2024-06-06,TD7,Singapore to Japan,VLCC,9.548,USD
2024-06-07,TD7,Singapore to Japan,VLCC,9.524,USD
2024-06-08,TD7,Singapore to Japan,VLCC,9.38,USD
2024-06-09,TD7,Singapore to Japan,VLCC,9.376,USD
2024-06-10,TD7,Singapore to Japan,VLCC,9.273,USD
2024-06-11,TD7,Singapore to Japan,VLCC,9.161,USD
2024-06-12,TD7,Singapore to Japan,VLCC,9.204,USD
2024-06-13,TD7,Singapore to Japan,VLCC,8.948,USD
2024-06-14,TD7,Singapore to Japan,VLCC,8.717,USD
2024-06-15,TD7,Singapore to Japan,VLCC,8.704,USD
2024-06-16,TD7,Singapore to Japan,VLCC,8.685,USD
2024-06-17,TD7,Singapore to Japan,VLCC,8.72,USD
2024-06-18,TD7,Singapore to Japan,VLCC,8.98,USD
2024-06-19,TD7,Singapore to Japan,VLCC,8.977,USD
2024-06-20,TD7,Singapore to Japan,VLCC,9.046,USD
2024-06-21,TD7,Singapore to Japan,VLCC,8.883,USD
2024-06-22,TD7,Singapore to Japan,VLCC,8.979,USD
2024-06-23,TD7,Singapore to Japan,VLCC,8.883,USD
2024-06-24,TD7,Singapore to Japan,VLCC,8.876,USD
2024-06-25,TD7,Singapore to Japan,VLCC,8.843,USD
2024-06-26,TD7,Singapore to Japan,VLCC,8.978,USD
2024-06-27,TD7,Singapore to Japan,VLCC,8.766,USD
2024-06-28,TD7,Singapore to Japan,VLCC,8.414,USD
2024-06-29,TD7,Singapore to Japan,VLCC,8.37,USD
2024-06-30,TD7,Singapore to Japan,VLCC,8.427,USD
2024-07-01,TD7,Singapore to Japan,VLCC,8.437,USD
2024-07-02,TD7,Singapore to Japan,VLCC,8.606,USD
2024-07-03,TD7,Singapore to Japan,VLCC,8.656,USD
2024-07-04,TD7,Singapore to Japan,VLCC,8.558,USD
2024-07-05,TD7,Singapore to Japan,VLCC,8.202,USD
2024-07-06,TD7,Singapore to Japan,VLCC,8.158,USD
2024-07-07,TD7,Singapore to Japan,VLCC,8.3,USD
2024-07-08,TD7,Singapore to Japan,VLCC,8.231,USD
2024-07-09,TD7,Singapore to Japan,VLCC,8.226,USD
2024-07-10,TD7,Singapore to Japan,VLCC,8.278,USD
2024-07-11,TD7,Singapore to Japan,VLCC,8.119,USD
2024-07-12,TD7,Singapore to Japan,VLCC,8.202,USD
2024-07-13,TD7,Singapore to Japan,VLCC,8.434,USD
2024-07-14,TD7,Singapore to Japan,VLCC,8.398,USD
2024-07-15,TD7,Singapore to Japan,VLCC,8.221,USD
2024-07-16,TD7,Singapore to Japan,VLCC,8.203,USD
2024-07-17,TD7,Singapore to Japan,VLCC,7.867,USD
2024-07-18,TD7,Singapore to Japan,VLCC,7.912,USD
2024-07-19,TD7,Singapore to Japan,VLCC,7.973,USD
2024-07-20,TD7,Singapore to Japan,VLCC,8.215,USD
2024-07-21,TD7,Singapore to Japan,VLCC,8.179,USD
2024-07-22,TD7,Singapore to Japan,VLCC,8.232,USD
2024-07-23,TD7,Singapore to Japan,VLCC,8.097,USD
2024-07-24,TD7,Singapore to Japan,VLCC,8.039,USD
2024-07-25,TD7,Singapore to Japan,VLCC,7.81,USD
2024-07-26,TD7,Singapore to Japan,VLCC,7.778,USD
2024-07-27,TD7,Singapore to Japan,VLCC,7.731,USD
2024-07-28,TD7,Singapore to Japan,VLCC,7.774,USD
2024-07-29,TD7,Singapore to Japan,VLCC,7.681,USD
2024-07-30,TD7,Singapore to Japan,VLCC,7.693,USD
2024-07-31,TD7,Singapore to Japan,VLCC,7.644,USD
2024-08-01,TD7,Singapore to Japan,VLCC,7.596,USD
2024-08-02,TD7,Singapore to Japan,VLCC,7.609,USD
2024-08-03,TD7,Singapore to Japan,VLCC,7.616,USD
2024-08-04,TD7,Singapore to Japan,VLCC,7.73,USD
2024-08-05,TD7,Singapore to Japan,VLCC,7.713,USD
2024-08-06,TD7,Singapore to Japan,VLCC,7.663,USD
2024-08-07,TD7,Singapore to Japan,VLCC,7.638,USD
2024-08-08,TD7,Singapore to Japan,VLCC,7.536,USD
2024-08-09,TD7,Singapore to Japan,VLCC,7.486,USD
2024-08-10,TD7,Singapore to Japan,VLCC,7.79,USD
2024-08-11,TD7,Singapore to Japan,VLCC,7.658,USD
2024-08-12,TD7,Singapore to Japan,VLCC,7.62,USD
2024-08-13,TD7,Singapore to Japan,VLCC,7.568,USD
2024-08-14,TD7,Singapore to Japan,VLCC,7.536,USD
2024-08-15,TD7,Singapore to Japan,VLCC,7.493,USD
2024-08-16,TD7,Singapore to Japan,VLCC,7.541,USD
2024-08-17,TD7,Singapore to Japan,VLCC,7.295,USD
2024-08-18,TD7,Singapore to Japan,VLCC,7.457,USD
2024-08-19,TD7,Singapore to Japan,VLCC,7.558,USD
2024-08-20,TD7,Singapore to Japan,VLCC,7.382,USD
2024-08-21,TD7,Singapore to Japan,VLCC,7.058,USD
2024-08-22,TD7,Singapore to Japan,VLCC,6.926,USD
2024-08-23,TD7,Singapore to Japan,VLCC,6.905,USD
2024-08-24,TD7,Singapore to Japan,VLCC,7.3,USD
2024-08-25,TD7,Singapore to Japan,VLCC,7.392,USD
2024-08-26,TD7,Singapore to Japan,VLCC,7.136,USD
2024-08-27,TD7,Singapore to Japan,VLCC,7.049,USD
2024-08-28,TD7,Singapore to Japan,VLCC,7.056,USD
2024-08-29,TD7,Singapore to Japan,VLCC,7.109,USD
2024-08-30,TD7,Singapore to Japan,VLCC,6.93,USD
2024-08-31,TD7,Singapore to Japan,VLCC,6.927,USD
2024-09-01,TD7,Singapore to Japan,VLCC,6.84,USD
2024-09-02,TD7,Singapore to Japan,VLCC,6.696,USD
2024-09-03,TD7,Singapore to Japan,VLCC,6.755,USD
2024-09-04,TD7,Singapore to Japan,VLCC,6.889,USD
2024-09-05,TD7,Singapore to Japan,VLCC,7.033,USD
2024-09-06,TD7,Singapore to Japan,VLCC,7.136,USD
2024-09-07,TD7,Singapore to Japan,VLCC,7.08,USD
2024-09-08,TD7,Singapore to Japan,VLCC,7.204,USD
2024-09-09,TD7,Singapore to Japan,VLCC,7.268,USD
2024-09-10,TD7,Singapore to Japan,VLCC,7.305,USD
2024-09-11,TD7,Singapore to Japan,VLCC,7.233,USD
2024-09-12,TD7,Singapore to Japan,VLCC,7.178,USD
2024-09-13,TD7,Singapore to Japan,VLCC,7.209,USD
2024-09-14,TD7,Singapore to Japan,VLCC,7.588,USD
2024-09-15,TD7,Singapore to Japan,VLCC,7.649,USD
2024-09-16,TD7,Singapore to Japan,VLCC,7.575,USD
2024-09-17,TD7,Singapore to Japan,VLCC,7.469,USD
2024-09-18,TD7,Singapore to Japan,VLCC,7.416,USD
2024-09-19,TD7,Singapore to Japan,VLCC,7.756,USD
2024-09-20,TD7,Singapore to Japan,VLCC,7.714,USD
2024-09-21,TD7,Singapore to Japan,VLCC,7.865,USD
2024-09-22,TD7,Singapore to Japan,VLCC,7.826,USD
2024-09-23,TD7,Singapore to Japan,VLCC,7.881,USD
2024-09-24,TD7,Singapore to Japan,VLCC,8.014,USD
2024-09-25,TD7,Singapore to Japan,VLCC,7.946,USD
2024-09-26,TD7,Singapore to Japan,VLCC,7.869,USD
2024-09-27,TD7,Singapore to Japan,VLCC,8.131,USD
2024-09-28,TD7,Singapore to Japan,VLCC,8.292,USD
2024-09-29,TD7,Singapore to Japan,VLCC,8.423,USD
2024-09-30,TD7,Singapore to Japan,VLCC,8.553,USD
2024-10-01,TD7,Singapore to Japan,VLCC,8.633,USD
2024-10-02,TD7,Singapore to Japan,VLCC,8.943,USD
2024-10-03,TD7,Singapore to Japan,VLCC,8.959,USD
2024-10-04,TD7,Singapore to Japan,VLCC,9.054,USD
2024-10-05,TD7,Singapore to Japan,VLCC,8.849,USD
2024-10-06,TD7,Singapore to Japan,VLCC,8.739,USD
2024-10-07,TD7,Singapore to Japan,VLCC,8.576,USD
2024-10-08,TD7,Singapore to Japan,VLCC,8.778,USD
2024-10-09,TD7,Singapore to Japan,VLCC,8.416,USD
2024-10-10,TD7,Singapore to Japan,VLCC,8.374,USD
2024-10-11,TD7,Singapore to Japan,VLCC,7.952,USD
2024-10-12,TD7,Singapore to Japan,VLCC,7.852,USD
2024-10-13,TD7,Singapore to Japan,VLCC,7.804,USD
2024-10-14,TD7,Singapore to Japan,VLCC,8.033,USD
2024-10-15,TD7,Singapore to Japan,VLCC,8.114,USD
2024-10-16,TD7,Singapore to Japan,VLCC,8.014,USD
2024-10-17,TD7,Singapore to Japan,VLCC,8.195,USD
2024-10-18,TD7,Singapore to Japan,VLCC,8.22,USD
2024-10-19,TD7,Singapore to Japan,VLCC,8.248,USD
2024-10-20,TD7,Singapore to Japan,VLCC,8.094,USD
2024-10-21,TD7,Singapore to Japan,VLCC,7.972,USD
2024-10-22,TD7,Singapore to Japan,VLCC,7.877,USD
2024-10-23,TD7,Singapore to Japan,VLCC,7.911,USD
2024-10-24,TD7,Singapore to Japan,VLCC,7.949,USD
2024-10-25,TD7,Singapore to Japan,VLCC,8.204,USD
2024-10-26,TD7,Singapore to Japan,VLCC,8.286,USD
2024-10-27,TD7,Singapore to Japan,VLCC,7.911,USD
2024-10-28,TD7,Singapore to Japan,VLCC,7.978,USD
2024-10-29,TD7,Singapore to Japan,VLCC,7.793,USD
2024-10-30,TD7,Singapore to Japan,VLCC,7.681,USD
2024-10-31,TD7,Singapore to Japan,VLCC,7.593,USD
2024-11-01,TD7,Singapore to Japan,VLCC,7.528,USD
2024-11-02,TD7,Singapore to Japan,VLCC,7.359,USD
2024-11-03,TD7,Singapore to Japan,VLCC,7.425,USD
2024-11-04,TD7,Singapore to Japan,VLCC,7.252,USD
2024-11-05,TD7,Singapore to Japan,VLCC,7.342,USD
2024-11-06,TD7,Singapore to Japan,VLCC,7.708,USD
2024-11-07,TD7,Singapore to Japan,VLCC,7.546,USD
2024-11-08,TD7,Singapore to Japan,VLCC,7.539,USD
2024-11-09,TD7,Singapore to Japan,VLCC,7.203,USD
2024-11-10,TD7,Singapore to Japan,VLCC,7.197,USD
2024-11-11,TD7,Singapore to Japan,VLCC,7.331,USD
2024-11-12,TD7,Singapore to Japan,VLCC,7.476,USD
2024-11-13,TD7,Singapore to Japan,VLCC,7.524,USD
2024-11-14,TD7,Singapore to Japan,VLCC,7.692,USD
2024-11-15,TD7,Singapore to Japan,VLCC,8.102,USD
2024-11-16,TD7,Singapore to Japan,VLCC,8.385,USD
2024-11-17,TD7,Singapore to Japan,VLCC,8.337,USD
2024-11-18,TD7,Singapore to Japan,VLCC,8.153,USD
2024-11-19,TD7,Singapore to Japan,VLCC,8.124,USD
2024-11-20,TD7,Singapore to Japan,VLCC,8.017,USD
2024-11-21,TD7,Singapore to Japan,VLCC,8.116,USD
2024-11-22,TD7,Singapore to Japan,VLCC,7.975,USD
2024-11-23,TD7,Singapore to Japan,VLCC,7.998,USD
2024-11-24,TD7,Singapore to Japan,VLCC,8.155,USD
2024-11-25,TD7,Singapore to Japan,VLCC,8.172,USD
2024-11-26,TD7,Singapore to Japan,VLCC,8.066,USD
2024-11-27,TD7,Singapore to Japan,VLCC,8.272,USD
2024-11-28,TD7,Singapore to Japan,VLCC,8.027,USD
2024-11-29,TD7,Singapore to Japan,VLCC,8.013,USD
2024-11-30,TD7,Singapore to Japan,VLCC,8.041,USD
2024-12-01,TD7,Singapore to Japan,VLCC,8.078,USD
2024-12-02,TD7,Singapore to Japan,VLCC,8.139,USD
2024-12-03,TD7,Singapore to Japan,VLCC,8.262,USD
2024-12-04,TD7,Singapore to Japan,VLCC,8.289,USD
2024-12-05,TD7,Singapore to Japan,VLCC,8.267,USD
2024-12-06,TD7,Singapore to Japan,VLCC,8.24,USD
2024-12-07,TD7,Singapore to Japan,VLCC,8.183,USD
2024-12-08,TD7,Singapore to Japan,VLCC,8.332,USD
2024-12-09,TD7,Singapore to Japan,VLCC,8.269,USD
2024-12-10,TD7,Singapore to Japan,VLCC,8.427,USD
2024-12-11,TD7,Singapore to Japan,VLCC,8.461,USD
2024-12-12,TD7,Singapore to Japan,VLCC,8.415,USD
2024-12-13,TD7,Singapore to Japan,VLCC,8.538,USD
2024-12-14,TD7,Singapore to Japan,VLCC,8.461,USD
2024-12-15,TD7,Singapore to Japan,VLCC,8.586,USD
2024-12-16,TD7,Singapore to Japan,VLCC,8.647,USD
2024-12-17,TD7,Singapore to Japan,VLCC,8.589,USD
2024-12-18,TD7,Singapore to Japan,VLCC,8.696,USD
2024-12-19,TD7,Singapore to Japan,VLCC,8.806,USD
2024-12-20,TD7,Singapore to Japan,VLCC,9.004,USD
2024-12-21,TD7,Singapore to Japan,VLCC,9.172,USD
2024-12-22,TD7,Singapore to Japan,VLCC,9.268,USD
2024-12-23,TD7,Singapore to Japan,VLCC,9.125,USD
2024-12-24,TD7,Singapore to Japan,VLCC,9.51,USD
2024-12-25,TD7,Singapore to Japan,VLCC,9.324,USD
2024-12-26,TD7,Singapore to Japan,VLCC,9.486,USD
2024-12-27,TD7,Singapore to Japan,VLCC,9.57,USD
2024-12-28,TD7,Singapore to Japan,VLCC,9.417,USD
2024-12-29,TD7,Singapore to Japan,VLCC,9.42,USD
2024-12-30,TD7,Singapore to Japan,VLCC,9.429,USD
2024-12-31,TD7,Singapore to Japan,VLCC,9.643,USD
2025-01-01,TD7,Singapore to Japan,VLCC,9.556,USD
2025-01-02,TD7,Singapore to Japan,VLCC,9.537,USD
2025-01-03,TD7,Singapore to Japan,VLCC,9.213,USD
2025-01-04,TD7,Singapore to Japan,VLCC,9.491,USD
2025-01-05,TD7,Singapore to Japan,VLCC,9.353,USD
2025-01-06,TD7,Singapore to Japan,VLCC,9.423,USD
2025-01-07,TD7,Singapore to Japan,VLCC,9.428,USD
2025-01-08,TD7,Singapore to Japan,VLCC,9.434,USD
2025-01-09,TD7,Singapore to Japan,VLCC,9.573,USD
2025-01-10,TD7,Singapore to Japan,VLCC,9.837,USD
2025-01-11,TD7,Singapore to Japan,VLCC,9.89,USD
2025-01-12,TD7,Singapore to Japan,VLCC,10.001,USD
2025-01-13,TD7,Singapore to Japan,VLCC,10.063,USD
2025-01-14,TD7,Singapore to Japan,VLCC,10.226,USD
2025-01-15,TD7,Singapore to Japan,VLCC,10.169,USD
2025-01-16,TD7,Singapore to Japan,VLCC,10.339,USD
2025-01-17,TD7,Singapore to Japan,VLCC,10.512,USD
2025-01-18,TD7,Singapore to Japan,VLCC,10.679,USD
2025-01-19,TD7,Singapore to Japan,VLCC,10.587,USD
2025-01-20,TD7,Singapore to Japan,VLCC,10.569,USD
2025-01-21,TD7,Singapore to Japan,VLCC,10.611,USD
2025-01-22,TD7,Singapore to Japan,VLCC,10.415,USD
2025-01-23,TD7,Singapore to Japan,VLCC,10.657,USD
2025-01-24,TD7,Singapore to Japan,VLCC,10.66,USD
2025-01-25,TD7,Singapore to Japan,VLCC,10.707,USD
2025-01-26,TD7,Singapore to Japan,VLCC,10.626,USD
2025-01-27,TD7,Singapore to Japan,VLCC,10.435,USD
2025-01-28,TD7,Singapore to Japan,VLCC,10.352,USD
2025-01-29,TD7,Singapore to Japan,VLCC,10.391,USD
2025-01-30,TD7,Singapore to Japan,VLCC,10.497,USD
2025-01-31,TD7,Singapore to Japan,VLCC,10.525,USD
2025-02-01,TD7,Singapore to Japan,VLCC,10.581,USD
2025-02-02,TD7,Singapore to Japan,VLCC,10.535,USD
2025-02-03,TD7,Singapore to Japan,VLCC,10.611,USD
2025-02-04,TD7,Singapore to Japan,VLCC,10.832,USD
2025-02-05,TD7,Singapore to Japan,VLCC,10.936,USD
2025-02-06,TD7,Singapore to Japan,VLCC,11.054,USD
2025-02-07,TD7,Singapore to Japan,VLCC,11.095,USD
2025-02-08,TD7,Singapore to Japan,VLCC,10.87,USD
2025-02-09,TD7,Singapore to Japan,VLCC,10.715,USD
2025-02-10,TD7,Singapore to Japan,VLCC,10.782,USD
2025-02-11,TD7,Singapore to Japan,VLCC,10.779,USD
2025-02-12,TD7,Singapore to Japan,VLCC,10.842,USD
2025-02-13,TD7,Singapore to Japan,VLCC,11.087,USD
2025-02-14,TD7,Singapore to Japan,VLCC,11.189,USD
2025-02-15,TD7,Singapore to Japan,VLCC,11.368,USD
2025-02-16,TD7,Singapore to Japan,VLCC,11.373,USD
2025-02-17,TD7,Singapore to Japan,VLCC,11.245,USD
2025-02-18,TD7,Singapore to Japan,VLCC,11.229,USD
2025-02-19,TD7,Singapore to Japan,VLCC,11.102,USD
2025-02-20,TD7,Singapore to Japan,VLCC,11.324,USD
2025-02-21,TD7,Singapore to Japan,VLCC,11.431,USD
2025-02-22,TD7,Singapore to Japan,VLCC,11.496,USD
2025-02-23,TD7,Singapore to Japan,VLCC,11.666,USD
2025-02-24,TD7,Singapore to Japan,VLCC,11.354,USD
2025-02-25,TD7,Singapore to Japan,VLCC,11.429,USD
2025-02-26,TD7,Singapore to Japan,VLCC,11.224,USD
2025-02-27,TD7,Singapore to Japan,VLCC,11.212,USD
2025-02-28,TD7,Singapore to Japan,VLCC,11.154,USD
2025-03-01,TD7,Singapore to Japan,VLCC,11.241,USD
2025-03-02,TD7,Singapore to Japan,VLCC,11.262,USD
2025-03-03,TD7,Singapore to Japan,VLCC,11.448,USD
2025-03-04,TD7,Singapore to Japan,VLCC,11.344,USD
2025-03-05,TD7,Singapore to Japan,VLCC,11.434,USD
2025-03-06,TD7,Singapore to Japan,VLCC,11.442,USD
2025-03-07,TD7,Singapore to Japan,VLCC,11.186,USD
2025-03-08,TD7,Singapore to Japan,VLCC,11.036,USD
2025-03-09,TD7,Singapore to Japan,VLCC,11.002,USD
2025-03-10,TD7,Singapore to Japan,VLCC,11.153,USD
2025-03-11,TD7,Singapore to Japan,VLCC,11.206,USD
2025-03-12,TD7,Singapore to Japan,VLCC,11.019,USD
2025-03-13,TD7,Singapore to Japan,VLCC,10.984,USD
2025-03-14,TD7,Singapore to Japan,VLCC,11.267,USD
2025-03-15,TD7,Singapore to Japan,VLCC,11.266,USD
2025-03-16,TD7,Singapore to Japan,VLCC,11.2,USD
2025-03-17,TD7,Singapore to Japan,VLCC,11.255,USD
2025-03-18,TD7,Singapore to Japan,VLCC,11.349,USD
2025-03-19,TD7,Singapore to Japan,VLCC,11.262,USD
2025-03-20,TD7,Singapore to Japan,VLCC,11.317,USD
2025-03-21,TD7,Singapore to Japan,VLCC,11.249,USD
2025-03-22,TD7,Singapore to Japan,VLCC,11.335,USD
2025-03-23,TD7,Singapore to Japan,VLCC,11.339,USD
2025-03-24,TD7,Singapore to Japan,VLCC,11.388,USD
2025-03-25,TD7,Singapore to Japan,VLCC,11.254,USD
2025-03-26,TD7,Singapore to Japan,VLCC,11.112,USD
2025-03-27,TD7,Singapore to Japan,VLCC,11.231,USD
2025-03-28,TD7,Singapore to Japan,VLCC,11.197,USD
2025-03-29,TD7,Singapore to Japan,VLCC,11.217,USD
2025-03-30,TD7,Singapore to Japan,VLCC,11.149,USD
2025-03-31,TD7,Singapore to Japan,VLCC,11.259,USD
2025-04-01,TD7,Singapore to Japan,VLCC,11.146,USD
2025-04-02,TD7,Singapore to Japan,VLCC,11.103,USD
2025-04-03,TD7,Singapore to Japan,VLCC,11.196,USD
2025-04-04,TD7,Singapore to Japan,VLCC,11.345,USD
2025-04-05,TD7,Singapore to Japan,VLCC,11.241,USD
2025-04-06,TD7,Singapore to Japan,VLCC,11.505,USD
2025-04-07,TD7,Singapore to Japan,VLCC,11.522,USD
2025-04-08,TD7,Singapore to Japan,VLCC,11.34,USD
2025-04-09,TD7,Singapore to Japan,VLCC,11.367,USD
2025-04-10,TD7,Singapore to Japan,VLCC,11.282,USD
2025-04-11,TD7,Singapore to Japan,VLCC,11.318,USD
2025-04-12,TD7,Singapore to Japan,VLCC,11.284,USD
2025-04-13,TD7,Singapore to Japan,VLCC,11.266,USD
2025-04-14,TD7,Singapore to Japan,VLCC,11.104,USD
2025-04-15,TD7,Singapore to Japan,VLCC,11.222,USD
2025-04-16,TD7,Singapore to Japan,VLCC,11.023,USD
2025-04-17,TD7,Singapore to Japan,VLCC,10.833,USD
2025-04-18,TD7,Singapore to Japan,VLCC,10.861,USD
2025-04-19,TD7,Singapore to Japan,VLCC,11.071,USD
2025-04-20,TD7,Singapore to Japan,VLCC,10.991,USD
2025-04-21,TD7,Singapore to Japan,VLCC,11.066,USD
2025-04-22,TD7,Singapore to Japan,VLCC,11.195,USD
2025-04-23,TD7,Singapore to Japan,VLCC,11.284,USD
2025-04-24,TD7,Singapore to Japan,VLCC,11.206,USD
2025-04-25,TD7,Singapore to Japan,VLCC,11.014,USD
2025-04-26,TD7,Singapore to Japan,VLCC,10.659,USD
2025-04-27,TD7,Singapore to Japan,VLCC,10.593,USD
2025-04-28,TD7,Singapore to Japan,VLCC,10.741,USD
2025-04-29,TD7,Singapore to Japan,VLCC,10.547,USD
2025-04-30,TD7,Singapore to Japan,VLCC,10.624,USD
2025-05-01,TD7,Singapore to Japan,VLCC,10.456,USD
2025-05-02,TD7,Singapore to Japan,VLCC,10.446,USD
2025-05-03,TD7,Singapore to Japan,VLCC,10.524,USD
2025-05-04,TD7,Singapore to Japan,VLCC,10.399,USD
2025-05-05,TD7,Singapore to Japan,VLCC,10.398,USD
2025-05-06,TD7,Singapore to Japan,VLCC,10.31,USD
2025-05-07,TD7,Singapore to Japan,VLCC,10.388,USD
2025-05-08,TD7,Singapore to Japan,VLCC,10.396,USD
2025-05-09,TD7,Singapore to Japan,VLCC,10.377,USD
2025-05-10,TD7,Singapore to Japan,VLCC,10.579,USD
2025-05-11,TD7,Singapore to Japan,VLCC,10.646,USD
2025-05-12,TD7,Singapore to Japan,VLCC,10.514,USD
2025-05-13,TD7,Singapore to Japan,VLCC,10.472,USD
2025-05-14,TD7,Singapore to Japan,VLCC,10.431,USD
2025-05-15,TD7,Singapore to Japan,VLCC,10.414,USD
2025-05-16,TD7,Singapore to Japan,VLCC,10.757,USD
2025-05-17,TD7,Singapore to Japan,VLCC,10.779,USD
2025-05-18,TD7,Singapore to Japan,VLCC,10.445,USD
2025-05-19,TD7,Singapore to Japan,VLCC,10.335,USD
2025-05-20,TD7,Singapore to Japan,VLCC,10.022,USD
2025-05-21,TD7,Singapore to Japan,VLCC,9.947,USD
2025-05-22,TD7,Singapore to Japan,VLCC,9.629,USD
2025-05-23,TD7,Singapore to Japan,VLCC,9.478,USD
2025-05-24,TD7,Singapore to Japan,VLCC,9.232,USD
2025-05-25,TD7,Singapore to Japan,VLCC,9.27,USD
2025-05-26,TD7,Singapore to Japan,VLCC,9.25,USD
2025-05-27,TD7,Singapore to Japan,VLCC,9.276,USD
2025-05-28,TD7,Singapore to Japan,VLCC,9.24,USD
2025-05-29,TD7,Singapore to Japan,VLCC,9.015,USD
2025-05-30,TD7,Singapore to Japan,VLCC,9.073,USD
2025-05-31,TD7,Singapore to Japan,VLCC,9.338,USD
2025-06-01,TD7,Singapore to Japan,VLCC,9.377,USD
2025-06-02,TD7,Singapore to Japan,VLCC,9.293,USD
2025-06-03,TD7,Singapore to Japan,VLCC,9.062,USD
2025-06-04,TD7,Singapore to Japan,VLCC,8.909,USD
2025-06-05,TD7,Singapore to Japan,VLCC,8.959,USD
2025-06-06,TD7,Singapore to Japan,VLCC,9.099,USD
2025-06-07,TD7,Singapore to Japan,VLCC,9.118,USD
2025-06-08,TD7,Singapore to Japan,VLCC,9.217,USD
2025-06-09,TD7,Singapore to Japan,VLCC,9.3,USD
2025-06-10,TD7,Singapore to Japan,VLCC,9.353,USD
2025-06-11,TD7,Singapore to Japan,VLCC,9.234,USD
2025-06-12,TD7,Singapore to Japan,VLCC,9.239,USD
2025-06-13,TD7,Singapore to Japan,VLCC,9.093,USD
2025-06-14,TD7,Singapore to Japan,VLCC,9.076,USD
2025-06-15,TD7,Singapore to Japan,VLCC,9.105,USD
2025-06-16,TD7,Singapore to Japan,VLCC,9.333,USD
2025-06-17,TD7,Singapore to Japan,VLCC,9.118,USD
2025-06-18,TD7,Singapore to Japan,VLCC,9.169,USD
2025-06-19,TD7,Singapore to Japan,VLCC,9.366,USD
2025-06-20,TD7,Singapore to Japan,VLCC,9.456,USD
2025-06-21,TD7,Singapore to Japan,VLCC,9.555,USD
2025-06-22,TD7,Singapore to Japan,VLCC,9.617,USD
2025-06-23,TD7,Singapore to Japan,VLCC,9.784,USD
2025-06-24,TD7,Singapore to Japan,VLCC,9.597,USD
2025-06-25,TD7,Singapore to Japan,VLCC,9.368,USD
2025-06-26,TD7,Singapore to Japan,VLCC,9.345,USD
2025-06-27,TD7,Singapore to Japan,VLCC,9.005,USD
2025-06-28,TD7,Singapore to Japan,VLCC,9.168,USD
2025-06-29,TD7,Singapore to Japan,VLCC,9.327,USD
2025-06-30,TD7,Singapore to Japan,VLCC,9.242,USD
2025-07-01,TD7,Singapore to Japan,VLCC,9.166,USD
2025-07-02,TD7,Singapore to Japan,VLCC,9.136,USD
2025-07-03,TD7,Singapore to Japan,VLCC,9.124,USD
2025-07-04,TD7,Singapore to Japan,VLCC,9.124,USD
2025-07-05,TD7,Singapore to Japan,VLCC,9.187,USD
2025-07-06,TD7,Singapore to Japan,VLCC,9.141,USD
2025-07-07,TD7,Singapore to Japan,VLCC,9.261,USD
2025-07-08,TD7,Singapore to Japan,VLCC,9.307,USD
2025-07-09,TD7,Singapore to Japan,VLCC,9.197,USD
2025-07-10,TD7,Singapore to Japan,VLCC,9.374,USD
2025-07-11,TD7,Singapore to Japan,VLCC,9.153,USD
2025-07-12,TD7,Singapore to Japan,VLCC,9.121,USD
2025-07-13,TD7,Singapore to Japan,VLCC,9.245,USD
2025-07-14,TD7,Singapore to Japan,VLCC,9.12,USD
2025-07-15,TD7,Singapore to Japan,VLCC,9.147,USD
2025-07-16,TD7,Singapore to Japan,VLCC,9.21,USD
2025-07-17,TD7,Singapore to Japan,VLCC,9.065,USD
2025-07-18,TD7,Singapore to Japan,VLCC,9.037,USD
2025-07-19,TD7,Singapore to Japan,VLCC,8.998,USD
2025-07-20,TD7,Singapore to Japan,VLCC,8.901,USD
2025-07-21,TD7,Singapore to Japan,VLCC,9.225,USD
2025-07-22,TD7,Singapore to Japan,VLCC,9.096,USD
2025-07-23,TD7,Singapore to Japan,VLCC,9.228,USD
2025-07-24,TD7,Singapore to Japan,VLCC,9.153,USD
2025-07-25,TD7,Singapore to Japan,VLCC,8.976,USD
2025-07-26,TD7,Singapore to Japan,VLCC,8.977,USD
2025-07-27,TD7,Singapore to Japan,VLCC,9.059,USD
2025-07-28,TD7,Singapore to Japan,VLCC,9.18,USD
2025-07-29,TD7,Singapore to Japan,VLCC,9.395,USD
2025-07-30,TD7,Singapore to Japan,VLCC,9.811,USD
2025-07-31,TD7,Singapore to Japan,VLCC,9.826,USD
2025-08-01,TD7,Singapore to Japan,VLCC,9.708,USD
2025-08-02,TD7,Singapore to Japan,VLCC,9.754,USD
2025-08-03,TD7,Singapore to Japan,VLCC,9.695,USD
2025-08-04,TD7,Singapore to Japan,VLCC,9.813,USD
2025-08-05,TD7,Singapore to Japan,VLCC,9.602,USD
2025-08-06,TD7,Singapore to Japan,VLCC,9.933,USD
2025-08-07,TD7,Singapore to Japan,VLCC,10.038,USD
2025-08-08,TD7,Singapore to Japan,VLCC,9.769,USD
2025-08-09,TD7,Singapore to Japan,VLCC,9.646,USD
2025-08-10,TD7,Singapore to Japan,VLCC,9.749,USD
2025-08-11,TD7,Singapore to Japan,VLCC,9.905,USD
2025-08-12,TD7,Singapore to Japan,VLCC,9.698,USD
2025-08-13,TD7,Singapore to Japan,VLCC,9.787,USD
2025-08-14,TD7,Singapore to Japan,VLCC,9.483,USD
2025-08-15,TD7,Singapore to Japan,VLCC,9.456,USD
2025-08-16,TD7,Singapore to Japan,VLCC,9.607,USD
2025-08-17,TD7,Singapore to Japan,VLCC,9.511,USD
2025-08-18,TD7,Singapore to Japan,VLCC,9.276,USD
2025-08-19,TD7,Singapore to Japan,VLCC,9.288,USD
2025-08-20,TD7,Singapore to Japan,VLCC,9.188,USD
2025-08-21,TD7,Singapore to Japan,VLCC,9.272,USD
2025-08-22,TD7,Singapore to Japan,VLCC,9.133,USD
2025-08-23,TD7,Singapore to Japan,VLCC,9.011,USD
2025-08-24,TD7,Singapore to Japan,VLCC,8.708,USD
2025-08-25,TD7,Singapore to Japan,VLCC,8.73,USD
2025-08-26,TD7,Singapore to Japan,VLCC,8.704,USD
2025-08-27,TD7,Singapore to Japan,VLCC,8.527,USD
2025-08-28,TD7,Singapore to Japan,VLCC,8.556,USD
2025-08-29,TD7,Singapore to Japan,VLCC,8.707,USD
2025-08-30,TD7,Singapore to Japan,VLCC,8.675,USD
2025-08-31,TD7,Singapore to Japan,VLCC,8.714,USD
2025-09-01,TD7,Singapore to Japan,VLCC,8.754,USD
2025-09-02,TD7,Singapore to Japan,VLCC,8.577,USD
2025-09-03,TD7,Singapore to Japan,VLCC,8.881,USD
2025-09-04,TD7,Singapore to Japan,VLCC,8.811,USD
2025-09-05,TD7,Singapore to Japan,VLCC,8.908,USD
2025-09-06,TD7,Singapore to Japan,VLCC,9.021,USD
2025-09-07,TD7,Singapore to Japan,VLCC,9.0,USD
2025-09-08,TD7,Singapore to Japan,VLCC,9.089,USD
2025-09-09,TD7,Singapore to Japan,VLCC,9.124,USD
2025-09-10,TD7,Singapore to Japan,VLCC,8.914,USD
2025-09-11,TD7,Singapore to Japan,VLCC,8.867,USD
2025-09-12,TD7,Singapore to Japan,VLCC,8.779,USD
2025-09-13,TD7,Singapore to Japan,VLCC,8.715,USD
2025-09-14,TD7,Singapore to Japan,VLCC,8.527,USD
2025-09-15,TD7,Singapore to Japan,VLCC,8.7,USD
2025-09-16,TD7,Singapore to Japan,VLCC,8.942,USD
2025-09-17,TD7,Singapore to Japan,VLCC,9.089,USD
2025-09-18,TD7,Singapore to Japan,VLCC,9.279,USD
2025-09-19,TD7,Singapore to Japan,VLCC,9.229,USD
2025-09-20,TD7,Singapore to Japan,VLCC,9.137,USD
2025-09-21,TD7,Singapore to Japan,VLCC,9.026,USD
2025-09-22,TD7,Singapore to Japan,VLCC,9.125,USD
2025-09-23,TD7,Singapore to Japan,VLCC,9.163,USD
2025-09-24,TD7,Singapore to Japan,VLCC,9.155,USD
2025-09-25,TD7,Singapore to Japan,VLCC,9.351,USD
2025-09-26,TD7,Singapore to Japan,VLCC,9.413,USD
2025-09-27,TD7,Singapore to Japan,VLCC,9.292,USD
2025-09-28,TD7,Singapore to Japan,VLCC,9.196,USD
2025-09-29,TD7,Singapore to Japan,VLCC,9.302,USD
2025-09-30,TD7,Singapore to Japan,VLCC,9.461,USD
2025-10-01,TD7,Singapore to Japan,VLCC,9.546,USD
2025-10-02,TD7,Singapore to Japan,VLCC,9.828,USD
2025-10-03,TD7,Singapore to Japan,VLCC,10.07,USD
2025-10-04,TD7,Singapore to Japan,VLCC,10.133,USD
2025-10-05,TD7,Singapore to Japan,VLCC,10.008,USD
2025-10-06,TD7,Singapore to Japan,VLCC,9.816,USD
2025-10-07,TD7,Singapore to Japan,VLCC,9.761,USD
2025-10-08,TD7,Singapore to Japan,VLCC,9.875,USD
2025-10-09,TD7,Singapore to Japan,VLCC,10.147,USD
2025-10-10,TD7,Singapore to Japan,VLCC,10.208,USD
2025-10-11,TD7,Singapore to Japan,VLCC,10.38,USD
2025-10-12,TD7,Singapore to Japan,VLCC,10.343,USD
2025-10-13,TD7,Singapore to Japan,VLCC,10.434,USD
2025-10-14,TD7,Singapore to Japan,VLCC,10.553,USD
2025-10-15,TD7,Singapore to Japan,VLCC,10.26,USD
2025-10-16,TD7,Singapore to Japan,VLCC,10.2,USD
2025-10-17,TD7,Singapore to Japan,VLCC,10.342,USD
2025-10-18,TD7,Singapore to Japan,VLCC,10.383,USD
2025-10-19,TD7,Singapore to Japan,VLCC,10.208,USD
2025-10-20,TD7,Singapore to Japan,VLCC,9.853,USD
2025-10-21,TD7,Singapore to Japan,VLCC,9.806,USD
2025-10-22,TD7,Singapore to Japan,VLCC,9.803,USD
2025-10-23,TD7,Singapore to Japan,VLCC,9.681,USD
2025-10-24,TD7,Singapore to Japan,VLCC,9.712,USD
2025-10-25,TD7,Singapore to Japan,VLCC,9.796,USD
2025-10-26,TD7,Singapore to Japan,VLCC,9.903,USD
2025-10-27,TD7,Singapore to Japan,VLCC,9.565,USD
2025-10-28,TD7,Singapore to Japan,VLCC,9.383,USD
2025-10-29,TD7,Singapore to Japan,VLCC,9.352,USD
2025-10-30,TD7,Singapore to Japan,VLCC,9.451,USD
2025-10-31,TD7,Singapore to Japan,VLCC,9.537,USD
2025-11-01,TD7,Singapore to Japan,VLCC,9.62,USD
2025-11-02,TD7,Singapore to Japan,VLCC,9.576,USD
2025-11-03,TD7,Singapore to Japan,VLCC,9.541,USD
2025-11-04,TD7,Singapore to Japan,VLCC,9.448,USD
2025-11-05,TD7,Singapore to Japan,VLCC,9.577,USD
2025-11-06,TD7,Singapore to Japan,VLCC,9.455,USD
2025-11-07,TD7,Singapore to Japan,VLCC,9.596,USD
2025-11-08,TD7,Singapore to Japan,VLCC,9.642,USD
2025-11-09,TD7,Singapore to Japan,VLCC,9.649,USD
2025-11-10,TD7,Singapore to Japan,VLCC,9.567,USD
2025-11-11,TD7,Singapore to Japan,VLCC,9.383,USD
2025-11-12,TD7,Singapore to Japan,VLCC,9.305,USD
2025-11-13,TD7,Singapore to Japan,VLCC,9.275,USD
2025-11-14,TD7,Singapore to Japan,VLCC,8.946,USD
2025-11-15,TD7,Singapore to Japan,VLCC,8.939,USD
2025-11-16,TD7,Singapore to Japan,VLCC,9.098,USD
2025-11-17,TD7,Singapore to Japan,VLCC,9.204,USD
2025-11-18,TD7,Singapore to Japan,VLCC,9.151,USD
2025-11-19,TD7,Singapore to Japan,VLCC,9.179,USD
2025-11-20,TD7,Singapore to Japan,VLCC,9.119,USD
2025-11-21,TD7,Singapore to Japan,VLCC,9.163,USD
2025-11-22,TD7,Singapore to Japan,VLCC,9.412,USD
2025-11-23,TD7,Singapore to Japan,VLCC,9.574,USD
2025-11-24,TD7,Singapore to Japan,VLCC,9.668,USD
2025-11-25,TD7,Singapore to Japan,VLCC,9.613,USD
2025-11-26,TD7,Singapore to Japan,VLCC,9.741,USD
2025-11-27,TD7,Singapore to Japan,VLCC,9.51,USD
2025-11-28,TD7,Singapore to Japan,VLCC,9.492,USD
2025-11-29,TD7,Singapore to Japan,VLCC,9.598,USD
2025-11-30,TD7,Singapore to Japan,VLCC,9.725,USD
2025-12-01,TD7,Singapore to Japan,VLCC,9.841,USD
2025-12-02,TD7,Singapore to Japan,VLCC,9.901,USD
2025-12-03,TD7,Singapore to Japan,VLCC,9.888,USD
2025-12-04,TD7,Singapore to Japan,VLCC,9.984,USD
2025-12-05,TD7,Singapore to Japan,VLCC,9.859,USD
2025-12-06,TD7,Singapore to Japan,VLCC,9.751,USD
2025-12-07,TD7,Singapore to Japan,VLCC,9.778,USD
2025-12-08,TD7,Singapore to Japan,VLCC,9.821,USD
2025-12-09,TD7,Singapore to Japan,VLCC,9.569,USD
2025-12-10,TD7,Singapore to Japan,VLCC,9.656,USD
2025-12-11,TD7,Singapore to Japan,VLCC,9.789,USD
2025-12-12,TD7,Singapore to Japan,VLCC,9.795,USD
2025-12-13,TD7,Singapore to Japan,VLCC,10.163,USD
2025-12-14,TD7,Singapore to Japan,VLCC,10.076,USD
2025-12-15,TD7,Singapore to Japan,VLCC,10.038,USD
2025-12-16,TD7,Singapore to Japan,VLCC,9.995,USD
2025-12-17,TD7,Singapore to Japan,VLCC,10.0,USD
2025-12-18,TD7,Singapore to Japan,VLCC,9.967,USD
2025-12-19,TD7,Singapore to Japan,VLCC,9.776,USD
2025-12-20,TD7,Singapore to Japan,VLCC,9.714,USD
2025-12-21,TD7,Singapore to Japan,VLCC,9.718,USD
2025-12-22,TD7,Singapore to Japan,VLCC,9.917,USD
2025-12-23,TD7,Singapore to Japan,VLCC,10.258,USD
2025-12-24,TD7,Singapore to Japan,VLCC,10.468,USD
2025-12-25,TD7,Singapore to Japan,VLCC,10.364,USD
2025-12-26,TD7,Singapore to Japan,VLCC,10.274,USD
2025-12-27,TD7,Singapore to Japan,VLCC,10.263,USD
2025-12-28,TD7,Singapore to Japan,VLCC,10.539,USD
2025-12-29,TD7,Singapore to Japan,VLCC,10.525,USD
2025-12-30,TD7,Singapore to Japan,VLCC,10.339,USD
2025-12-31,TD7,Singapore to Japan,VLCC,10.277,USD
2026-01-01,TD7,Singapore to Japan,VLCC,10.401,USD
2026-01-02,TD7,Singapore to Japan,VLCC,10.514,USD
2026-01-03,TD7,Singapore to Japan,VLCC,10.494,USD
2026-01-04,TD7,Singapore to Japan,VLCC,10.605,USD
2026-01-05,TD7,Singapore to Japan,VLCC,10.279,USD
2026-01-06,TD7,Singapore to Japan,VLCC,10.306,USD
2026-01-07,TD7,Singapore to Japan,VLCC,10.444,USD
2026-01-08,TD7,Singapore to Japan,VLCC,10.331,USD
2026-01-09,TD7,Singapore to Japan,VLCC,10.219,USD
2026-01-10,TD7,Singapore to Japan,VLCC,9.956,USD
2026-01-11,TD7,Singapore to Japan,VLCC,10.205,USD
2026-01-12,TD7,Singapore to Japan,VLCC,10.11,USD
2026-01-13,TD7,Singapore to Japan,VLCC,10.158,USD
2026-01-14,TD7,Singapore to Japan,VLCC,10.259,USD
2026-01-15,TD7,Singapore to Japan,VLCC,10.493,USD
2026-01-16,TD7,Singapore to Japan,VLCC,10.478,USD
2026-01-17,TD7,Singapore to Japan,VLCC,10.407,USD
2026-01-18,TD7,Singapore to Japan,VLCC,10.441,USD
2026-01-19,TD7,Singapore to Japan,VLCC,10.638,USD
2026-01-20,TD7,Singapore to Japan,VLCC,10.619,USD
2026-01-21,TD7,Singapore to Japan,VLCC,10.485,USD
2026-01-22,TD7,Singapore to Japan,VLCC,10.265,USD
2026-01-23,TD7,Singapore to Japan,VLCC,10.094,USD
2026-01-24,TD7,Singapore to Japan,VLCC,10.232,USD
2026-01-25,TD7,Singapore to Japan,VLCC,10.194,USD
2026-01-26,TD7,Singapore to Japan,VLCC,10.113,USD
2026-01-27,TD7,Singapore to Japan,VLCC,10.018,USD
2026-01-28,TD7,Singapore to Japan,VLCC,10.041,USD
2026-01-29,TD7,Singapore to Japan,VLCC,10.015,USD
2026-01-30,TD7,Singapore to Japan,VLCC,9.985,USD
2026-01-31,TD7,Singapore to Japan,VLCC,10.194,USD
2026-02-01,TD7,Singapore to Japan,VLCC,10.428,USD
2026-02-02,TD7,Singapore to Japan,VLCC,10.196,USD
2026-02-03,TD7,Singapore to Japan,VLCC,10.251,USD
2026-02-04,TD7,Singapore to Japan,VLCC,10.143,USD
2026-02-05,TD7,Singapore to Japan,VLCC,10.113,USD
2026-02-06,TD7,Singapore to Japan,VLCC,10.166,USD
2026-02-07,TD7,Singapore to Japan,VLCC,10.141,USD
2026-02-08,TD7,Singapore to Japan,VLCC,10.181,USD
2026-02-09,TD7,Singapore to Japan,VLCC,10.285,USD
2026-02-10,TD7,Singapore to Japan,VLCC,10.333,USD
2026-02-11,TD7,Singapore to Japan,VLCC,10.241,USD
2026-02-12,TD7,Singapore to Japan,VLCC,10.152,USD
2026-02-13,TD7,Singapore to Japan,VLCC,9.945,USD
2026-02-14,TD7,Singapore to Japan,VLCC,9.825,USD
2026-02-15,TD7,Singapore to Japan,VLCC,10.122,USD
2026-02-16,TD7,Singapore to Japan,VLCC,10.009,USD
2026-02-17,TD7,Singapore to Japan,VLCC,9.838,USD
2026-02-18,TD7,Singapore to Japan,VLCC,9.891,USD
2026-02-19,TD7,Singapore to Japan,VLCC,9.88,USD
2026-02-20,TD7,Singapore to Japan,VLCC,9.856,USD
2026-02-21,TD7,Singapore to Japan,VLCC,10.068,USD
2026-02-22,TD7,Singapore to Japan,VLCC,10.152,USD
2026-02-23,TD7,Singapore to Japan,VLCC,10.075,USD
2026-02-24,TD7,Singapore to Japan,VLCC,10.014,USD
2026-02-25,TD7,Singapore to Japan,VLCC,9.942,USD
2026-02-26,TD7,Singapore to Japan,VLCC,10.073,USD
2026-02-27,TD7,Singapore to Japan,VLCC,10.028,USD
2026-02-28,TD7,Singapore to Japan,VLCC,9.765,USD
2026-03-01,TD7,Singapore to Japan,VLCC,9.76,USD
2026-03-02,TD7,Singapore to Japan,VLCC,9.537,USD
2026-03-03,TD7,Singapore to Japan,VLCC,9.863,USD
2026-03-04,TD7,Singapore to Japan,VLCC,9.722,USD
2026-03-05,TD7,Singapore to Japan,VLCC,9.7,USD
2026-03-06,TD7,Singapore to Japan,VLCC,9.739,USD
2026-03-07,TD7,Singapore to Japan,VLCC,9.698,USD
2026-03-08,TD7,Singapore to Japan,VLCC,9.656,USD
2026-03-09,TD7,Singapore to Japan,VLCC,9.719,USD
2026-03-10,TD7,Singapore to Japan,VLCC,9.944,USD
2026-03-11,TD7,Singapore to Japan,VLCC,10.055,USD
2026-03-12,TD7,Singapore to Japan,VLCC,10.268,USD
2026-03-13,TD7,Singapore to Japan,VLCC,10.108,USD
2026-03-14,TD7,Singapore to Japan,VLCC,10.149,USD
2026-03-15,TD7,Singapore to Japan,VLCC,10.166,USD
2026-03-16,TD7,Singapore to Japan,VLCC,10.211,USD
2026-03-17,TD7,Singapore to Japan,VLCC,10.406,USD
2026-03-18,TD7,Singapore to Japan,VLCC,10.363,USD
2026-03-19,TD7,Singapore to Japan,VLCC,10.294,USD
2026-03-20,TD7,Singapore to Japan,VLCC,10.363,USD
2026-03-21,TD7,Singapore to Japan,VLCC,10.091,USD
2026-03-22,TD7,Singapore to Japan,VLCC,10.047,USD
2026-03-23,TD7,Singapore to Japan,VLCC,10.019,USD
2026-03-24,TD7,Singapore to Japan,VLCC,9.876,USD
2026-03-25,TD7,Singapore to Japan,VLCC,10.024,USD
2026-03-26,TD7,Singapore to Japan,VLCC,9.859,USD
2026-03-27,TD7,Singapore to Japan,VLCC,9.831,USD
2026-03-28,TD7,Singapore to Japan,VLCC,9.866,USD
2026-03-29,TD7,Singapore to Japan,VLCC,10.057,USD
2026-03-30,TD7,Singapore to Japan,VLCC,10.044,USD
2026-03-31,TD7,Singapore to Japan,VLCC,10.171,USD
2026-04-01,TD7,Singapore to Japan,VLCC,10.261,USD
2026-04-02,TD7,Singapore to Japan,VLCC,10.265,USD
2026-04-03,TD7,Singapore to Japan,VLCC,10.09,USD
2026-04-04,TD7,Singapore to Japan,VLCC,9.866,USD
2026-04-05,TD7,Singapore to Japan,VLCC,9.87,USD
2026-04-06,TD7,Singapore to Japan,VLCC,9.779,USD
2026-04-07,TD7,Singapore to Japan,VLCC,9.903,USD
2026-04-08,TD7,Singapore to Japan,VLCC,10.0,USD
2026-04-09,TD7,Singapore to Japan,VLCC,9.959,USD
2026-04-10,TD7,Singapore to Japan,VLCC,9.774,USD
2026-04-11,TD7,Singapore to Japan,VLCC,9.837,USD
2026-04-12,TD7,Singapore to Japan,VLCC,9.673,USD
2026-04-13,TD7,Singapore to Japan,VLCC,9.55,USD
2026-04-14,TD7,Singapore to Japan,VLCC,9.394,USD
2026-04-15,TD7,Singapore to Japan,VLCC,9.363,USD
2026-04-16,TD7,Singapore to Japan,VLCC,9.526,USD
2026-04-17,TD7,Singapore to Japan,VLCC,9.513,USD
2026-04-18,TD7,Singapore to Japan,VLCC,9.435,USD
2026-04-19,TD7,Singapore to Japan,VLCC,9.199,USD
2026-04-20,TD7,Singapore to Japan,VLCC,9.27,USD
2026-04-21,TD7,Singapore to Japan,VLCC,9.144,USD
2026-04-22,TD7,Singapore to Japan,VLCC,9.151,USD
2026-04-23,TD7,Singapore to Japan,VLCC,9.089,USD
2026-04-24,TD7,Singapore to Japan,VLCC,9.202,USD
2026-04-25,TD7,Singapore to Japan,VLCC,9.168,USD
2026-04-26,TD7,Singapore to Japan,VLCC,9.148,USD
2026-04-27,TD7,Singapore to Japan,VLCC,9.207,USD
2026-04-28,TD7,Singapore to Japan,VLCC,9.505,USD
2026-04-29,TD7,Singapore to Japan,VLCC,9.62,USD
2026-04-30,TD7,Singapore to Japan,VLCC,9.59,USD
2026-05-01,TD7,Singapore to Japan,VLCC,9.573,USD
2026-05-02,TD7,Singapore to Japan,VLCC,9.479,USD
2026-05-03,TD7,Singapore to Japan,VLCC,9.322,USD
2026-05-04,TD7,Singapore to Japan,VLCC,9.226,USD
2026-05-05,TD7,Singapore to Japan,VLCC,9.097,USD
2026-05-06,TD7,Singapore to Japan,VLCC,9.18,USD
2026-05-07,TD7,Singapore to Japan,VLCC,9.007,USD
2026-05-08,TD7,Singapore to Japan,VLCC,9.19,USD
2026-05-09,TD7,Singapore to Japan,VLCC,9.286,USD
2026-05-10,TD7,Singapore to Japan,VLCC,9.272,USD
2026-05-11,TD7,Singapore to Japan,VLCC,9.256,USD
2026-05-12,TD7,Singapore to Japan,VLCC,9.157,USD
2026-05-13,TD7,Singapore to Japan,VLCC,9.181,USD
2026-05-14,TD7,Singapore to Japan,VLCC,9.325,USD
2026-05-15,TD7,Singapore to Japan,VLCC,9.203,USD
2026-05-16,TD7,Singapore to Japan,VLCC,8.96,USD
2026-05-17,TD7,Singapore to Japan,VLCC,9.049,USD
2026-05-18,TD7,Singapore to Japan,VLCC,9.081,USD
2026-05-19,TD7,Singapore to Japan,VLCC,8.899,USD
2026-05-20,TD7,Singapore to Japan,VLCC,8.777,USD
2026-05-21,TD7,Singapore to Japan,VLCC,8.636,USD
2026-05-22,TD7,Singapore to Japan,VLCC,8.517,USD
2026-05-23,TD7,Singapore to Japan,VLCC,8.458,USD
2026-05-24,TD7,Singapore to Japan,VLCC,8.407,USD
2026-05-25,TD7,Singapore to Japan,VLCC,8.301,USD
2026-05-26,TD7,Singapore to Japan,VLCC,8.179,USD
2026-05-27,TD7,Singapore to Japan,VLCC,8.137,USD
2026-05-28,TD7,Singapore to Japan,VLCC,8.153,USD
2026-05-29,TD7,Singapore to Japan,VLCC,8.098,USD
2026-05-30,TD7,Singapore to Japan,VLCC,8.26,USD
2026-05-31,TD7,Singapore to Japan,VLCC,8.324,USD
2026-06-01,TD7,Singapore to Japan,VLCC,8.079,USD
2026-06-02,TD7,Singapore to Japan,VLCC,8.148,USD
2026-06-03,TD7,Singapore to Japan,VLCC,8.227,USD
2026-06-04,TD7,Singapore to Japan,VLCC,8.153,USD
2026-06-05,TD7,Singapore to Japan,VLCC,7.923,USD
2026-06-06,TD7,Singapore to Japan,VLCC,7.917,USD
2026-06-07,TD7,Singapore to Japan,VLCC,7.909,USD
2026-06-08,TD7,Singapore to Japan,VLCC,7.736,USD
2026-06-09,TD7,Singapore to Japan,VLCC,7.517,USD
2026-06-10,TD7,Singapore to Japan,VLCC,7.5,USD
2026-06-11,TD7,Singapore to Japan,VLCC,7.462,USD
2026-06-12,TD7,Singapore to Japan,VLCC,7.397,USD
2026-06-13,TD7,Singapore to Japan,VLCC,7.383,USD
2026-06-14,TD7,Singapore to Japan,VLCC,7.218,USD
2026-06-15,TD7,Singapore to Japan,VLCC,7.153,USD
2026-06-16,TD7,Singapore to Japan,VLCC,7.231,USD
2026-06-17,TD7,Singapore to Japan,VLCC,7.178,USD
2026-06-18,TD7,Singapore to Japan,VLCC,6.932,USD
2026-06-19,TD7,Singapore to Japan,VLCC,6.864,USD
2026-06-20,TD7,Singapore to Japan,VLCC,6.709,USD
2026-06-21,TD7,Singapore to Japan,VLCC,6.753,USD
2026-06-22,TD7,Singapore to Japan,VLCC,6.803,USD
2026-06-23,TD7,Singapore to Japan,VLCC,6.562,USD
2026-06-24,TD7,Singapore to Japan,VLCC,6.68,USD
2026-06-25,TD7,Singapore to Japan,VLCC,6.521,USD
2026-06-26,TD7,Singapore to Japan,VLCC,6.756,USD
2026-06-27,TD7,Singapore to Japan,VLCC,6.753,USD
2026-06-28,TD7,Singapore to Japan,VLCC,6.574,USD
2026-06-29,TD7,Singapore to Japan,VLCC,6.411,USD
2026-06-30,TD7,Singapore to Japan,VLCC,6.47,USD
2026-07-01,TD7,Singapore to Japan,VLCC,6.419,USD
2026-07-02,TD7,Singapore to Japan,VLCC,6.413,USD
2026-07-03,TD7,Singapore to Japan,VLCC,6.658,USD
2026-07-04,TD7,Singapore to Japan,VLCC,6.56,USD
2026-07-05,TD7,Singapore to Japan,VLCC,6.576,USD
2026-07-06,TD7,Singapore to Japan,VLCC,6.791,USD
2026-07-07,TD7,Singapore to Japan,VLCC,6.835,USD
2026-07-08,TD7,Singapore to Japan,VLCC,6.603,USD
2026-07-09,TD7,Singapore to Japan,VLCC,6.684,USD
2026-07-10,TD7,Singapore to Japan,VLCC,6.518,USD
2026-07-11,TD7,Singapore to Japan,VLCC,6.733,USD
2026-07-12,TD7,Singapore to Japan,VLCC,6.618,USD
2026-07-13,TD7,Singapore to Japan,VLCC,7.062,USD
2026-07-14,TD7,Singapore to Japan,VLCC,7.281,USD
2026-07-15,TD7,Singapore to Japan,VLCC,7.164,USD
2026-07-16,TD7,Singapore to Japan,VLCC,7.169,USD
2026-07-17,TD7,Singapore to Japan,VLCC,7.282,USD
2026-07-18,TD7,Singapore to Japan,VLCC,7.398,USD
2026-07-19,TD7,Singapore to Japan,VLCC,7.464,USD
2026-07-20,TD7,Singapore to Japan,VLCC,7.648,USD
2026-07-21,TD7,Singapore to Japan,VLCC,7.628,USD
2026-07-22,TD7,Singapore to Japan,VLCC,7.572,USD
2026-07-23,TD7,Singapore to Japan,VLCC,7.52,USD
2026-07-24,TD7,Singapore to Japan,VLCC,7.647,USD
2026-07-25,TD7,Singapore to Japan,VLCC,7.699,USD
2026-07-26,TD7,Singapore to Japan,VLCC,7.741,USD
2026-07-27,TD7,Singapore to Japan,VLCC,7.856,USD
2026-07-28,TD7,Singapore to Japan,VLCC,7.552,USD
2026-07-29,TD7,Singapore to Japan,VLCC,7.598,USD
2026-07-30,TD7,Singapore to Japan,VLCC,7.631,USD
2026-07-31,TD7,Singapore to Japan,VLCC,7.877,USD
2026-08-01,TD7,Singapore to Japan,VLCC,7.65,USD
2026-08-02,TD7,Singapore to Japan,VLCC,7.88,USD
2026-08-03,TD7,Singapore to Japan,VLCC,7.89,USD
2026-08-04,TD7,Singapore to Japan,VLCC,7.961,USD
2026-08-05,TD7,Singapore to Japan,VLCC,8.207,USD
2026-08-06,TD7,Singapore to Japan,VLCC,8.286,USD
2026-08-07,TD7,Singapore to Japan,VLCC,8.34,USD
2026-08-08,TD7,Singapore to Japan,VLCC,8.372,USD
2026-08-09,TD7,Singapore to Japan,VLCC,8.296,USD
2026-08-10,TD7,Singapore to Japan,VLCC,8.288,USD
2026-08-11,TD7,Singapore to Japan,VLCC,8.18,USD
2026-08-12,TD7,Singapore to Japan,VLCC,8.172,USD
2026-08-13,TD7,Singapore to Japan,VLCC,7.827,USD
2026-08-14,TD7,Singapore to Japan,VLCC,7.892,USD
2026-08-15,TD7,Singapore to Japan,VLCC,7.876,USD
2026-08-16,TD7,Singapore to Japan,VLCC,7.83,USD
2026-08-17,TD7,Singapore to Japan,VLCC,7.865,USD
2026-08-18,TD7,Singapore to Japan,VLCC,7.658,USD
2026-08-19,TD7,Singapore to Japan,VLCC,7.948,USD
2026-08-20,TD7,Singapore to Japan,VLCC,7.936,USD
2026-08-21,TD7,Singapore to Japan,VLCC,7.918,USD
2026-08-22,TD7,Singapore to Japan,VLCC,7.78,USD
2026-08-23,TD7,Singapore to Japan,VLCC,7.79,USD
2026-08-24,TD7,Singapore to Japan,VLCC,8.0,USD
2026-08-25,TD7,Singapore to Japan,VLCC,8.157,USD
2026-08-26,TD7,Singapore to Japan,VLCC,8.286,USD
2026-08-27,TD7,Singapore to Japan,VLCC,8.369,USD
2026-08-28,TD7,Singapore to Japan,VLCC,8.318,USD
2026-08-29,TD7,Singapore to Japan,VLCC,8.107,USD
2026-08-30,TD7,Singapore to Japan,VLCC,8.083,USD
2026-08-31,TD7,Singapore to Japan,VLCC,8.054,USD
2026-09-01,TD7,Singapore to Japan,VLCC,8.214,USD
2026-09-02,TD7,Singapore to Japan,VLCC,8.265,USD
2026-09-03,TD7,Singapore to Japan,VLCC,8.508,USD
2026-09-04,TD7,Singapore to Japan,VLCC,8.687,USD
2026-09-05,TD7,Singapore to Japan,VLCC,8.621,USD
2026-09-06,TD7,Singapore to Japan,VLCC,8.36,USD
2026-09-07,TD7,Singapore to Japan,VLCC,8.569,USD
2026-09-08,TD7,Singapore to Japan,VLCC,8.773,USD
2026-09-09,TD7,Singapore to Japan,VLCC,8.574,USD
2026-09-10,TD7,Singapore to Japan,VLCC,8.801,USD
2026-09-11,TD7,Singapore to Japan,VLCC,8.86,USD
2026-09-12,TD7,Singapore to Japan,VLCC,8.886,USD
2026-09-13,TD7,Singapore to Japan,VLCC,9.127,USD
2026-09-14,TD7,Singapore to Japan,VLCC,9.325,USD
2026-09-15,TD7,Singapore to Japan,VLCC,9.42,USD
2026-09-16,TD7,Singapore to Japan,VLCC,9.488,USD
2026-09-17,TD7,Singapore to Japan,VLCC,9.577,USD
2026-09-18,TD7,Singapore to Japan,VLCC,9.516,USD
2026-09-19,TD7,Singapore to Japan,VLCC,9.506,USD
2026-09-20,TD7,Singapore to Japan,VLCC,9.372,USD
2026-09-21,TD7,Singapore to Japan,VLCC,9.324,USD
2026-09-22,TD7,Singapore to Japan,VLCC,9.272,USD
2026-09-23,TD7,Singapore to Japan,VLCC,9.181,USD
2026-09-24,TD7,Singapore to Japan,VLCC,9.205,USD
2026-09-25,TD7,Singapore to Japan,VLCC,9.161,USD
2026-09-26,TD7,Singapore to Japan,VLCC,9.24,USD
2026-09-27,TD7,Singapore to Japan,VLCC,9.006,USD
2026-09-28,TD7,Singapore to Japan,VLCC,8.996,USD
2026-09-29,TD7,Singapore to Japan,VLCC,9.023,USD
2026-09-30,TD7,Singapore to Japan,VLCC,8.985,USD
2026-10-01,TD7,Singapore to Japan,VLCC,8.968,USD
2026-10-02,TD7,Singapore to Japan,VLCC,8.744,USD
2026-10-03,TD7,Singapore to Japan,VLCC,8.808,USD
2026-10-04,TD7,Singapore to Japan,VLCC,8.914,USD
2026-10-05,TD7,Singapore to Japan,VLCC,8.998,USD
2026-10-06,TD7,Singapore to Japan,VLCC,9.161,USD
2026-10-07,TD7,Singapore to Japan,VLCC,9.199,USD
2026-10-08,TD7,Singapore to Japan,VLCC,9.279,USD
2026-10-09,TD7,Singapore to Japan,VLCC,9.31,USD
2026-10-10,TD7,Singapore to Japan,VLCC,9.42,USD
2026-10-11,TD7,Singapore to Japan,VLCC,9.196,USD
2026-10-12,TD7,Singapore to Japan,VLCC,9.074,USD
2026-10-13,TD7,Singapore to Japan,VLCC,9.32,USD
2026-10-14,TD7,Singapore to Japan,VLCC,8.967,USD
2026-10-15,TD7,Singapore to Japan,VLCC,8.961,USD
2026-10-16,TD7,Singapore to Japan,VLCC,9.147,USD
2026-10-17,TD7,Singapore to Japan,VLCC,9.146,USD
2026-10-18,TD7,Singapore to Japan,VLCC,9.099,USD
2026-10-19,TD7,Singapore to Japan,VLCC,9.132,USD
2026-10-20,TD7,Singapore to Japan,VLCC,9.094,USD
2026-10-21,TD7,Singapore to Japan,VLCC,9.113,USD
2026-10-22,TD7,Singapore to Japan,VLCC,9.027,USD
2026-10-23,TD7,Singapore to Japan,VLCC,9.206,USD
2026-10-24,TD7,Singapore to Japan,VLCC,9.43,USD
2026-10-25,TD7,Singapore to Japan,VLCC,9.422,USD
2026-10-26,TD7,Singapore to Japan,VLCC,9.231,USD
2026-10-27,TD7,Singapore to Japan,VLCC,9.169,USD
2026-10-28,TD7,Singapore to Japan,VLCC,9.157,USD
2026-10-29,TD7,Singapore to Japan,VLCC,9.248,USD
2026-10-30,TD7,Singapore to Japan,VLCC,9.115,USD
2026-10-31,TD7,Singapore to Japan,VLCC,9.019,USD
2026-11-01,TD7,Singapore to Japan,VLCC,9.113,USD
2026-11-02,TD7,Singapore to Japan,VLCC,9.269,USD
2026-11-03,TD7,Singapore to Japan,VLCC,9.194,USD
2026-11-04,TD7,Singapore to Japan,VLCC,9.015,USD
2026-11-05,TD7,Singapore to Japan,VLCC,9.519,USD
2026-11-06,TD7,Singapore to Japan,VLCC,9.649,USD
2026-11-07,TD7,Singapore to Japan,VLCC,9.623,USD
2026-11-08,TD7,Singapore to Japan,VLCC,9.766,USD
2026-11-09,TD7,Singapore to Japan,VLCC,9.76,USD
2026-11-10,TD7,Singapore to Japan,VLCC,9.902,USD
2026-11-11,TD7,Singapore to Japan,VLCC,9.937,USD
2026-11-12,TD7,Singapore to Japan,VLCC,9.963,USD
2026-11-13,TD7,Singapore to Japan,VLCC,9.958,USD
2026-11-14,TD7,Singapore to Japan,VLCC,9.757,USD
2026-11-15,TD7,Singapore to Japan,VLCC,10.057,USD
2026-11-16,TD7,Singapore to Japan,VLCC,9.93,USD
2026-11-17,TD7,Singapore to Japan,VLCC,9.743,USD
2026-11-18,TD7,Singapore to Japan,VLCC,9.727,USD
2026-11-19,TD7,Singapore to Japan,VLCC,9.601,USD
2026-11-20,TD7,Singapore to Japan,VLCC,9.611,USD
2026-11-21,TD7,Singapore to Japan,VLCC,9.729,USD
2026-11-22,TD7,Singapore to Japan,VLCC,9.892,USD
2026-11-23,TD7,Singapore to Japan,VLCC,10.027,USD
2026-11-24,TD7,Singapore to Japan,VLCC,9.995,USD
2026-11-25,TD7,Singapore to Japan,VLCC,10.017,USD
2026-11-26,TD7,Singapore to Japan,VLCC,10.091,USD
2026-11-27,TD7,Singapore to Japan,VLCC,9.845,USD
2026-11-28,TD7,Singapore to Japan,VLCC,9.945,USD
2026-11-29,TD7,Singapore to Japan,VLCC,9.746,USD
2026-11-30,TD7,Singapore to Japan,VLCC,10.063,USD
2026-12-01,TD7,Singapore to Japan,VLCC,10.018,USD
2026-12-02,TD7,Singapore to Japan,VLCC,10.005,USD
2026-12-03,TD7,Singapore to Japan,VLCC,9.907,USD
2026-12-04,TD7,Singapore to Japan,VLCC,9.83,USD
2026-12-05,TD7,Singapore to Japan,VLCC,10.182,USD
2026-12-06,TD7,Singapore to Japan,VLCC,10.334,USD
2026-12-07,TD7,Singapore to Japan,VLCC,10.117,USD
2026-12-08,TD7,Singapore to Japan,VLCC,10.353,USD
2026-12-09,TD7,Singapore to Japan,VLCC,10.541,USD
2026-12-10,TD7,Singapore to Japan,VLCC,10.509,USD
2026-12-11,TD7,Singapore to Japan,VLCC,10.565,USD
2026-12-12,TD7,Singapore to Japan,VLCC,10.573,USD
2026-12-13,TD7,Singapore to Japan,VLCC,10.873,USD
2026-12-14,TD7,Singapore to Japan,VLCC,10.763,USD
2026-12-15,TD7,Singapore to Japan,VLCC,10.792,USD
2026-12-16,TD7,Singapore to Japan,VLCC,10.737,USD
2026-12-17,TD7,Singapore to Japan,VLCC,10.535,USD
2026-12-18,TD7,Singapore to Japan,VLCC,10.868,USD
2026-12-19,TD7,Singapore to Japan,VLCC,10.701,USD
2026-12-20,TD7,Singapore to Japan,VLCC,10.742,USD
2026-12-21,TD7,Singapore to Japan,VLCC,10.494,USD
2026-12-22,TD7,Singapore to Japan,VLCC,10.446,USD
2026-12-23,TD7,Singapore to Japan,VLCC,10.519,USD
2026-12-24,TD7,Singapore to Japan,VLCC,10.408,USD
2026-12-25,TD7,Singapore to Japan,VLCC,10.506,USD
2026-12-26,TD7,Singapore to Japan,VLCC,10.477,USD
2026-12-27,TD7,Singapore to Japan,VLCC,10.659,USD
2026-12-28,TD7,Singapore to Japan,VLCC,10.868,USD
2026-12-29,TD7,Singapore to Japan,VLCC,10.788,USD
2026-12-30,TD7,Singapore to Japan,VLCC,10.807,USD
2026-12-31,TD7,Singapore to Japan,VLCC,10.841,USD
